scenario,host,variant,rep,warmup,load1,load1_end,metric,sample,value
latency,herdr,idle,0,True,1.46,1.31,echo_ms,0,2.038094
latency,herdr,idle,0,True,1.46,1.31,echo_ms,1,2.274998
latency,herdr,idle,0,True,1.46,1.31,echo_ms,2,1.952795
latency,herdr,idle,0,True,1.46,1.31,echo_ms,3,2.133512
latency,herdr,idle,0,True,1.46,1.31,echo_ms,4,2.182455
latency,herdr,idle,0,True,1.46,1.31,echo_ms,5,2.068384
latency,herdr,idle,0,True,1.46,1.31,echo_ms,6,2.187143
latency,herdr,idle,0,True,1.46,1.31,echo_ms,7,2.235439
latency,herdr,idle,0,True,1.46,1.31,echo_ms,8,2.195317
latency,herdr,idle,0,True,1.46,1.31,echo_ms,9,2.306021
latency,herdr,idle,0,True,1.46,1.31,echo_ms,10,1.966639
latency,herdr,idle,0,True,1.46,1.31,echo_ms,11,2.161686
latency,herdr,idle,0,True,1.46,1.31,echo_ms,12,2.305684
latency,herdr,idle,0,True,1.46,1.31,echo_ms,13,2.195031
latency,herdr,idle,0,True,1.46,1.31,echo_ms,14,2.298251
latency,herdr,idle,0,True,1.46,1.31,echo_ms,15,2.222743
latency,herdr,idle,0,True,1.46,1.31,echo_ms,16,2.121906
latency,herdr,idle,0,True,1.46,1.31,echo_ms,17,2.035889
latency,herdr,idle,0,True,1.46,1.31,echo_ms,18,2.085125
latency,herdr,idle,0,True,1.46,1.31,echo_ms,19,2.107696
latency,herdr,idle,0,True,1.46,1.31,echo_ms,20,2.192343
latency,herdr,idle,0,True,1.46,1.31,echo_ms,21,2.244108
latency,herdr,idle,0,True,1.46,1.31,echo_ms,22,2.173553
latency,herdr,idle,0,True,1.46,1.31,echo_ms,23,2.016323
latency,herdr,idle,0,True,1.46,1.31,echo_ms,24,2.034197
latency,herdr,idle,0,True,1.46,1.31,echo_ms,25,2.070492
latency,herdr,idle,0,True,1.46,1.31,echo_ms,26,2.055207
latency,herdr,idle,0,True,1.46,1.31,echo_ms,27,1.785826
latency,herdr,idle,0,True,1.46,1.31,echo_ms,28,2.100953
latency,herdr,idle,0,True,1.46,1.31,echo_ms,29,1.988126
latency,herdr,idle,0,True,1.46,1.31,echo_ms,30,2.072301
latency,herdr,idle,0,True,1.46,1.31,echo_ms,31,1.851561
latency,herdr,idle,0,True,1.46,1.31,echo_ms,32,1.967253
latency,herdr,idle,0,True,1.46,1.31,echo_ms,33,2.006728
latency,herdr,idle,0,True,1.46,1.31,echo_ms,34,1.867559
latency,herdr,idle,0,True,1.46,1.31,echo_ms,35,1.977604
latency,herdr,idle,0,True,1.46,1.31,echo_ms,36,2.105902
latency,herdr,idle,0,True,1.46,1.31,echo_ms,37,2.046154
latency,herdr,idle,0,True,1.46,1.31,echo_ms,38,2.104201
latency,herdr,idle,0,True,1.46,1.31,echo_ms,39,2.200636
latency,herdr,idle,0,True,1.46,1.31,echo_ms,40,3.121175
latency,herdr,idle,0,True,1.46,1.31,echo_ms,41,1.981689
latency,herdr,idle,0,True,1.46,1.31,echo_ms,42,2.072441
latency,herdr,idle,0,True,1.46,1.31,echo_ms,43,2.213693
latency,herdr,idle,0,True,1.46,1.31,echo_ms,44,2.125152
latency,herdr,idle,0,True,1.46,1.31,echo_ms,45,2.180808
latency,herdr,idle,0,True,1.46,1.31,echo_ms,46,2.234331
latency,herdr,idle,0,True,1.46,1.31,echo_ms,47,2.287475
latency,herdr,idle,0,True,1.46,1.31,echo_ms,48,2.292512
latency,herdr,idle,0,True,1.46,1.31,echo_ms,49,2.144391
latency,herdr,idle,0,True,1.46,1.31,echo_ms,50,2.260583
latency,herdr,idle,0,True,1.46,1.31,echo_ms,51,2.32811
latency,herdr,idle,0,True,1.46,1.31,echo_ms,52,2.139801
latency,herdr,idle,0,True,1.46,1.31,echo_ms,53,2.266305
latency,herdr,idle,0,True,1.46,1.31,echo_ms,54,2.169313
latency,herdr,idle,0,True,1.46,1.31,echo_ms,55,2.249292
latency,herdr,idle,0,True,1.46,1.31,echo_ms,56,2.101081
latency,herdr,idle,0,True,1.46,1.31,echo_ms,57,2.085958
latency,herdr,idle,0,True,1.46,1.31,echo_ms,58,2.188316
latency,herdr,idle,0,True,1.46,1.31,echo_ms,59,2.293803
latency,herdr,idle,0,True,1.46,1.31,echo_ms,60,2.108354
latency,herdr,idle,0,True,1.46,1.31,echo_ms,61,2.156261
latency,herdr,idle,0,True,1.46,1.31,echo_ms,62,2.181172
latency,herdr,idle,0,True,1.46,1.31,echo_ms,63,2.314553
latency,herdr,idle,0,True,1.46,1.31,echo_ms,64,2.231957
latency,herdr,idle,0,True,1.46,1.31,echo_ms,65,3.418372
latency,herdr,idle,0,True,1.46,1.31,echo_ms,66,2.042871
latency,herdr,idle,0,True,1.46,1.31,echo_ms,67,2.151871
latency,herdr,idle,0,True,1.46,1.31,echo_ms,68,2.39643
latency,herdr,idle,0,True,1.46,1.31,echo_ms,69,2.210828
latency,herdr,idle,0,True,1.46,1.31,echo_ms,70,2.249889
latency,herdr,idle,0,True,1.46,1.31,echo_ms,71,2.248988
latency,herdr,idle,0,True,1.46,1.31,echo_ms,72,2.24732
latency,herdr,idle,0,True,1.46,1.31,echo_ms,73,2.34492
latency,herdr,idle,0,True,1.46,1.31,echo_ms,74,2.357098
latency,herdr,idle,0,True,1.46,1.31,echo_ms,75,2.30298
latency,herdr,idle,0,True,1.46,1.31,echo_ms,76,2.189639
latency,herdr,idle,0,True,1.46,1.31,echo_ms,77,2.123036
latency,herdr,idle,0,True,1.46,1.31,echo_ms,78,2.14407
latency,herdr,idle,0,True,1.46,1.31,echo_ms,79,2.327807
latency,herdr,idle,0,True,1.46,1.31,echo_ms,80,2.254486
latency,herdr,idle,0,True,1.46,1.31,echo_ms,81,2.070848
latency,herdr,idle,0,True,1.46,1.31,echo_ms,82,1.782486
latency,herdr,idle,0,True,1.46,1.31,echo_ms,83,2.28567
latency,herdr,idle,0,True,1.46,1.31,echo_ms,84,1.75132
latency,herdr,idle,0,True,1.46,1.31,echo_ms,85,2.227782
latency,herdr,idle,0,True,1.46,1.31,echo_ms,86,2.146482
latency,herdr,idle,0,True,1.46,1.31,echo_ms,87,2.281293
latency,herdr,idle,0,True,1.46,1.31,echo_ms,88,2.234847
latency,herdr,idle,0,True,1.46,1.31,echo_ms,89,2.254994
latency,herdr,idle,0,True,1.46,1.31,echo_ms,90,2.277836
latency,herdr,idle,0,True,1.46,1.31,echo_ms,91,2.283958
latency,herdr,idle,0,True,1.46,1.31,echo_ms,92,2.219211
latency,herdr,idle,0,True,1.46,1.31,echo_ms,93,2.260857
latency,herdr,idle,0,True,1.46,1.31,echo_ms,94,2.16325
latency,herdr,idle,0,True,1.46,1.31,echo_ms,95,1.988072
latency,herdr,idle,0,True,1.46,1.31,echo_ms,96,1.440688
latency,herdr,idle,0,True,1.46,1.31,echo_ms,97,2.326838
latency,herdr,idle,0,True,1.46,1.31,echo_ms,98,2.189778
latency,herdr,idle,0,True,1.46,1.31,echo_ms,99,2.171068
latency,herdr,idle,0,True,1.46,1.31,timeouts,,0
latency,thurbox,idle,0,True,1.31,1.11,echo_ms,0,3.184537
latency,thurbox,idle,0,True,1.31,1.11,echo_ms,1,4.837085
latency,thurbox,idle,0,True,1.31,1.11,echo_ms,2,3.507286
latency,thurbox,idle,0,True,1.31,1.11,echo_ms,3,3.867463
latency,thurbox,idle,0,True,1.31,1.11,echo_ms,4,4.805136
latency,thurbox,idle,0,True,1.31,1.11,echo_ms,5,4.789691
latency,thurbox,idle,0,True,1.31,1.11,echo_ms,6,4.781181
latency,thurbox,idle,0,True,1.31,1.11,echo_ms,7,3.42811
latency,thurbox,idle,0,True,1.31,1.11,echo_ms,8,4.750587
latency,thurbox,idle,0,True,1.31,1.11,echo_ms,9,4.781376
latency,thurbox,idle,0,True,1.31,1.11,echo_ms,10,3.32994
latency,thurbox,idle,0,True,1.31,1.11,echo_ms,11,4.929006
latency,thurbox,idle,0,True,1.31,1.11,echo_ms,12,4.204182
latency,thurbox,idle,0,True,1.31,1.11,echo_ms,13,3.43794
latency,thurbox,idle,0,True,1.31,1.11,echo_ms,14,3.842806
latency,thurbox,idle,0,True,1.31,1.11,echo_ms,15,4.786904
latency,thurbox,idle,0,True,1.31,1.11,echo_ms,16,3.332101
latency,thurbox,idle,0,True,1.31,1.11,echo_ms,17,1.786724
latency,thurbox,idle,0,True,1.31,1.11,echo_ms,18,3.569667
latency,thurbox,idle,0,True,1.31,1.11,echo_ms,19,5.67239
latency,thurbox,idle,0,True,1.31,1.11,echo_ms,20,3.329575
latency,thurbox,idle,0,True,1.31,1.11,echo_ms,21,5.132948
latency,thurbox,idle,0,True,1.31,1.11,echo_ms,22,4.747309
latency,thurbox,idle,0,True,1.31,1.11,echo_ms,23,4.775601
latency,thurbox,idle,0,True,1.31,1.11,echo_ms,24,4.219234
latency,thurbox,idle,0,True,1.31,1.11,echo_ms,25,3.494636
latency,thurbox,idle,0,True,1.31,1.11,echo_ms,26,4.695021
latency,thurbox,idle,0,True,1.31,1.11,echo_ms,27,1.537397
latency,thurbox,idle,0,True,1.31,1.11,echo_ms,28,5.107499
latency,thurbox,idle,0,True,1.31,1.11,echo_ms,29,5.395123
latency,thurbox,idle,0,True,1.31,1.11,echo_ms,30,4.212342
latency,thurbox,idle,0,True,1.31,1.11,echo_ms,31,3.441628
latency,thurbox,idle,0,True,1.31,1.11,echo_ms,32,6.318654
latency,thurbox,idle,0,True,1.31,1.11,echo_ms,33,3.488739
latency,thurbox,idle,0,True,1.31,1.11,echo_ms,34,3.551287
latency,thurbox,idle,0,True,1.31,1.11,echo_ms,35,5.107661
latency,thurbox,idle,0,True,1.31,1.11,echo_ms,36,3.532065
latency,thurbox,idle,0,True,1.31,1.11,echo_ms,37,3.441703
latency,thurbox,idle,0,True,1.31,1.11,echo_ms,38,3.904022
latency,thurbox,idle,0,True,1.31,1.11,echo_ms,39,4.752002
latency,thurbox,idle,0,True,1.31,1.11,echo_ms,40,3.445875
latency,thurbox,idle,0,True,1.31,1.11,echo_ms,41,5.095459
latency,thurbox,idle,0,True,1.31,1.11,echo_ms,42,3.461315
latency,thurbox,idle,0,True,1.31,1.11,echo_ms,43,4.217472
latency,thurbox,idle,0,True,1.31,1.11,echo_ms,44,4.802485
latency,thurbox,idle,0,True,1.31,1.11,echo_ms,45,4.777535
latency,thurbox,idle,0,True,1.31,1.11,echo_ms,46,6.083514
latency,thurbox,idle,0,True,1.31,1.11,echo_ms,47,3.28993
latency,thurbox,idle,0,True,1.31,1.11,echo_ms,48,4.321966
latency,thurbox,idle,0,True,1.31,1.11,echo_ms,49,4.749294
latency,thurbox,idle,0,True,1.31,1.11,echo_ms,50,4.787325
latency,thurbox,idle,0,True,1.31,1.11,echo_ms,51,3.434204
latency,thurbox,idle,0,True,1.31,1.11,echo_ms,52,4.127585
latency,thurbox,idle,0,True,1.31,1.11,echo_ms,53,4.772623
latency,thurbox,idle,0,True,1.31,1.11,echo_ms,54,5.459351
latency,thurbox,idle,0,True,1.31,1.11,echo_ms,55,4.671521
latency,thurbox,idle,0,True,1.31,1.11,echo_ms,56,3.409978
latency,thurbox,idle,0,True,1.31,1.11,echo_ms,57,1.667584
latency,thurbox,idle,0,True,1.31,1.11,echo_ms,58,4.595428
latency,thurbox,idle,0,True,1.31,1.11,echo_ms,59,4.685498
latency,thurbox,idle,0,True,1.31,1.11,echo_ms,60,4.093675
latency,thurbox,idle,0,True,1.31,1.11,echo_ms,61,4.756152
latency,thurbox,idle,0,True,1.31,1.11,echo_ms,62,3.165183
latency,thurbox,idle,0,True,1.31,1.11,echo_ms,63,3.466855
latency,thurbox,idle,0,True,1.31,1.11,echo_ms,64,4.689731
latency,thurbox,idle,0,True,1.31,1.11,echo_ms,65,4.716893
latency,thurbox,idle,0,True,1.31,1.11,echo_ms,66,5.615493
latency,thurbox,idle,0,True,1.31,1.11,echo_ms,67,4.806955
latency,thurbox,idle,0,True,1.31,1.11,echo_ms,68,3.495139
latency,thurbox,idle,0,True,1.31,1.11,echo_ms,69,3.422437
latency,thurbox,idle,0,True,1.31,1.11,echo_ms,70,3.541635
latency,thurbox,idle,0,True,1.31,1.11,echo_ms,71,3.459286
latency,thurbox,idle,0,True,1.31,1.11,echo_ms,72,4.593023
latency,thurbox,idle,0,True,1.31,1.11,echo_ms,73,4.718349
latency,thurbox,idle,0,True,1.31,1.11,echo_ms,74,3.543325
latency,thurbox,idle,0,True,1.31,1.11,echo_ms,75,3.545109
latency,thurbox,idle,0,True,1.31,1.11,echo_ms,76,4.70604
latency,thurbox,idle,0,True,1.31,1.11,echo_ms,77,4.912775
latency,thurbox,idle,0,True,1.31,1.11,echo_ms,78,5.015694
latency,thurbox,idle,0,True,1.31,1.11,echo_ms,79,4.645138
latency,thurbox,idle,0,True,1.31,1.11,echo_ms,80,4.14691
latency,thurbox,idle,0,True,1.31,1.11,echo_ms,81,4.718606
latency,thurbox,idle,0,True,1.31,1.11,echo_ms,82,3.530603
latency,thurbox,idle,0,True,1.31,1.11,echo_ms,83,4.14205
latency,thurbox,idle,0,True,1.31,1.11,echo_ms,84,3.543996
latency,thurbox,idle,0,True,1.31,1.11,echo_ms,85,4.466385
latency,thurbox,idle,0,True,1.31,1.11,echo_ms,86,4.716021
latency,thurbox,idle,0,True,1.31,1.11,echo_ms,87,3.597197
latency,thurbox,idle,0,True,1.31,1.11,echo_ms,88,5.101127
latency,thurbox,idle,0,True,1.31,1.11,echo_ms,89,4.740785
latency,thurbox,idle,0,True,1.31,1.11,echo_ms,90,4.740401
latency,thurbox,idle,0,True,1.31,1.11,echo_ms,91,3.260469
latency,thurbox,idle,0,True,1.31,1.11,echo_ms,92,4.772869
latency,thurbox,idle,0,True,1.31,1.11,echo_ms,93,3.472368
latency,thurbox,idle,0,True,1.31,1.11,echo_ms,94,4.611517
latency,thurbox,idle,0,True,1.31,1.11,echo_ms,95,4.155467
latency,thurbox,idle,0,True,1.31,1.11,echo_ms,96,4.703737
latency,thurbox,idle,0,True,1.31,1.11,echo_ms,97,4.708094
latency,thurbox,idle,0,True,1.31,1.11,echo_ms,98,3.425567
latency,thurbox,idle,0,True,1.31,1.11,echo_ms,99,4.708257
latency,thurbox,idle,0,True,1.31,1.11,timeouts,,0
latency,herdr,idle,1,False,1.11,0.94,echo_ms,0,2.023671
latency,herdr,idle,1,False,1.11,0.94,echo_ms,1,2.258334
latency,herdr,idle,1,False,1.11,0.94,echo_ms,2,1.387743
latency,herdr,idle,1,False,1.11,0.94,echo_ms,3,1.891099
latency,herdr,idle,1,False,1.11,0.94,echo_ms,4,2.125433
latency,herdr,idle,1,False,1.11,0.94,echo_ms,5,2.077729
latency,herdr,idle,1,False,1.11,0.94,echo_ms,6,2.155157
latency,herdr,idle,1,False,1.11,0.94,echo_ms,7,2.063711
latency,herdr,idle,1,False,1.11,0.94,echo_ms,8,1.970407
latency,herdr,idle,1,False,1.11,0.94,echo_ms,9,2.142708
latency,herdr,idle,1,False,1.11,0.94,echo_ms,10,2.06117
latency,herdr,idle,1,False,1.11,0.94,echo_ms,11,2.061617
latency,herdr,idle,1,False,1.11,0.94,echo_ms,12,1.951715
latency,herdr,idle,1,False,1.11,0.94,echo_ms,13,1.908552
latency,herdr,idle,1,False,1.11,0.94,echo_ms,14,1.982165
latency,herdr,idle,1,False,1.11,0.94,echo_ms,15,1.563986
latency,herdr,idle,1,False,1.11,0.94,echo_ms,16,2.15368
latency,herdr,idle,1,False,1.11,0.94,echo_ms,17,2.040423
latency,herdr,idle,1,False,1.11,0.94,echo_ms,18,1.892398
latency,herdr,idle,1,False,1.11,0.94,echo_ms,19,2.133755
latency,herdr,idle,1,False,1.11,0.94,echo_ms,20,2.059201
latency,herdr,idle,1,False,1.11,0.94,echo_ms,21,2.090801
latency,herdr,idle,1,False,1.11,0.94,echo_ms,22,2.150963
latency,herdr,idle,1,False,1.11,0.94,echo_ms,23,2.062755
latency,herdr,idle,1,False,1.11,0.94,echo_ms,24,2.083421
latency,herdr,idle,1,False,1.11,0.94,echo_ms,25,2.119296
latency,herdr,idle,1,False,1.11,0.94,echo_ms,26,2.008993
latency,herdr,idle,1,False,1.11,0.94,echo_ms,27,2.145946
latency,herdr,idle,1,False,1.11,0.94,echo_ms,28,1.9537
latency,herdr,idle,1,False,1.11,0.94,echo_ms,29,2.079624
latency,herdr,idle,1,False,1.11,0.94,echo_ms,30,2.036623
latency,herdr,idle,1,False,1.11,0.94,echo_ms,31,2.15642
latency,herdr,idle,1,False,1.11,0.94,echo_ms,32,2.137255
latency,herdr,idle,1,False,1.11,0.94,echo_ms,33,2.028432
latency,herdr,idle,1,False,1.11,0.94,echo_ms,34,1.588222
latency,herdr,idle,1,False,1.11,0.94,echo_ms,35,1.837397
latency,herdr,idle,1,False,1.11,0.94,echo_ms,36,2.132484
latency,herdr,idle,1,False,1.11,0.94,echo_ms,37,2.092077
latency,herdr,idle,1,False,1.11,0.94,echo_ms,38,2.172295
latency,herdr,idle,1,False,1.11,0.94,echo_ms,39,2.103176
latency,herdr,idle,1,False,1.11,0.94,echo_ms,40,2.202292
latency,herdr,idle,1,False,1.11,0.94,echo_ms,41,2.004009
latency,herdr,idle,1,False,1.11,0.94,echo_ms,42,2.112129
latency,herdr,idle,1,False,1.11,0.94,echo_ms,43,2.075024
latency,herdr,idle,1,False,1.11,0.94,echo_ms,44,2.080031
latency,herdr,idle,1,False,1.11,0.94,echo_ms,45,2.08237
latency,herdr,idle,1,False,1.11,0.94,echo_ms,46,2.091439
latency,herdr,idle,1,False,1.11,0.94,echo_ms,47,2.100005
latency,herdr,idle,1,False,1.11,0.94,echo_ms,48,2.098034
latency,herdr,idle,1,False,1.11,0.94,echo_ms,49,2.095852
latency,herdr,idle,1,False,1.11,0.94,echo_ms,50,2.055075
latency,herdr,idle,1,False,1.11,0.94,echo_ms,51,2.102525
latency,herdr,idle,1,False,1.11,0.94,echo_ms,52,2.20145
latency,herdr,idle,1,False,1.11,0.94,echo_ms,53,1.984878
latency,herdr,idle,1,False,1.11,0.94,echo_ms,54,2.108332
latency,herdr,idle,1,False,1.11,0.94,echo_ms,55,2.047849
latency,herdr,idle,1,False,1.11,0.94,echo_ms,56,2.096797
latency,herdr,idle,1,False,1.11,0.94,echo_ms,57,1.961227
latency,herdr,idle,1,False,1.11,0.94,echo_ms,58,2.034523
latency,herdr,idle,1,False,1.11,0.94,echo_ms,59,1.975275
latency,herdr,idle,1,False,1.11,0.94,echo_ms,60,2.113578
latency,herdr,idle,1,False,1.11,0.94,echo_ms,61,2.140392
latency,herdr,idle,1,False,1.11,0.94,echo_ms,62,2.116292
latency,herdr,idle,1,False,1.11,0.94,echo_ms,63,2.137167
latency,herdr,idle,1,False,1.11,0.94,echo_ms,64,1.333783
latency,herdr,idle,1,False,1.11,0.94,echo_ms,65,1.996621
latency,herdr,idle,1,False,1.11,0.94,echo_ms,66,1.951597
latency,herdr,idle,1,False,1.11,0.94,echo_ms,67,2.071741
latency,herdr,idle,1,False,1.11,0.94,echo_ms,68,2.068285
latency,herdr,idle,1,False,1.11,0.94,echo_ms,69,2.166232
latency,herdr,idle,1,False,1.11,0.94,echo_ms,70,2.120268
latency,herdr,idle,1,False,1.11,0.94,echo_ms,71,2.129482
latency,herdr,idle,1,False,1.11,0.94,echo_ms,72,2.135863
latency,herdr,idle,1,False,1.11,0.94,echo_ms,73,2.073247
latency,herdr,idle,1,False,1.11,0.94,echo_ms,74,2.100625
latency,herdr,idle,1,False,1.11,0.94,echo_ms,75,2.066309
latency,herdr,idle,1,False,1.11,0.94,echo_ms,76,2.272533
latency,herdr,idle,1,False,1.11,0.94,echo_ms,77,2.06753
latency,herdr,idle,1,False,1.11,0.94,echo_ms,78,2.09125
latency,herdr,idle,1,False,1.11,0.94,echo_ms,79,1.99449
latency,herdr,idle,1,False,1.11,0.94,echo_ms,80,2.112755
latency,herdr,idle,1,False,1.11,0.94,echo_ms,81,2.214587
latency,herdr,idle,1,False,1.11,0.94,echo_ms,82,2.214041
latency,herdr,idle,1,False,1.11,0.94,echo_ms,83,2.095668
latency,herdr,idle,1,False,1.11,0.94,echo_ms,84,1.420904
latency,herdr,idle,1,False,1.11,0.94,echo_ms,85,2.015103
latency,herdr,idle,1,False,1.11,0.94,echo_ms,86,2.165382
latency,herdr,idle,1,False,1.11,0.94,echo_ms,87,2.029989
latency,herdr,idle,1,False,1.11,0.94,echo_ms,88,2.132725
latency,herdr,idle,1,False,1.11,0.94,echo_ms,89,1.98638
latency,herdr,idle,1,False,1.11,0.94,echo_ms,90,2.986988
latency,herdr,idle,1,False,1.11,0.94,echo_ms,91,1.91437
latency,herdr,idle,1,False,1.11,0.94,echo_ms,92,2.148835
latency,herdr,idle,1,False,1.11,0.94,echo_ms,93,2.04527
latency,herdr,idle,1,False,1.11,0.94,echo_ms,94,2.030263
latency,herdr,idle,1,False,1.11,0.94,echo_ms,95,2.107788
latency,herdr,idle,1,False,1.11,0.94,echo_ms,96,2.185516
latency,herdr,idle,1,False,1.11,0.94,echo_ms,97,1.99565
latency,herdr,idle,1,False,1.11,0.94,echo_ms,98,2.092392
latency,herdr,idle,1,False,1.11,0.94,echo_ms,99,2.016915
latency,herdr,idle,1,False,1.11,0.94,timeouts,,0
latency,thurbox,idle,1,False,0.94,0.79,echo_ms,0,5.396962
latency,thurbox,idle,1,False,0.94,0.79,echo_ms,1,4.715966
latency,thurbox,idle,1,False,0.94,0.79,echo_ms,2,3.398135
latency,thurbox,idle,1,False,0.94,0.79,echo_ms,3,4.833544
latency,thurbox,idle,1,False,0.94,0.79,echo_ms,4,4.799766
latency,thurbox,idle,1,False,0.94,0.79,echo_ms,5,3.383321
latency,thurbox,idle,1,False,0.94,0.79,echo_ms,6,5.320462
latency,thurbox,idle,1,False,0.94,0.79,echo_ms,7,4.767092
latency,thurbox,idle,1,False,0.94,0.79,echo_ms,8,4.158372
latency,thurbox,idle,1,False,0.94,0.79,echo_ms,9,4.766193
latency,thurbox,idle,1,False,0.94,0.79,echo_ms,10,4.782825
latency,thurbox,idle,1,False,0.94,0.79,echo_ms,11,4.151657
latency,thurbox,idle,1,False,0.94,0.79,echo_ms,12,4.764933
latency,thurbox,idle,1,False,0.94,0.79,echo_ms,13,2.184263
latency,thurbox,idle,1,False,0.94,0.79,echo_ms,14,3.325434
latency,thurbox,idle,1,False,0.94,0.79,echo_ms,15,5.60022
latency,thurbox,idle,1,False,0.94,0.79,echo_ms,16,4.835724
latency,thurbox,idle,1,False,0.94,0.79,echo_ms,17,3.205968
latency,thurbox,idle,1,False,0.94,0.79,echo_ms,18,4.227585
latency,thurbox,idle,1,False,0.94,0.79,echo_ms,19,4.77529
latency,thurbox,idle,1,False,0.94,0.79,echo_ms,20,5.130385
latency,thurbox,idle,1,False,0.94,0.79,echo_ms,21,3.349256
latency,thurbox,idle,1,False,0.94,0.79,echo_ms,22,3.387586
latency,thurbox,idle,1,False,0.94,0.79,echo_ms,23,4.238842
latency,thurbox,idle,1,False,0.94,0.79,echo_ms,24,3.674695
latency,thurbox,idle,1,False,0.94,0.79,echo_ms,25,4.706011
latency,thurbox,idle,1,False,0.94,0.79,echo_ms,26,4.830279
latency,thurbox,idle,1,False,0.94,0.79,echo_ms,27,3.351433
latency,thurbox,idle,1,False,0.94,0.79,echo_ms,28,3.369594
latency,thurbox,idle,1,False,0.94,0.79,echo_ms,29,3.173237
latency,thurbox,idle,1,False,0.94,0.79,echo_ms,30,5.175599
latency,thurbox,idle,1,False,0.94,0.79,echo_ms,31,4.705016
latency,thurbox,idle,1,False,0.94,0.79,echo_ms,32,4.101857
latency,thurbox,idle,1,False,0.94,0.79,echo_ms,33,4.804442
latency,thurbox,idle,1,False,0.94,0.79,echo_ms,34,3.245442
latency,thurbox,idle,1,False,0.94,0.79,echo_ms,35,3.313734
latency,thurbox,idle,1,False,0.94,0.79,echo_ms,36,3.36016
latency,thurbox,idle,1,False,0.94,0.79,echo_ms,37,1.915465
latency,thurbox,idle,1,False,0.94,0.79,echo_ms,38,4.751649
latency,thurbox,idle,1,False,0.94,0.79,echo_ms,39,4.562929
latency,thurbox,idle,1,False,0.94,0.79,echo_ms,40,3.384928
latency,thurbox,idle,1,False,0.94,0.79,echo_ms,41,5.12397
latency,thurbox,idle,1,False,0.94,0.79,echo_ms,42,4.750151
latency,thurbox,idle,1,False,0.94,0.79,echo_ms,43,3.373232
latency,thurbox,idle,1,False,0.94,0.79,echo_ms,44,3.128083
latency,thurbox,idle,1,False,0.94,0.79,echo_ms,45,3.078787
latency,thurbox,idle,1,False,0.94,0.79,echo_ms,46,3.408856
latency,thurbox,idle,1,False,0.94,0.79,echo_ms,47,3.210562
latency,thurbox,idle,1,False,0.94,0.79,echo_ms,48,4.924947
latency,thurbox,idle,1,False,0.94,0.79,echo_ms,49,4.219119
latency,thurbox,idle,1,False,0.94,0.79,echo_ms,50,4.934215
latency,thurbox,idle,1,False,0.94,0.79,echo_ms,51,4.782576
latency,thurbox,idle,1,False,0.94,0.79,echo_ms,52,4.803944
latency,thurbox,idle,1,False,0.94,0.79,echo_ms,53,4.697527
latency,thurbox,idle,1,False,0.94,0.79,echo_ms,54,3.52249
latency,thurbox,idle,1,False,0.94,0.79,echo_ms,55,2.546524
latency,thurbox,idle,1,False,0.94,0.79,echo_ms,56,5.02721
latency,thurbox,idle,1,False,0.94,0.79,echo_ms,57,3.347177
latency,thurbox,idle,1,False,0.94,0.79,echo_ms,58,4.715749
latency,thurbox,idle,1,False,0.94,0.79,echo_ms,59,4.729241
latency,thurbox,idle,1,False,0.94,0.79,echo_ms,60,6.745729
latency,thurbox,idle,1,False,0.94,0.79,echo_ms,61,4.11254
latency,thurbox,idle,1,False,0.94,0.79,echo_ms,62,4.714842
latency,thurbox,idle,1,False,0.94,0.79,echo_ms,63,4.706645
latency,thurbox,idle,1,False,0.94,0.79,echo_ms,64,3.192263
latency,thurbox,idle,1,False,0.94,0.79,echo_ms,65,1.696968
latency,thurbox,idle,1,False,0.94,0.79,echo_ms,66,4.170944
latency,thurbox,idle,1,False,0.94,0.79,echo_ms,67,4.701846
latency,thurbox,idle,1,False,0.94,0.79,echo_ms,68,3.698831
latency,thurbox,idle,1,False,0.94,0.79,echo_ms,69,4.138235
latency,thurbox,idle,1,False,0.94,0.79,echo_ms,70,4.800868
latency,thurbox,idle,1,False,0.94,0.79,echo_ms,71,3.830887
latency,thurbox,idle,1,False,0.94,0.79,echo_ms,72,6.032091
latency,thurbox,idle,1,False,0.94,0.79,echo_ms,73,3.341509
latency,thurbox,idle,1,False,0.94,0.79,echo_ms,74,3.499947
latency,thurbox,idle,1,False,0.94,0.79,echo_ms,75,4.810116
latency,thurbox,idle,1,False,0.94,0.79,echo_ms,76,4.735187
latency,thurbox,idle,1,False,0.94,0.79,echo_ms,77,3.560759
latency,thurbox,idle,1,False,0.94,0.79,echo_ms,78,3.459223
latency,thurbox,idle,1,False,0.94,0.79,echo_ms,79,4.168596
latency,thurbox,idle,1,False,0.94,0.79,echo_ms,80,5.117478
latency,thurbox,idle,1,False,0.94,0.79,echo_ms,81,3.339408
latency,thurbox,idle,1,False,0.94,0.79,echo_ms,82,3.356784
latency,thurbox,idle,1,False,0.94,0.79,echo_ms,83,3.472795
latency,thurbox,idle,1,False,0.94,0.79,echo_ms,84,4.70067
latency,thurbox,idle,1,False,0.94,0.79,echo_ms,85,1.916422
latency,thurbox,idle,1,False,0.94,0.79,echo_ms,86,5.633605
latency,thurbox,idle,1,False,0.94,0.79,echo_ms,87,3.358935
latency,thurbox,idle,1,False,0.94,0.79,echo_ms,88,4.778676
latency,thurbox,idle,1,False,0.94,0.79,echo_ms,89,3.148898
latency,thurbox,idle,1,False,0.94,0.79,echo_ms,90,3.412404
latency,thurbox,idle,1,False,0.94,0.79,echo_ms,91,3.269219
latency,thurbox,idle,1,False,0.94,0.79,echo_ms,92,3.37066
latency,thurbox,idle,1,False,0.94,0.79,echo_ms,93,4.719689
latency,thurbox,idle,1,False,0.94,0.79,echo_ms,94,3.482379
latency,thurbox,idle,1,False,0.94,0.79,echo_ms,95,4.137667
latency,thurbox,idle,1,False,0.94,0.79,echo_ms,96,3.111279
latency,thurbox,idle,1,False,0.94,0.79,echo_ms,97,3.382035
latency,thurbox,idle,1,False,0.94,0.79,echo_ms,98,3.386057
latency,thurbox,idle,1,False,0.94,0.79,echo_ms,99,4.711598
latency,thurbox,idle,1,False,0.94,0.79,timeouts,,0
latency,herdr,idle,2,False,0.79,0.67,echo_ms,0,2.085503
latency,herdr,idle,2,False,0.79,0.67,echo_ms,1,2.182617
latency,herdr,idle,2,False,0.79,0.67,echo_ms,2,2.223635
latency,herdr,idle,2,False,0.79,0.67,echo_ms,3,2.221298
latency,herdr,idle,2,False,0.79,0.67,echo_ms,4,2.194465
latency,herdr,idle,2,False,0.79,0.67,echo_ms,5,2.154656
latency,herdr,idle,2,False,0.79,0.67,echo_ms,6,2.120624
latency,herdr,idle,2,False,0.79,0.67,echo_ms,7,2.036117
latency,herdr,idle,2,False,0.79,0.67,echo_ms,8,2.108968
latency,herdr,idle,2,False,0.79,0.67,echo_ms,9,2.048673
latency,herdr,idle,2,False,0.79,0.67,echo_ms,10,2.208842
latency,herdr,idle,2,False,0.79,0.67,echo_ms,11,2.149063
latency,herdr,idle,2,False,0.79,0.67,echo_ms,12,2.211322
latency,herdr,idle,2,False,0.79,0.67,echo_ms,13,2.067611
latency,herdr,idle,2,False,0.79,0.67,echo_ms,14,2.321133
latency,herdr,idle,2,False,0.79,0.67,echo_ms,15,2.064221
latency,herdr,idle,2,False,0.79,0.67,echo_ms,16,2.202745
latency,herdr,idle,2,False,0.79,0.67,echo_ms,17,2.156904
latency,herdr,idle,2,False,0.79,0.67,echo_ms,18,2.074261
latency,herdr,idle,2,False,0.79,0.67,echo_ms,19,2.138638
latency,herdr,idle,2,False,0.79,0.67,echo_ms,20,2.144328
latency,herdr,idle,2,False,0.79,0.67,echo_ms,21,2.202683
latency,herdr,idle,2,False,0.79,0.67,echo_ms,22,2.223236
latency,herdr,idle,2,False,0.79,0.67,echo_ms,23,2.190774
latency,herdr,idle,2,False,0.79,0.67,echo_ms,24,2.034432
latency,herdr,idle,2,False,0.79,0.67,echo_ms,25,2.198419
latency,herdr,idle,2,False,0.79,0.67,echo_ms,26,2.088731
latency,herdr,idle,2,False,0.79,0.67,echo_ms,27,2.209342
latency,herdr,idle,2,False,0.79,0.67,echo_ms,28,2.279511
latency,herdr,idle,2,False,0.79,0.67,echo_ms,29,2.150157
latency,herdr,idle,2,False,0.79,0.67,echo_ms,30,2.260058
latency,herdr,idle,2,False,0.79,0.67,echo_ms,31,2.250562
latency,herdr,idle,2,False,0.79,0.67,echo_ms,32,2.143819
latency,herdr,idle,2,False,0.79,0.67,echo_ms,33,1.254192
latency,herdr,idle,2,False,0.79,0.67,echo_ms,34,2.116286
latency,herdr,idle,2,False,0.79,0.67,echo_ms,35,2.105342
latency,herdr,idle,2,False,0.79,0.67,echo_ms,36,2.181131
latency,herdr,idle,2,False,0.79,0.67,echo_ms,37,2.174611
latency,herdr,idle,2,False,0.79,0.67,echo_ms,38,2.094999
latency,herdr,idle,2,False,0.79,0.67,echo_ms,39,2.007502
latency,herdr,idle,2,False,0.79,0.67,echo_ms,40,2.125336
latency,herdr,idle,2,False,0.79,0.67,echo_ms,41,1.954051
latency,herdr,idle,2,False,0.79,0.67,echo_ms,42,2.168257
latency,herdr,idle,2,False,0.79,0.67,echo_ms,43,2.137823
latency,herdr,idle,2,False,0.79,0.67,echo_ms,44,2.104866
latency,herdr,idle,2,False,0.79,0.67,echo_ms,45,2.010343
latency,herdr,idle,2,False,0.79,0.67,echo_ms,46,2.017026
latency,herdr,idle,2,False,0.79,0.67,echo_ms,47,2.090137
latency,herdr,idle,2,False,0.79,0.67,echo_ms,48,1.968274
latency,herdr,idle,2,False,0.79,0.67,echo_ms,49,2.222927
latency,herdr,idle,2,False,0.79,0.67,echo_ms,50,2.243078
latency,herdr,idle,2,False,0.79,0.67,echo_ms,51,1.879991
latency,herdr,idle,2,False,0.79,0.67,echo_ms,52,2.137386
latency,herdr,idle,2,False,0.79,0.67,echo_ms,53,2.177729
latency,herdr,idle,2,False,0.79,0.67,echo_ms,54,2.271651
latency,herdr,idle,2,False,0.79,0.67,echo_ms,55,2.236477
latency,herdr,idle,2,False,0.79,0.67,echo_ms,56,1.948629
latency,herdr,idle,2,False,0.79,0.67,echo_ms,57,1.946299
latency,herdr,idle,2,False,0.79,0.67,echo_ms,58,1.900496
latency,herdr,idle,2,False,0.79,0.67,echo_ms,59,2.148962
latency,herdr,idle,2,False,0.79,0.67,echo_ms,60,2.022957
latency,herdr,idle,2,False,0.79,0.67,echo_ms,61,2.061266
latency,herdr,idle,2,False,0.79,0.67,echo_ms,62,2.350235
latency,herdr,idle,2,False,0.79,0.67,echo_ms,63,1.948331
latency,herdr,idle,2,False,0.79,0.67,echo_ms,64,2.077275
latency,herdr,idle,2,False,0.79,0.67,echo_ms,65,2.105112
latency,herdr,idle,2,False,0.79,0.67,echo_ms,66,2.217456
latency,herdr,idle,2,False,0.79,0.67,echo_ms,67,2.176178
latency,herdr,idle,2,False,0.79,0.67,echo_ms,68,2.211717
latency,herdr,idle,2,False,0.79,0.67,echo_ms,69,2.310242
latency,herdr,idle,2,False,0.79,0.67,echo_ms,70,2.380366
latency,herdr,idle,2,False,0.79,0.67,echo_ms,71,1.992413
latency,herdr,idle,2,False,0.79,0.67,echo_ms,72,1.942315
latency,herdr,idle,2,False,0.79,0.67,echo_ms,73,2.167641
latency,herdr,idle,2,False,0.79,0.67,echo_ms,74,2.087462
latency,herdr,idle,2,False,0.79,0.67,echo_ms,75,1.985257
latency,herdr,idle,2,False,0.79,0.67,echo_ms,76,2.007354
latency,herdr,idle,2,False,0.79,0.67,echo_ms,77,1.997396
latency,herdr,idle,2,False,0.79,0.67,echo_ms,78,2.323941
latency,herdr,idle,2,False,0.79,0.67,echo_ms,79,2.313183
latency,herdr,idle,2,False,0.79,0.67,echo_ms,80,2.304676
latency,herdr,idle,2,False,0.79,0.67,echo_ms,81,2.036868
latency,herdr,idle,2,False,0.79,0.67,echo_ms,82,2.082996
latency,herdr,idle,2,False,0.79,0.67,echo_ms,83,2.035543
latency,herdr,idle,2,False,0.79,0.67,echo_ms,84,2.228054
latency,herdr,idle,2,False,0.79,0.67,echo_ms,85,2.088074
latency,herdr,idle,2,False,0.79,0.67,echo_ms,86,2.290195
latency,herdr,idle,2,False,0.79,0.67,echo_ms,87,2.323389
latency,herdr,idle,2,False,0.79,0.67,echo_ms,88,0.974902
latency,herdr,idle,2,False,0.79,0.67,echo_ms,89,2.055031
latency,herdr,idle,2,False,0.79,0.67,echo_ms,90,2.204755
latency,herdr,idle,2,False,0.79,0.67,echo_ms,91,2.176634
latency,herdr,idle,2,False,0.79,0.67,echo_ms,92,2.193501
latency,herdr,idle,2,False,0.79,0.67,echo_ms,93,2.108059
latency,herdr,idle,2,False,0.79,0.67,echo_ms,94,2.315453
latency,herdr,idle,2,False,0.79,0.67,echo_ms,95,2.079983
latency,herdr,idle,2,False,0.79,0.67,echo_ms,96,2.261414
latency,herdr,idle,2,False,0.79,0.67,echo_ms,97,2.300178
latency,herdr,idle,2,False,0.79,0.67,echo_ms,98,2.382358
latency,herdr,idle,2,False,0.79,0.67,echo_ms,99,2.163319
latency,herdr,idle,2,False,0.79,0.67,timeouts,,0
latency,thurbox,idle,2,False,0.67,0.57,echo_ms,0,3.391782
latency,thurbox,idle,2,False,0.67,0.57,echo_ms,1,4.735379
latency,thurbox,idle,2,False,0.67,0.57,echo_ms,2,4.802556
latency,thurbox,idle,2,False,0.67,0.57,echo_ms,3,4.187099
latency,thurbox,idle,2,False,0.67,0.57,echo_ms,4,3.69985
latency,thurbox,idle,2,False,0.67,0.57,echo_ms,5,3.517009
latency,thurbox,idle,2,False,0.67,0.57,echo_ms,6,4.165926
latency,thurbox,idle,2,False,0.67,0.57,echo_ms,7,4.775885
latency,thurbox,idle,2,False,0.67,0.57,echo_ms,8,4.179498
latency,thurbox,idle,2,False,0.67,0.57,echo_ms,9,5.092034
latency,thurbox,idle,2,False,0.67,0.57,echo_ms,10,4.775553
latency,thurbox,idle,2,False,0.67,0.57,echo_ms,11,4.282069
latency,thurbox,idle,2,False,0.67,0.57,echo_ms,12,4.744991
latency,thurbox,idle,2,False,0.67,0.57,echo_ms,13,3.368348
latency,thurbox,idle,2,False,0.67,0.57,echo_ms,14,3.785851
latency,thurbox,idle,2,False,0.67,0.57,echo_ms,15,3.468225
latency,thurbox,idle,2,False,0.67,0.57,echo_ms,16,3.439362
latency,thurbox,idle,2,False,0.67,0.57,echo_ms,17,4.20984
latency,thurbox,idle,2,False,0.67,0.57,echo_ms,18,4.750295
latency,thurbox,idle,2,False,0.67,0.57,echo_ms,19,3.504222
latency,thurbox,idle,2,False,0.67,0.57,echo_ms,20,3.215999
latency,thurbox,idle,2,False,0.67,0.57,echo_ms,21,4.748187
latency,thurbox,idle,2,False,0.67,0.57,echo_ms,22,3.500036
latency,thurbox,idle,2,False,0.67,0.57,echo_ms,23,3.369229
latency,thurbox,idle,2,False,0.67,0.57,echo_ms,24,3.175583
latency,thurbox,idle,2,False,0.67,0.57,echo_ms,25,2.093459
latency,thurbox,idle,2,False,0.67,0.57,echo_ms,26,5.069204
latency,thurbox,idle,2,False,0.67,0.57,echo_ms,27,3.513428
latency,thurbox,idle,2,False,0.67,0.57,echo_ms,28,3.408744
latency,thurbox,idle,2,False,0.67,0.57,echo_ms,29,3.521676
latency,thurbox,idle,2,False,0.67,0.57,echo_ms,30,3.464684
latency,thurbox,idle,2,False,0.67,0.57,echo_ms,31,4.202554
latency,thurbox,idle,2,False,0.67,0.57,echo_ms,32,4.746924
latency,thurbox,idle,2,False,0.67,0.57,echo_ms,33,3.170366
latency,thurbox,idle,2,False,0.67,0.57,echo_ms,34,5.565988
latency,thurbox,idle,2,False,0.67,0.57,echo_ms,35,4.744736
latency,thurbox,idle,2,False,0.67,0.57,echo_ms,36,3.536714
latency,thurbox,idle,2,False,0.67,0.57,echo_ms,37,4.086575
latency,thurbox,idle,2,False,0.67,0.57,echo_ms,38,3.192598
latency,thurbox,idle,2,False,0.67,0.57,echo_ms,39,4.309023
latency,thurbox,idle,2,False,0.67,0.57,echo_ms,40,3.121503
latency,thurbox,idle,2,False,0.67,0.57,echo_ms,41,3.475322
latency,thurbox,idle,2,False,0.67,0.57,echo_ms,42,5.109306
latency,thurbox,idle,2,False,0.67,0.57,echo_ms,43,4.764037
latency,thurbox,idle,2,False,0.67,0.57,echo_ms,44,3.601643
latency,thurbox,idle,2,False,0.67,0.57,echo_ms,45,3.429022
latency,thurbox,idle,2,False,0.67,0.57,echo_ms,46,5.09141
latency,thurbox,idle,2,False,0.67,0.57,echo_ms,47,3.181495
latency,thurbox,idle,2,False,0.67,0.57,echo_ms,48,3.151393
latency,thurbox,idle,2,False,0.67,0.57,echo_ms,49,3.424487
latency,thurbox,idle,2,False,0.67,0.57,echo_ms,50,4.779591
latency,thurbox,idle,2,False,0.67,0.57,echo_ms,51,9.947234
latency,thurbox,idle,2,False,0.67,0.57,echo_ms,52,3.466513
latency,thurbox,idle,2,False,0.67,0.57,echo_ms,53,4.724552
latency,thurbox,idle,2,False,0.67,0.57,echo_ms,54,1.913261
latency,thurbox,idle,2,False,0.67,0.57,echo_ms,55,5.055758
latency,thurbox,idle,2,False,0.67,0.57,echo_ms,56,3.478423
latency,thurbox,idle,2,False,0.67,0.57,echo_ms,57,3.373625
latency,thurbox,idle,2,False,0.67,0.57,echo_ms,58,3.125926
latency,thurbox,idle,2,False,0.67,0.57,echo_ms,59,4.685905
latency,thurbox,idle,2,False,0.67,0.57,echo_ms,60,4.146214
latency,thurbox,idle,2,False,0.67,0.57,echo_ms,61,3.552168
latency,thurbox,idle,2,False,0.67,0.57,echo_ms,62,3.886904
latency,thurbox,idle,2,False,0.67,0.57,echo_ms,63,3.272279
latency,thurbox,idle,2,False,0.67,0.57,echo_ms,64,2.060421
latency,thurbox,idle,2,False,0.67,0.57,echo_ms,65,4.164448
latency,thurbox,idle,2,False,0.67,0.57,echo_ms,66,4.72657
latency,thurbox,idle,2,False,0.67,0.57,echo_ms,67,3.446523
latency,thurbox,idle,2,False,0.67,0.57,echo_ms,68,6.147088
latency,thurbox,idle,2,False,0.67,0.57,echo_ms,69,3.458837
latency,thurbox,idle,2,False,0.67,0.57,echo_ms,70,3.104732
latency,thurbox,idle,2,False,0.67,0.57,echo_ms,71,5.588638
latency,thurbox,idle,2,False,0.67,0.57,echo_ms,72,3.532621
latency,thurbox,idle,2,False,0.67,0.57,echo_ms,73,4.499067
latency,thurbox,idle,2,False,0.67,0.57,echo_ms,74,3.506224
latency,thurbox,idle,2,False,0.67,0.57,echo_ms,75,3.541412
latency,thurbox,idle,2,False,0.67,0.57,echo_ms,76,4.122299
latency,thurbox,idle,2,False,0.67,0.57,echo_ms,77,3.124819
latency,thurbox,idle,2,False,0.67,0.57,echo_ms,78,4.107899
latency,thurbox,idle,2,False,0.67,0.57,echo_ms,79,3.102857
latency,thurbox,idle,2,False,0.67,0.57,echo_ms,80,3.22298
latency,thurbox,idle,2,False,0.67,0.57,echo_ms,81,3.105841
latency,thurbox,idle,2,False,0.67,0.57,echo_ms,82,3.288889
latency,thurbox,idle,2,False,0.67,0.57,echo_ms,83,4.890048
latency,thurbox,idle,2,False,0.67,0.57,echo_ms,84,4.711933
latency,thurbox,idle,2,False,0.67,0.57,echo_ms,85,2.472903
latency,thurbox,idle,2,False,0.67,0.57,echo_ms,86,3.493722
latency,thurbox,idle,2,False,0.67,0.57,echo_ms,87,5.549794
latency,thurbox,idle,2,False,0.67,0.57,echo_ms,88,4.731022
latency,thurbox,idle,2,False,0.67,0.57,echo_ms,89,4.292956
latency,thurbox,idle,2,False,0.67,0.57,echo_ms,90,5.085297
latency,thurbox,idle,2,False,0.67,0.57,echo_ms,91,4.70814
latency,thurbox,idle,2,False,0.67,0.57,echo_ms,92,4.177001
latency,thurbox,idle,2,False,0.67,0.57,echo_ms,93,4.704823
latency,thurbox,idle,2,False,0.67,0.57,echo_ms,94,3.124894
latency,thurbox,idle,2,False,0.67,0.57,echo_ms,95,5.900288
latency,thurbox,idle,2,False,0.67,0.57,echo_ms,96,4.703077
latency,thurbox,idle,2,False,0.67,0.57,echo_ms,97,3.527022
latency,thurbox,idle,2,False,0.67,0.57,echo_ms,98,4.073145
latency,thurbox,idle,2,False,0.67,0.57,echo_ms,99,1.344411
latency,thurbox,idle,2,False,0.67,0.57,timeouts,,0
latency,herdr,idle,3,False,0.57,0.48,echo_ms,0,1.378717
latency,herdr,idle,3,False,0.57,0.48,echo_ms,1,2.280694
latency,herdr,idle,3,False,0.57,0.48,echo_ms,2,2.157654
latency,herdr,idle,3,False,0.57,0.48,echo_ms,3,2.286131
latency,herdr,idle,3,False,0.57,0.48,echo_ms,4,2.239415
latency,herdr,idle,3,False,0.57,0.48,echo_ms,5,1.719497
latency,herdr,idle,3,False,0.57,0.48,echo_ms,6,2.061869
latency,herdr,idle,3,False,0.57,0.48,echo_ms,7,2.296211
latency,herdr,idle,3,False,0.57,0.48,echo_ms,8,2.768655
latency,herdr,idle,3,False,0.57,0.48,echo_ms,9,2.260398
latency,herdr,idle,3,False,0.57,0.48,echo_ms,10,2.299436
latency,herdr,idle,3,False,0.57,0.48,echo_ms,11,2.278777
latency,herdr,idle,3,False,0.57,0.48,echo_ms,12,2.132146
latency,herdr,idle,3,False,0.57,0.48,echo_ms,13,2.079139
latency,herdr,idle,3,False,0.57,0.48,echo_ms,14,2.162962
latency,herdr,idle,3,False,0.57,0.48,echo_ms,15,2.136231
latency,herdr,idle,3,False,0.57,0.48,echo_ms,16,2.097457
latency,herdr,idle,3,False,0.57,0.48,echo_ms,17,2.167534
latency,herdr,idle,3,False,0.57,0.48,echo_ms,18,2.209858
latency,herdr,idle,3,False,0.57,0.48,echo_ms,19,2.230772
latency,herdr,idle,3,False,0.57,0.48,echo_ms,20,2.207666
latency,herdr,idle,3,False,0.57,0.48,echo_ms,21,2.109386
latency,herdr,idle,3,False,0.57,0.48,echo_ms,22,2.190983
latency,herdr,idle,3,False,0.57,0.48,echo_ms,23,2.105218
latency,herdr,idle,3,False,0.57,0.48,echo_ms,24,2.052965
latency,herdr,idle,3,False,0.57,0.48,echo_ms,25,2.291764
latency,herdr,idle,3,False,0.57,0.48,echo_ms,26,2.261174
latency,herdr,idle,3,False,0.57,0.48,echo_ms,27,2.161723
latency,herdr,idle,3,False,0.57,0.48,echo_ms,28,2.32994
latency,herdr,idle,3,False,0.57,0.48,echo_ms,29,2.254174
latency,herdr,idle,3,False,0.57,0.48,echo_ms,30,2.26018
latency,herdr,idle,3,False,0.57,0.48,echo_ms,31,2.285524
latency,herdr,idle,3,False,0.57,0.48,echo_ms,32,2.127576
latency,herdr,idle,3,False,0.57,0.48,echo_ms,33,1.78077
latency,herdr,idle,3,False,0.57,0.48,echo_ms,34,1.357354
latency,herdr,idle,3,False,0.57,0.48,echo_ms,35,2.133405
latency,herdr,idle,3,False,0.57,0.48,echo_ms,36,2.233596
latency,herdr,idle,3,False,0.57,0.48,echo_ms,37,2.144709
latency,herdr,idle,3,False,0.57,0.48,echo_ms,38,2.182846
latency,herdr,idle,3,False,0.57,0.48,echo_ms,39,2.275065
latency,herdr,idle,3,False,0.57,0.48,echo_ms,40,2.025225
latency,herdr,idle,3,False,0.57,0.48,echo_ms,41,2.241301
latency,herdr,idle,3,False,0.57,0.48,echo_ms,42,2.314946
latency,herdr,idle,3,False,0.57,0.48,echo_ms,43,2.298536
latency,herdr,idle,3,False,0.57,0.48,echo_ms,44,2.289796
latency,herdr,idle,3,False,0.57,0.48,echo_ms,45,2.174348
latency,herdr,idle,3,False,0.57,0.48,echo_ms,46,2.225346
latency,herdr,idle,3,False,0.57,0.48,echo_ms,47,2.218309
latency,herdr,idle,3,False,0.57,0.48,echo_ms,48,2.231801
latency,herdr,idle,3,False,0.57,0.48,echo_ms,49,2.175551
latency,herdr,idle,3,False,0.57,0.48,echo_ms,50,2.245523
latency,herdr,idle,3,False,0.57,0.48,echo_ms,51,2.218257
latency,herdr,idle,3,False,0.57,0.48,echo_ms,52,1.054258
latency,herdr,idle,3,False,0.57,0.48,echo_ms,53,2.168248
latency,herdr,idle,3,False,0.57,0.48,echo_ms,54,2.151776
latency,herdr,idle,3,False,0.57,0.48,echo_ms,55,2.14749
latency,herdr,idle,3,False,0.57,0.48,echo_ms,56,2.28376
latency,herdr,idle,3,False,0.57,0.48,echo_ms,57,2.031207
latency,herdr,idle,3,False,0.57,0.48,echo_ms,58,1.850316
latency,herdr,idle,3,False,0.57,0.48,echo_ms,59,2.073679
latency,herdr,idle,3,False,0.57,0.48,echo_ms,60,2.20169
latency,herdr,idle,3,False,0.57,0.48,echo_ms,61,2.202266
latency,herdr,idle,3,False,0.57,0.48,echo_ms,62,2.221549
latency,herdr,idle,3,False,0.57,0.48,echo_ms,63,2.34939
latency,herdr,idle,3,False,0.57,0.48,echo_ms,64,2.13534
latency,herdr,idle,3,False,0.57,0.48,echo_ms,65,2.281845
latency,herdr,idle,3,False,0.57,0.48,echo_ms,66,2.236622
latency,herdr,idle,3,False,0.57,0.48,echo_ms,67,2.307622
latency,herdr,idle,3,False,0.57,0.48,echo_ms,68,2.21132
latency,herdr,idle,3,False,0.57,0.48,echo_ms,69,2.157053
latency,herdr,idle,3,False,0.57,0.48,echo_ms,70,2.136923
latency,herdr,idle,3,False,0.57,0.48,echo_ms,71,2.331882
latency,herdr,idle,3,False,0.57,0.48,echo_ms,72,2.168301
latency,herdr,idle,3,False,0.57,0.48,echo_ms,73,2.186582
latency,herdr,idle,3,False,0.57,0.48,echo_ms,74,2.100373
latency,herdr,idle,3,False,0.57,0.48,echo_ms,75,2.217993
latency,herdr,idle,3,False,0.57,0.48,echo_ms,76,1.997402
latency,herdr,idle,3,False,0.57,0.48,echo_ms,77,2.043243
latency,herdr,idle,3,False,0.57,0.48,echo_ms,78,2.305548
latency,herdr,idle,3,False,0.57,0.48,echo_ms,79,2.114394
latency,herdr,idle,3,False,0.57,0.48,echo_ms,80,2.28255
latency,herdr,idle,3,False,0.57,0.48,echo_ms,81,2.290113
latency,herdr,idle,3,False,0.57,0.48,echo_ms,82,2.211642
latency,herdr,idle,3,False,0.57,0.48,echo_ms,83,2.133396
latency,herdr,idle,3,False,0.57,0.48,echo_ms,84,2.306613
latency,herdr,idle,3,False,0.57,0.48,echo_ms,85,2.343054
latency,herdr,idle,3,False,0.57,0.48,echo_ms,86,2.043031
latency,herdr,idle,3,False,0.57,0.48,echo_ms,87,2.174982
latency,herdr,idle,3,False,0.57,0.48,echo_ms,88,2.217336
latency,herdr,idle,3,False,0.57,0.48,echo_ms,89,2.291234
latency,herdr,idle,3,False,0.57,0.48,echo_ms,90,2.045754
latency,herdr,idle,3,False,0.57,0.48,echo_ms,91,2.314678
latency,herdr,idle,3,False,0.57,0.48,echo_ms,92,2.13585
latency,herdr,idle,3,False,0.57,0.48,echo_ms,93,2.212025
latency,herdr,idle,3,False,0.57,0.48,echo_ms,94,2.21199
latency,herdr,idle,3,False,0.57,0.48,echo_ms,95,2.309044
latency,herdr,idle,3,False,0.57,0.48,echo_ms,96,2.237113
latency,herdr,idle,3,False,0.57,0.48,echo_ms,97,2.323022
latency,herdr,idle,3,False,0.57,0.48,echo_ms,98,2.217059
latency,herdr,idle,3,False,0.57,0.48,echo_ms,99,2.286767
latency,herdr,idle,3,False,0.57,0.48,timeouts,,0
latency,thurbox,idle,3,False,0.48,0.48,echo_ms,0,7.169394
latency,thurbox,idle,3,False,0.48,0.48,echo_ms,1,5.510646
latency,thurbox,idle,3,False,0.48,0.48,echo_ms,2,4.829588
latency,thurbox,idle,3,False,0.48,0.48,echo_ms,3,6.323203
latency,thurbox,idle,3,False,0.48,0.48,echo_ms,4,3.531513
latency,thurbox,idle,3,False,0.48,0.48,echo_ms,5,3.451969
latency,thurbox,idle,3,False,0.48,0.48,echo_ms,6,1.631187
latency,thurbox,idle,3,False,0.48,0.48,echo_ms,7,1.942821
latency,thurbox,idle,3,False,0.48,0.48,echo_ms,8,3.259453
latency,thurbox,idle,3,False,0.48,0.48,echo_ms,9,5.309868
latency,thurbox,idle,3,False,0.48,0.48,echo_ms,10,5.785327
latency,thurbox,idle,3,False,0.48,0.48,echo_ms,11,4.21512
latency,thurbox,idle,3,False,0.48,0.48,echo_ms,12,4.210271
latency,thurbox,idle,3,False,0.48,0.48,echo_ms,13,4.735526
latency,thurbox,idle,3,False,0.48,0.48,echo_ms,14,3.539836
latency,thurbox,idle,3,False,0.48,0.48,echo_ms,15,4.926091
latency,thurbox,idle,3,False,0.48,0.48,echo_ms,16,4.255713
latency,thurbox,idle,3,False,0.48,0.48,echo_ms,17,3.561548
latency,thurbox,idle,3,False,0.48,0.48,echo_ms,18,3.535742
latency,thurbox,idle,3,False,0.48,0.48,echo_ms,19,4.793361
latency,thurbox,idle,3,False,0.48,0.48,echo_ms,20,3.510168
latency,thurbox,idle,3,False,0.48,0.48,echo_ms,21,3.185814
latency,thurbox,idle,3,False,0.48,0.48,echo_ms,22,4.258593
latency,thurbox,idle,3,False,0.48,0.48,echo_ms,23,4.810543
latency,thurbox,idle,3,False,0.48,0.48,echo_ms,24,4.359284
latency,thurbox,idle,3,False,0.48,0.48,echo_ms,25,3.505389
latency,thurbox,idle,3,False,0.48,0.48,echo_ms,26,3.521093
latency,thurbox,idle,3,False,0.48,0.48,echo_ms,27,4.762097
latency,thurbox,idle,3,False,0.48,0.48,echo_ms,28,4.724921
latency,thurbox,idle,3,False,0.48,0.48,echo_ms,29,4.617225
latency,thurbox,idle,3,False,0.48,0.48,echo_ms,30,3.469624
latency,thurbox,idle,3,False,0.48,0.48,echo_ms,31,3.306761
latency,thurbox,idle,3,False,0.48,0.48,echo_ms,32,3.525571
latency,thurbox,idle,3,False,0.48,0.48,echo_ms,33,4.772759
latency,thurbox,idle,3,False,0.48,0.48,echo_ms,34,3.252936
latency,thurbox,idle,3,False,0.48,0.48,echo_ms,35,4.270843
latency,thurbox,idle,3,False,0.48,0.48,echo_ms,36,3.442794
latency,thurbox,idle,3,False,0.48,0.48,echo_ms,37,3.501111
latency,thurbox,idle,3,False,0.48,0.48,echo_ms,38,3.531132
latency,thurbox,idle,3,False,0.48,0.48,echo_ms,39,3.235104
latency,thurbox,idle,3,False,0.48,0.48,echo_ms,40,4.768337
latency,thurbox,idle,3,False,0.48,0.48,echo_ms,41,3.182538
latency,thurbox,idle,3,False,0.48,0.48,echo_ms,42,3.503855
latency,thurbox,idle,3,False,0.48,0.48,echo_ms,43,4.570504
latency,thurbox,idle,3,False,0.48,0.48,echo_ms,44,3.54523
latency,thurbox,idle,3,False,0.48,0.48,echo_ms,45,3.492488
latency,thurbox,idle,3,False,0.48,0.48,echo_ms,46,4.776616
latency,thurbox,idle,3,False,0.48,0.48,echo_ms,47,4.779279
latency,thurbox,idle,3,False,0.48,0.48,echo_ms,48,4.221801
latency,thurbox,idle,3,False,0.48,0.48,echo_ms,49,4.78497
latency,thurbox,idle,3,False,0.48,0.48,echo_ms,50,5.163387
latency,thurbox,idle,3,False,0.48,0.48,echo_ms,51,4.786396
latency,thurbox,idle,3,False,0.48,0.48,echo_ms,52,4.57434
latency,thurbox,idle,3,False,0.48,0.48,echo_ms,53,4.175551
latency,thurbox,idle,3,False,0.48,0.48,echo_ms,54,4.75222
latency,thurbox,idle,3,False,0.48,0.48,echo_ms,55,2.083415
latency,thurbox,idle,3,False,0.48,0.48,echo_ms,56,1.890586
latency,thurbox,idle,3,False,0.48,0.48,echo_ms,57,5.097943
latency,thurbox,idle,3,False,0.48,0.48,echo_ms,58,4.124519
latency,thurbox,idle,3,False,0.48,0.48,echo_ms,59,4.720089
latency,thurbox,idle,3,False,0.48,0.48,echo_ms,60,3.337757
latency,thurbox,idle,3,False,0.48,0.48,echo_ms,61,6.760087
latency,thurbox,idle,3,False,0.48,0.48,echo_ms,62,5.534524
latency,thurbox,idle,3,False,0.48,0.48,echo_ms,63,5.076099
latency,thurbox,idle,3,False,0.48,0.48,echo_ms,64,3.600872
latency,thurbox,idle,3,False,0.48,0.48,echo_ms,65,4.700543
latency,thurbox,idle,3,False,0.48,0.48,echo_ms,66,5.086652
latency,thurbox,idle,3,False,0.48,0.48,echo_ms,67,3.240983
latency,thurbox,idle,3,False,0.48,0.48,echo_ms,68,3.53629
latency,thurbox,idle,3,False,0.48,0.48,echo_ms,69,5.078093
latency,thurbox,idle,3,False,0.48,0.48,echo_ms,70,3.492509
latency,thurbox,idle,3,False,0.48,0.48,echo_ms,71,3.561741
latency,thurbox,idle,3,False,0.48,0.48,echo_ms,72,4.130377
latency,thurbox,idle,3,False,0.48,0.48,echo_ms,73,4.724345
latency,thurbox,idle,3,False,0.48,0.48,echo_ms,74,4.730701
latency,thurbox,idle,3,False,0.48,0.48,echo_ms,75,1.641482
latency,thurbox,idle,3,False,0.48,0.48,echo_ms,76,3.21019
latency,thurbox,idle,3,False,0.48,0.48,echo_ms,77,3.515346
latency,thurbox,idle,3,False,0.48,0.48,echo_ms,78,3.521039
latency,thurbox,idle,3,False,0.48,0.48,echo_ms,79,3.557949
latency,thurbox,idle,3,False,0.48,0.48,echo_ms,80,3.281988
latency,thurbox,idle,3,False,0.48,0.48,echo_ms,81,4.533106
latency,thurbox,idle,3,False,0.48,0.48,echo_ms,82,4.781957
latency,thurbox,idle,3,False,0.48,0.48,echo_ms,83,5.378655
latency,thurbox,idle,3,False,0.48,0.48,echo_ms,84,2.261813
latency,thurbox,idle,3,False,0.48,0.48,echo_ms,85,4.76169
latency,thurbox,idle,3,False,0.48,0.48,echo_ms,86,4.746199
latency,thurbox,idle,3,False,0.48,0.48,echo_ms,87,4.141658
latency,thurbox,idle,3,False,0.48,0.48,echo_ms,88,7.164804
latency,thurbox,idle,3,False,0.48,0.48,echo_ms,89,3.447316
latency,thurbox,idle,3,False,0.48,0.48,echo_ms,90,4.768648
latency,thurbox,idle,3,False,0.48,0.48,echo_ms,91,4.759984
latency,thurbox,idle,3,False,0.48,0.48,echo_ms,92,4.757849
latency,thurbox,idle,3,False,0.48,0.48,echo_ms,93,3.483006
latency,thurbox,idle,3,False,0.48,0.48,echo_ms,94,3.544178
latency,thurbox,idle,3,False,0.48,0.48,echo_ms,95,4.178372
latency,thurbox,idle,3,False,0.48,0.48,echo_ms,96,4.640761
latency,thurbox,idle,3,False,0.48,0.48,echo_ms,97,4.714824
latency,thurbox,idle,3,False,0.48,0.48,echo_ms,98,7.176734
latency,thurbox,idle,3,False,0.48,0.48,echo_ms,99,3.273008
latency,thurbox,idle,3,False,0.48,0.48,timeouts,,0
latency,herdr,idle,4,False,0.48,0.41,echo_ms,0,2.315971
latency,herdr,idle,4,False,0.48,0.41,echo_ms,1,2.197234
latency,herdr,idle,4,False,0.48,0.41,echo_ms,2,1.491563
latency,herdr,idle,4,False,0.48,0.41,echo_ms,3,2.202039
latency,herdr,idle,4,False,0.48,0.41,echo_ms,4,2.169111
latency,herdr,idle,4,False,0.48,0.41,echo_ms,5,2.146463
latency,herdr,idle,4,False,0.48,0.41,echo_ms,6,2.230469
latency,herdr,idle,4,False,0.48,0.41,echo_ms,7,2.269827
latency,herdr,idle,4,False,0.48,0.41,echo_ms,8,1.319245
latency,herdr,idle,4,False,0.48,0.41,echo_ms,9,2.013743
latency,herdr,idle,4,False,0.48,0.41,echo_ms,10,2.280836
latency,herdr,idle,4,False,0.48,0.41,echo_ms,11,2.151913
latency,herdr,idle,4,False,0.48,0.41,echo_ms,12,2.29742
latency,herdr,idle,4,False,0.48,0.41,echo_ms,13,2.122545
latency,herdr,idle,4,False,0.48,0.41,echo_ms,14,2.359767
latency,herdr,idle,4,False,0.48,0.41,echo_ms,15,2.279986
latency,herdr,idle,4,False,0.48,0.41,echo_ms,16,2.237692
latency,herdr,idle,4,False,0.48,0.41,echo_ms,17,2.320423
latency,herdr,idle,4,False,0.48,0.41,echo_ms,18,2.341869
latency,herdr,idle,4,False,0.48,0.41,echo_ms,19,2.137021
latency,herdr,idle,4,False,0.48,0.41,echo_ms,20,2.193623
latency,herdr,idle,4,False,0.48,0.41,echo_ms,21,2.142511
latency,herdr,idle,4,False,0.48,0.41,echo_ms,22,2.226286
latency,herdr,idle,4,False,0.48,0.41,echo_ms,23,2.148268
latency,herdr,idle,4,False,0.48,0.41,echo_ms,24,2.166012
latency,herdr,idle,4,False,0.48,0.41,echo_ms,25,1.921161
latency,herdr,idle,4,False,0.48,0.41,echo_ms,26,2.267382
latency,herdr,idle,4,False,0.48,0.41,echo_ms,27,2.397206
latency,herdr,idle,4,False,0.48,0.41,echo_ms,28,2.228915
latency,herdr,idle,4,False,0.48,0.41,echo_ms,29,2.223998
latency,herdr,idle,4,False,0.48,0.41,echo_ms,30,2.246897
latency,herdr,idle,4,False,0.48,0.41,echo_ms,31,2.138407
latency,herdr,idle,4,False,0.48,0.41,echo_ms,32,3.199893
latency,herdr,idle,4,False,0.48,0.41,echo_ms,33,2.238031
latency,herdr,idle,4,False,0.48,0.41,echo_ms,34,2.24098
latency,herdr,idle,4,False,0.48,0.41,echo_ms,35,2.24144
latency,herdr,idle,4,False,0.48,0.41,echo_ms,36,2.176512
latency,herdr,idle,4,False,0.48,0.41,echo_ms,37,2.272968
latency,herdr,idle,4,False,0.48,0.41,echo_ms,38,2.053996
latency,herdr,idle,4,False,0.48,0.41,echo_ms,39,2.229716
latency,herdr,idle,4,False,0.48,0.41,echo_ms,40,2.252346
latency,herdr,idle,4,False,0.48,0.41,echo_ms,41,2.24534
latency,herdr,idle,4,False,0.48,0.41,echo_ms,42,2.252563
latency,herdr,idle,4,False,0.48,0.41,echo_ms,43,2.259447
latency,herdr,idle,4,False,0.48,0.41,echo_ms,44,2.121859
latency,herdr,idle,4,False,0.48,0.41,echo_ms,45,2.271171
latency,herdr,idle,4,False,0.48,0.41,echo_ms,46,2.132203
latency,herdr,idle,4,False,0.48,0.41,echo_ms,47,2.261382
latency,herdr,idle,4,False,0.48,0.41,echo_ms,48,2.127483
latency,herdr,idle,4,False,0.48,0.41,echo_ms,49,2.346099
latency,herdr,idle,4,False,0.48,0.41,echo_ms,50,2.078156
latency,herdr,idle,4,False,0.48,0.41,echo_ms,51,2.244937
latency,herdr,idle,4,False,0.48,0.41,echo_ms,52,2.205627
latency,herdr,idle,4,False,0.48,0.41,echo_ms,53,2.327887
latency,herdr,idle,4,False,0.48,0.41,echo_ms,54,2.13987
latency,herdr,idle,4,False,0.48,0.41,echo_ms,55,2.325656
latency,herdr,idle,4,False,0.48,0.41,echo_ms,56,2.189283
latency,herdr,idle,4,False,0.48,0.41,echo_ms,57,2.274147
latency,herdr,idle,4,False,0.48,0.41,echo_ms,58,2.087876
latency,herdr,idle,4,False,0.48,0.41,echo_ms,59,2.310558
latency,herdr,idle,4,False,0.48,0.41,echo_ms,60,2.134399
latency,herdr,idle,4,False,0.48,0.41,echo_ms,61,2.260584
latency,herdr,idle,4,False,0.48,0.41,echo_ms,62,2.148938
latency,herdr,idle,4,False,0.48,0.41,echo_ms,63,2.146523
latency,herdr,idle,4,False,0.48,0.41,echo_ms,64,2.146616
latency,herdr,idle,4,False,0.48,0.41,echo_ms,65,2.227542
latency,herdr,idle,4,False,0.48,0.41,echo_ms,66,2.307893
latency,herdr,idle,4,False,0.48,0.41,echo_ms,67,2.118952
latency,herdr,idle,4,False,0.48,0.41,echo_ms,68,2.159246
latency,herdr,idle,4,False,0.48,0.41,echo_ms,69,2.169028
latency,herdr,idle,4,False,0.48,0.41,echo_ms,70,2.299471
latency,herdr,idle,4,False,0.48,0.41,echo_ms,71,1.981542
latency,herdr,idle,4,False,0.48,0.41,echo_ms,72,2.298476
latency,herdr,idle,4,False,0.48,0.41,echo_ms,73,2.042593
latency,herdr,idle,4,False,0.48,0.41,echo_ms,74,2.322579
latency,herdr,idle,4,False,0.48,0.41,echo_ms,75,3.937025
latency,herdr,idle,4,False,0.48,0.41,echo_ms,76,2.216426
latency,herdr,idle,4,False,0.48,0.41,echo_ms,77,2.270658
latency,herdr,idle,4,False,0.48,0.41,echo_ms,78,2.289986
latency,herdr,idle,4,False,0.48,0.41,echo_ms,79,2.365849
latency,herdr,idle,4,False,0.48,0.41,echo_ms,80,2.227116
latency,herdr,idle,4,False,0.48,0.41,echo_ms,81,2.023257
latency,herdr,idle,4,False,0.48,0.41,echo_ms,82,2.1455
latency,herdr,idle,4,False,0.48,0.41,echo_ms,83,2.108102
latency,herdr,idle,4,False,0.48,0.41,echo_ms,84,2.076646
latency,herdr,idle,4,False,0.48,0.41,echo_ms,85,2.293815
latency,herdr,idle,4,False,0.48,0.41,echo_ms,86,2.30288
latency,herdr,idle,4,False,0.48,0.41,echo_ms,87,2.195788
latency,herdr,idle,4,False,0.48,0.41,echo_ms,88,2.266623
latency,herdr,idle,4,False,0.48,0.41,echo_ms,89,2.275506
latency,herdr,idle,4,False,0.48,0.41,echo_ms,90,2.257268
latency,herdr,idle,4,False,0.48,0.41,echo_ms,91,2.355843
latency,herdr,idle,4,False,0.48,0.41,echo_ms,92,2.346404
latency,herdr,idle,4,False,0.48,0.41,echo_ms,93,2.116795
latency,herdr,idle,4,False,0.48,0.41,echo_ms,94,2.260286
latency,herdr,idle,4,False,0.48,0.41,echo_ms,95,2.135242
latency,herdr,idle,4,False,0.48,0.41,echo_ms,96,2.35821
latency,herdr,idle,4,False,0.48,0.41,echo_ms,97,2.11443
latency,herdr,idle,4,False,0.48,0.41,echo_ms,98,1.978921
latency,herdr,idle,4,False,0.48,0.41,echo_ms,99,2.041811
latency,herdr,idle,4,False,0.48,0.41,timeouts,,0
latency,thurbox,idle,4,False,0.41,0.43,echo_ms,0,5.107174
latency,thurbox,idle,4,False,0.41,0.43,echo_ms,1,4.753365
latency,thurbox,idle,4,False,0.41,0.43,echo_ms,2,3.455107
latency,thurbox,idle,4,False,0.41,0.43,echo_ms,3,5.171508
latency,thurbox,idle,4,False,0.41,0.43,echo_ms,4,4.748575
latency,thurbox,idle,4,False,0.41,0.43,echo_ms,5,4.155542
latency,thurbox,idle,4,False,0.41,0.43,echo_ms,6,5.139782
latency,thurbox,idle,4,False,0.41,0.43,echo_ms,7,4.774065
latency,thurbox,idle,4,False,0.41,0.43,echo_ms,8,4.656767
latency,thurbox,idle,4,False,0.41,0.43,echo_ms,9,4.740203
latency,thurbox,idle,4,False,0.41,0.43,echo_ms,10,4.794935
latency,thurbox,idle,4,False,0.41,0.43,echo_ms,11,1.711322
latency,thurbox,idle,4,False,0.41,0.43,echo_ms,12,3.495003
latency,thurbox,idle,4,False,0.41,0.43,echo_ms,13,4.590826
latency,thurbox,idle,4,False,0.41,0.43,echo_ms,14,4.73837
latency,thurbox,idle,4,False,0.41,0.43,echo_ms,15,3.146229
latency,thurbox,idle,4,False,0.41,0.43,echo_ms,16,3.509889
latency,thurbox,idle,4,False,0.41,0.43,echo_ms,17,5.433738
latency,thurbox,idle,4,False,0.41,0.43,echo_ms,18,3.459067
latency,thurbox,idle,4,False,0.41,0.43,echo_ms,19,4.825924
latency,thurbox,idle,4,False,0.41,0.43,echo_ms,20,3.469173
latency,thurbox,idle,4,False,0.41,0.43,echo_ms,21,3.42593
latency,thurbox,idle,4,False,0.41,0.43,echo_ms,22,3.490756
latency,thurbox,idle,4,False,0.41,0.43,echo_ms,23,4.766729
latency,thurbox,idle,4,False,0.41,0.43,echo_ms,24,4.195065
latency,thurbox,idle,4,False,0.41,0.43,echo_ms,25,1.736598
latency,thurbox,idle,4,False,0.41,0.43,echo_ms,26,3.546481
latency,thurbox,idle,4,False,0.41,0.43,echo_ms,27,4.740054
latency,thurbox,idle,4,False,0.41,0.43,echo_ms,28,4.787878
latency,thurbox,idle,4,False,0.41,0.43,echo_ms,29,4.810242
latency,thurbox,idle,4,False,0.41,0.43,echo_ms,30,4.563339
latency,thurbox,idle,4,False,0.41,0.43,echo_ms,31,4.745464
latency,thurbox,idle,4,False,0.41,0.43,echo_ms,32,4.812019
latency,thurbox,idle,4,False,0.41,0.43,echo_ms,33,4.786794
latency,thurbox,idle,4,False,0.41,0.43,echo_ms,34,5.141629
latency,thurbox,idle,4,False,0.41,0.43,echo_ms,35,4.754929
latency,thurbox,idle,4,False,0.41,0.43,echo_ms,36,4.770036
latency,thurbox,idle,4,False,0.41,0.43,echo_ms,37,3.421334
latency,thurbox,idle,4,False,0.41,0.43,echo_ms,38,3.460425
latency,thurbox,idle,4,False,0.41,0.43,echo_ms,39,3.537556
latency,thurbox,idle,4,False,0.41,0.43,echo_ms,40,4.222253
latency,thurbox,idle,4,False,0.41,0.43,echo_ms,41,5.120542
latency,thurbox,idle,4,False,0.41,0.43,echo_ms,42,4.752947
latency,thurbox,idle,4,False,0.41,0.43,echo_ms,43,3.481949
latency,thurbox,idle,4,False,0.41,0.43,echo_ms,44,3.533987
latency,thurbox,idle,4,False,0.41,0.43,echo_ms,45,4.826756
latency,thurbox,idle,4,False,0.41,0.43,echo_ms,46,4.789233
latency,thurbox,idle,4,False,0.41,0.43,echo_ms,47,4.786195
latency,thurbox,idle,4,False,0.41,0.43,echo_ms,48,3.267384
latency,thurbox,idle,4,False,0.41,0.43,echo_ms,49,2.081249
latency,thurbox,idle,4,False,0.41,0.43,echo_ms,50,4.230489
latency,thurbox,idle,4,False,0.41,0.43,echo_ms,51,3.294849
latency,thurbox,idle,4,False,0.41,0.43,echo_ms,52,3.565777
latency,thurbox,idle,4,False,0.41,0.43,echo_ms,53,9.102615
latency,thurbox,idle,4,False,0.41,0.43,echo_ms,54,4.751929
latency,thurbox,idle,4,False,0.41,0.43,echo_ms,55,4.75069
latency,thurbox,idle,4,False,0.41,0.43,echo_ms,56,5.026251
latency,thurbox,idle,4,False,0.41,0.43,echo_ms,57,4.709606
latency,thurbox,idle,4,False,0.41,0.43,echo_ms,58,4.135021
latency,thurbox,idle,4,False,0.41,0.43,echo_ms,59,4.7434
latency,thurbox,idle,4,False,0.41,0.43,echo_ms,60,3.468842
latency,thurbox,idle,4,False,0.41,0.43,echo_ms,61,3.556096
latency,thurbox,idle,4,False,0.41,0.43,echo_ms,62,4.940431
latency,thurbox,idle,4,False,0.41,0.43,echo_ms,63,4.124532
latency,thurbox,idle,4,False,0.41,0.43,echo_ms,64,4.73973
latency,thurbox,idle,4,False,0.41,0.43,echo_ms,65,4.708845
latency,thurbox,idle,4,False,0.41,0.43,echo_ms,66,4.236493
latency,thurbox,idle,4,False,0.41,0.43,echo_ms,67,4.858283
latency,thurbox,idle,4,False,0.41,0.43,echo_ms,68,4.793974
latency,thurbox,idle,4,False,0.41,0.43,echo_ms,69,4.725348
latency,thurbox,idle,4,False,0.41,0.43,echo_ms,70,4.14086
latency,thurbox,idle,4,False,0.41,0.43,echo_ms,71,4.815301
latency,thurbox,idle,4,False,0.41,0.43,echo_ms,72,3.538273
latency,thurbox,idle,4,False,0.41,0.43,echo_ms,73,3.516397
latency,thurbox,idle,4,False,0.41,0.43,echo_ms,74,4.72311
latency,thurbox,idle,4,False,0.41,0.43,echo_ms,75,3.357881
latency,thurbox,idle,4,False,0.41,0.43,echo_ms,76,5.806084
latency,thurbox,idle,4,False,0.41,0.43,echo_ms,77,3.43557
latency,thurbox,idle,4,False,0.41,0.43,echo_ms,78,6.986602
latency,thurbox,idle,4,False,0.41,0.43,echo_ms,79,4.719973
latency,thurbox,idle,4,False,0.41,0.43,echo_ms,80,6.517838
latency,thurbox,idle,4,False,0.41,0.43,echo_ms,81,3.604045
latency,thurbox,idle,4,False,0.41,0.43,echo_ms,82,3.628705
latency,thurbox,idle,4,False,0.41,0.43,echo_ms,83,4.746772
latency,thurbox,idle,4,False,0.41,0.43,echo_ms,84,4.975967
latency,thurbox,idle,4,False,0.41,0.43,echo_ms,85,4.21542
latency,thurbox,idle,4,False,0.41,0.43,echo_ms,86,3.489763
latency,thurbox,idle,4,False,0.41,0.43,echo_ms,87,1.697117
latency,thurbox,idle,4,False,0.41,0.43,echo_ms,88,3.643888
latency,thurbox,idle,4,False,0.41,0.43,echo_ms,89,3.854526
latency,thurbox,idle,4,False,0.41,0.43,echo_ms,90,3.517725
latency,thurbox,idle,4,False,0.41,0.43,echo_ms,91,3.556208
latency,thurbox,idle,4,False,0.41,0.43,echo_ms,92,3.537696
latency,thurbox,idle,4,False,0.41,0.43,echo_ms,93,4.721351
latency,thurbox,idle,4,False,0.41,0.43,echo_ms,94,3.727704
latency,thurbox,idle,4,False,0.41,0.43,echo_ms,95,3.600824
latency,thurbox,idle,4,False,0.41,0.43,echo_ms,96,4.731361
latency,thurbox,idle,4,False,0.41,0.43,echo_ms,97,4.788673
latency,thurbox,idle,4,False,0.41,0.43,echo_ms,98,4.737294
latency,thurbox,idle,4,False,0.41,0.43,echo_ms,99,4.503399
latency,thurbox,idle,4,False,0.41,0.43,timeouts,,0
latency,herdr,idle,5,False,0.43,0.43,echo_ms,0,1.715278
latency,herdr,idle,5,False,0.43,0.43,echo_ms,1,2.228569
latency,herdr,idle,5,False,0.43,0.43,echo_ms,2,2.260809
latency,herdr,idle,5,False,0.43,0.43,echo_ms,3,1.693997
latency,herdr,idle,5,False,0.43,0.43,echo_ms,4,2.344251
latency,herdr,idle,5,False,0.43,0.43,echo_ms,5,2.11235
latency,herdr,idle,5,False,0.43,0.43,echo_ms,6,1.98267
latency,herdr,idle,5,False,0.43,0.43,echo_ms,7,2.111689
latency,herdr,idle,5,False,0.43,0.43,echo_ms,8,2.253001
latency,herdr,idle,5,False,0.43,0.43,echo_ms,9,2.227568
latency,herdr,idle,5,False,0.43,0.43,echo_ms,10,2.269681
latency,herdr,idle,5,False,0.43,0.43,echo_ms,11,2.27812
latency,herdr,idle,5,False,0.43,0.43,echo_ms,12,2.15624
latency,herdr,idle,5,False,0.43,0.43,echo_ms,13,2.271774
latency,herdr,idle,5,False,0.43,0.43,echo_ms,14,2.187634
latency,herdr,idle,5,False,0.43,0.43,echo_ms,15,2.223943
latency,herdr,idle,5,False,0.43,0.43,echo_ms,16,2.108037
latency,herdr,idle,5,False,0.43,0.43,echo_ms,17,2.314828
latency,herdr,idle,5,False,0.43,0.43,echo_ms,18,2.177681
latency,herdr,idle,5,False,0.43,0.43,echo_ms,19,0.814341
latency,herdr,idle,5,False,0.43,0.43,echo_ms,20,2.104308
latency,herdr,idle,5,False,0.43,0.43,echo_ms,21,2.210969
latency,herdr,idle,5,False,0.43,0.43,echo_ms,22,1.977613
latency,herdr,idle,5,False,0.43,0.43,echo_ms,23,1.998855
latency,herdr,idle,5,False,0.43,0.43,echo_ms,24,1.961888
latency,herdr,idle,5,False,0.43,0.43,echo_ms,25,2.134251
latency,herdr,idle,5,False,0.43,0.43,echo_ms,26,2.240126
latency,herdr,idle,5,False,0.43,0.43,echo_ms,27,2.110327
latency,herdr,idle,5,False,0.43,0.43,echo_ms,28,2.240195
latency,herdr,idle,5,False,0.43,0.43,echo_ms,29,2.291897
latency,herdr,idle,5,False,0.43,0.43,echo_ms,30,2.17933
latency,herdr,idle,5,False,0.43,0.43,echo_ms,31,2.238504
latency,herdr,idle,5,False,0.43,0.43,echo_ms,32,2.150581
latency,herdr,idle,5,False,0.43,0.43,echo_ms,33,1.403834
latency,herdr,idle,5,False,0.43,0.43,echo_ms,34,2.210379
latency,herdr,idle,5,False,0.43,0.43,echo_ms,35,2.06694
latency,herdr,idle,5,False,0.43,0.43,echo_ms,36,2.274182
latency,herdr,idle,5,False,0.43,0.43,echo_ms,37,2.134639
latency,herdr,idle,5,False,0.43,0.43,echo_ms,38,2.10229
latency,herdr,idle,5,False,0.43,0.43,echo_ms,39,1.966409
latency,herdr,idle,5,False,0.43,0.43,echo_ms,40,2.083961
latency,herdr,idle,5,False,0.43,0.43,echo_ms,41,2.087753
latency,herdr,idle,5,False,0.43,0.43,echo_ms,42,2.077289
latency,herdr,idle,5,False,0.43,0.43,echo_ms,43,2.160514
latency,herdr,idle,5,False,0.43,0.43,echo_ms,44,2.174073
latency,herdr,idle,5,False,0.43,0.43,echo_ms,45,2.199
latency,herdr,idle,5,False,0.43,0.43,echo_ms,46,1.630831
latency,herdr,idle,5,False,0.43,0.43,echo_ms,47,2.123923
latency,herdr,idle,5,False,0.43,0.43,echo_ms,48,2.058628
latency,herdr,idle,5,False,0.43,0.43,echo_ms,49,2.094022
latency,herdr,idle,5,False,0.43,0.43,echo_ms,50,2.123088
latency,herdr,idle,5,False,0.43,0.43,echo_ms,51,2.177272
latency,herdr,idle,5,False,0.43,0.43,echo_ms,52,2.212117
latency,herdr,idle,5,False,0.43,0.43,echo_ms,53,2.146939
latency,herdr,idle,5,False,0.43,0.43,echo_ms,54,2.087445
latency,herdr,idle,5,False,0.43,0.43,echo_ms,55,2.080597
latency,herdr,idle,5,False,0.43,0.43,echo_ms,56,2.086623
latency,herdr,idle,5,False,0.43,0.43,echo_ms,57,2.048445
latency,herdr,idle,5,False,0.43,0.43,echo_ms,58,1.930476
latency,herdr,idle,5,False,0.43,0.43,echo_ms,59,2.048978
latency,herdr,idle,5,False,0.43,0.43,echo_ms,60,2.05985
latency,herdr,idle,5,False,0.43,0.43,echo_ms,61,2.233586
latency,herdr,idle,5,False,0.43,0.43,echo_ms,62,2.153172
latency,herdr,idle,5,False,0.43,0.43,echo_ms,63,2.034439
latency,herdr,idle,5,False,0.43,0.43,echo_ms,64,1.948666
latency,herdr,idle,5,False,0.43,0.43,echo_ms,65,2.09754
latency,herdr,idle,5,False,0.43,0.43,echo_ms,66,2.0142
latency,herdr,idle,5,False,0.43,0.43,echo_ms,67,1.99889
latency,herdr,idle,5,False,0.43,0.43,echo_ms,68,2.138134
latency,herdr,idle,5,False,0.43,0.43,echo_ms,69,1.921465
latency,herdr,idle,5,False,0.43,0.43,echo_ms,70,2.078171
latency,herdr,idle,5,False,0.43,0.43,echo_ms,71,2.096692
latency,herdr,idle,5,False,0.43,0.43,echo_ms,72,2.053277
latency,herdr,idle,5,False,0.43,0.43,echo_ms,73,2.180561
latency,herdr,idle,5,False,0.43,0.43,echo_ms,74,2.165175
latency,herdr,idle,5,False,0.43,0.43,echo_ms,75,2.081008
latency,herdr,idle,5,False,0.43,0.43,echo_ms,76,2.008337
latency,herdr,idle,5,False,0.43,0.43,echo_ms,77,2.13105
latency,herdr,idle,5,False,0.43,0.43,echo_ms,78,2.040265
latency,herdr,idle,5,False,0.43,0.43,echo_ms,79,2.059649
latency,herdr,idle,5,False,0.43,0.43,echo_ms,80,2.014443
latency,herdr,idle,5,False,0.43,0.43,echo_ms,81,1.960799
latency,herdr,idle,5,False,0.43,0.43,echo_ms,82,2.084027
latency,herdr,idle,5,False,0.43,0.43,echo_ms,83,1.363009
latency,herdr,idle,5,False,0.43,0.43,echo_ms,84,2.178262
latency,herdr,idle,5,False,0.43,0.43,echo_ms,85,2.168058
latency,herdr,idle,5,False,0.43,0.43,echo_ms,86,2.093063
latency,herdr,idle,5,False,0.43,0.43,echo_ms,87,2.124377
latency,herdr,idle,5,False,0.43,0.43,echo_ms,88,2.018593
latency,herdr,idle,5,False,0.43,0.43,echo_ms,89,1.966911
latency,herdr,idle,5,False,0.43,0.43,echo_ms,90,2.105257
latency,herdr,idle,5,False,0.43,0.43,echo_ms,91,2.094104
latency,herdr,idle,5,False,0.43,0.43,echo_ms,92,2.072726
latency,herdr,idle,5,False,0.43,0.43,echo_ms,93,2.006179
latency,herdr,idle,5,False,0.43,0.43,echo_ms,94,2.194296
latency,herdr,idle,5,False,0.43,0.43,echo_ms,95,2.059575
latency,herdr,idle,5,False,0.43,0.43,echo_ms,96,2.169625
latency,herdr,idle,5,False,0.43,0.43,echo_ms,97,2.049939
latency,herdr,idle,5,False,0.43,0.43,echo_ms,98,2.133479
latency,herdr,idle,5,False,0.43,0.43,echo_ms,99,2.123892
latency,herdr,idle,5,False,0.43,0.43,timeouts,,0
latency,thurbox,idle,5,False,0.43,0.44,echo_ms,0,3.367622
latency,thurbox,idle,5,False,0.43,0.44,echo_ms,1,4.736198
latency,thurbox,idle,5,False,0.43,0.44,echo_ms,2,3.420249
latency,thurbox,idle,5,False,0.43,0.44,echo_ms,3,5.169957
latency,thurbox,idle,5,False,0.43,0.44,echo_ms,4,4.776341
latency,thurbox,idle,5,False,0.43,0.44,echo_ms,5,4.773606
latency,thurbox,idle,5,False,0.43,0.44,echo_ms,6,4.780591
latency,thurbox,idle,5,False,0.43,0.44,echo_ms,7,3.238715
latency,thurbox,idle,5,False,0.43,0.44,echo_ms,8,3.350252
latency,thurbox,idle,5,False,0.43,0.44,echo_ms,9,4.784794
latency,thurbox,idle,5,False,0.43,0.44,echo_ms,10,4.438751
latency,thurbox,idle,5,False,0.43,0.44,echo_ms,11,3.429617
latency,thurbox,idle,5,False,0.43,0.44,echo_ms,12,4.775609
latency,thurbox,idle,5,False,0.43,0.44,echo_ms,13,3.765313
latency,thurbox,idle,5,False,0.43,0.44,echo_ms,14,4.72292
latency,thurbox,idle,5,False,0.43,0.44,echo_ms,15,4.769831
latency,thurbox,idle,5,False,0.43,0.44,echo_ms,16,4.308573
latency,thurbox,idle,5,False,0.43,0.44,echo_ms,17,4.740699
latency,thurbox,idle,5,False,0.43,0.44,echo_ms,18,3.328367
latency,thurbox,idle,5,False,0.43,0.44,echo_ms,19,4.198374
latency,thurbox,idle,5,False,0.43,0.44,echo_ms,20,4.751979
latency,thurbox,idle,5,False,0.43,0.44,echo_ms,21,3.405348
latency,thurbox,idle,5,False,0.43,0.44,echo_ms,22,1.494598
latency,thurbox,idle,5,False,0.43,0.44,echo_ms,23,5.144206
latency,thurbox,idle,5,False,0.43,0.44,echo_ms,24,3.424219
latency,thurbox,idle,5,False,0.43,0.44,echo_ms,25,2.238916
latency,thurbox,idle,5,False,0.43,0.44,echo_ms,26,3.347983
latency,thurbox,idle,5,False,0.43,0.44,echo_ms,27,4.625589
latency,thurbox,idle,5,False,0.43,0.44,echo_ms,28,4.184169
latency,thurbox,idle,5,False,0.43,0.44,echo_ms,29,4.747183
latency,thurbox,idle,5,False,0.43,0.44,echo_ms,30,3.3255
latency,thurbox,idle,5,False,0.43,0.44,echo_ms,31,4.762522
latency,thurbox,idle,5,False,0.43,0.44,echo_ms,32,4.637656
latency,thurbox,idle,5,False,0.43,0.44,echo_ms,33,5.736356
latency,thurbox,idle,5,False,0.43,0.44,echo_ms,34,3.292043
latency,thurbox,idle,5,False,0.43,0.44,echo_ms,35,3.41121
latency,thurbox,idle,5,False,0.43,0.44,echo_ms,36,4.791953
latency,thurbox,idle,5,False,0.43,0.44,echo_ms,37,3.358259
latency,thurbox,idle,5,False,0.43,0.44,echo_ms,38,3.264505
latency,thurbox,idle,5,False,0.43,0.44,echo_ms,39,3.351815
latency,thurbox,idle,5,False,0.43,0.44,echo_ms,40,3.413026
latency,thurbox,idle,5,False,0.43,0.44,echo_ms,41,3.49777
latency,thurbox,idle,5,False,0.43,0.44,echo_ms,42,3.395632
latency,thurbox,idle,5,False,0.43,0.44,echo_ms,43,4.780796
latency,thurbox,idle,5,False,0.43,0.44,echo_ms,44,3.342852
latency,thurbox,idle,5,False,0.43,0.44,echo_ms,45,4.779198
latency,thurbox,idle,5,False,0.43,0.44,echo_ms,46,3.888746
latency,thurbox,idle,5,False,0.43,0.44,echo_ms,47,3.243411
latency,thurbox,idle,5,False,0.43,0.44,echo_ms,48,3.425921
latency,thurbox,idle,5,False,0.43,0.44,echo_ms,49,3.37111
latency,thurbox,idle,5,False,0.43,0.44,echo_ms,50,3.352645
latency,thurbox,idle,5,False,0.43,0.44,echo_ms,51,4.702233
latency,thurbox,idle,5,False,0.43,0.44,echo_ms,52,5.071566
latency,thurbox,idle,5,False,0.43,0.44,echo_ms,53,3.132237
latency,thurbox,idle,5,False,0.43,0.44,echo_ms,54,1.668528
latency,thurbox,idle,5,False,0.43,0.44,echo_ms,55,4.334655
latency,thurbox,idle,5,False,0.43,0.44,echo_ms,56,4.730829
latency,thurbox,idle,5,False,0.43,0.44,echo_ms,57,4.724093
latency,thurbox,idle,5,False,0.43,0.44,echo_ms,58,5.062271
latency,thurbox,idle,5,False,0.43,0.44,echo_ms,59,4.70091
latency,thurbox,idle,5,False,0.43,0.44,echo_ms,60,3.387698
latency,thurbox,idle,5,False,0.43,0.44,echo_ms,61,5.176284
latency,thurbox,idle,5,False,0.43,0.44,echo_ms,62,3.40968
latency,thurbox,idle,5,False,0.43,0.44,echo_ms,63,3.326257
latency,thurbox,idle,5,False,0.43,0.44,echo_ms,64,3.345947
latency,thurbox,idle,5,False,0.43,0.44,echo_ms,65,3.31235
latency,thurbox,idle,5,False,0.43,0.44,echo_ms,66,4.175506
latency,thurbox,idle,5,False,0.43,0.44,echo_ms,67,4.690554
latency,thurbox,idle,5,False,0.43,0.44,echo_ms,68,4.710978
latency,thurbox,idle,5,False,0.43,0.44,echo_ms,69,5.144988
latency,thurbox,idle,5,False,0.43,0.44,echo_ms,70,3.343346
latency,thurbox,idle,5,False,0.43,0.44,echo_ms,71,3.683965
latency,thurbox,idle,5,False,0.43,0.44,echo_ms,72,4.664531
latency,thurbox,idle,5,False,0.43,0.44,echo_ms,73,4.70917
latency,thurbox,idle,5,False,0.43,0.44,echo_ms,74,3.348936
latency,thurbox,idle,5,False,0.43,0.44,echo_ms,75,4.718835
latency,thurbox,idle,5,False,0.43,0.44,echo_ms,76,4.723613
latency,thurbox,idle,5,False,0.43,0.44,echo_ms,77,3.436755
latency,thurbox,idle,5,False,0.43,0.44,echo_ms,78,3.823316
latency,thurbox,idle,5,False,0.43,0.44,echo_ms,79,5.056947
latency,thurbox,idle,5,False,0.43,0.44,echo_ms,80,4.142291
latency,thurbox,idle,5,False,0.43,0.44,echo_ms,81,4.717613
latency,thurbox,idle,5,False,0.43,0.44,echo_ms,82,4.165591
latency,thurbox,idle,5,False,0.43,0.44,echo_ms,83,4.718781
latency,thurbox,idle,5,False,0.43,0.44,echo_ms,84,4.709372
latency,thurbox,idle,5,False,0.43,0.44,echo_ms,85,1.639106
latency,thurbox,idle,5,False,0.43,0.44,echo_ms,86,4.658551
latency,thurbox,idle,5,False,0.43,0.44,echo_ms,87,4.140341
latency,thurbox,idle,5,False,0.43,0.44,echo_ms,88,4.738172
latency,thurbox,idle,5,False,0.43,0.44,echo_ms,89,4.886722
latency,thurbox,idle,5,False,0.43,0.44,echo_ms,90,5.081086
latency,thurbox,idle,5,False,0.43,0.44,echo_ms,91,4.65947
latency,thurbox,idle,5,False,0.43,0.44,echo_ms,92,3.369723
latency,thurbox,idle,5,False,0.43,0.44,echo_ms,93,3.756466
latency,thurbox,idle,5,False,0.43,0.44,echo_ms,94,3.359034
latency,thurbox,idle,5,False,0.43,0.44,echo_ms,95,3.221063
latency,thurbox,idle,5,False,0.43,0.44,echo_ms,96,4.741013
latency,thurbox,idle,5,False,0.43,0.44,echo_ms,97,4.125502
latency,thurbox,idle,5,False,0.43,0.44,echo_ms,98,4.149381
latency,thurbox,idle,5,False,0.43,0.44,echo_ms,99,4.706789
latency,thurbox,idle,5,False,0.43,0.44,timeouts,,0
latency,herdr,other-busy,0,True,0.44,0.67,echo_ms,0,0.451261
latency,herdr,other-busy,0,True,0.44,0.67,echo_ms,1,0.458397
latency,herdr,other-busy,0,True,0.44,0.67,echo_ms,2,0.455713
latency,herdr,other-busy,0,True,0.44,0.67,echo_ms,3,0.576596
latency,herdr,other-busy,0,True,0.44,0.67,echo_ms,4,0.416783
latency,herdr,other-busy,0,True,0.44,0.67,echo_ms,5,0.537465
latency,herdr,other-busy,0,True,0.44,0.67,echo_ms,6,0.441597
latency,herdr,other-busy,0,True,0.44,0.67,echo_ms,7,0.452978
latency,herdr,other-busy,0,True,0.44,0.67,echo_ms,8,0.432039
latency,herdr,other-busy,0,True,0.44,0.67,echo_ms,9,0.509552
latency,herdr,other-busy,0,True,0.44,0.67,echo_ms,10,0.429262
latency,herdr,other-busy,0,True,0.44,0.67,echo_ms,11,0.449347
latency,herdr,other-busy,0,True,0.44,0.67,echo_ms,12,0.437746
latency,herdr,other-busy,0,True,0.44,0.67,echo_ms,13,0.406438
latency,herdr,other-busy,0,True,0.44,0.67,echo_ms,14,0.438463
latency,herdr,other-busy,0,True,0.44,0.67,echo_ms,15,0.491154
latency,herdr,other-busy,0,True,0.44,0.67,echo_ms,16,0.491528
latency,herdr,other-busy,0,True,0.44,0.67,echo_ms,17,0.434579
latency,herdr,other-busy,0,True,0.44,0.67,echo_ms,18,0.418127
latency,herdr,other-busy,0,True,0.44,0.67,echo_ms,19,0.437618
latency,herdr,other-busy,0,True,0.44,0.67,echo_ms,20,0.471662
latency,herdr,other-busy,0,True,0.44,0.67,echo_ms,21,0.46003
latency,herdr,other-busy,0,True,0.44,0.67,echo_ms,22,0.552048
latency,herdr,other-busy,0,True,0.44,0.67,echo_ms,23,0.420147
latency,herdr,other-busy,0,True,0.44,0.67,echo_ms,24,0.467316
latency,herdr,other-busy,0,True,0.44,0.67,echo_ms,25,0.486809
latency,herdr,other-busy,0,True,0.44,0.67,echo_ms,26,0.535787
latency,herdr,other-busy,0,True,0.44,0.67,echo_ms,27,0.478478
latency,herdr,other-busy,0,True,0.44,0.67,echo_ms,28,0.501221
latency,herdr,other-busy,0,True,0.44,0.67,echo_ms,29,0.475632
latency,herdr,other-busy,0,True,0.44,0.67,echo_ms,30,0.447629
latency,herdr,other-busy,0,True,0.44,0.67,echo_ms,31,0.461187
latency,herdr,other-busy,0,True,0.44,0.67,echo_ms,32,0.764107
latency,herdr,other-busy,0,True,0.44,0.67,echo_ms,33,0.572848
latency,herdr,other-busy,0,True,0.44,0.67,echo_ms,34,0.447528
latency,herdr,other-busy,0,True,0.44,0.67,echo_ms,35,0.504651
latency,herdr,other-busy,0,True,0.44,0.67,echo_ms,36,0.440557
latency,herdr,other-busy,0,True,0.44,0.67,echo_ms,37,0.478801
latency,herdr,other-busy,0,True,0.44,0.67,echo_ms,38,0.417859
latency,herdr,other-busy,0,True,0.44,0.67,echo_ms,39,0.489931
latency,herdr,other-busy,0,True,0.44,0.67,echo_ms,40,0.4132
latency,herdr,other-busy,0,True,0.44,0.67,echo_ms,41,0.457852
latency,herdr,other-busy,0,True,0.44,0.67,echo_ms,42,0.435196
latency,herdr,other-busy,0,True,0.44,0.67,echo_ms,43,0.458915
latency,herdr,other-busy,0,True,0.44,0.67,echo_ms,44,0.469437
latency,herdr,other-busy,0,True,0.44,0.67,echo_ms,45,0.519029
latency,herdr,other-busy,0,True,0.44,0.67,echo_ms,46,0.411145
latency,herdr,other-busy,0,True,0.44,0.67,echo_ms,47,0.425748
latency,herdr,other-busy,0,True,0.44,0.67,echo_ms,48,0.476199
latency,herdr,other-busy,0,True,0.44,0.67,echo_ms,49,0.425668
latency,herdr,other-busy,0,True,0.44,0.67,echo_ms,50,0.448334
latency,herdr,other-busy,0,True,0.44,0.67,echo_ms,51,0.442421
latency,herdr,other-busy,0,True,0.44,0.67,echo_ms,52,0.483907
latency,herdr,other-busy,0,True,0.44,0.67,echo_ms,53,0.477179
latency,herdr,other-busy,0,True,0.44,0.67,echo_ms,54,0.454896
latency,herdr,other-busy,0,True,0.44,0.67,echo_ms,55,0.480981
latency,herdr,other-busy,0,True,0.44,0.67,echo_ms,56,0.453167
latency,herdr,other-busy,0,True,0.44,0.67,echo_ms,57,0.448834
latency,herdr,other-busy,0,True,0.44,0.67,echo_ms,58,0.431927
latency,herdr,other-busy,0,True,0.44,0.67,echo_ms,59,0.429589
latency,herdr,other-busy,0,True,0.44,0.67,echo_ms,60,0.436963
latency,herdr,other-busy,0,True,0.44,0.67,echo_ms,61,0.416906
latency,herdr,other-busy,0,True,0.44,0.67,echo_ms,62,0.410673
latency,herdr,other-busy,0,True,0.44,0.67,echo_ms,63,0.50897
latency,herdr,other-busy,0,True,0.44,0.67,echo_ms,64,0.433807
latency,herdr,other-busy,0,True,0.44,0.67,echo_ms,65,0.475114
latency,herdr,other-busy,0,True,0.44,0.67,echo_ms,66,0.452025
latency,herdr,other-busy,0,True,0.44,0.67,echo_ms,67,0.45413
latency,herdr,other-busy,0,True,0.44,0.67,echo_ms,68,0.450456
latency,herdr,other-busy,0,True,0.44,0.67,echo_ms,69,0.46111
latency,herdr,other-busy,0,True,0.44,0.67,echo_ms,70,0.478067
latency,herdr,other-busy,0,True,0.44,0.67,echo_ms,71,0.427778
latency,herdr,other-busy,0,True,0.44,0.67,echo_ms,72,0.435108
latency,herdr,other-busy,0,True,0.44,0.67,echo_ms,73,0.544875
latency,herdr,other-busy,0,True,0.44,0.67,echo_ms,74,0.461703
latency,herdr,other-busy,0,True,0.44,0.67,echo_ms,75,0.459942
latency,herdr,other-busy,0,True,0.44,0.67,echo_ms,76,0.448935
latency,herdr,other-busy,0,True,0.44,0.67,echo_ms,77,0.442744
latency,herdr,other-busy,0,True,0.44,0.67,echo_ms,78,0.470934
latency,herdr,other-busy,0,True,0.44,0.67,echo_ms,79,0.413932
latency,herdr,other-busy,0,True,0.44,0.67,echo_ms,80,0.439057
latency,herdr,other-busy,0,True,0.44,0.67,echo_ms,81,0.425185
latency,herdr,other-busy,0,True,0.44,0.67,echo_ms,82,0.443089
latency,herdr,other-busy,0,True,0.44,0.67,echo_ms,83,0.459904
latency,herdr,other-busy,0,True,0.44,0.67,echo_ms,84,1.132542
latency,herdr,other-busy,0,True,0.44,0.67,echo_ms,85,0.451931
latency,herdr,other-busy,0,True,0.44,0.67,echo_ms,86,0.471897
latency,herdr,other-busy,0,True,0.44,0.67,echo_ms,87,0.49828
latency,herdr,other-busy,0,True,0.44,0.67,echo_ms,88,0.433668
latency,herdr,other-busy,0,True,0.44,0.67,echo_ms,89,0.421991
latency,herdr,other-busy,0,True,0.44,0.67,echo_ms,90,0.496715
latency,herdr,other-busy,0,True,0.44,0.67,echo_ms,91,0.452561
latency,herdr,other-busy,0,True,0.44,0.67,echo_ms,92,0.432775
latency,herdr,other-busy,0,True,0.44,0.67,echo_ms,93,0.460735
latency,herdr,other-busy,0,True,0.44,0.67,echo_ms,94,0.487445
latency,herdr,other-busy,0,True,0.44,0.67,echo_ms,95,0.628494
latency,herdr,other-busy,0,True,0.44,0.67,echo_ms,96,0.520044
latency,herdr,other-busy,0,True,0.44,0.67,echo_ms,97,0.404281
latency,herdr,other-busy,0,True,0.44,0.67,echo_ms,98,0.498103
latency,herdr,other-busy,0,True,0.44,0.67,echo_ms,99,0.41447
latency,herdr,other-busy,0,True,0.44,0.67,timeouts,,0
latency,thurbox,other-busy,0,True,0.67,1.04,echo_ms,0,1.62819
latency,thurbox,other-busy,0,True,0.67,1.04,echo_ms,1,1.563632
latency,thurbox,other-busy,0,True,0.67,1.04,echo_ms,2,1.685103
latency,thurbox,other-busy,0,True,0.67,1.04,echo_ms,3,1.875424
latency,thurbox,other-busy,0,True,0.67,1.04,echo_ms,4,1.775354
latency,thurbox,other-busy,0,True,0.67,1.04,echo_ms,5,1.594794
latency,thurbox,other-busy,0,True,0.67,1.04,echo_ms,6,1.42363
latency,thurbox,other-busy,0,True,0.67,1.04,echo_ms,7,1.831673
latency,thurbox,other-busy,0,True,0.67,1.04,echo_ms,8,1.682675
latency,thurbox,other-busy,0,True,0.67,1.04,echo_ms,9,1.914796
latency,thurbox,other-busy,0,True,0.67,1.04,echo_ms,10,1.871403
latency,thurbox,other-busy,0,True,0.67,1.04,echo_ms,11,1.906493
latency,thurbox,other-busy,0,True,0.67,1.04,echo_ms,12,1.977366
latency,thurbox,other-busy,0,True,0.67,1.04,echo_ms,13,2.17422
latency,thurbox,other-busy,0,True,0.67,1.04,echo_ms,14,1.7676
latency,thurbox,other-busy,0,True,0.67,1.04,echo_ms,15,2.001488
latency,thurbox,other-busy,0,True,0.67,1.04,echo_ms,16,1.819837
latency,thurbox,other-busy,0,True,0.67,1.04,echo_ms,17,1.418837
latency,thurbox,other-busy,0,True,0.67,1.04,echo_ms,18,2.020932
latency,thurbox,other-busy,0,True,0.67,1.04,echo_ms,19,3.766871
latency,thurbox,other-busy,0,True,0.67,1.04,echo_ms,20,1.744358
latency,thurbox,other-busy,0,True,0.67,1.04,echo_ms,21,1.81097
latency,thurbox,other-busy,0,True,0.67,1.04,echo_ms,22,1.579763
latency,thurbox,other-busy,0,True,0.67,1.04,echo_ms,23,1.744886
latency,thurbox,other-busy,0,True,0.67,1.04,echo_ms,24,1.899971
latency,thurbox,other-busy,0,True,0.67,1.04,echo_ms,25,2.126412
latency,thurbox,other-busy,0,True,0.67,1.04,echo_ms,26,1.769487
latency,thurbox,other-busy,0,True,0.67,1.04,echo_ms,27,3.361362
latency,thurbox,other-busy,0,True,0.67,1.04,echo_ms,28,2.090366
latency,thurbox,other-busy,0,True,0.67,1.04,echo_ms,29,2.312827
latency,thurbox,other-busy,0,True,0.67,1.04,echo_ms,30,4.048981
latency,thurbox,other-busy,0,True,0.67,1.04,echo_ms,31,1.957159
latency,thurbox,other-busy,0,True,0.67,1.04,echo_ms,32,2.233401
latency,thurbox,other-busy,0,True,0.67,1.04,echo_ms,33,1.784068
latency,thurbox,other-busy,0,True,0.67,1.04,echo_ms,34,2.645883
latency,thurbox,other-busy,0,True,0.67,1.04,echo_ms,35,1.951857
latency,thurbox,other-busy,0,True,0.67,1.04,echo_ms,36,1.819962
latency,thurbox,other-busy,0,True,0.67,1.04,echo_ms,37,1.397596
latency,thurbox,other-busy,0,True,0.67,1.04,echo_ms,38,1.377356
latency,thurbox,other-busy,0,True,0.67,1.04,echo_ms,39,1.98911
latency,thurbox,other-busy,0,True,0.67,1.04,echo_ms,40,2.098641
latency,thurbox,other-busy,0,True,0.67,1.04,echo_ms,41,1.742083
latency,thurbox,other-busy,0,True,0.67,1.04,echo_ms,42,2.557642
latency,thurbox,other-busy,0,True,0.67,1.04,echo_ms,43,1.970671
latency,thurbox,other-busy,0,True,0.67,1.04,echo_ms,44,2.266116
latency,thurbox,other-busy,0,True,0.67,1.04,echo_ms,45,1.72867
latency,thurbox,other-busy,0,True,0.67,1.04,echo_ms,46,1.702963
latency,thurbox,other-busy,0,True,0.67,1.04,echo_ms,47,1.973305
latency,thurbox,other-busy,0,True,0.67,1.04,echo_ms,48,1.648634
latency,thurbox,other-busy,0,True,0.67,1.04,echo_ms,49,2.167011
latency,thurbox,other-busy,0,True,0.67,1.04,echo_ms,50,1.891876
latency,thurbox,other-busy,0,True,0.67,1.04,echo_ms,51,1.472989
latency,thurbox,other-busy,0,True,0.67,1.04,echo_ms,52,2.31031
latency,thurbox,other-busy,0,True,0.67,1.04,echo_ms,53,2.070314
latency,thurbox,other-busy,0,True,0.67,1.04,echo_ms,54,2.357911
latency,thurbox,other-busy,0,True,0.67,1.04,echo_ms,55,1.441071
latency,thurbox,other-busy,0,True,0.67,1.04,echo_ms,56,2.366151
latency,thurbox,other-busy,0,True,0.67,1.04,echo_ms,57,1.26069
latency,thurbox,other-busy,0,True,0.67,1.04,echo_ms,58,1.549148
latency,thurbox,other-busy,0,True,0.67,1.04,echo_ms,59,2.247577
latency,thurbox,other-busy,0,True,0.67,1.04,echo_ms,60,2.700249
latency,thurbox,other-busy,0,True,0.67,1.04,echo_ms,61,1.733902
latency,thurbox,other-busy,0,True,0.67,1.04,echo_ms,62,1.752833
latency,thurbox,other-busy,0,True,0.67,1.04,echo_ms,63,1.479871
latency,thurbox,other-busy,0,True,0.67,1.04,echo_ms,64,2.291309
latency,thurbox,other-busy,0,True,0.67,1.04,echo_ms,65,1.357157
latency,thurbox,other-busy,0,True,0.67,1.04,echo_ms,66,1.764198
latency,thurbox,other-busy,0,True,0.67,1.04,echo_ms,67,1.508631
latency,thurbox,other-busy,0,True,0.67,1.04,echo_ms,68,2.551454
latency,thurbox,other-busy,0,True,0.67,1.04,echo_ms,69,1.862094
latency,thurbox,other-busy,0,True,0.67,1.04,echo_ms,70,2.391573
latency,thurbox,other-busy,0,True,0.67,1.04,echo_ms,71,1.640556
latency,thurbox,other-busy,0,True,0.67,1.04,echo_ms,72,1.965063
latency,thurbox,other-busy,0,True,0.67,1.04,echo_ms,73,2.785198
latency,thurbox,other-busy,0,True,0.67,1.04,echo_ms,74,1.815435
latency,thurbox,other-busy,0,True,0.67,1.04,echo_ms,75,3.015388
latency,thurbox,other-busy,0,True,0.67,1.04,echo_ms,76,1.760312
latency,thurbox,other-busy,0,True,0.67,1.04,echo_ms,77,1.926809
latency,thurbox,other-busy,0,True,0.67,1.04,echo_ms,78,1.959063
latency,thurbox,other-busy,0,True,0.67,1.04,echo_ms,79,1.574805
latency,thurbox,other-busy,0,True,0.67,1.04,echo_ms,80,1.697867
latency,thurbox,other-busy,0,True,0.67,1.04,echo_ms,81,2.193536
latency,thurbox,other-busy,0,True,0.67,1.04,echo_ms,82,1.626494
latency,thurbox,other-busy,0,True,0.67,1.04,echo_ms,83,1.585629
latency,thurbox,other-busy,0,True,0.67,1.04,echo_ms,84,2.271007
latency,thurbox,other-busy,0,True,0.67,1.04,echo_ms,85,1.819227
latency,thurbox,other-busy,0,True,0.67,1.04,echo_ms,86,1.916538
latency,thurbox,other-busy,0,True,0.67,1.04,echo_ms,87,2.576874
latency,thurbox,other-busy,0,True,0.67,1.04,echo_ms,88,2.44251
latency,thurbox,other-busy,0,True,0.67,1.04,echo_ms,89,2.174195
latency,thurbox,other-busy,0,True,0.67,1.04,echo_ms,90,1.857257
latency,thurbox,other-busy,0,True,0.67,1.04,echo_ms,91,3.063966
latency,thurbox,other-busy,0,True,0.67,1.04,echo_ms,92,1.727328
latency,thurbox,other-busy,0,True,0.67,1.04,echo_ms,93,1.536134
latency,thurbox,other-busy,0,True,0.67,1.04,echo_ms,94,2.105033
latency,thurbox,other-busy,0,True,0.67,1.04,echo_ms,95,2.678949
latency,thurbox,other-busy,0,True,0.67,1.04,echo_ms,96,1.632284
latency,thurbox,other-busy,0,True,0.67,1.04,echo_ms,97,2.387592
latency,thurbox,other-busy,0,True,0.67,1.04,echo_ms,98,2.0792
latency,thurbox,other-busy,0,True,0.67,1.04,echo_ms,99,1.754282
latency,thurbox,other-busy,0,True,0.67,1.04,timeouts,,0
latency,herdr,other-busy,1,False,1.04,1.12,echo_ms,0,0.433315
latency,herdr,other-busy,1,False,1.04,1.12,echo_ms,1,0.446948
latency,herdr,other-busy,1,False,1.04,1.12,echo_ms,2,0.41274
latency,herdr,other-busy,1,False,1.04,1.12,echo_ms,3,0.445605
latency,herdr,other-busy,1,False,1.04,1.12,echo_ms,4,0.453749
latency,herdr,other-busy,1,False,1.04,1.12,echo_ms,5,0.467841
latency,herdr,other-busy,1,False,1.04,1.12,echo_ms,6,0.470693
latency,herdr,other-busy,1,False,1.04,1.12,echo_ms,7,0.504261
latency,herdr,other-busy,1,False,1.04,1.12,echo_ms,8,0.517077
latency,herdr,other-busy,1,False,1.04,1.12,echo_ms,9,0.445021
latency,herdr,other-busy,1,False,1.04,1.12,echo_ms,10,0.436094
latency,herdr,other-busy,1,False,1.04,1.12,echo_ms,11,0.459969
latency,herdr,other-busy,1,False,1.04,1.12,echo_ms,12,0.479212
latency,herdr,other-busy,1,False,1.04,1.12,echo_ms,13,0.442471
latency,herdr,other-busy,1,False,1.04,1.12,echo_ms,14,0.464885
latency,herdr,other-busy,1,False,1.04,1.12,echo_ms,15,0.418076
latency,herdr,other-busy,1,False,1.04,1.12,echo_ms,16,0.483898
latency,herdr,other-busy,1,False,1.04,1.12,echo_ms,17,0.429141
latency,herdr,other-busy,1,False,1.04,1.12,echo_ms,18,0.439525
latency,herdr,other-busy,1,False,1.04,1.12,echo_ms,19,0.45392
latency,herdr,other-busy,1,False,1.04,1.12,echo_ms,20,0.440677
latency,herdr,other-busy,1,False,1.04,1.12,echo_ms,21,0.413225
latency,herdr,other-busy,1,False,1.04,1.12,echo_ms,22,0.46144
latency,herdr,other-busy,1,False,1.04,1.12,echo_ms,23,0.435712
latency,herdr,other-busy,1,False,1.04,1.12,echo_ms,24,0.492471
latency,herdr,other-busy,1,False,1.04,1.12,echo_ms,25,0.495261
latency,herdr,other-busy,1,False,1.04,1.12,echo_ms,26,0.509399
latency,herdr,other-busy,1,False,1.04,1.12,echo_ms,27,0.433992
latency,herdr,other-busy,1,False,1.04,1.12,echo_ms,28,0.429349
latency,herdr,other-busy,1,False,1.04,1.12,echo_ms,29,0.463795
latency,herdr,other-busy,1,False,1.04,1.12,echo_ms,30,0.448591
latency,herdr,other-busy,1,False,1.04,1.12,echo_ms,31,0.44259
latency,herdr,other-busy,1,False,1.04,1.12,echo_ms,32,0.44834
latency,herdr,other-busy,1,False,1.04,1.12,echo_ms,33,0.438304
latency,herdr,other-busy,1,False,1.04,1.12,echo_ms,34,0.511327
latency,herdr,other-busy,1,False,1.04,1.12,echo_ms,35,0.437035
latency,herdr,other-busy,1,False,1.04,1.12,echo_ms,36,0.452405
latency,herdr,other-busy,1,False,1.04,1.12,echo_ms,37,0.442598
latency,herdr,other-busy,1,False,1.04,1.12,echo_ms,38,0.492797
latency,herdr,other-busy,1,False,1.04,1.12,echo_ms,39,0.459187
latency,herdr,other-busy,1,False,1.04,1.12,echo_ms,40,0.469581
latency,herdr,other-busy,1,False,1.04,1.12,echo_ms,41,0.463688
latency,herdr,other-busy,1,False,1.04,1.12,echo_ms,42,0.526507
latency,herdr,other-busy,1,False,1.04,1.12,echo_ms,43,0.49356
latency,herdr,other-busy,1,False,1.04,1.12,echo_ms,44,0.46392
latency,herdr,other-busy,1,False,1.04,1.12,echo_ms,45,0.483278
latency,herdr,other-busy,1,False,1.04,1.12,echo_ms,46,0.435399
latency,herdr,other-busy,1,False,1.04,1.12,echo_ms,47,0.449291
latency,herdr,other-busy,1,False,1.04,1.12,echo_ms,48,0.417499
latency,herdr,other-busy,1,False,1.04,1.12,echo_ms,49,0.447096
latency,herdr,other-busy,1,False,1.04,1.12,echo_ms,50,0.479153
latency,herdr,other-busy,1,False,1.04,1.12,echo_ms,51,0.466172
latency,herdr,other-busy,1,False,1.04,1.12,echo_ms,52,0.443746
latency,herdr,other-busy,1,False,1.04,1.12,echo_ms,53,0.517586
latency,herdr,other-busy,1,False,1.04,1.12,echo_ms,54,0.448125
latency,herdr,other-busy,1,False,1.04,1.12,echo_ms,55,0.473461
latency,herdr,other-busy,1,False,1.04,1.12,echo_ms,56,0.45485
latency,herdr,other-busy,1,False,1.04,1.12,echo_ms,57,0.443183
latency,herdr,other-busy,1,False,1.04,1.12,echo_ms,58,0.474961
latency,herdr,other-busy,1,False,1.04,1.12,echo_ms,59,0.435643
latency,herdr,other-busy,1,False,1.04,1.12,echo_ms,60,0.469307
latency,herdr,other-busy,1,False,1.04,1.12,echo_ms,61,0.44326
latency,herdr,other-busy,1,False,1.04,1.12,echo_ms,62,0.413394
latency,herdr,other-busy,1,False,1.04,1.12,echo_ms,63,0.518929
latency,herdr,other-busy,1,False,1.04,1.12,echo_ms,64,0.419205
latency,herdr,other-busy,1,False,1.04,1.12,echo_ms,65,0.442167
latency,herdr,other-busy,1,False,1.04,1.12,echo_ms,66,0.442612
latency,herdr,other-busy,1,False,1.04,1.12,echo_ms,67,0.48642
latency,herdr,other-busy,1,False,1.04,1.12,echo_ms,68,0.691997
latency,herdr,other-busy,1,False,1.04,1.12,echo_ms,69,0.456536
latency,herdr,other-busy,1,False,1.04,1.12,echo_ms,70,0.451242
latency,herdr,other-busy,1,False,1.04,1.12,echo_ms,71,0.466331
latency,herdr,other-busy,1,False,1.04,1.12,echo_ms,72,0.451669
latency,herdr,other-busy,1,False,1.04,1.12,echo_ms,73,0.505248
latency,herdr,other-busy,1,False,1.04,1.12,echo_ms,74,0.441375
latency,herdr,other-busy,1,False,1.04,1.12,echo_ms,75,0.448814
latency,herdr,other-busy,1,False,1.04,1.12,echo_ms,76,0.422031
latency,herdr,other-busy,1,False,1.04,1.12,echo_ms,77,0.522702
latency,herdr,other-busy,1,False,1.04,1.12,echo_ms,78,0.669723
latency,herdr,other-busy,1,False,1.04,1.12,echo_ms,79,0.505106
latency,herdr,other-busy,1,False,1.04,1.12,echo_ms,80,0.4494
latency,herdr,other-busy,1,False,1.04,1.12,echo_ms,81,0.431969
latency,herdr,other-busy,1,False,1.04,1.12,echo_ms,82,0.489241
latency,herdr,other-busy,1,False,1.04,1.12,echo_ms,83,0.437942
latency,herdr,other-busy,1,False,1.04,1.12,echo_ms,84,0.494254
latency,herdr,other-busy,1,False,1.04,1.12,echo_ms,85,0.430707
latency,herdr,other-busy,1,False,1.04,1.12,echo_ms,86,0.434255
latency,herdr,other-busy,1,False,1.04,1.12,echo_ms,87,0.485619
latency,herdr,other-busy,1,False,1.04,1.12,echo_ms,88,0.450846
latency,herdr,other-busy,1,False,1.04,1.12,echo_ms,89,0.471944
latency,herdr,other-busy,1,False,1.04,1.12,echo_ms,90,0.433653
latency,herdr,other-busy,1,False,1.04,1.12,echo_ms,91,0.489728
latency,herdr,other-busy,1,False,1.04,1.12,echo_ms,92,0.441247
latency,herdr,other-busy,1,False,1.04,1.12,echo_ms,93,0.411312
latency,herdr,other-busy,1,False,1.04,1.12,echo_ms,94,0.401863
latency,herdr,other-busy,1,False,1.04,1.12,echo_ms,95,0.421469
latency,herdr,other-busy,1,False,1.04,1.12,echo_ms,96,0.490155
latency,herdr,other-busy,1,False,1.04,1.12,echo_ms,97,0.445378
latency,herdr,other-busy,1,False,1.04,1.12,echo_ms,98,0.468079
latency,herdr,other-busy,1,False,1.04,1.12,echo_ms,99,0.422941
latency,herdr,other-busy,1,False,1.04,1.12,timeouts,,0
latency,thurbox,other-busy,1,False,1.12,1.1,echo_ms,0,1.783479
latency,thurbox,other-busy,1,False,1.12,1.1,echo_ms,1,1.365468
latency,thurbox,other-busy,1,False,1.12,1.1,echo_ms,2,1.616118
latency,thurbox,other-busy,1,False,1.12,1.1,echo_ms,3,2.174962
latency,thurbox,other-busy,1,False,1.12,1.1,echo_ms,4,1.468688
latency,thurbox,other-busy,1,False,1.12,1.1,echo_ms,5,1.493739
latency,thurbox,other-busy,1,False,1.12,1.1,echo_ms,6,1.766506
latency,thurbox,other-busy,1,False,1.12,1.1,echo_ms,7,2.91484
latency,thurbox,other-busy,1,False,1.12,1.1,echo_ms,8,2.195149
latency,thurbox,other-busy,1,False,1.12,1.1,echo_ms,9,1.637834
latency,thurbox,other-busy,1,False,1.12,1.1,echo_ms,10,2.447224
latency,thurbox,other-busy,1,False,1.12,1.1,echo_ms,11,1.846997
latency,thurbox,other-busy,1,False,1.12,1.1,echo_ms,12,2.737038
latency,thurbox,other-busy,1,False,1.12,1.1,echo_ms,13,1.515676
latency,thurbox,other-busy,1,False,1.12,1.1,echo_ms,14,2.341706
latency,thurbox,other-busy,1,False,1.12,1.1,echo_ms,15,3.575937
latency,thurbox,other-busy,1,False,1.12,1.1,echo_ms,16,2.075461
latency,thurbox,other-busy,1,False,1.12,1.1,echo_ms,17,2.491132
latency,thurbox,other-busy,1,False,1.12,1.1,echo_ms,18,2.224073
latency,thurbox,other-busy,1,False,1.12,1.1,echo_ms,19,3.548523
latency,thurbox,other-busy,1,False,1.12,1.1,echo_ms,20,1.435207
latency,thurbox,other-busy,1,False,1.12,1.1,echo_ms,21,1.71534
latency,thurbox,other-busy,1,False,1.12,1.1,echo_ms,22,1.852532
latency,thurbox,other-busy,1,False,1.12,1.1,echo_ms,23,2.915597
latency,thurbox,other-busy,1,False,1.12,1.1,echo_ms,24,1.968437
latency,thurbox,other-busy,1,False,1.12,1.1,echo_ms,25,6.00612
latency,thurbox,other-busy,1,False,1.12,1.1,echo_ms,26,1.738389
latency,thurbox,other-busy,1,False,1.12,1.1,echo_ms,27,1.808609
latency,thurbox,other-busy,1,False,1.12,1.1,echo_ms,28,1.410754
latency,thurbox,other-busy,1,False,1.12,1.1,echo_ms,29,2.123092
latency,thurbox,other-busy,1,False,1.12,1.1,echo_ms,30,2.391706
latency,thurbox,other-busy,1,False,1.12,1.1,echo_ms,31,2.189006
latency,thurbox,other-busy,1,False,1.12,1.1,echo_ms,32,1.624037
latency,thurbox,other-busy,1,False,1.12,1.1,echo_ms,33,1.611333
latency,thurbox,other-busy,1,False,1.12,1.1,echo_ms,34,1.051557
latency,thurbox,other-busy,1,False,1.12,1.1,echo_ms,35,2.925814
latency,thurbox,other-busy,1,False,1.12,1.1,echo_ms,36,1.82088
latency,thurbox,other-busy,1,False,1.12,1.1,echo_ms,37,1.737996
latency,thurbox,other-busy,1,False,1.12,1.1,echo_ms,38,3.02383
latency,thurbox,other-busy,1,False,1.12,1.1,echo_ms,39,1.682613
latency,thurbox,other-busy,1,False,1.12,1.1,echo_ms,40,1.388854
latency,thurbox,other-busy,1,False,1.12,1.1,echo_ms,41,3.044682
latency,thurbox,other-busy,1,False,1.12,1.1,echo_ms,42,2.557035
latency,thurbox,other-busy,1,False,1.12,1.1,echo_ms,43,1.980857
latency,thurbox,other-busy,1,False,1.12,1.1,echo_ms,44,2.317628
latency,thurbox,other-busy,1,False,1.12,1.1,echo_ms,45,2.042618
latency,thurbox,other-busy,1,False,1.12,1.1,echo_ms,46,1.611508
latency,thurbox,other-busy,1,False,1.12,1.1,echo_ms,47,1.529005
latency,thurbox,other-busy,1,False,1.12,1.1,echo_ms,48,1.853253
latency,thurbox,other-busy,1,False,1.12,1.1,echo_ms,49,1.986853
latency,thurbox,other-busy,1,False,1.12,1.1,echo_ms,50,1.970406
latency,thurbox,other-busy,1,False,1.12,1.1,echo_ms,51,1.31964
latency,thurbox,other-busy,1,False,1.12,1.1,echo_ms,52,2.257954
latency,thurbox,other-busy,1,False,1.12,1.1,echo_ms,53,2.024636
latency,thurbox,other-busy,1,False,1.12,1.1,echo_ms,54,2.309253
latency,thurbox,other-busy,1,False,1.12,1.1,echo_ms,55,3.356373
latency,thurbox,other-busy,1,False,1.12,1.1,echo_ms,56,1.778078
latency,thurbox,other-busy,1,False,1.12,1.1,echo_ms,57,1.741051
latency,thurbox,other-busy,1,False,1.12,1.1,echo_ms,58,1.820439
latency,thurbox,other-busy,1,False,1.12,1.1,echo_ms,59,2.228169
latency,thurbox,other-busy,1,False,1.12,1.1,echo_ms,60,1.361858
latency,thurbox,other-busy,1,False,1.12,1.1,echo_ms,61,2.094282
latency,thurbox,other-busy,1,False,1.12,1.1,echo_ms,62,4.193744
latency,thurbox,other-busy,1,False,1.12,1.1,echo_ms,63,2.266921
latency,thurbox,other-busy,1,False,1.12,1.1,echo_ms,64,1.974843
latency,thurbox,other-busy,1,False,1.12,1.1,echo_ms,65,1.394001
latency,thurbox,other-busy,1,False,1.12,1.1,echo_ms,66,1.653615
latency,thurbox,other-busy,1,False,1.12,1.1,echo_ms,67,1.900734
latency,thurbox,other-busy,1,False,1.12,1.1,echo_ms,68,2.148726
latency,thurbox,other-busy,1,False,1.12,1.1,echo_ms,69,2.162616
latency,thurbox,other-busy,1,False,1.12,1.1,echo_ms,70,1.718627
latency,thurbox,other-busy,1,False,1.12,1.1,echo_ms,71,1.899108
latency,thurbox,other-busy,1,False,1.12,1.1,echo_ms,72,1.854037
latency,thurbox,other-busy,1,False,1.12,1.1,echo_ms,73,2.379078
latency,thurbox,other-busy,1,False,1.12,1.1,echo_ms,74,1.55019
latency,thurbox,other-busy,1,False,1.12,1.1,echo_ms,75,1.490173
latency,thurbox,other-busy,1,False,1.12,1.1,echo_ms,76,1.292803
latency,thurbox,other-busy,1,False,1.12,1.1,echo_ms,77,1.655399
latency,thurbox,other-busy,1,False,1.12,1.1,echo_ms,78,1.586736
latency,thurbox,other-busy,1,False,1.12,1.1,echo_ms,79,1.863997
latency,thurbox,other-busy,1,False,1.12,1.1,echo_ms,80,2.361029
latency,thurbox,other-busy,1,False,1.12,1.1,echo_ms,81,2.121823
latency,thurbox,other-busy,1,False,1.12,1.1,echo_ms,82,1.753939
latency,thurbox,other-busy,1,False,1.12,1.1,echo_ms,83,1.819932
latency,thurbox,other-busy,1,False,1.12,1.1,echo_ms,84,2.294109
latency,thurbox,other-busy,1,False,1.12,1.1,echo_ms,85,1.856197
latency,thurbox,other-busy,1,False,1.12,1.1,echo_ms,86,2.244613
latency,thurbox,other-busy,1,False,1.12,1.1,echo_ms,87,2.032012
latency,thurbox,other-busy,1,False,1.12,1.1,echo_ms,88,1.633213
latency,thurbox,other-busy,1,False,1.12,1.1,echo_ms,89,2.610505
latency,thurbox,other-busy,1,False,1.12,1.1,echo_ms,90,2.154026
latency,thurbox,other-busy,1,False,1.12,1.1,echo_ms,91,1.770908
latency,thurbox,other-busy,1,False,1.12,1.1,echo_ms,92,1.434653
latency,thurbox,other-busy,1,False,1.12,1.1,echo_ms,93,1.797861
latency,thurbox,other-busy,1,False,1.12,1.1,echo_ms,94,3.756715
latency,thurbox,other-busy,1,False,1.12,1.1,echo_ms,95,1.399652
latency,thurbox,other-busy,1,False,1.12,1.1,echo_ms,96,1.484729
latency,thurbox,other-busy,1,False,1.12,1.1,echo_ms,97,1.746065
latency,thurbox,other-busy,1,False,1.12,1.1,echo_ms,98,1.416474
latency,thurbox,other-busy,1,False,1.12,1.1,echo_ms,99,1.992656
latency,thurbox,other-busy,1,False,1.12,1.1,timeouts,,0
latency,herdr,other-busy,2,False,1.1,1.09,echo_ms,0,0.44629
latency,herdr,other-busy,2,False,1.1,1.09,echo_ms,1,0.459604
latency,herdr,other-busy,2,False,1.1,1.09,echo_ms,2,0.492611
latency,herdr,other-busy,2,False,1.1,1.09,echo_ms,3,0.445194
latency,herdr,other-busy,2,False,1.1,1.09,echo_ms,4,0.439481
latency,herdr,other-busy,2,False,1.1,1.09,echo_ms,5,0.497685
latency,herdr,other-busy,2,False,1.1,1.09,echo_ms,6,0.485675
latency,herdr,other-busy,2,False,1.1,1.09,echo_ms,7,0.442535
latency,herdr,other-busy,2,False,1.1,1.09,echo_ms,8,0.421489
latency,herdr,other-busy,2,False,1.1,1.09,echo_ms,9,0.509467
latency,herdr,other-busy,2,False,1.1,1.09,echo_ms,10,0.456366
latency,herdr,other-busy,2,False,1.1,1.09,echo_ms,11,0.445634
latency,herdr,other-busy,2,False,1.1,1.09,echo_ms,12,0.445518
latency,herdr,other-busy,2,False,1.1,1.09,echo_ms,13,0.522256
latency,herdr,other-busy,2,False,1.1,1.09,echo_ms,14,0.41746
latency,herdr,other-busy,2,False,1.1,1.09,echo_ms,15,0.468431
latency,herdr,other-busy,2,False,1.1,1.09,echo_ms,16,0.432597
latency,herdr,other-busy,2,False,1.1,1.09,echo_ms,17,0.477467
latency,herdr,other-busy,2,False,1.1,1.09,echo_ms,18,0.558454
latency,herdr,other-busy,2,False,1.1,1.09,echo_ms,19,0.442638
latency,herdr,other-busy,2,False,1.1,1.09,echo_ms,20,0.545281
latency,herdr,other-busy,2,False,1.1,1.09,echo_ms,21,0.458602
latency,herdr,other-busy,2,False,1.1,1.09,echo_ms,22,0.484251
latency,herdr,other-busy,2,False,1.1,1.09,echo_ms,23,0.467025
latency,herdr,other-busy,2,False,1.1,1.09,echo_ms,24,0.435249
latency,herdr,other-busy,2,False,1.1,1.09,echo_ms,25,0.470851
latency,herdr,other-busy,2,False,1.1,1.09,echo_ms,26,0.425825
latency,herdr,other-busy,2,False,1.1,1.09,echo_ms,27,0.473472
latency,herdr,other-busy,2,False,1.1,1.09,echo_ms,28,0.452934
latency,herdr,other-busy,2,False,1.1,1.09,echo_ms,29,0.423162
latency,herdr,other-busy,2,False,1.1,1.09,echo_ms,30,0.451401
latency,herdr,other-busy,2,False,1.1,1.09,echo_ms,31,0.469687
latency,herdr,other-busy,2,False,1.1,1.09,echo_ms,32,0.439447
latency,herdr,other-busy,2,False,1.1,1.09,echo_ms,33,0.423859
latency,herdr,other-busy,2,False,1.1,1.09,echo_ms,34,0.430672
latency,herdr,other-busy,2,False,1.1,1.09,echo_ms,35,0.421232
latency,herdr,other-busy,2,False,1.1,1.09,echo_ms,36,0.428859
latency,herdr,other-busy,2,False,1.1,1.09,echo_ms,37,0.414825
latency,herdr,other-busy,2,False,1.1,1.09,echo_ms,38,0.484934
latency,herdr,other-busy,2,False,1.1,1.09,echo_ms,39,0.443243
latency,herdr,other-busy,2,False,1.1,1.09,echo_ms,40,0.476547
latency,herdr,other-busy,2,False,1.1,1.09,echo_ms,41,0.445438
latency,herdr,other-busy,2,False,1.1,1.09,echo_ms,42,0.430755
latency,herdr,other-busy,2,False,1.1,1.09,echo_ms,43,0.46586
latency,herdr,other-busy,2,False,1.1,1.09,echo_ms,44,0.41445
latency,herdr,other-busy,2,False,1.1,1.09,echo_ms,45,0.426746
latency,herdr,other-busy,2,False,1.1,1.09,echo_ms,46,0.431936
latency,herdr,other-busy,2,False,1.1,1.09,echo_ms,47,0.413679
latency,herdr,other-busy,2,False,1.1,1.09,echo_ms,48,0.419356
latency,herdr,other-busy,2,False,1.1,1.09,echo_ms,49,0.434327
latency,herdr,other-busy,2,False,1.1,1.09,echo_ms,50,0.42647
latency,herdr,other-busy,2,False,1.1,1.09,echo_ms,51,0.449957
latency,herdr,other-busy,2,False,1.1,1.09,echo_ms,52,0.420469
latency,herdr,other-busy,2,False,1.1,1.09,echo_ms,53,0.423692
latency,herdr,other-busy,2,False,1.1,1.09,echo_ms,54,0.448939
latency,herdr,other-busy,2,False,1.1,1.09,echo_ms,55,0.421149
latency,herdr,other-busy,2,False,1.1,1.09,echo_ms,56,0.515948
latency,herdr,other-busy,2,False,1.1,1.09,echo_ms,57,0.460312
latency,herdr,other-busy,2,False,1.1,1.09,echo_ms,58,0.424896
latency,herdr,other-busy,2,False,1.1,1.09,echo_ms,59,0.423012
latency,herdr,other-busy,2,False,1.1,1.09,echo_ms,60,0.415053
latency,herdr,other-busy,2,False,1.1,1.09,echo_ms,61,0.432969
latency,herdr,other-busy,2,False,1.1,1.09,echo_ms,62,0.422799
latency,herdr,other-busy,2,False,1.1,1.09,echo_ms,63,0.443072
latency,herdr,other-busy,2,False,1.1,1.09,echo_ms,64,0.410414
latency,herdr,other-busy,2,False,1.1,1.09,echo_ms,65,0.445573
latency,herdr,other-busy,2,False,1.1,1.09,echo_ms,66,0.457283
latency,herdr,other-busy,2,False,1.1,1.09,echo_ms,67,0.486998
latency,herdr,other-busy,2,False,1.1,1.09,echo_ms,68,0.496609
latency,herdr,other-busy,2,False,1.1,1.09,echo_ms,69,0.427989
latency,herdr,other-busy,2,False,1.1,1.09,echo_ms,70,0.43833
latency,herdr,other-busy,2,False,1.1,1.09,echo_ms,71,0.438287
latency,herdr,other-busy,2,False,1.1,1.09,echo_ms,72,0.442304
latency,herdr,other-busy,2,False,1.1,1.09,echo_ms,73,0.459399
latency,herdr,other-busy,2,False,1.1,1.09,echo_ms,74,0.421811
latency,herdr,other-busy,2,False,1.1,1.09,echo_ms,75,0.464137
latency,herdr,other-busy,2,False,1.1,1.09,echo_ms,76,0.430591
latency,herdr,other-busy,2,False,1.1,1.09,echo_ms,77,0.470469
latency,herdr,other-busy,2,False,1.1,1.09,echo_ms,78,0.430201
latency,herdr,other-busy,2,False,1.1,1.09,echo_ms,79,0.454498
latency,herdr,other-busy,2,False,1.1,1.09,echo_ms,80,0.418998
latency,herdr,other-busy,2,False,1.1,1.09,echo_ms,81,0.500987
latency,herdr,other-busy,2,False,1.1,1.09,echo_ms,82,0.50224
latency,herdr,other-busy,2,False,1.1,1.09,echo_ms,83,0.444758
latency,herdr,other-busy,2,False,1.1,1.09,echo_ms,84,0.43239
latency,herdr,other-busy,2,False,1.1,1.09,echo_ms,85,0.488302
latency,herdr,other-busy,2,False,1.1,1.09,echo_ms,86,0.480326
latency,herdr,other-busy,2,False,1.1,1.09,echo_ms,87,0.480974
latency,herdr,other-busy,2,False,1.1,1.09,echo_ms,88,0.459996
latency,herdr,other-busy,2,False,1.1,1.09,echo_ms,89,0.422397
latency,herdr,other-busy,2,False,1.1,1.09,echo_ms,90,0.472073
latency,herdr,other-busy,2,False,1.1,1.09,echo_ms,91,0.440886
latency,herdr,other-busy,2,False,1.1,1.09,echo_ms,92,0.457404
latency,herdr,other-busy,2,False,1.1,1.09,echo_ms,93,0.546796
latency,herdr,other-busy,2,False,1.1,1.09,echo_ms,94,0.432463
latency,herdr,other-busy,2,False,1.1,1.09,echo_ms,95,0.548145
latency,herdr,other-busy,2,False,1.1,1.09,echo_ms,96,0.463387
latency,herdr,other-busy,2,False,1.1,1.09,echo_ms,97,0.422261
latency,herdr,other-busy,2,False,1.1,1.09,echo_ms,98,0.466253
latency,herdr,other-busy,2,False,1.1,1.09,echo_ms,99,0.448595
latency,herdr,other-busy,2,False,1.1,1.09,timeouts,,0
latency,thurbox,other-busy,2,False,1.09,1.15,echo_ms,0,2.398593
latency,thurbox,other-busy,2,False,1.09,1.15,echo_ms,1,1.782889
latency,thurbox,other-busy,2,False,1.09,1.15,echo_ms,2,2.113145
latency,thurbox,other-busy,2,False,1.09,1.15,echo_ms,3,1.717063
latency,thurbox,other-busy,2,False,1.09,1.15,echo_ms,4,1.885031
latency,thurbox,other-busy,2,False,1.09,1.15,echo_ms,5,1.945174
latency,thurbox,other-busy,2,False,1.09,1.15,echo_ms,6,1.717553
latency,thurbox,other-busy,2,False,1.09,1.15,echo_ms,7,1.640219
latency,thurbox,other-busy,2,False,1.09,1.15,echo_ms,8,1.54631
latency,thurbox,other-busy,2,False,1.09,1.15,echo_ms,9,1.967995
latency,thurbox,other-busy,2,False,1.09,1.15,echo_ms,10,1.703273
latency,thurbox,other-busy,2,False,1.09,1.15,echo_ms,11,1.810124
latency,thurbox,other-busy,2,False,1.09,1.15,echo_ms,12,2.026102
latency,thurbox,other-busy,2,False,1.09,1.15,echo_ms,13,1.58115
latency,thurbox,other-busy,2,False,1.09,1.15,echo_ms,14,2.095721
latency,thurbox,other-busy,2,False,1.09,1.15,echo_ms,15,3.642268
latency,thurbox,other-busy,2,False,1.09,1.15,echo_ms,16,2.246444
latency,thurbox,other-busy,2,False,1.09,1.15,echo_ms,17,1.993883
latency,thurbox,other-busy,2,False,1.09,1.15,echo_ms,18,1.852882
latency,thurbox,other-busy,2,False,1.09,1.15,echo_ms,19,1.996556
latency,thurbox,other-busy,2,False,1.09,1.15,echo_ms,20,1.410256
latency,thurbox,other-busy,2,False,1.09,1.15,echo_ms,21,3.016138
latency,thurbox,other-busy,2,False,1.09,1.15,echo_ms,22,1.610215
latency,thurbox,other-busy,2,False,1.09,1.15,echo_ms,23,1.610554
latency,thurbox,other-busy,2,False,1.09,1.15,echo_ms,24,2.111867
latency,thurbox,other-busy,2,False,1.09,1.15,echo_ms,25,2.200142
latency,thurbox,other-busy,2,False,1.09,1.15,echo_ms,26,2.041868
latency,thurbox,other-busy,2,False,1.09,1.15,echo_ms,27,2.229319
latency,thurbox,other-busy,2,False,1.09,1.15,echo_ms,28,1.550904
latency,thurbox,other-busy,2,False,1.09,1.15,echo_ms,29,3.519872
latency,thurbox,other-busy,2,False,1.09,1.15,echo_ms,30,1.809774
latency,thurbox,other-busy,2,False,1.09,1.15,echo_ms,31,2.150492
latency,thurbox,other-busy,2,False,1.09,1.15,echo_ms,32,2.088039
latency,thurbox,other-busy,2,False,1.09,1.15,echo_ms,33,1.549281
latency,thurbox,other-busy,2,False,1.09,1.15,echo_ms,34,2.474369
latency,thurbox,other-busy,2,False,1.09,1.15,echo_ms,35,2.20152
latency,thurbox,other-busy,2,False,1.09,1.15,echo_ms,36,1.631215
latency,thurbox,other-busy,2,False,1.09,1.15,echo_ms,37,1.784286
latency,thurbox,other-busy,2,False,1.09,1.15,echo_ms,38,1.874175
latency,thurbox,other-busy,2,False,1.09,1.15,echo_ms,39,2.118806
latency,thurbox,other-busy,2,False,1.09,1.15,echo_ms,40,1.625506
latency,thurbox,other-busy,2,False,1.09,1.15,echo_ms,41,1.790391
latency,thurbox,other-busy,2,False,1.09,1.15,echo_ms,42,2.105396
latency,thurbox,other-busy,2,False,1.09,1.15,echo_ms,43,1.810495
latency,thurbox,other-busy,2,False,1.09,1.15,echo_ms,44,1.761147
latency,thurbox,other-busy,2,False,1.09,1.15,echo_ms,45,1.681316
latency,thurbox,other-busy,2,False,1.09,1.15,echo_ms,46,1.851397
latency,thurbox,other-busy,2,False,1.09,1.15,echo_ms,47,1.596747
latency,thurbox,other-busy,2,False,1.09,1.15,echo_ms,48,1.49901
latency,thurbox,other-busy,2,False,1.09,1.15,echo_ms,49,1.401046
latency,thurbox,other-busy,2,False,1.09,1.15,echo_ms,50,2.471737
latency,thurbox,other-busy,2,False,1.09,1.15,echo_ms,51,1.802787
latency,thurbox,other-busy,2,False,1.09,1.15,echo_ms,52,1.802509
latency,thurbox,other-busy,2,False,1.09,1.15,echo_ms,53,2.714081
latency,thurbox,other-busy,2,False,1.09,1.15,echo_ms,54,1.378718
latency,thurbox,other-busy,2,False,1.09,1.15,echo_ms,55,1.699807
latency,thurbox,other-busy,2,False,1.09,1.15,echo_ms,56,2.249306
latency,thurbox,other-busy,2,False,1.09,1.15,echo_ms,57,1.975954
latency,thurbox,other-busy,2,False,1.09,1.15,echo_ms,58,1.680705
latency,thurbox,other-busy,2,False,1.09,1.15,echo_ms,59,2.384924
latency,thurbox,other-busy,2,False,1.09,1.15,echo_ms,60,2.029114
latency,thurbox,other-busy,2,False,1.09,1.15,echo_ms,61,1.579308
latency,thurbox,other-busy,2,False,1.09,1.15,echo_ms,62,1.86676
latency,thurbox,other-busy,2,False,1.09,1.15,echo_ms,63,1.629914
latency,thurbox,other-busy,2,False,1.09,1.15,echo_ms,64,2.49047
latency,thurbox,other-busy,2,False,1.09,1.15,echo_ms,65,1.686912
latency,thurbox,other-busy,2,False,1.09,1.15,echo_ms,66,2.423046
latency,thurbox,other-busy,2,False,1.09,1.15,echo_ms,67,1.967823
latency,thurbox,other-busy,2,False,1.09,1.15,echo_ms,68,2.401571
latency,thurbox,other-busy,2,False,1.09,1.15,echo_ms,69,1.912189
latency,thurbox,other-busy,2,False,1.09,1.15,echo_ms,70,1.692362
latency,thurbox,other-busy,2,False,1.09,1.15,echo_ms,71,1.980394
latency,thurbox,other-busy,2,False,1.09,1.15,echo_ms,72,1.72111
latency,thurbox,other-busy,2,False,1.09,1.15,echo_ms,73,2.57276
latency,thurbox,other-busy,2,False,1.09,1.15,echo_ms,74,1.653492
latency,thurbox,other-busy,2,False,1.09,1.15,echo_ms,75,2.543868
latency,thurbox,other-busy,2,False,1.09,1.15,echo_ms,76,1.448054
latency,thurbox,other-busy,2,False,1.09,1.15,echo_ms,77,1.594283
latency,thurbox,other-busy,2,False,1.09,1.15,echo_ms,78,1.815748
latency,thurbox,other-busy,2,False,1.09,1.15,echo_ms,79,2.048711
latency,thurbox,other-busy,2,False,1.09,1.15,echo_ms,80,2.022376
latency,thurbox,other-busy,2,False,1.09,1.15,echo_ms,81,2.61937
latency,thurbox,other-busy,2,False,1.09,1.15,echo_ms,82,2.04747
latency,thurbox,other-busy,2,False,1.09,1.15,echo_ms,83,1.896219
latency,thurbox,other-busy,2,False,1.09,1.15,echo_ms,84,3.536782
latency,thurbox,other-busy,2,False,1.09,1.15,echo_ms,85,2.123112
latency,thurbox,other-busy,2,False,1.09,1.15,echo_ms,86,4.534766
latency,thurbox,other-busy,2,False,1.09,1.15,echo_ms,87,1.712774
latency,thurbox,other-busy,2,False,1.09,1.15,echo_ms,88,1.636722
latency,thurbox,other-busy,2,False,1.09,1.15,echo_ms,89,1.728872
latency,thurbox,other-busy,2,False,1.09,1.15,echo_ms,90,1.534636
latency,thurbox,other-busy,2,False,1.09,1.15,echo_ms,91,1.647874
latency,thurbox,other-busy,2,False,1.09,1.15,echo_ms,92,1.798422
latency,thurbox,other-busy,2,False,1.09,1.15,echo_ms,93,1.644656
latency,thurbox,other-busy,2,False,1.09,1.15,echo_ms,94,0.927514
latency,thurbox,other-busy,2,False,1.09,1.15,echo_ms,95,1.611265
latency,thurbox,other-busy,2,False,1.09,1.15,echo_ms,96,2.575945
latency,thurbox,other-busy,2,False,1.09,1.15,echo_ms,97,2.161999
latency,thurbox,other-busy,2,False,1.09,1.15,echo_ms,98,1.958567
latency,thurbox,other-busy,2,False,1.09,1.15,echo_ms,99,1.684028
latency,thurbox,other-busy,2,False,1.09,1.15,timeouts,,0
latency,herdr,other-busy,3,False,1.15,1.21,echo_ms,0,0.45206
latency,herdr,other-busy,3,False,1.15,1.21,echo_ms,1,0.505342
latency,herdr,other-busy,3,False,1.15,1.21,echo_ms,2,0.457549
latency,herdr,other-busy,3,False,1.15,1.21,echo_ms,3,0.438127
latency,herdr,other-busy,3,False,1.15,1.21,echo_ms,4,0.463363
latency,herdr,other-busy,3,False,1.15,1.21,echo_ms,5,0.44044
latency,herdr,other-busy,3,False,1.15,1.21,echo_ms,6,0.489605
latency,herdr,other-busy,3,False,1.15,1.21,echo_ms,7,0.42478
latency,herdr,other-busy,3,False,1.15,1.21,echo_ms,8,0.439104
latency,herdr,other-busy,3,False,1.15,1.21,echo_ms,9,0.468316
latency,herdr,other-busy,3,False,1.15,1.21,echo_ms,10,0.505712
latency,herdr,other-busy,3,False,1.15,1.21,echo_ms,11,0.443392
latency,herdr,other-busy,3,False,1.15,1.21,echo_ms,12,0.436409
latency,herdr,other-busy,3,False,1.15,1.21,echo_ms,13,0.428193
latency,herdr,other-busy,3,False,1.15,1.21,echo_ms,14,0.491714
latency,herdr,other-busy,3,False,1.15,1.21,echo_ms,15,0.486758
latency,herdr,other-busy,3,False,1.15,1.21,echo_ms,16,0.439963
latency,herdr,other-busy,3,False,1.15,1.21,echo_ms,17,0.439643
latency,herdr,other-busy,3,False,1.15,1.21,echo_ms,18,0.432907
latency,herdr,other-busy,3,False,1.15,1.21,echo_ms,19,0.457941
latency,herdr,other-busy,3,False,1.15,1.21,echo_ms,20,0.48605
latency,herdr,other-busy,3,False,1.15,1.21,echo_ms,21,0.442891
latency,herdr,other-busy,3,False,1.15,1.21,echo_ms,22,0.520456
latency,herdr,other-busy,3,False,1.15,1.21,echo_ms,23,0.465798
latency,herdr,other-busy,3,False,1.15,1.21,echo_ms,24,0.450973
latency,herdr,other-busy,3,False,1.15,1.21,echo_ms,25,0.438481
latency,herdr,other-busy,3,False,1.15,1.21,echo_ms,26,0.51586
latency,herdr,other-busy,3,False,1.15,1.21,echo_ms,27,0.49644
latency,herdr,other-busy,3,False,1.15,1.21,echo_ms,28,0.408478
latency,herdr,other-busy,3,False,1.15,1.21,echo_ms,29,0.462942
latency,herdr,other-busy,3,False,1.15,1.21,echo_ms,30,0.558927
latency,herdr,other-busy,3,False,1.15,1.21,echo_ms,31,0.501143
latency,herdr,other-busy,3,False,1.15,1.21,echo_ms,32,0.450099
latency,herdr,other-busy,3,False,1.15,1.21,echo_ms,33,0.493192
latency,herdr,other-busy,3,False,1.15,1.21,echo_ms,34,0.436845
latency,herdr,other-busy,3,False,1.15,1.21,echo_ms,35,0.443732
latency,herdr,other-busy,3,False,1.15,1.21,echo_ms,36,0.451867
latency,herdr,other-busy,3,False,1.15,1.21,echo_ms,37,0.438457
latency,herdr,other-busy,3,False,1.15,1.21,echo_ms,38,0.436696
latency,herdr,other-busy,3,False,1.15,1.21,echo_ms,39,0.434946
latency,herdr,other-busy,3,False,1.15,1.21,echo_ms,40,0.434629
latency,herdr,other-busy,3,False,1.15,1.21,echo_ms,41,0.452832
latency,herdr,other-busy,3,False,1.15,1.21,echo_ms,42,0.459639
latency,herdr,other-busy,3,False,1.15,1.21,echo_ms,43,0.443493
latency,herdr,other-busy,3,False,1.15,1.21,echo_ms,44,0.466419
latency,herdr,other-busy,3,False,1.15,1.21,echo_ms,45,0.50491
latency,herdr,other-busy,3,False,1.15,1.21,echo_ms,46,0.456112
latency,herdr,other-busy,3,False,1.15,1.21,echo_ms,47,0.4403
latency,herdr,other-busy,3,False,1.15,1.21,echo_ms,48,0.460822
latency,herdr,other-busy,3,False,1.15,1.21,echo_ms,49,0.465945
latency,herdr,other-busy,3,False,1.15,1.21,echo_ms,50,0.478847
latency,herdr,other-busy,3,False,1.15,1.21,echo_ms,51,0.423328
latency,herdr,other-busy,3,False,1.15,1.21,echo_ms,52,0.491692
latency,herdr,other-busy,3,False,1.15,1.21,echo_ms,53,0.421131
latency,herdr,other-busy,3,False,1.15,1.21,echo_ms,54,0.435724
latency,herdr,other-busy,3,False,1.15,1.21,echo_ms,55,0.447459
latency,herdr,other-busy,3,False,1.15,1.21,echo_ms,56,0.423255
latency,herdr,other-busy,3,False,1.15,1.21,echo_ms,57,0.452177
latency,herdr,other-busy,3,False,1.15,1.21,echo_ms,58,0.466555
latency,herdr,other-busy,3,False,1.15,1.21,echo_ms,59,0.45921
latency,herdr,other-busy,3,False,1.15,1.21,echo_ms,60,0.412653
latency,herdr,other-busy,3,False,1.15,1.21,echo_ms,61,0.534027
latency,herdr,other-busy,3,False,1.15,1.21,echo_ms,62,0.494908
latency,herdr,other-busy,3,False,1.15,1.21,echo_ms,63,0.489789
latency,herdr,other-busy,3,False,1.15,1.21,echo_ms,64,0.442308
latency,herdr,other-busy,3,False,1.15,1.21,echo_ms,65,0.563665
latency,herdr,other-busy,3,False,1.15,1.21,echo_ms,66,0.487249
latency,herdr,other-busy,3,False,1.15,1.21,echo_ms,67,0.47328
latency,herdr,other-busy,3,False,1.15,1.21,echo_ms,68,0.500966
latency,herdr,other-busy,3,False,1.15,1.21,echo_ms,69,0.409887
latency,herdr,other-busy,3,False,1.15,1.21,echo_ms,70,0.618404
latency,herdr,other-busy,3,False,1.15,1.21,echo_ms,71,0.498473
latency,herdr,other-busy,3,False,1.15,1.21,echo_ms,72,0.488844
latency,herdr,other-busy,3,False,1.15,1.21,echo_ms,73,0.519878
latency,herdr,other-busy,3,False,1.15,1.21,echo_ms,74,0.439458
latency,herdr,other-busy,3,False,1.15,1.21,echo_ms,75,0.469166
latency,herdr,other-busy,3,False,1.15,1.21,echo_ms,76,0.570353
latency,herdr,other-busy,3,False,1.15,1.21,echo_ms,77,1.240754
latency,herdr,other-busy,3,False,1.15,1.21,echo_ms,78,0.433064
latency,herdr,other-busy,3,False,1.15,1.21,echo_ms,79,0.498725
latency,herdr,other-busy,3,False,1.15,1.21,echo_ms,80,0.450862
latency,herdr,other-busy,3,False,1.15,1.21,echo_ms,81,0.426148
latency,herdr,other-busy,3,False,1.15,1.21,echo_ms,82,0.43251
latency,herdr,other-busy,3,False,1.15,1.21,echo_ms,83,0.432377
latency,herdr,other-busy,3,False,1.15,1.21,echo_ms,84,0.410758
latency,herdr,other-busy,3,False,1.15,1.21,echo_ms,85,0.479884
latency,herdr,other-busy,3,False,1.15,1.21,echo_ms,86,0.472202
latency,herdr,other-busy,3,False,1.15,1.21,echo_ms,87,0.42446
latency,herdr,other-busy,3,False,1.15,1.21,echo_ms,88,0.446838
latency,herdr,other-busy,3,False,1.15,1.21,echo_ms,89,0.427189
latency,herdr,other-busy,3,False,1.15,1.21,echo_ms,90,0.430442
latency,herdr,other-busy,3,False,1.15,1.21,echo_ms,91,0.486058
latency,herdr,other-busy,3,False,1.15,1.21,echo_ms,92,0.438724
latency,herdr,other-busy,3,False,1.15,1.21,echo_ms,93,0.445249
latency,herdr,other-busy,3,False,1.15,1.21,echo_ms,94,0.440959
latency,herdr,other-busy,3,False,1.15,1.21,echo_ms,95,0.566622
latency,herdr,other-busy,3,False,1.15,1.21,echo_ms,96,0.440448
latency,herdr,other-busy,3,False,1.15,1.21,echo_ms,97,0.475863
latency,herdr,other-busy,3,False,1.15,1.21,echo_ms,98,0.560176
latency,herdr,other-busy,3,False,1.15,1.21,echo_ms,99,0.72429
latency,herdr,other-busy,3,False,1.15,1.21,timeouts,,0
latency,thurbox,other-busy,3,False,1.21,1.33,echo_ms,0,2.119539
latency,thurbox,other-busy,3,False,1.21,1.33,echo_ms,1,1.433839
latency,thurbox,other-busy,3,False,1.21,1.33,echo_ms,2,3.418731
latency,thurbox,other-busy,3,False,1.21,1.33,echo_ms,3,2.086454
latency,thurbox,other-busy,3,False,1.21,1.33,echo_ms,4,1.911727
latency,thurbox,other-busy,3,False,1.21,1.33,echo_ms,5,1.756223
latency,thurbox,other-busy,3,False,1.21,1.33,echo_ms,6,1.820925
latency,thurbox,other-busy,3,False,1.21,1.33,echo_ms,7,4.420973
latency,thurbox,other-busy,3,False,1.21,1.33,echo_ms,8,1.924623
latency,thurbox,other-busy,3,False,1.21,1.33,echo_ms,9,1.690345
latency,thurbox,other-busy,3,False,1.21,1.33,echo_ms,10,1.68353
latency,thurbox,other-busy,3,False,1.21,1.33,echo_ms,11,1.607277
latency,thurbox,other-busy,3,False,1.21,1.33,echo_ms,12,1.95826
latency,thurbox,other-busy,3,False,1.21,1.33,echo_ms,13,2.760736
latency,thurbox,other-busy,3,False,1.21,1.33,echo_ms,14,1.776166
latency,thurbox,other-busy,3,False,1.21,1.33,echo_ms,15,1.837961
latency,thurbox,other-busy,3,False,1.21,1.33,echo_ms,16,1.453304
latency,thurbox,other-busy,3,False,1.21,1.33,echo_ms,17,1.88837
latency,thurbox,other-busy,3,False,1.21,1.33,echo_ms,18,1.646066
latency,thurbox,other-busy,3,False,1.21,1.33,echo_ms,19,2.357162
latency,thurbox,other-busy,3,False,1.21,1.33,echo_ms,20,2.147204
latency,thurbox,other-busy,3,False,1.21,1.33,echo_ms,21,1.972395
latency,thurbox,other-busy,3,False,1.21,1.33,echo_ms,22,1.857268
latency,thurbox,other-busy,3,False,1.21,1.33,echo_ms,23,1.88221
latency,thurbox,other-busy,3,False,1.21,1.33,echo_ms,24,2.392467
latency,thurbox,other-busy,3,False,1.21,1.33,echo_ms,25,1.803475
latency,thurbox,other-busy,3,False,1.21,1.33,echo_ms,26,2.713248
latency,thurbox,other-busy,3,False,1.21,1.33,echo_ms,27,2.365801
latency,thurbox,other-busy,3,False,1.21,1.33,echo_ms,28,1.897495
latency,thurbox,other-busy,3,False,1.21,1.33,echo_ms,29,2.375976
latency,thurbox,other-busy,3,False,1.21,1.33,echo_ms,30,1.631925
latency,thurbox,other-busy,3,False,1.21,1.33,echo_ms,31,1.417361
latency,thurbox,other-busy,3,False,1.21,1.33,echo_ms,32,1.549026
latency,thurbox,other-busy,3,False,1.21,1.33,echo_ms,33,1.908269
latency,thurbox,other-busy,3,False,1.21,1.33,echo_ms,34,2.092764
latency,thurbox,other-busy,3,False,1.21,1.33,echo_ms,35,1.72492
latency,thurbox,other-busy,3,False,1.21,1.33,echo_ms,36,1.982886
latency,thurbox,other-busy,3,False,1.21,1.33,echo_ms,37,3.055479
latency,thurbox,other-busy,3,False,1.21,1.33,echo_ms,38,1.580632
latency,thurbox,other-busy,3,False,1.21,1.33,echo_ms,39,1.529446
latency,thurbox,other-busy,3,False,1.21,1.33,echo_ms,40,1.247307
latency,thurbox,other-busy,3,False,1.21,1.33,echo_ms,41,1.652608
latency,thurbox,other-busy,3,False,1.21,1.33,echo_ms,42,1.4423
latency,thurbox,other-busy,3,False,1.21,1.33,echo_ms,43,1.888178
latency,thurbox,other-busy,3,False,1.21,1.33,echo_ms,44,2.048632
latency,thurbox,other-busy,3,False,1.21,1.33,echo_ms,45,4.374793
latency,thurbox,other-busy,3,False,1.21,1.33,echo_ms,46,1.903437
latency,thurbox,other-busy,3,False,1.21,1.33,echo_ms,47,2.113474
latency,thurbox,other-busy,3,False,1.21,1.33,echo_ms,48,1.592904
latency,thurbox,other-busy,3,False,1.21,1.33,echo_ms,49,2.011226
latency,thurbox,other-busy,3,False,1.21,1.33,echo_ms,50,2.388772
latency,thurbox,other-busy,3,False,1.21,1.33,echo_ms,51,1.599288
latency,thurbox,other-busy,3,False,1.21,1.33,echo_ms,52,3.410934
latency,thurbox,other-busy,3,False,1.21,1.33,echo_ms,53,2.028141
latency,thurbox,other-busy,3,False,1.21,1.33,echo_ms,54,2.217254
latency,thurbox,other-busy,3,False,1.21,1.33,echo_ms,55,1.90647
latency,thurbox,other-busy,3,False,1.21,1.33,echo_ms,56,2.125345
latency,thurbox,other-busy,3,False,1.21,1.33,echo_ms,57,1.506817
latency,thurbox,other-busy,3,False,1.21,1.33,echo_ms,58,1.692359
latency,thurbox,other-busy,3,False,1.21,1.33,echo_ms,59,1.620814
latency,thurbox,other-busy,3,False,1.21,1.33,echo_ms,60,3.981909
latency,thurbox,other-busy,3,False,1.21,1.33,echo_ms,61,1.388312
latency,thurbox,other-busy,3,False,1.21,1.33,echo_ms,62,1.743485
latency,thurbox,other-busy,3,False,1.21,1.33,echo_ms,63,1.95405
latency,thurbox,other-busy,3,False,1.21,1.33,echo_ms,64,1.601884
latency,thurbox,other-busy,3,False,1.21,1.33,echo_ms,65,1.58882
latency,thurbox,other-busy,3,False,1.21,1.33,echo_ms,66,1.909968
latency,thurbox,other-busy,3,False,1.21,1.33,echo_ms,67,1.422426
latency,thurbox,other-busy,3,False,1.21,1.33,echo_ms,68,2.180704
latency,thurbox,other-busy,3,False,1.21,1.33,echo_ms,69,1.874322
latency,thurbox,other-busy,3,False,1.21,1.33,echo_ms,70,1.43401
latency,thurbox,other-busy,3,False,1.21,1.33,echo_ms,71,1.720313
latency,thurbox,other-busy,3,False,1.21,1.33,echo_ms,72,2.167628
latency,thurbox,other-busy,3,False,1.21,1.33,echo_ms,73,1.733909
latency,thurbox,other-busy,3,False,1.21,1.33,echo_ms,74,2.768169
latency,thurbox,other-busy,3,False,1.21,1.33,echo_ms,75,2.095377
latency,thurbox,other-busy,3,False,1.21,1.33,echo_ms,76,1.386258
latency,thurbox,other-busy,3,False,1.21,1.33,echo_ms,77,1.456819
latency,thurbox,other-busy,3,False,1.21,1.33,echo_ms,78,1.760032
latency,thurbox,other-busy,3,False,1.21,1.33,echo_ms,79,1.806031
latency,thurbox,other-busy,3,False,1.21,1.33,echo_ms,80,1.991418
latency,thurbox,other-busy,3,False,1.21,1.33,echo_ms,81,2.213403
latency,thurbox,other-busy,3,False,1.21,1.33,echo_ms,82,3.630421
latency,thurbox,other-busy,3,False,1.21,1.33,echo_ms,83,1.693149
latency,thurbox,other-busy,3,False,1.21,1.33,echo_ms,84,2.079617
latency,thurbox,other-busy,3,False,1.21,1.33,echo_ms,85,1.74123
latency,thurbox,other-busy,3,False,1.21,1.33,echo_ms,86,4.731686
latency,thurbox,other-busy,3,False,1.21,1.33,echo_ms,87,1.958216
latency,thurbox,other-busy,3,False,1.21,1.33,echo_ms,88,1.473829
latency,thurbox,other-busy,3,False,1.21,1.33,echo_ms,89,1.896016
latency,thurbox,other-busy,3,False,1.21,1.33,echo_ms,90,2.888563
latency,thurbox,other-busy,3,False,1.21,1.33,echo_ms,91,1.788303
latency,thurbox,other-busy,3,False,1.21,1.33,echo_ms,92,1.857733
latency,thurbox,other-busy,3,False,1.21,1.33,echo_ms,93,1.920241
latency,thurbox,other-busy,3,False,1.21,1.33,echo_ms,94,2.851842
latency,thurbox,other-busy,3,False,1.21,1.33,echo_ms,95,1.485481
latency,thurbox,other-busy,3,False,1.21,1.33,echo_ms,96,2.221153
latency,thurbox,other-busy,3,False,1.21,1.33,echo_ms,97,1.810959
latency,thurbox,other-busy,3,False,1.21,1.33,echo_ms,98,1.519917
latency,thurbox,other-busy,3,False,1.21,1.33,echo_ms,99,1.422371
latency,thurbox,other-busy,3,False,1.21,1.33,timeouts,,0
latency,herdr,other-busy,4,False,1.33,1.35,echo_ms,0,0.42599
latency,herdr,other-busy,4,False,1.33,1.35,echo_ms,1,0.508297
latency,herdr,other-busy,4,False,1.33,1.35,echo_ms,2,0.410362
latency,herdr,other-busy,4,False,1.33,1.35,echo_ms,3,0.439297
latency,herdr,other-busy,4,False,1.33,1.35,echo_ms,4,0.441176
latency,herdr,other-busy,4,False,1.33,1.35,echo_ms,5,0.460491
latency,herdr,other-busy,4,False,1.33,1.35,echo_ms,6,0.429677
latency,herdr,other-busy,4,False,1.33,1.35,echo_ms,7,0.448386
latency,herdr,other-busy,4,False,1.33,1.35,echo_ms,8,0.440641
latency,herdr,other-busy,4,False,1.33,1.35,echo_ms,9,0.414639
latency,herdr,other-busy,4,False,1.33,1.35,echo_ms,10,0.401658
latency,herdr,other-busy,4,False,1.33,1.35,echo_ms,11,0.442761
latency,herdr,other-busy,4,False,1.33,1.35,echo_ms,12,0.435627
latency,herdr,other-busy,4,False,1.33,1.35,echo_ms,13,0.466933
latency,herdr,other-busy,4,False,1.33,1.35,echo_ms,14,0.424532
latency,herdr,other-busy,4,False,1.33,1.35,echo_ms,15,0.466454
latency,herdr,other-busy,4,False,1.33,1.35,echo_ms,16,0.436792
latency,herdr,other-busy,4,False,1.33,1.35,echo_ms,17,0.507362
latency,herdr,other-busy,4,False,1.33,1.35,echo_ms,18,0.441467
latency,herdr,other-busy,4,False,1.33,1.35,echo_ms,19,0.509102
latency,herdr,other-busy,4,False,1.33,1.35,echo_ms,20,0.488805
latency,herdr,other-busy,4,False,1.33,1.35,echo_ms,21,0.455354
latency,herdr,other-busy,4,False,1.33,1.35,echo_ms,22,0.436217
latency,herdr,other-busy,4,False,1.33,1.35,echo_ms,23,0.433768
latency,herdr,other-busy,4,False,1.33,1.35,echo_ms,24,0.430137
latency,herdr,other-busy,4,False,1.33,1.35,echo_ms,25,0.488622
latency,herdr,other-busy,4,False,1.33,1.35,echo_ms,26,0.438796
latency,herdr,other-busy,4,False,1.33,1.35,echo_ms,27,0.408607
latency,herdr,other-busy,4,False,1.33,1.35,echo_ms,28,0.432946
latency,herdr,other-busy,4,False,1.33,1.35,echo_ms,29,0.434836
latency,herdr,other-busy,4,False,1.33,1.35,echo_ms,30,0.425885
latency,herdr,other-busy,4,False,1.33,1.35,echo_ms,31,0.453291
latency,herdr,other-busy,4,False,1.33,1.35,echo_ms,32,0.45458
latency,herdr,other-busy,4,False,1.33,1.35,echo_ms,33,0.429869
latency,herdr,other-busy,4,False,1.33,1.35,echo_ms,34,0.442217
latency,herdr,other-busy,4,False,1.33,1.35,echo_ms,35,0.447214
latency,herdr,other-busy,4,False,1.33,1.35,echo_ms,36,0.424535
latency,herdr,other-busy,4,False,1.33,1.35,echo_ms,37,0.434842
latency,herdr,other-busy,4,False,1.33,1.35,echo_ms,38,0.476104
latency,herdr,other-busy,4,False,1.33,1.35,echo_ms,39,0.432901
latency,herdr,other-busy,4,False,1.33,1.35,echo_ms,40,0.46611
latency,herdr,other-busy,4,False,1.33,1.35,echo_ms,41,0.439263
latency,herdr,other-busy,4,False,1.33,1.35,echo_ms,42,0.415079
latency,herdr,other-busy,4,False,1.33,1.35,echo_ms,43,0.471917
latency,herdr,other-busy,4,False,1.33,1.35,echo_ms,44,0.409907
latency,herdr,other-busy,4,False,1.33,1.35,echo_ms,45,0.462932
latency,herdr,other-busy,4,False,1.33,1.35,echo_ms,46,0.447779
latency,herdr,other-busy,4,False,1.33,1.35,echo_ms,47,0.452034
latency,herdr,other-busy,4,False,1.33,1.35,echo_ms,48,0.466579
latency,herdr,other-busy,4,False,1.33,1.35,echo_ms,49,0.460472
latency,herdr,other-busy,4,False,1.33,1.35,echo_ms,50,0.53625
latency,herdr,other-busy,4,False,1.33,1.35,echo_ms,51,0.413724
latency,herdr,other-busy,4,False,1.33,1.35,echo_ms,52,0.424565
latency,herdr,other-busy,4,False,1.33,1.35,echo_ms,53,0.40911
latency,herdr,other-busy,4,False,1.33,1.35,echo_ms,54,0.427818
latency,herdr,other-busy,4,False,1.33,1.35,echo_ms,55,0.427342
latency,herdr,other-busy,4,False,1.33,1.35,echo_ms,56,0.441558
latency,herdr,other-busy,4,False,1.33,1.35,echo_ms,57,0.44049
latency,herdr,other-busy,4,False,1.33,1.35,echo_ms,58,0.451977
latency,herdr,other-busy,4,False,1.33,1.35,echo_ms,59,0.462137
latency,herdr,other-busy,4,False,1.33,1.35,echo_ms,60,0.424215
latency,herdr,other-busy,4,False,1.33,1.35,echo_ms,61,0.429813
latency,herdr,other-busy,4,False,1.33,1.35,echo_ms,62,0.568942
latency,herdr,other-busy,4,False,1.33,1.35,echo_ms,63,0.471369
latency,herdr,other-busy,4,False,1.33,1.35,echo_ms,64,0.430681
latency,herdr,other-busy,4,False,1.33,1.35,echo_ms,65,0.42553
latency,herdr,other-busy,4,False,1.33,1.35,echo_ms,66,0.492651
latency,herdr,other-busy,4,False,1.33,1.35,echo_ms,67,0.512079
latency,herdr,other-busy,4,False,1.33,1.35,echo_ms,68,0.434061
latency,herdr,other-busy,4,False,1.33,1.35,echo_ms,69,0.495531
latency,herdr,other-busy,4,False,1.33,1.35,echo_ms,70,0.496784
latency,herdr,other-busy,4,False,1.33,1.35,echo_ms,71,0.496309
latency,herdr,other-busy,4,False,1.33,1.35,echo_ms,72,0.46505
latency,herdr,other-busy,4,False,1.33,1.35,echo_ms,73,0.425794
latency,herdr,other-busy,4,False,1.33,1.35,echo_ms,74,0.533366
latency,herdr,other-busy,4,False,1.33,1.35,echo_ms,75,0.455763
latency,herdr,other-busy,4,False,1.33,1.35,echo_ms,76,0.428193
latency,herdr,other-busy,4,False,1.33,1.35,echo_ms,77,0.42051
latency,herdr,other-busy,4,False,1.33,1.35,echo_ms,78,0.422637
latency,herdr,other-busy,4,False,1.33,1.35,echo_ms,79,0.442876
latency,herdr,other-busy,4,False,1.33,1.35,echo_ms,80,0.488192
latency,herdr,other-busy,4,False,1.33,1.35,echo_ms,81,0.472718
latency,herdr,other-busy,4,False,1.33,1.35,echo_ms,82,0.991775
latency,herdr,other-busy,4,False,1.33,1.35,echo_ms,83,0.502712
latency,herdr,other-busy,4,False,1.33,1.35,echo_ms,84,0.440118
latency,herdr,other-busy,4,False,1.33,1.35,echo_ms,85,0.432343
latency,herdr,other-busy,4,False,1.33,1.35,echo_ms,86,0.59641
latency,herdr,other-busy,4,False,1.33,1.35,echo_ms,87,0.492284
latency,herdr,other-busy,4,False,1.33,1.35,echo_ms,88,0.437854
latency,herdr,other-busy,4,False,1.33,1.35,echo_ms,89,0.432478
latency,herdr,other-busy,4,False,1.33,1.35,echo_ms,90,0.423568
latency,herdr,other-busy,4,False,1.33,1.35,echo_ms,91,0.482535
latency,herdr,other-busy,4,False,1.33,1.35,echo_ms,92,0.498074
latency,herdr,other-busy,4,False,1.33,1.35,echo_ms,93,0.435523
latency,herdr,other-busy,4,False,1.33,1.35,echo_ms,94,0.416452
latency,herdr,other-busy,4,False,1.33,1.35,echo_ms,95,0.42667
latency,herdr,other-busy,4,False,1.33,1.35,echo_ms,96,0.442633
latency,herdr,other-busy,4,False,1.33,1.35,echo_ms,97,0.520479
latency,herdr,other-busy,4,False,1.33,1.35,echo_ms,98,0.475403
latency,herdr,other-busy,4,False,1.33,1.35,echo_ms,99,0.434803
latency,herdr,other-busy,4,False,1.33,1.35,timeouts,,0
latency,thurbox,other-busy,4,False,1.35,2.01,echo_ms,0,2.369706
latency,thurbox,other-busy,4,False,1.35,2.01,echo_ms,1,1.682054
latency,thurbox,other-busy,4,False,1.35,2.01,echo_ms,2,1.736524
latency,thurbox,other-busy,4,False,1.35,2.01,echo_ms,3,1.696438
latency,thurbox,other-busy,4,False,1.35,2.01,echo_ms,4,1.906394
latency,thurbox,other-busy,4,False,1.35,2.01,echo_ms,5,1.278227
latency,thurbox,other-busy,4,False,1.35,2.01,echo_ms,6,1.840049
latency,thurbox,other-busy,4,False,1.35,2.01,echo_ms,7,3.381264
latency,thurbox,other-busy,4,False,1.35,2.01,echo_ms,8,2.353249
latency,thurbox,other-busy,4,False,1.35,2.01,echo_ms,9,1.422617
latency,thurbox,other-busy,4,False,1.35,2.01,echo_ms,10,2.830204
latency,thurbox,other-busy,4,False,1.35,2.01,echo_ms,11,1.638475
latency,thurbox,other-busy,4,False,1.35,2.01,echo_ms,12,2.582826
latency,thurbox,other-busy,4,False,1.35,2.01,echo_ms,13,1.686988
latency,thurbox,other-busy,4,False,1.35,2.01,echo_ms,14,1.923231
latency,thurbox,other-busy,4,False,1.35,2.01,echo_ms,15,2.26989
latency,thurbox,other-busy,4,False,1.35,2.01,echo_ms,16,1.516597
latency,thurbox,other-busy,4,False,1.35,2.01,echo_ms,17,1.41315
latency,thurbox,other-busy,4,False,1.35,2.01,echo_ms,18,2.370106
latency,thurbox,other-busy,4,False,1.35,2.01,echo_ms,19,1.775498
latency,thurbox,other-busy,4,False,1.35,2.01,echo_ms,20,2.207496
latency,thurbox,other-busy,4,False,1.35,2.01,echo_ms,21,2.197567
latency,thurbox,other-busy,4,False,1.35,2.01,echo_ms,22,2.031349
latency,thurbox,other-busy,4,False,1.35,2.01,echo_ms,23,1.670433
latency,thurbox,other-busy,4,False,1.35,2.01,echo_ms,24,1.725982
latency,thurbox,other-busy,4,False,1.35,2.01,echo_ms,25,3.616125
latency,thurbox,other-busy,4,False,1.35,2.01,echo_ms,26,2.127617
latency,thurbox,other-busy,4,False,1.35,2.01,echo_ms,27,1.66532
latency,thurbox,other-busy,4,False,1.35,2.01,echo_ms,28,1.860692
latency,thurbox,other-busy,4,False,1.35,2.01,echo_ms,29,2.253309
latency,thurbox,other-busy,4,False,1.35,2.01,echo_ms,30,2.017709
latency,thurbox,other-busy,4,False,1.35,2.01,echo_ms,31,2.734814
latency,thurbox,other-busy,4,False,1.35,2.01,echo_ms,32,2.346675
latency,thurbox,other-busy,4,False,1.35,2.01,echo_ms,33,1.124726
latency,thurbox,other-busy,4,False,1.35,2.01,echo_ms,34,1.799974
latency,thurbox,other-busy,4,False,1.35,2.01,echo_ms,35,1.54819
latency,thurbox,other-busy,4,False,1.35,2.01,echo_ms,36,2.110561
latency,thurbox,other-busy,4,False,1.35,2.01,echo_ms,37,2.233657
latency,thurbox,other-busy,4,False,1.35,2.01,echo_ms,38,1.590694
latency,thurbox,other-busy,4,False,1.35,2.01,echo_ms,39,1.387199
latency,thurbox,other-busy,4,False,1.35,2.01,echo_ms,40,2.409827
latency,thurbox,other-busy,4,False,1.35,2.01,echo_ms,41,2.221811
latency,thurbox,other-busy,4,False,1.35,2.01,echo_ms,42,2.049176
latency,thurbox,other-busy,4,False,1.35,2.01,echo_ms,43,1.88442
latency,thurbox,other-busy,4,False,1.35,2.01,echo_ms,44,2.635317
latency,thurbox,other-busy,4,False,1.35,2.01,echo_ms,45,1.855828
latency,thurbox,other-busy,4,False,1.35,2.01,echo_ms,46,1.576907
latency,thurbox,other-busy,4,False,1.35,2.01,echo_ms,47,2.937188
latency,thurbox,other-busy,4,False,1.35,2.01,echo_ms,48,1.683701
latency,thurbox,other-busy,4,False,1.35,2.01,echo_ms,49,1.83069
latency,thurbox,other-busy,4,False,1.35,2.01,echo_ms,50,1.97392
latency,thurbox,other-busy,4,False,1.35,2.01,echo_ms,51,2.029163
latency,thurbox,other-busy,4,False,1.35,2.01,echo_ms,52,2.094294
latency,thurbox,other-busy,4,False,1.35,2.01,echo_ms,53,2.288963
latency,thurbox,other-busy,4,False,1.35,2.01,echo_ms,54,1.630801
latency,thurbox,other-busy,4,False,1.35,2.01,echo_ms,55,1.557849
latency,thurbox,other-busy,4,False,1.35,2.01,echo_ms,56,2.08337
latency,thurbox,other-busy,4,False,1.35,2.01,echo_ms,57,1.743434
latency,thurbox,other-busy,4,False,1.35,2.01,echo_ms,58,4.021843
latency,thurbox,other-busy,4,False,1.35,2.01,echo_ms,59,1.769638
latency,thurbox,other-busy,4,False,1.35,2.01,echo_ms,60,2.104111
latency,thurbox,other-busy,4,False,1.35,2.01,echo_ms,61,2.162621
latency,thurbox,other-busy,4,False,1.35,2.01,echo_ms,62,2.325028
latency,thurbox,other-busy,4,False,1.35,2.01,echo_ms,63,1.516336
latency,thurbox,other-busy,4,False,1.35,2.01,echo_ms,64,2.792757
latency,thurbox,other-busy,4,False,1.35,2.01,echo_ms,65,2.158306
latency,thurbox,other-busy,4,False,1.35,2.01,echo_ms,66,1.718993
latency,thurbox,other-busy,4,False,1.35,2.01,echo_ms,67,1.68666
latency,thurbox,other-busy,4,False,1.35,2.01,echo_ms,68,1.608667
latency,thurbox,other-busy,4,False,1.35,2.01,echo_ms,69,1.823901
latency,thurbox,other-busy,4,False,1.35,2.01,echo_ms,70,1.981599
latency,thurbox,other-busy,4,False,1.35,2.01,echo_ms,71,3.956495
latency,thurbox,other-busy,4,False,1.35,2.01,echo_ms,72,1.681969
latency,thurbox,other-busy,4,False,1.35,2.01,echo_ms,73,1.739019
latency,thurbox,other-busy,4,False,1.35,2.01,echo_ms,74,1.932886
latency,thurbox,other-busy,4,False,1.35,2.01,echo_ms,75,1.580105
latency,thurbox,other-busy,4,False,1.35,2.01,echo_ms,76,2.050749
latency,thurbox,other-busy,4,False,1.35,2.01,echo_ms,77,2.472914
latency,thurbox,other-busy,4,False,1.35,2.01,echo_ms,78,1.90913
latency,thurbox,other-busy,4,False,1.35,2.01,echo_ms,79,1.699858
latency,thurbox,other-busy,4,False,1.35,2.01,echo_ms,80,4.089838
latency,thurbox,other-busy,4,False,1.35,2.01,echo_ms,81,1.606447
latency,thurbox,other-busy,4,False,1.35,2.01,echo_ms,82,1.97812
latency,thurbox,other-busy,4,False,1.35,2.01,echo_ms,83,1.635398
latency,thurbox,other-busy,4,False,1.35,2.01,echo_ms,84,3.742878
latency,thurbox,other-busy,4,False,1.35,2.01,echo_ms,85,1.726235
latency,thurbox,other-busy,4,False,1.35,2.01,echo_ms,86,2.298176
latency,thurbox,other-busy,4,False,1.35,2.01,echo_ms,87,1.769294
latency,thurbox,other-busy,4,False,1.35,2.01,echo_ms,88,2.604014
latency,thurbox,other-busy,4,False,1.35,2.01,echo_ms,89,1.944315
latency,thurbox,other-busy,4,False,1.35,2.01,echo_ms,90,1.646207
latency,thurbox,other-busy,4,False,1.35,2.01,echo_ms,91,1.949702
latency,thurbox,other-busy,4,False,1.35,2.01,echo_ms,92,2.362498
latency,thurbox,other-busy,4,False,1.35,2.01,echo_ms,93,2.047505
latency,thurbox,other-busy,4,False,1.35,2.01,echo_ms,94,2.797732
latency,thurbox,other-busy,4,False,1.35,2.01,echo_ms,95,2.330405
latency,thurbox,other-busy,4,False,1.35,2.01,echo_ms,96,1.937054
latency,thurbox,other-busy,4,False,1.35,2.01,echo_ms,97,1.769494
latency,thurbox,other-busy,4,False,1.35,2.01,echo_ms,98,1.711287
latency,thurbox,other-busy,4,False,1.35,2.01,echo_ms,99,1.985988
latency,thurbox,other-busy,4,False,1.35,2.01,timeouts,,0
latency,herdr,other-busy,5,False,2.01,2.0,echo_ms,0,0.415931
latency,herdr,other-busy,5,False,2.01,2.0,echo_ms,1,0.442681
latency,herdr,other-busy,5,False,2.01,2.0,echo_ms,2,0.455582
latency,herdr,other-busy,5,False,2.01,2.0,echo_ms,3,0.441481
latency,herdr,other-busy,5,False,2.01,2.0,echo_ms,4,0.431765
latency,herdr,other-busy,5,False,2.01,2.0,echo_ms,5,0.441401
latency,herdr,other-busy,5,False,2.01,2.0,echo_ms,6,0.458133
latency,herdr,other-busy,5,False,2.01,2.0,echo_ms,7,0.429888
latency,herdr,other-busy,5,False,2.01,2.0,echo_ms,8,0.451263
latency,herdr,other-busy,5,False,2.01,2.0,echo_ms,9,0.480466
latency,herdr,other-busy,5,False,2.01,2.0,echo_ms,10,0.515267
latency,herdr,other-busy,5,False,2.01,2.0,echo_ms,11,0.440192
latency,herdr,other-busy,5,False,2.01,2.0,echo_ms,12,0.441685
latency,herdr,other-busy,5,False,2.01,2.0,echo_ms,13,0.425243
latency,herdr,other-busy,5,False,2.01,2.0,echo_ms,14,0.431233
latency,herdr,other-busy,5,False,2.01,2.0,echo_ms,15,0.445822
latency,herdr,other-busy,5,False,2.01,2.0,echo_ms,16,0.524786
latency,herdr,other-busy,5,False,2.01,2.0,echo_ms,17,0.504142
latency,herdr,other-busy,5,False,2.01,2.0,echo_ms,18,0.584461
latency,herdr,other-busy,5,False,2.01,2.0,echo_ms,19,0.473181
latency,herdr,other-busy,5,False,2.01,2.0,echo_ms,20,0.439921
latency,herdr,other-busy,5,False,2.01,2.0,echo_ms,21,0.457392
latency,herdr,other-busy,5,False,2.01,2.0,echo_ms,22,0.489541
latency,herdr,other-busy,5,False,2.01,2.0,echo_ms,23,0.449449
latency,herdr,other-busy,5,False,2.01,2.0,echo_ms,24,0.454214
latency,herdr,other-busy,5,False,2.01,2.0,echo_ms,25,0.470337
latency,herdr,other-busy,5,False,2.01,2.0,echo_ms,26,0.576972
latency,herdr,other-busy,5,False,2.01,2.0,echo_ms,27,0.423503
latency,herdr,other-busy,5,False,2.01,2.0,echo_ms,28,0.520214
latency,herdr,other-busy,5,False,2.01,2.0,echo_ms,29,0.480724
latency,herdr,other-busy,5,False,2.01,2.0,echo_ms,30,0.478517
latency,herdr,other-busy,5,False,2.01,2.0,echo_ms,31,0.420081
latency,herdr,other-busy,5,False,2.01,2.0,echo_ms,32,0.438321
latency,herdr,other-busy,5,False,2.01,2.0,echo_ms,33,0.463491
latency,herdr,other-busy,5,False,2.01,2.0,echo_ms,34,0.51448
latency,herdr,other-busy,5,False,2.01,2.0,echo_ms,35,0.48468
latency,herdr,other-busy,5,False,2.01,2.0,echo_ms,36,0.445952
latency,herdr,other-busy,5,False,2.01,2.0,echo_ms,37,0.421057
latency,herdr,other-busy,5,False,2.01,2.0,echo_ms,38,0.419731
latency,herdr,other-busy,5,False,2.01,2.0,echo_ms,39,0.435352
latency,herdr,other-busy,5,False,2.01,2.0,echo_ms,40,0.45197
latency,herdr,other-busy,5,False,2.01,2.0,echo_ms,41,0.445254
latency,herdr,other-busy,5,False,2.01,2.0,echo_ms,42,0.435713
latency,herdr,other-busy,5,False,2.01,2.0,echo_ms,43,0.443534
latency,herdr,other-busy,5,False,2.01,2.0,echo_ms,44,0.497723
latency,herdr,other-busy,5,False,2.01,2.0,echo_ms,45,0.441009
latency,herdr,other-busy,5,False,2.01,2.0,echo_ms,46,0.454953
latency,herdr,other-busy,5,False,2.01,2.0,echo_ms,47,0.488307
latency,herdr,other-busy,5,False,2.01,2.0,echo_ms,48,0.443486
latency,herdr,other-busy,5,False,2.01,2.0,echo_ms,49,0.489087
latency,herdr,other-busy,5,False,2.01,2.0,echo_ms,50,0.442755
latency,herdr,other-busy,5,False,2.01,2.0,echo_ms,51,0.441781
latency,herdr,other-busy,5,False,2.01,2.0,echo_ms,52,0.486085
latency,herdr,other-busy,5,False,2.01,2.0,echo_ms,53,0.425536
latency,herdr,other-busy,5,False,2.01,2.0,echo_ms,54,0.458588
latency,herdr,other-busy,5,False,2.01,2.0,echo_ms,55,0.480654
latency,herdr,other-busy,5,False,2.01,2.0,echo_ms,56,0.435033
latency,herdr,other-busy,5,False,2.01,2.0,echo_ms,57,0.44851
latency,herdr,other-busy,5,False,2.01,2.0,echo_ms,58,0.442149
latency,herdr,other-busy,5,False,2.01,2.0,echo_ms,59,0.451612
latency,herdr,other-busy,5,False,2.01,2.0,echo_ms,60,0.473196
latency,herdr,other-busy,5,False,2.01,2.0,echo_ms,61,0.438436
latency,herdr,other-busy,5,False,2.01,2.0,echo_ms,62,0.508272
latency,herdr,other-busy,5,False,2.01,2.0,echo_ms,63,0.419513
latency,herdr,other-busy,5,False,2.01,2.0,echo_ms,64,0.435702
latency,herdr,other-busy,5,False,2.01,2.0,echo_ms,65,0.421927
latency,herdr,other-busy,5,False,2.01,2.0,echo_ms,66,1.287134
latency,herdr,other-busy,5,False,2.01,2.0,echo_ms,67,0.448371
latency,herdr,other-busy,5,False,2.01,2.0,echo_ms,68,0.416948
latency,herdr,other-busy,5,False,2.01,2.0,echo_ms,69,0.449874
latency,herdr,other-busy,5,False,2.01,2.0,echo_ms,70,0.437557
latency,herdr,other-busy,5,False,2.01,2.0,echo_ms,71,0.453053
latency,herdr,other-busy,5,False,2.01,2.0,echo_ms,72,0.433787
latency,herdr,other-busy,5,False,2.01,2.0,echo_ms,73,0.448375
latency,herdr,other-busy,5,False,2.01,2.0,echo_ms,74,0.438736
latency,herdr,other-busy,5,False,2.01,2.0,echo_ms,75,1.234333
latency,herdr,other-busy,5,False,2.01,2.0,echo_ms,76,0.479555
latency,herdr,other-busy,5,False,2.01,2.0,echo_ms,77,0.512648
latency,herdr,other-busy,5,False,2.01,2.0,echo_ms,78,0.426389
latency,herdr,other-busy,5,False,2.01,2.0,echo_ms,79,0.520377
latency,herdr,other-busy,5,False,2.01,2.0,echo_ms,80,0.47629
latency,herdr,other-busy,5,False,2.01,2.0,echo_ms,81,0.49743
latency,herdr,other-busy,5,False,2.01,2.0,echo_ms,82,0.433569
latency,herdr,other-busy,5,False,2.01,2.0,echo_ms,83,0.691615
latency,herdr,other-busy,5,False,2.01,2.0,echo_ms,84,0.589823
latency,herdr,other-busy,5,False,2.01,2.0,echo_ms,85,0.454281
latency,herdr,other-busy,5,False,2.01,2.0,echo_ms,86,0.456243
latency,herdr,other-busy,5,False,2.01,2.0,echo_ms,87,0.630864
latency,herdr,other-busy,5,False,2.01,2.0,echo_ms,88,0.456817
latency,herdr,other-busy,5,False,2.01,2.0,echo_ms,89,0.431491
latency,herdr,other-busy,5,False,2.01,2.0,echo_ms,90,0.562219
latency,herdr,other-busy,5,False,2.01,2.0,echo_ms,91,0.450185
latency,herdr,other-busy,5,False,2.01,2.0,echo_ms,92,0.431947
latency,herdr,other-busy,5,False,2.01,2.0,echo_ms,93,0.443497
latency,herdr,other-busy,5,False,2.01,2.0,echo_ms,94,0.405808
latency,herdr,other-busy,5,False,2.01,2.0,echo_ms,95,0.457506
latency,herdr,other-busy,5,False,2.01,2.0,echo_ms,96,0.5856
latency,herdr,other-busy,5,False,2.01,2.0,echo_ms,97,0.444141
latency,herdr,other-busy,5,False,2.01,2.0,echo_ms,98,0.433936
latency,herdr,other-busy,5,False,2.01,2.0,echo_ms,99,0.55326
latency,herdr,other-busy,5,False,2.01,2.0,timeouts,,0
latency,thurbox,other-busy,5,False,2.0,1.92,echo_ms,0,1.81658
latency,thurbox,other-busy,5,False,2.0,1.92,echo_ms,1,2.417438
latency,thurbox,other-busy,5,False,2.0,1.92,echo_ms,2,1.663534
latency,thurbox,other-busy,5,False,2.0,1.92,echo_ms,3,2.734862
latency,thurbox,other-busy,5,False,2.0,1.92,echo_ms,4,1.78999
latency,thurbox,other-busy,5,False,2.0,1.92,echo_ms,5,1.934997
latency,thurbox,other-busy,5,False,2.0,1.92,echo_ms,6,2.296288
latency,thurbox,other-busy,5,False,2.0,1.92,echo_ms,7,1.38864
latency,thurbox,other-busy,5,False,2.0,1.92,echo_ms,8,2.892015
latency,thurbox,other-busy,5,False,2.0,1.92,echo_ms,9,3.823912
latency,thurbox,other-busy,5,False,2.0,1.92,echo_ms,10,2.54979
latency,thurbox,other-busy,5,False,2.0,1.92,echo_ms,11,2.336166
latency,thurbox,other-busy,5,False,2.0,1.92,echo_ms,12,1.354963
latency,thurbox,other-busy,5,False,2.0,1.92,echo_ms,13,1.822982
latency,thurbox,other-busy,5,False,2.0,1.92,echo_ms,14,1.58444
latency,thurbox,other-busy,5,False,2.0,1.92,echo_ms,15,1.646721
latency,thurbox,other-busy,5,False,2.0,1.92,echo_ms,16,1.234772
latency,thurbox,other-busy,5,False,2.0,1.92,echo_ms,17,1.926277
latency,thurbox,other-busy,5,False,2.0,1.92,echo_ms,18,1.720069
latency,thurbox,other-busy,5,False,2.0,1.92,echo_ms,19,2.044676
latency,thurbox,other-busy,5,False,2.0,1.92,echo_ms,20,2.06099
latency,thurbox,other-busy,5,False,2.0,1.92,echo_ms,21,1.746741
latency,thurbox,other-busy,5,False,2.0,1.92,echo_ms,22,1.545293
latency,thurbox,other-busy,5,False,2.0,1.92,echo_ms,23,2.80146
latency,thurbox,other-busy,5,False,2.0,1.92,echo_ms,24,2.366274
latency,thurbox,other-busy,5,False,2.0,1.92,echo_ms,25,1.647388
latency,thurbox,other-busy,5,False,2.0,1.92,echo_ms,26,2.288679
latency,thurbox,other-busy,5,False,2.0,1.92,echo_ms,27,1.776982
latency,thurbox,other-busy,5,False,2.0,1.92,echo_ms,28,1.401122
latency,thurbox,other-busy,5,False,2.0,1.92,echo_ms,29,2.368991
latency,thurbox,other-busy,5,False,2.0,1.92,echo_ms,30,2.577767
latency,thurbox,other-busy,5,False,2.0,1.92,echo_ms,31,1.671182
latency,thurbox,other-busy,5,False,2.0,1.92,echo_ms,32,1.747348
latency,thurbox,other-busy,5,False,2.0,1.92,echo_ms,33,1.66746
latency,thurbox,other-busy,5,False,2.0,1.92,echo_ms,34,2.281292
latency,thurbox,other-busy,5,False,2.0,1.92,echo_ms,35,1.956039
latency,thurbox,other-busy,5,False,2.0,1.92,echo_ms,36,2.080351
latency,thurbox,other-busy,5,False,2.0,1.92,echo_ms,37,2.296315
latency,thurbox,other-busy,5,False,2.0,1.92,echo_ms,38,2.390401
latency,thurbox,other-busy,5,False,2.0,1.92,echo_ms,39,1.639304
latency,thurbox,other-busy,5,False,2.0,1.92,echo_ms,40,1.393181
latency,thurbox,other-busy,5,False,2.0,1.92,echo_ms,41,2.042349
latency,thurbox,other-busy,5,False,2.0,1.92,echo_ms,42,2.161878
latency,thurbox,other-busy,5,False,2.0,1.92,echo_ms,43,2.405387
latency,thurbox,other-busy,5,False,2.0,1.92,echo_ms,44,1.796916
latency,thurbox,other-busy,5,False,2.0,1.92,echo_ms,45,1.721304
latency,thurbox,other-busy,5,False,2.0,1.92,echo_ms,46,1.646323
latency,thurbox,other-busy,5,False,2.0,1.92,echo_ms,47,1.718005
latency,thurbox,other-busy,5,False,2.0,1.92,echo_ms,48,2.573032
latency,thurbox,other-busy,5,False,2.0,1.92,echo_ms,49,1.834796
latency,thurbox,other-busy,5,False,2.0,1.92,echo_ms,50,1.949366
latency,thurbox,other-busy,5,False,2.0,1.92,echo_ms,51,2.495761
latency,thurbox,other-busy,5,False,2.0,1.92,echo_ms,52,2.000125
latency,thurbox,other-busy,5,False,2.0,1.92,echo_ms,53,1.619529
latency,thurbox,other-busy,5,False,2.0,1.92,echo_ms,54,4.071845
latency,thurbox,other-busy,5,False,2.0,1.92,echo_ms,55,1.748129
latency,thurbox,other-busy,5,False,2.0,1.92,echo_ms,56,2.032327
latency,thurbox,other-busy,5,False,2.0,1.92,echo_ms,57,3.112314
latency,thurbox,other-busy,5,False,2.0,1.92,echo_ms,58,1.841344
latency,thurbox,other-busy,5,False,2.0,1.92,echo_ms,59,1.866096
latency,thurbox,other-busy,5,False,2.0,1.92,echo_ms,60,1.740699
latency,thurbox,other-busy,5,False,2.0,1.92,echo_ms,61,2.157347
latency,thurbox,other-busy,5,False,2.0,1.92,echo_ms,62,1.855155
latency,thurbox,other-busy,5,False,2.0,1.92,echo_ms,63,2.463512
latency,thurbox,other-busy,5,False,2.0,1.92,echo_ms,64,2.114695
latency,thurbox,other-busy,5,False,2.0,1.92,echo_ms,65,2.043204
latency,thurbox,other-busy,5,False,2.0,1.92,echo_ms,66,1.912216
latency,thurbox,other-busy,5,False,2.0,1.92,echo_ms,67,1.830955
latency,thurbox,other-busy,5,False,2.0,1.92,echo_ms,68,1.651496
latency,thurbox,other-busy,5,False,2.0,1.92,echo_ms,69,2.079343
latency,thurbox,other-busy,5,False,2.0,1.92,echo_ms,70,1.926611
latency,thurbox,other-busy,5,False,2.0,1.92,echo_ms,71,1.546179
latency,thurbox,other-busy,5,False,2.0,1.92,echo_ms,72,1.361189
latency,thurbox,other-busy,5,False,2.0,1.92,echo_ms,73,1.73332
latency,thurbox,other-busy,5,False,2.0,1.92,echo_ms,74,1.67917
latency,thurbox,other-busy,5,False,2.0,1.92,echo_ms,75,2.107856
latency,thurbox,other-busy,5,False,2.0,1.92,echo_ms,76,1.55348
latency,thurbox,other-busy,5,False,2.0,1.92,echo_ms,77,1.676815
latency,thurbox,other-busy,5,False,2.0,1.92,echo_ms,78,1.897264
latency,thurbox,other-busy,5,False,2.0,1.92,echo_ms,79,2.036946
latency,thurbox,other-busy,5,False,2.0,1.92,echo_ms,80,1.471563
latency,thurbox,other-busy,5,False,2.0,1.92,echo_ms,81,1.747284
latency,thurbox,other-busy,5,False,2.0,1.92,echo_ms,82,1.269966
latency,thurbox,other-busy,5,False,2.0,1.92,echo_ms,83,1.860636
latency,thurbox,other-busy,5,False,2.0,1.92,echo_ms,84,1.450027
latency,thurbox,other-busy,5,False,2.0,1.92,echo_ms,85,1.754529
latency,thurbox,other-busy,5,False,2.0,1.92,echo_ms,86,3.747079
latency,thurbox,other-busy,5,False,2.0,1.92,echo_ms,87,2.823116
latency,thurbox,other-busy,5,False,2.0,1.92,echo_ms,88,1.878225
latency,thurbox,other-busy,5,False,2.0,1.92,echo_ms,89,2.145982
latency,thurbox,other-busy,5,False,2.0,1.92,echo_ms,90,1.841924
latency,thurbox,other-busy,5,False,2.0,1.92,echo_ms,91,1.541675
latency,thurbox,other-busy,5,False,2.0,1.92,echo_ms,92,1.545703
latency,thurbox,other-busy,5,False,2.0,1.92,echo_ms,93,1.538699
latency,thurbox,other-busy,5,False,2.0,1.92,echo_ms,94,2.311241
latency,thurbox,other-busy,5,False,2.0,1.92,echo_ms,95,1.655164
latency,thurbox,other-busy,5,False,2.0,1.92,echo_ms,96,1.691276
latency,thurbox,other-busy,5,False,2.0,1.92,echo_ms,97,1.811699
latency,thurbox,other-busy,5,False,2.0,1.92,echo_ms,98,2.092942
latency,thurbox,other-busy,5,False,2.0,1.92,echo_ms,99,1.557865
latency,thurbox,other-busy,5,False,2.0,1.92,timeouts,,0
