scenario,host,variant,rep,warmup,load1,load1_end,metric,sample,value
create,tmux,N=1,0,True,1.47,1.47,total_ms,,76.847877
create,tmux,N=1,0,True,1.47,1.47,first_ready_ms,,76.847877
create,tmux,N=1,0,True,1.47,1.47,last_create_ms,,31.259176
create,tmux,N=1,0,True,1.47,1.47,mean_create_ms,,31.259176
create,herdr,N=1,0,True,1.47,1.47,total_ms,,162.737526
create,herdr,N=1,0,True,1.47,1.47,first_ready_ms,,162.737526
create,herdr,N=1,0,True,1.47,1.47,last_create_ms,,136.358961
create,herdr,N=1,0,True,1.47,1.47,mean_create_ms,,136.358961
create,thurbox,N=1,0,True,1.47,1.47,total_ms,,89.551506
create,thurbox,N=1,0,True,1.47,1.47,first_ready_ms,,89.551506
create,thurbox,N=1,0,True,1.47,1.47,last_create_ms,,116.711026
create,thurbox,N=1,0,True,1.47,1.47,mean_create_ms,,116.711026
create,tmux,N=1,1,False,1.47,1.47,total_ms,,37.912155
create,tmux,N=1,1,False,1.47,1.47,first_ready_ms,,37.912155
create,tmux,N=1,1,False,1.47,1.47,last_create_ms,,13.511811
create,tmux,N=1,1,False,1.47,1.47,mean_create_ms,,13.511811
create,herdr,N=1,1,False,1.47,1.47,total_ms,,147.715287
create,herdr,N=1,1,False,1.47,1.47,first_ready_ms,,147.715287
create,herdr,N=1,1,False,1.47,1.47,last_create_ms,,121.293528
create,herdr,N=1,1,False,1.47,1.47,mean_create_ms,,121.293528
create,thurbox,N=1,1,False,1.47,1.47,total_ms,,92.905593
create,thurbox,N=1,1,False,1.47,1.47,first_ready_ms,,92.905593
create,thurbox,N=1,1,False,1.47,1.47,last_create_ms,,121.420431
create,thurbox,N=1,1,False,1.47,1.47,mean_create_ms,,121.420431
create,tmux,N=1,2,False,1.47,1.47,total_ms,,37.738345
create,tmux,N=1,2,False,1.47,1.47,first_ready_ms,,37.738345
create,tmux,N=1,2,False,1.47,1.47,last_create_ms,,13.541476
create,tmux,N=1,2,False,1.47,1.47,mean_create_ms,,13.541476
create,herdr,N=1,2,False,1.47,1.47,total_ms,,148.254698
create,herdr,N=1,2,False,1.47,1.47,first_ready_ms,,148.254698
create,herdr,N=1,2,False,1.47,1.47,last_create_ms,,121.586302
create,herdr,N=1,2,False,1.47,1.47,mean_create_ms,,121.586302
create,thurbox,N=1,2,False,1.47,1.47,total_ms,,104.195506
create,thurbox,N=1,2,False,1.47,1.47,first_ready_ms,,104.195506
create,thurbox,N=1,2,False,1.47,1.47,last_create_ms,,134.690866
create,thurbox,N=1,2,False,1.47,1.47,mean_create_ms,,134.690866
create,tmux,N=1,3,False,1.47,1.47,total_ms,,37.858592
create,tmux,N=1,3,False,1.47,1.47,first_ready_ms,,37.858592
create,tmux,N=1,3,False,1.47,1.47,last_create_ms,,13.557558
create,tmux,N=1,3,False,1.47,1.47,mean_create_ms,,13.557558
create,herdr,N=1,3,False,1.47,1.47,total_ms,,147.38572
create,herdr,N=1,3,False,1.47,1.47,first_ready_ms,,147.38572
create,herdr,N=1,3,False,1.47,1.47,last_create_ms,,121.213557
create,herdr,N=1,3,False,1.47,1.47,mean_create_ms,,121.213557
create,thurbox,N=1,3,False,1.47,1.47,total_ms,,93.969837
create,thurbox,N=1,3,False,1.47,1.47,first_ready_ms,,93.969837
create,thurbox,N=1,3,False,1.47,1.47,last_create_ms,,122.245474
create,thurbox,N=1,3,False,1.47,1.47,mean_create_ms,,122.245474
create,tmux,N=1,4,False,1.47,1.47,total_ms,,37.807792
create,tmux,N=1,4,False,1.47,1.47,first_ready_ms,,37.807792
create,tmux,N=1,4,False,1.47,1.47,last_create_ms,,13.506284
create,tmux,N=1,4,False,1.47,1.47,mean_create_ms,,13.506284
create,herdr,N=1,4,False,1.47,1.47,total_ms,,148.43141
create,herdr,N=1,4,False,1.47,1.47,first_ready_ms,,148.43141
create,herdr,N=1,4,False,1.47,1.47,last_create_ms,,122.618801
create,herdr,N=1,4,False,1.47,1.47,mean_create_ms,,122.618801
create,thurbox,N=1,4,False,1.47,1.47,total_ms,,80.267983
create,thurbox,N=1,4,False,1.47,1.47,first_ready_ms,,80.267983
create,thurbox,N=1,4,False,1.47,1.47,last_create_ms,,108.745531
create,thurbox,N=1,4,False,1.47,1.47,mean_create_ms,,108.745531
create,tmux,N=1,5,False,1.47,1.47,total_ms,,37.803604
create,tmux,N=1,5,False,1.47,1.47,first_ready_ms,,37.803604
create,tmux,N=1,5,False,1.47,1.47,last_create_ms,,13.528877
create,tmux,N=1,5,False,1.47,1.47,mean_create_ms,,13.528877
create,herdr,N=1,5,False,1.47,1.47,total_ms,,148.168039
create,herdr,N=1,5,False,1.47,1.47,first_ready_ms,,148.168039
create,herdr,N=1,5,False,1.47,1.47,last_create_ms,,122.385033
create,herdr,N=1,5,False,1.47,1.47,mean_create_ms,,122.385033
create,thurbox,N=1,5,False,1.47,1.47,total_ms,,94.108077
create,thurbox,N=1,5,False,1.47,1.47,first_ready_ms,,94.108077
create,thurbox,N=1,5,False,1.47,1.47,last_create_ms,,121.352821
create,thurbox,N=1,5,False,1.47,1.47,mean_create_ms,,121.352821
create,tmux,N=5,0,True,1.47,1.47,total_ms,,66.841834
create,tmux,N=5,0,True,1.47,1.47,first_ready_ms,,39.096666
create,tmux,N=5,0,True,1.47,1.47,last_create_ms,,8.045424
create,tmux,N=5,0,True,1.47,1.47,mean_create_ms,,7.4409548
create,herdr,N=5,0,True,1.47,1.47,total_ms,,194.857675
create,herdr,N=5,0,True,1.47,1.47,first_ready_ms,,148.949981
create,herdr,N=5,0,True,1.47,1.47,last_create_ms,,12.321718
create,herdr,N=5,0,True,1.47,1.47,mean_create_ms,,34.2059762
create,thurbox,N=5,0,True,1.35,1.35,total_ms,,515.480682
create,thurbox,N=5,0,True,1.35,1.35,first_ready_ms,,148.691353
create,thurbox,N=5,0,True,1.35,1.35,last_create_ms,,86.524125
create,thurbox,N=5,0,True,1.35,1.35,mean_create_ms,,107.5648912
create,tmux,N=5,1,False,1.35,1.35,total_ms,,66.324842
create,tmux,N=5,1,False,1.35,1.35,first_ready_ms,,39.258596
create,tmux,N=5,1,False,1.35,1.35,last_create_ms,,14.776832
create,tmux,N=5,1,False,1.35,1.35,mean_create_ms,,8.862361
create,herdr,N=5,1,False,1.35,1.35,total_ms,,310.803028
create,herdr,N=5,1,False,1.35,1.35,first_ready_ms,,150.823334
create,herdr,N=5,1,False,1.35,1.35,last_create_ms,,19.533755
create,herdr,N=5,1,False,1.35,1.35,mean_create_ms,,55.412859399999995
create,thurbox,N=5,1,False,1.35,1.35,total_ms,,504.87213
create,thurbox,N=5,1,False,1.35,1.35,first_ready_ms,,145.223483
create,thurbox,N=5,1,False,1.35,1.35,last_create_ms,,87.950395
create,thurbox,N=5,1,False,1.35,1.35,mean_create_ms,,105.808605
create,tmux,N=5,2,False,1.35,1.35,total_ms,,81.217764
create,tmux,N=5,2,False,1.35,1.35,first_ready_ms,,55.036347
create,tmux,N=5,2,False,1.35,1.35,last_create_ms,,12.755095
create,tmux,N=5,2,False,1.35,1.35,mean_create_ms,,11.556942800000002
create,herdr,N=5,2,False,1.35,1.35,total_ms,,296.326063
create,herdr,N=5,2,False,1.35,1.35,first_ready_ms,,150.600638
create,herdr,N=5,2,False,1.35,1.35,last_create_ms,,15.376339
create,herdr,N=5,2,False,1.35,1.35,mean_create_ms,,52.979441
create,thurbox,N=5,2,False,1.35,1.35,total_ms,,437.932612
create,thurbox,N=5,2,False,1.35,1.35,first_ready_ms,,76.875997
create,thurbox,N=5,2,False,1.35,1.35,last_create_ms,,86.842381
create,thurbox,N=5,2,False,1.35,1.35,mean_create_ms,,92.199159
create,tmux,N=5,3,False,1.35,1.35,total_ms,,69.25911
create,tmux,N=5,3,False,1.35,1.35,first_ready_ms,,39.116837
create,tmux,N=5,3,False,1.35,1.35,last_create_ms,,10.194847
create,tmux,N=5,3,False,1.35,1.35,mean_create_ms,,7.8290222
create,herdr,N=5,3,False,1.35,1.35,total_ms,,193.305644
create,herdr,N=5,3,False,1.35,1.35,first_ready_ms,,150.974318
create,herdr,N=5,3,False,1.35,1.35,last_create_ms,,11.337384
create,herdr,N=5,3,False,1.35,1.35,mean_create_ms,,33.4446972
create,thurbox,N=5,3,False,1.35,1.35,total_ms,,500.122657
create,thurbox,N=5,3,False,1.35,1.35,first_ready_ms,,147.580465
create,thurbox,N=5,3,False,1.35,1.35,last_create_ms,,86.457145
create,thurbox,N=5,3,False,1.35,1.35,mean_create_ms,,104.4450086
create,tmux,N=5,4,False,1.35,1.35,total_ms,,65.691827
create,tmux,N=5,4,False,1.35,1.35,first_ready_ms,,38.838709
create,tmux,N=5,4,False,1.35,1.35,last_create_ms,,9.376655
create,tmux,N=5,4,False,1.35,1.35,mean_create_ms,,8.2728854
create,herdr,N=5,4,False,1.35,1.35,total_ms,,315.227857
create,herdr,N=5,4,False,1.35,1.35,first_ready_ms,,151.894644
create,herdr,N=5,4,False,1.35,1.35,last_create_ms,,20.173796
create,herdr,N=5,4,False,1.35,1.35,mean_create_ms,,55.0798144
create,thurbox,N=5,4,False,1.35,1.4,total_ms,,496.712817
create,thurbox,N=5,4,False,1.35,1.4,first_ready_ms,,136.899083
create,thurbox,N=5,4,False,1.35,1.4,last_create_ms,,86.619334
create,thurbox,N=5,4,False,1.35,1.4,mean_create_ms,,103.767991
create,tmux,N=5,5,False,1.4,1.4,total_ms,,65.616078
create,tmux,N=5,5,False,1.4,1.4,first_ready_ms,,38.929297
create,tmux,N=5,5,False,1.4,1.4,last_create_ms,,11.596707
create,tmux,N=5,5,False,1.4,1.4,mean_create_ms,,8.0955308
create,herdr,N=5,5,False,1.4,1.4,total_ms,,191.717189
create,herdr,N=5,5,False,1.4,1.4,first_ready_ms,,151.093027
create,herdr,N=5,5,False,1.4,1.4,last_create_ms,,12.063172
create,herdr,N=5,5,False,1.4,1.4,mean_create_ms,,33.318093
create,thurbox,N=5,5,False,1.4,1.4,total_ms,,550.84003
create,thurbox,N=5,5,False,1.4,1.4,first_ready_ms,,97.635672
create,thurbox,N=5,5,False,1.4,1.4,last_create_ms,,86.863506
create,thurbox,N=5,5,False,1.4,1.4,mean_create_ms,,114.7090506
create,tmux,N=20,0,True,1.4,1.4,total_ms,,194.840298
create,tmux,N=20,0,True,1.4,1.4,first_ready_ms,,39.126598
create,tmux,N=20,0,True,1.4,1.4,last_create_ms,,11.044102
create,tmux,N=20,0,True,1.4,1.4,mean_create_ms,,8.29435865
create,herdr,N=20,0,True,1.4,1.4,total_ms,,969.82243
create,herdr,N=20,0,True,1.4,1.4,first_ready_ms,,151.543968
create,herdr,N=20,0,True,1.4,1.4,last_create_ms,,119.316884
create,herdr,N=20,0,True,1.4,1.4,mean_create_ms,,45.79405825
create,thurbox,N=20,0,True,1.4,1.4,total_ms,,1791.173904
create,thurbox,N=20,0,True,1.4,1.4,first_ready_ms,,117.754875
create,thurbox,N=20,0,True,1.4,1.4,last_create_ms,,88.518135
create,thurbox,N=20,0,True,1.4,1.4,mean_create_ms,,90.74549440000001
create,tmux,N=20,1,False,1.4,1.4,total_ms,,191.253745
create,tmux,N=20,1,False,1.4,1.4,first_ready_ms,,39.1113
create,tmux,N=20,1,False,1.4,1.4,last_create_ms,,5.938263
create,tmux,N=20,1,False,1.4,1.4,mean_create_ms,,8.3883724
create,herdr,N=20,1,False,1.4,1.29,total_ms,,902.142061
create,herdr,N=20,1,False,1.4,1.29,first_ready_ms,,151.009046
create,herdr,N=20,1,False,1.4,1.29,last_create_ms,,126.469037
create,herdr,N=20,1,False,1.4,1.29,mean_create_ms,,42.6856185
create,thurbox,N=20,1,False,1.29,1.29,total_ms,,1947.872071
create,thurbox,N=20,1,False,1.29,1.29,first_ready_ms,,83.377394
create,thurbox,N=20,1,False,1.29,1.29,last_create_ms,,88.039421
create,thurbox,N=20,1,False,1.29,1.29,mean_create_ms,,98.55834440000001
create,tmux,N=20,2,False,1.29,1.29,total_ms,,198.431786
create,tmux,N=20,2,False,1.29,1.29,first_ready_ms,,39.325618
create,tmux,N=20,2,False,1.29,1.29,last_create_ms,,6.093318
create,tmux,N=20,2,False,1.29,1.29,mean_create_ms,,8.55956055
create,herdr,N=20,2,False,1.29,1.29,total_ms,,881.914282
create,herdr,N=20,2,False,1.29,1.29,first_ready_ms,,150.586611
create,herdr,N=20,2,False,1.29,1.29,last_create_ms,,22.934217
create,herdr,N=20,2,False,1.29,1.29,mean_create_ms,,41.2669457
create,thurbox,N=20,2,False,1.29,1.27,total_ms,,2007.388583
create,thurbox,N=20,2,False,1.29,1.27,first_ready_ms,,141.129088
create,thurbox,N=20,2,False,1.29,1.27,last_create_ms,,88.595502
create,thurbox,N=20,2,False,1.29,1.27,mean_create_ms,,101.54448205
create,tmux,N=20,3,False,1.27,1.27,total_ms,,193.558237
create,tmux,N=20,3,False,1.27,1.27,first_ready_ms,,39.020809
create,tmux,N=20,3,False,1.27,1.27,last_create_ms,,13.382584
create,tmux,N=20,3,False,1.27,1.27,mean_create_ms,,8.34953235
create,herdr,N=20,3,False,1.27,1.27,total_ms,,1043.200713
create,herdr,N=20,3,False,1.27,1.27,first_ready_ms,,152.359075
create,herdr,N=20,3,False,1.27,1.27,last_create_ms,,17.547434
create,herdr,N=20,3,False,1.27,1.27,mean_create_ms,,49.4624411
create,thurbox,N=20,3,False,1.27,1.27,total_ms,,1943.986271
create,thurbox,N=20,3,False,1.27,1.27,first_ready_ms,,83.665012
create,thurbox,N=20,3,False,1.27,1.27,last_create_ms,,89.032065
create,thurbox,N=20,3,False,1.27,1.27,mean_create_ms,,98.40050495
create,tmux,N=20,4,False,1.27,1.27,total_ms,,191.033229
create,tmux,N=20,4,False,1.27,1.27,first_ready_ms,,39.325252
create,tmux,N=20,4,False,1.27,1.27,last_create_ms,,6.724256
create,tmux,N=20,4,False,1.27,1.27,mean_create_ms,,8.3991375
create,herdr,N=20,4,False,1.27,1.24,total_ms,,680.355936
create,herdr,N=20,4,False,1.27,1.24,first_ready_ms,,151.53824
create,herdr,N=20,4,False,1.27,1.24,last_create_ms,,32.922993
create,herdr,N=20,4,False,1.27,1.24,mean_create_ms,,31.857428300000002
create,thurbox,N=20,4,False,1.24,1.24,total_ms,,2626.520326
create,thurbox,N=20,4,False,1.24,1.24,first_ready_ms,,151.40109
create,thurbox,N=20,4,False,1.24,1.24,last_create_ms,,89.457303
create,thurbox,N=20,4,False,1.24,1.24,mean_create_ms,,132.5549159
create,tmux,N=20,5,False,1.24,1.24,total_ms,,197.547681
create,tmux,N=20,5,False,1.24,1.24,first_ready_ms,,40.918178
create,tmux,N=20,5,False,1.24,1.24,last_create_ms,,6.524368
create,tmux,N=20,5,False,1.24,1.24,mean_create_ms,,8.246258
create,herdr,N=20,5,False,1.24,1.24,total_ms,,534.635954
create,herdr,N=20,5,False,1.24,1.24,first_ready_ms,,153.022695
create,herdr,N=20,5,False,1.24,1.24,last_create_ms,,113.571965
create,herdr,N=20,5,False,1.24,1.24,mean_create_ms,,22.956622
create,thurbox,N=20,5,False,1.24,1.31,total_ms,,1889.606209
create,thurbox,N=20,5,False,1.24,1.31,first_ready_ms,,109.688889
create,thurbox,N=20,5,False,1.24,1.31,last_create_ms,,88.584531
create,thurbox,N=20,5,False,1.24,1.31,mean_create_ms,,95.6624621
create,tmux,N=50,0,True,1.31,1.31,total_ms,,453.665581
create,tmux,N=50,0,True,1.31,1.31,first_ready_ms,,39.606441
create,tmux,N=50,0,True,1.31,1.31,last_create_ms,,8.781653
create,tmux,N=50,0,True,1.31,1.31,mean_create_ms,,8.53400156
create,herdr,N=50,0,True,1.31,1.2,total_ms,,3061.698881
create,herdr,N=50,0,True,1.31,1.2,first_ready_ms,,156.250204
create,herdr,N=50,0,True,1.31,1.2,last_create_ms,,26.344828
create,herdr,N=50,0,True,1.31,1.2,mean_create_ms,,60.291488
create,thurbox,N=50,0,True,1.2,1.18,total_ms,,4747.554576
create,thurbox,N=50,0,True,1.2,1.18,first_ready_ms,,85.041183
create,thurbox,N=50,0,True,1.2,1.18,last_create_ms,,91.486339
create,thurbox,N=50,0,True,1.2,1.18,mean_create_ms,,95.45720007999999
create,tmux,N=50,1,False,1.18,1.18,total_ms,,452.08917
create,tmux,N=50,1,False,1.18,1.18,first_ready_ms,,39.023854
create,tmux,N=50,1,False,1.18,1.18,last_create_ms,,9.433611
create,tmux,N=50,1,False,1.18,1.18,mean_create_ms,,8.6346158
create,herdr,N=50,1,False,1.18,1.18,total_ms,,2972.537267
create,herdr,N=50,1,False,1.18,1.18,first_ready_ms,,151.393475
create,herdr,N=50,1,False,1.18,1.18,last_create_ms,,127.861132
create,herdr,N=50,1,False,1.18,1.18,mean_create_ms,,58.18912194
create,thurbox,N=50,1,False,1.18,1.25,total_ms,,4738.600746
create,thurbox,N=50,1,False,1.18,1.25,first_ready_ms,,76.913705
create,thurbox,N=50,1,False,1.18,1.25,last_create_ms,,91.16816
create,thurbox,N=50,1,False,1.18,1.25,mean_create_ms,,95.27492918
create,tmux,N=50,2,False,1.25,1.25,total_ms,,447.764775
create,tmux,N=50,2,False,1.25,1.25,first_ready_ms,,40.562151
create,tmux,N=50,2,False,1.25,1.25,last_create_ms,,5.072371
create,tmux,N=50,2,False,1.25,1.25,mean_create_ms,,8.4282619
create,herdr,N=50,2,False,1.25,1.47,total_ms,,2344.739312
create,herdr,N=50,2,False,1.25,1.47,first_ready_ms,,150.833885
create,herdr,N=50,2,False,1.25,1.47,last_create_ms,,35.17541
create,herdr,N=50,2,False,1.25,1.47,mean_create_ms,,45.97450168
create,thurbox,N=50,2,False,1.47,1.35,total_ms,,5024.188188
create,thurbox,N=50,2,False,1.47,1.35,first_ready_ms,,90.706461
create,thurbox,N=50,2,False,1.47,1.35,last_create_ms,,91.81196
create,thurbox,N=50,2,False,1.47,1.35,mean_create_ms,,101.0031248
create,tmux,N=50,3,False,1.35,1.35,total_ms,,455.87064
create,tmux,N=50,3,False,1.35,1.35,first_ready_ms,,41.988937
create,tmux,N=50,3,False,1.35,1.35,last_create_ms,,5.529803
create,tmux,N=50,3,False,1.35,1.35,mean_create_ms,,8.5190437
create,herdr,N=50,3,False,1.35,1.56,total_ms,,2885.210787
create,herdr,N=50,3,False,1.35,1.56,first_ready_ms,,151.915823
create,herdr,N=50,3,False,1.35,1.56,last_create_ms,,35.652775
create,herdr,N=50,3,False,1.35,1.56,mean_create_ms,,56.36243178
create,thurbox,N=50,3,False,1.56,1.52,total_ms,,4694.161472
create,thurbox,N=50,3,False,1.56,1.52,first_ready_ms,,140.698084
create,thurbox,N=50,3,False,1.56,1.52,last_create_ms,,92.372529
create,thurbox,N=50,3,False,1.56,1.52,mean_create_ms,,94.4119293
create,tmux,N=50,4,False,1.52,1.52,total_ms,,460.886398
create,tmux,N=50,4,False,1.52,1.52,first_ready_ms,,40.386681
create,tmux,N=50,4,False,1.52,1.52,last_create_ms,,10.034657
create,tmux,N=50,4,False,1.52,1.52,mean_create_ms,,8.730691
create,herdr,N=50,4,False,1.52,1.56,total_ms,,3034.247894
create,herdr,N=50,4,False,1.52,1.56,first_ready_ms,,151.4212
create,herdr,N=50,4,False,1.52,1.56,last_create_ms,,32.363327
create,herdr,N=50,4,False,1.52,1.56,mean_create_ms,,59.18370864
create,thurbox,N=50,4,False,1.56,1.59,total_ms,,4754.673546
create,thurbox,N=50,4,False,1.56,1.59,first_ready_ms,,106.506492
create,thurbox,N=50,4,False,1.56,1.59,last_create_ms,,90.701358
create,thurbox,N=50,4,False,1.56,1.59,mean_create_ms,,95.58776634
create,tmux,N=50,5,False,1.59,1.59,total_ms,,455.740467
create,tmux,N=50,5,False,1.59,1.59,first_ready_ms,,38.998256
create,tmux,N=50,5,False,1.59,1.59,last_create_ms,,13.506524
create,tmux,N=50,5,False,1.59,1.59,mean_create_ms,,8.54638428
create,herdr,N=50,5,False,1.59,1.59,total_ms,,2833.296822
create,herdr,N=50,5,False,1.59,1.59,first_ready_ms,,155.357796
create,herdr,N=50,5,False,1.59,1.59,last_create_ms,,124.676147
create,herdr,N=50,5,False,1.59,1.59,mean_create_ms,,55.71494096
create,thurbox,N=50,5,False,1.59,1.63,total_ms,,4488.537115
create,thurbox,N=50,5,False,1.59,1.63,first_ready_ms,,132.097693
create,thurbox,N=50,5,False,1.59,1.63,last_create_ms,,90.955135
create,thurbox,N=50,5,False,1.59,1.63,mean_create_ms,,90.27538038
attach,tmux,N=1,0,True,1.63,1.5,attach_ms,,10.938217
attach,tmux,N=1,0,True,1.63,1.5,detach_ms,,2.683953
attach,tmux,N=1,0,True,1.63,1.5,reattach_ms,,10.569902
attach,tmux,N=1,0,True,1.63,1.5,survivors,,1
attach,herdr,N=1,0,True,1.5,1.27,attach_ms,,243.715112
attach,herdr,N=1,0,True,1.5,1.27,detach_ms,,11.179926
attach,herdr,N=1,0,True,1.5,1.27,reattach_ms,,240.876034
attach,herdr,N=1,0,True,1.5,1.27,survivors,,1
attach,thurbox,N=1,0,True,1.27,1.16,attach_ms,,156.82865
attach,thurbox,N=1,0,True,1.27,1.16,detach_ms,,12.624795
attach,thurbox,N=1,0,True,1.27,1.16,reattach_ms,,152.730532
attach,thurbox,N=1,0,True,1.27,1.16,survivors,,1
attach,tmux,N=1,1,False,1.16,1.07,attach_ms,,10.798708
attach,tmux,N=1,1,False,1.16,1.07,detach_ms,,2.625983
attach,tmux,N=1,1,False,1.16,1.07,reattach_ms,,11.820556
attach,tmux,N=1,1,False,1.16,1.07,survivors,,1
attach,herdr,N=1,1,False,1.07,0.98,attach_ms,,242.715008
attach,herdr,N=1,1,False,1.07,0.98,detach_ms,,11.034824
attach,herdr,N=1,1,False,1.07,0.98,reattach_ms,,242.526429
attach,herdr,N=1,1,False,1.07,0.98,survivors,,1
attach,thurbox,N=1,1,False,0.98,0.91,attach_ms,,159.968294
attach,thurbox,N=1,1,False,0.98,0.91,detach_ms,,12.476549
attach,thurbox,N=1,1,False,0.98,0.91,reattach_ms,,193.868455
attach,thurbox,N=1,1,False,0.98,0.91,survivors,,1
attach,tmux,N=1,2,False,0.91,0.84,attach_ms,,10.424706
attach,tmux,N=1,2,False,0.91,0.84,detach_ms,,2.54
attach,tmux,N=1,2,False,0.91,0.84,reattach_ms,,10.44995
attach,tmux,N=1,2,False,0.91,0.84,survivors,,1
attach,herdr,N=1,2,False,0.84,0.77,attach_ms,,241.640306
attach,herdr,N=1,2,False,0.84,0.77,detach_ms,,10.846544
attach,herdr,N=1,2,False,0.84,0.77,reattach_ms,,244.02371
attach,herdr,N=1,2,False,0.84,0.77,survivors,,1
attach,thurbox,N=1,2,False,0.77,0.71,attach_ms,,154.238412
attach,thurbox,N=1,2,False,0.77,0.71,detach_ms,,12.458706
attach,thurbox,N=1,2,False,0.77,0.71,reattach_ms,,179.827796
attach,thurbox,N=1,2,False,0.77,0.71,survivors,,1
attach,tmux,N=1,3,False,0.71,0.65,attach_ms,,10.729551
attach,tmux,N=1,3,False,0.71,0.65,detach_ms,,2.601332
attach,tmux,N=1,3,False,0.71,0.65,reattach_ms,,10.140302
attach,tmux,N=1,3,False,0.71,0.65,survivors,,1
attach,herdr,N=1,3,False,0.65,0.55,attach_ms,,242.776327
attach,herdr,N=1,3,False,0.65,0.55,detach_ms,,11.069873
attach,herdr,N=1,3,False,0.65,0.55,reattach_ms,,241.014999
attach,herdr,N=1,3,False,0.65,0.55,survivors,,1
attach,thurbox,N=1,3,False,0.55,0.51,attach_ms,,162.467436
attach,thurbox,N=1,3,False,0.55,0.51,detach_ms,,10.307374
attach,thurbox,N=1,3,False,0.55,0.51,reattach_ms,,177.820534
attach,thurbox,N=1,3,False,0.55,0.51,survivors,,1
attach,tmux,N=1,4,False,0.51,0.47,attach_ms,,10.714884
attach,tmux,N=1,4,False,0.51,0.47,detach_ms,,2.530368
attach,tmux,N=1,4,False,0.51,0.47,reattach_ms,,10.337318
attach,tmux,N=1,4,False,0.51,0.47,survivors,,1
attach,herdr,N=1,4,False,0.47,0.43,attach_ms,,241.695499
attach,herdr,N=1,4,False,0.47,0.43,detach_ms,,10.77246
attach,herdr,N=1,4,False,0.47,0.43,reattach_ms,,243.879448
attach,herdr,N=1,4,False,0.47,0.43,survivors,,1
attach,thurbox,N=1,4,False,0.43,0.44,attach_ms,,190.84827
attach,thurbox,N=1,4,False,0.43,0.44,detach_ms,,12.326329
attach,thurbox,N=1,4,False,0.43,0.44,reattach_ms,,179.63644
attach,thurbox,N=1,4,False,0.43,0.44,survivors,,1
attach,tmux,N=1,5,False,0.44,0.41,attach_ms,,10.452525
attach,tmux,N=1,5,False,0.44,0.41,detach_ms,,2.56633
attach,tmux,N=1,5,False,0.44,0.41,reattach_ms,,10.502445
attach,tmux,N=1,5,False,0.44,0.41,survivors,,1
attach,herdr,N=1,5,False,0.41,0.38,attach_ms,,243.385181
attach,herdr,N=1,5,False,0.41,0.38,detach_ms,,10.668406
attach,herdr,N=1,5,False,0.41,0.38,reattach_ms,,241.977713
attach,herdr,N=1,5,False,0.41,0.38,survivors,,1
attach,thurbox,N=1,5,False,0.38,0.34,attach_ms,,188.153649
attach,thurbox,N=1,5,False,0.38,0.34,detach_ms,,12.227105
attach,thurbox,N=1,5,False,0.38,0.34,reattach_ms,,166.785376
attach,thurbox,N=1,5,False,0.38,0.34,survivors,,1
attach,tmux,N=20,0,True,0.34,0.32,attach_ms,,11.649344
attach,tmux,N=20,0,True,0.34,0.32,detach_ms,,5.022011
attach,tmux,N=20,0,True,0.34,0.32,reattach_ms,,11.679845
attach,tmux,N=20,0,True,0.34,0.32,survivors,,20
attach,herdr,N=20,0,True,0.32,0.49,attach_ms,,269.778599
attach,herdr,N=20,0,True,0.32,0.49,detach_ms,,10.653002
attach,herdr,N=20,0,True,0.32,0.49,reattach_ms,,260.712274
attach,herdr,N=20,0,True,0.32,0.49,survivors,,20
attach,thurbox,N=20,0,True,0.49,0.73,attach_ms,,200.507323
attach,thurbox,N=20,0,True,0.49,0.73,detach_ms,,14.950317
attach,thurbox,N=20,0,True,0.49,0.73,reattach_ms,,166.458136
attach,thurbox,N=20,0,True,0.49,0.73,survivors,,20
attach,tmux,N=20,1,False,0.73,0.68,attach_ms,,11.583423
attach,tmux,N=20,1,False,0.73,0.68,detach_ms,,5.046333
attach,tmux,N=20,1,False,0.73,0.68,reattach_ms,,11.481902
attach,tmux,N=20,1,False,0.73,0.68,survivors,,20
attach,herdr,N=20,1,False,0.68,0.62,attach_ms,,271.876755
attach,herdr,N=20,1,False,0.68,0.62,detach_ms,,10.899826
attach,herdr,N=20,1,False,0.68,0.62,reattach_ms,,262.737899
attach,herdr,N=20,1,False,0.68,0.62,survivors,,20
attach,thurbox,N=20,1,False,0.62,0.53,attach_ms,,168.658666
attach,thurbox,N=20,1,False,0.62,0.53,detach_ms,,15.05157
attach,thurbox,N=20,1,False,0.62,0.53,reattach_ms,,192.086875
attach,thurbox,N=20,1,False,0.62,0.53,survivors,,20
attach,tmux,N=20,2,False,0.53,0.48,attach_ms,,11.431613
attach,tmux,N=20,2,False,0.53,0.48,detach_ms,,4.990322
attach,tmux,N=20,2,False,0.53,0.48,reattach_ms,,11.747838
attach,tmux,N=20,2,False,0.53,0.48,survivors,,20
attach,herdr,N=20,2,False,0.48,0.44,attach_ms,,268.772643
attach,herdr,N=20,2,False,0.48,0.44,detach_ms,,10.975569
attach,herdr,N=20,2,False,0.48,0.44,reattach_ms,,285.377349
attach,herdr,N=20,2,False,0.48,0.44,survivors,,20
attach,thurbox,N=20,2,False,0.44,0.45,attach_ms,,168.966981
attach,thurbox,N=20,2,False,0.44,0.45,detach_ms,,14.586311
attach,thurbox,N=20,2,False,0.44,0.45,reattach_ms,,189.223044
attach,thurbox,N=20,2,False,0.44,0.45,survivors,,20
attach,tmux,N=20,3,False,0.45,0.41,attach_ms,,11.759528
attach,tmux,N=20,3,False,0.45,0.41,detach_ms,,4.989559
attach,tmux,N=20,3,False,0.45,0.41,reattach_ms,,11.701551
attach,tmux,N=20,3,False,0.45,0.41,survivors,,20
attach,herdr,N=20,3,False,0.41,0.35,attach_ms,,266.299697
attach,herdr,N=20,3,False,0.41,0.35,detach_ms,,10.934617
attach,herdr,N=20,3,False,0.41,0.35,reattach_ms,,264.294376
attach,herdr,N=20,3,False,0.41,0.35,survivors,,20
attach,thurbox,N=20,3,False,0.35,0.32,attach_ms,,214.063719
attach,thurbox,N=20,3,False,0.35,0.32,detach_ms,,14.963239
attach,thurbox,N=20,3,False,0.35,0.32,reattach_ms,,164.802372
attach,thurbox,N=20,3,False,0.35,0.32,survivors,,20
attach,tmux,N=20,4,False,0.32,0.29,attach_ms,,11.790979
attach,tmux,N=20,4,False,0.32,0.29,detach_ms,,4.848007
attach,tmux,N=20,4,False,0.32,0.29,reattach_ms,,11.662452
attach,tmux,N=20,4,False,0.32,0.29,survivors,,20
attach,herdr,N=20,4,False,0.29,0.47,attach_ms,,265.96799
attach,herdr,N=20,4,False,0.29,0.47,detach_ms,,11.058316
attach,herdr,N=20,4,False,0.29,0.47,reattach_ms,,277.641008
attach,herdr,N=20,4,False,0.29,0.47,survivors,,20
attach,thurbox,N=20,4,False,0.47,0.43,attach_ms,,178.681367
attach,thurbox,N=20,4,False,0.47,0.43,detach_ms,,15.334166
attach,thurbox,N=20,4,False,0.47,0.43,reattach_ms,,199.770782
attach,thurbox,N=20,4,False,0.47,0.43,survivors,,20
attach,tmux,N=20,5,False,0.43,0.81,attach_ms,,11.939318
attach,tmux,N=20,5,False,0.43,0.81,detach_ms,,4.95599
attach,tmux,N=20,5,False,0.43,0.81,reattach_ms,,17.891639
attach,tmux,N=20,5,False,0.43,0.81,survivors,,20
attach,herdr,N=20,5,False,0.81,0.75,attach_ms,,266.985978
attach,herdr,N=20,5,False,0.81,0.75,detach_ms,,11.016745
attach,herdr,N=20,5,False,0.81,0.75,reattach_ms,,286.440726
attach,herdr,N=20,5,False,0.81,0.75,survivors,,20
attach,thurbox,N=20,5,False,0.75,0.71,attach_ms,,161.666836
attach,thurbox,N=20,5,False,0.75,0.71,detach_ms,,15.102031
attach,thurbox,N=20,5,False,0.75,0.71,reattach_ms,,204.566181
attach,thurbox,N=20,5,False,0.75,0.71,survivors,,20
attach,tmux,N=50,0,True,0.71,0.65,attach_ms,,13.075033
attach,tmux,N=50,0,True,0.71,0.65,detach_ms,,7.119974
attach,tmux,N=50,0,True,0.71,0.65,reattach_ms,,12.941048
attach,tmux,N=50,0,True,0.71,0.65,survivors,,50
attach,herdr,N=50,0,True,0.65,0.55,attach_ms,,415.222812
attach,herdr,N=50,0,True,0.65,0.55,detach_ms,,10.701255
attach,herdr,N=50,0,True,0.65,0.55,reattach_ms,,319.251097
attach,herdr,N=50,0,True,0.65,0.55,survivors,,50
attach,thurbox,N=50,0,True,0.55,0.54,attach_ms,,224.602821
attach,thurbox,N=50,0,True,0.55,0.54,detach_ms,,21.925275
attach,thurbox,N=50,0,True,0.55,0.54,reattach_ms,,228.792637
attach,thurbox,N=50,0,True,0.55,0.54,survivors,,50
attach,tmux,N=50,1,False,0.54,0.5,attach_ms,,13.261391
attach,tmux,N=50,1,False,0.54,0.5,detach_ms,,7.090113
attach,tmux,N=50,1,False,0.54,0.5,reattach_ms,,13.482228
attach,tmux,N=50,1,False,0.54,0.5,survivors,,50
attach,herdr,N=50,1,False,0.5,0.42,attach_ms,,438.341196
attach,herdr,N=50,1,False,0.5,0.42,detach_ms,,10.524777
attach,herdr,N=50,1,False,0.5,0.42,reattach_ms,,420.090456
attach,herdr,N=50,1,False,0.5,0.42,survivors,,50
attach,thurbox,N=50,1,False,0.42,0.46,attach_ms,,223.25532
attach,thurbox,N=50,1,False,0.42,0.46,detach_ms,,22.746414
attach,thurbox,N=50,1,False,0.42,0.46,reattach_ms,,494.238899
attach,thurbox,N=50,1,False,0.42,0.46,survivors,,50
attach,tmux,N=50,2,False,0.46,0.42,attach_ms,,12.971322
attach,tmux,N=50,2,False,0.46,0.42,detach_ms,,7.033799
attach,tmux,N=50,2,False,0.46,0.42,reattach_ms,,13.045471
attach,tmux,N=50,2,False,0.46,0.42,survivors,,50
attach,herdr,N=50,2,False,0.42,0.44,attach_ms,,416.706901
attach,herdr,N=50,2,False,0.42,0.44,detach_ms,,18.401494
attach,herdr,N=50,2,False,0.42,0.44,reattach_ms,,419.419377
attach,herdr,N=50,2,False,0.42,0.44,survivors,,50
attach,thurbox,N=50,2,False,0.44,0.52,attach_ms,,202.451141
attach,thurbox,N=50,2,False,0.44,0.52,detach_ms,,21.940531
attach,thurbox,N=50,2,False,0.44,0.52,reattach_ms,,240.771535
attach,thurbox,N=50,2,False,0.44,0.52,survivors,,50
attach,tmux,N=50,3,False,0.52,0.48,attach_ms,,13.225249
attach,tmux,N=50,3,False,0.52,0.48,detach_ms,,7.222078
attach,tmux,N=50,3,False,0.52,0.48,reattach_ms,,12.980227
attach,tmux,N=50,3,False,0.52,0.48,survivors,,50
attach,herdr,N=50,3,False,0.48,0.4,attach_ms,,410.027708
attach,herdr,N=50,3,False,0.48,0.4,detach_ms,,9.428116
attach,herdr,N=50,3,False,0.48,0.4,reattach_ms,,319.090023
attach,herdr,N=50,3,False,0.48,0.4,survivors,,50
attach,thurbox,N=50,3,False,0.4,0.45,attach_ms,,209.867433
attach,thurbox,N=50,3,False,0.4,0.45,detach_ms,,19.925561
attach,thurbox,N=50,3,False,0.4,0.45,reattach_ms,,222.371586
attach,thurbox,N=50,3,False,0.4,0.45,survivors,,50
attach,tmux,N=50,4,False,0.45,0.41,attach_ms,,13.023769
attach,tmux,N=50,4,False,0.45,0.41,detach_ms,,6.553338
attach,tmux,N=50,4,False,0.45,0.41,reattach_ms,,13.452286
attach,tmux,N=50,4,False,0.45,0.41,survivors,,50
attach,herdr,N=50,4,False,0.41,0.35,attach_ms,,446.24149
attach,herdr,N=50,4,False,0.41,0.35,detach_ms,,10.54258
attach,herdr,N=50,4,False,0.41,0.35,reattach_ms,,454.435587
attach,herdr,N=50,4,False,0.41,0.35,survivors,,50
attach,thurbox,N=50,4,False,0.35,0.29,attach_ms,,198.156269
attach,thurbox,N=50,4,False,0.35,0.29,detach_ms,,23.054802
attach,thurbox,N=50,4,False,0.35,0.29,reattach_ms,,248.924036
attach,thurbox,N=50,4,False,0.35,0.29,survivors,,50
attach,tmux,N=50,5,False,0.29,0.27,attach_ms,,19.755416
attach,tmux,N=50,5,False,0.29,0.27,detach_ms,,7.22184
attach,tmux,N=50,5,False,0.29,0.27,reattach_ms,,13.499007
attach,tmux,N=50,5,False,0.29,0.27,survivors,,50
attach,herdr,N=50,5,False,0.27,0.45,attach_ms,,412.753186
attach,herdr,N=50,5,False,0.27,0.45,detach_ms,,10.358038
attach,herdr,N=50,5,False,0.27,0.45,reattach_ms,,422.245333
attach,herdr,N=50,5,False,0.27,0.45,survivors,,50
attach,thurbox,N=50,5,False,0.45,3.42,attach_ms,,464.068766
attach,thurbox,N=50,5,False,0.45,3.42,detach_ms,,20.628601
attach,thurbox,N=50,5,False,0.45,3.42,reattach_ms,,490.178995
attach,thurbox,N=50,5,False,0.45,3.42,survivors,,50
resources,tmux,N=1 headless idle,0,True,3.42,2.66,pss_mib,,3.1083984375
resources,tmux,N=1 headless idle,0,True,3.42,2.66,rss_mib,,3.84375
resources,tmux,N=1 headless idle,0,True,3.42,2.66,cpu_pct,,0.0
resources,tmux,N=1 headless output,0,True,3.42,2.25,pss_mib,,3.1083984375
resources,tmux,N=1 headless output,0,True,3.42,2.25,rss_mib,,3.84375
resources,tmux,N=1 headless output,0,True,3.42,2.25,cpu_pct,,0.0
resources,tmux,N=1 attached idle,0,True,3.42,1.75,first_view_stale,,False
resources,tmux,N=1 attached idle,0,True,3.42,1.75,pss_mib,,5.6015625
resources,tmux,N=1 attached idle,0,True,3.42,1.75,rss_mib,,9.57421875
resources,tmux,N=1 attached idle,0,True,3.42,1.75,cpu_pct,,0.0
resources,tmux,N=1 attached output,0,True,3.42,1.48,pss_mib,,5.6015625
resources,tmux,N=1 attached output,0,True,3.42,1.48,rss_mib,,9.57421875
resources,tmux,N=1 attached output,0,True,3.42,1.48,cpu_pct,,0.39977221119327067
resources,herdr,N=1 headless idle,0,True,1.48,1.25,pss_mib,,17.6796875
resources,herdr,N=1 headless idle,0,True,1.48,1.25,rss_mib,,17.68359375
resources,herdr,N=1 headless idle,0,True,1.48,1.25,cpu_pct,,0.5999905668883972
resources,herdr,N=1 headless output,0,True,1.48,0.98,pss_mib,,17.69921875
resources,herdr,N=1 headless output,0,True,1.48,0.98,rss_mib,,17.703125
resources,herdr,N=1 headless output,0,True,1.48,0.98,cpu_pct,,1.0999618239547762
resources,herdr,N=1 attached idle,0,True,1.48,0.82,first_view_stale,,False
resources,herdr,N=1 attached idle,0,True,1.48,0.82,pss_mib,,22.6171875
resources,herdr,N=1 attached idle,0,True,1.48,0.82,rss_mib,,32.6875
resources,herdr,N=1 attached idle,0,True,1.48,0.82,cpu_pct,,0.9981959835568918
resources,herdr,N=1 attached output,0,True,1.48,0.7,pss_mib,,22.64453125
resources,herdr,N=1 attached output,0,True,1.48,0.7,rss_mib,,32.71484375
resources,herdr,N=1 attached output,0,True,1.48,0.7,cpu_pct,,8.573344024534304
resources,thurbox,N=1 headless idle,0,True,0.7,0.54,pss_mib,,7.8935546875
resources,thurbox,N=1 headless idle,0,True,0.7,0.54,rss_mib,,17.07421875
resources,thurbox,N=1 headless idle,0,True,0.7,0.54,cpu_pct,,0.0
resources,thurbox,N=1 headless output,0,True,0.7,0.46,pss_mib,,7.8935546875
resources,thurbox,N=1 headless output,0,True,0.7,0.46,rss_mib,,17.07421875
resources,thurbox,N=1 headless output,0,True,0.7,0.46,cpu_pct,,0.1999929806463492
resources,thurbox,N=1 attached idle,0,True,0.7,0.36,first_view_stale,,False
resources,thurbox,N=1 attached idle,0,True,0.7,0.36,pss_mib,,27.9453125
resources,thurbox,N=1 attached idle,0,True,0.7,0.36,rss_mib,,42.3515625
resources,thurbox,N=1 attached idle,0,True,0.7,0.36,cpu_pct,,2.8990802363546315
resources,thurbox,N=1 attached output,0,True,0.7,0.3,pss_mib,,28.39453125
resources,thurbox,N=1 attached output,0,True,0.7,0.3,rss_mib,,42.80078125
resources,thurbox,N=1 attached output,0,True,0.7,0.3,cpu_pct,,7.887760049240043
resources,tmux,N=1 headless idle,1,False,0.3,0.25,pss_mib,,3.1083984375
resources,tmux,N=1 headless idle,1,False,0.3,0.25,rss_mib,,3.84375
resources,tmux,N=1 headless idle,1,False,0.3,0.25,cpu_pct,,0.0
resources,tmux,N=1 headless output,1,False,0.3,0.21,pss_mib,,3.1083984375
resources,tmux,N=1 headless output,1,False,0.3,0.21,rss_mib,,3.84375
resources,tmux,N=1 headless output,1,False,0.3,0.21,cpu_pct,,0.19999307915944095
resources,tmux,N=1 attached idle,1,False,0.3,0.17,first_view_stale,,False
resources,tmux,N=1 attached idle,1,False,0.3,0.17,pss_mib,,5.6015625
resources,tmux,N=1 attached idle,1,False,0.3,0.17,rss_mib,,9.57421875
resources,tmux,N=1 attached idle,1,False,0.3,0.17,cpu_pct,,0.0
resources,tmux,N=1 attached output,1,False,0.3,0.14,pss_mib,,5.6015625
resources,tmux,N=1 attached output,1,False,0.3,0.14,rss_mib,,9.57421875
resources,tmux,N=1 attached output,1,False,0.3,0.14,cpu_pct,,0.29918180698860436
resources,herdr,N=1 headless idle,1,False,0.14,0.11,pss_mib,,17.6796875
resources,herdr,N=1 headless idle,1,False,0.14,0.11,rss_mib,,17.68359375
resources,herdr,N=1 headless idle,1,False,0.14,0.11,cpu_pct,,0.599988918684748
resources,herdr,N=1 headless output,1,False,0.14,0.09,pss_mib,,17.69921875
resources,herdr,N=1 headless output,1,False,0.14,0.09,rss_mib,,17.703125
resources,herdr,N=1 headless output,1,False,0.14,0.09,cpu_pct,,0.9999652021111954
resources,herdr,N=1 attached idle,1,False,0.14,0.07,first_view_stale,,False
resources,herdr,N=1 attached idle,1,False,0.14,0.07,pss_mib,,22.59375
resources,herdr,N=1 attached idle,1,False,0.14,0.07,rss_mib,,32.6640625
resources,herdr,N=1 attached idle,1,False,0.14,0.07,cpu_pct,,0.9982602957454939
resources,herdr,N=1 attached output,1,False,0.14,0.06,pss_mib,,22.61328125
resources,herdr,N=1 attached output,1,False,0.14,0.06,rss_mib,,32.68359375
resources,herdr,N=1 attached output,1,False,0.14,0.06,cpu_pct,,8.475842606859624
resources,thurbox,N=1 headless idle,1,False,0.06,0.05,pss_mib,,7.8935546875
resources,thurbox,N=1 headless idle,1,False,0.06,0.05,rss_mib,,17.07421875
resources,thurbox,N=1 headless idle,1,False,0.06,0.05,cpu_pct,,0.0
resources,thurbox,N=1 headless output,1,False,0.06,0.04,pss_mib,,7.8935546875
resources,thurbox,N=1 headless output,1,False,0.06,0.04,rss_mib,,17.07421875
resources,thurbox,N=1 headless output,1,False,0.06,0.04,cpu_pct,,0.19999307613969103
resources,thurbox,N=1 attached idle,1,False,0.06,0.03,first_view_stale,,False
resources,thurbox,N=1 attached idle,1,False,0.06,0.03,pss_mib,,27.94921875
resources,thurbox,N=1 attached idle,1,False,0.06,0.03,rss_mib,,42.35546875
resources,thurbox,N=1 attached idle,1,False,0.06,0.03,cpu_pct,,2.88615407871456
resources,thurbox,N=1 attached output,1,False,0.06,0.03,pss_mib,,28.39453125
resources,thurbox,N=1 attached output,1,False,0.06,0.03,rss_mib,,42.80078125
resources,thurbox,N=1 attached output,1,False,0.06,0.03,cpu_pct,,7.8831630080103485
resources,tmux,N=1 headless idle,2,False,0.03,0.02,pss_mib,,3.1083984375
resources,tmux,N=1 headless idle,2,False,0.03,0.02,rss_mib,,3.84375
resources,tmux,N=1 headless idle,2,False,0.03,0.02,cpu_pct,,0.0
resources,tmux,N=1 headless output,2,False,0.03,0.02,pss_mib,,3.1083984375
resources,tmux,N=1 headless output,2,False,0.03,0.02,rss_mib,,3.84375
resources,tmux,N=1 headless output,2,False,0.03,0.02,cpu_pct,,0.09999649653276892
resources,tmux,N=1 attached idle,2,False,0.03,0.01,first_view_stale,,False
resources,tmux,N=1 attached idle,2,False,0.03,0.01,pss_mib,,5.6015625
resources,tmux,N=1 attached idle,2,False,0.03,0.01,rss_mib,,9.57421875
resources,tmux,N=1 attached idle,2,False,0.03,0.01,cpu_pct,,0.0
resources,tmux,N=1 attached output,2,False,0.03,0.01,pss_mib,,5.6015625
resources,tmux,N=1 attached output,2,False,0.03,0.01,rss_mib,,9.57421875
resources,tmux,N=1 attached output,2,False,0.03,0.01,cpu_pct,,0.39889285719839257
resources,herdr,N=1 headless idle,2,False,0.01,0.01,pss_mib,,17.6640625
resources,herdr,N=1 headless idle,2,False,0.01,0.01,rss_mib,,17.66796875
resources,herdr,N=1 headless idle,2,False,0.01,0.01,cpu_pct,,0.4999912800020075
resources,herdr,N=1 headless output,2,False,0.01,0.01,pss_mib,,17.68359375
resources,herdr,N=1 headless output,2,False,0.01,0.01,rss_mib,,17.6875
resources,herdr,N=1 headless output,2,False,0.01,0.01,cpu_pct,,0.9999656400808203
resources,herdr,N=1 attached idle,2,False,0.01,0.0,first_view_stale,,False
resources,herdr,N=1 attached idle,2,False,0.01,0.0,pss_mib,,22.6171875
resources,herdr,N=1 attached idle,2,False,0.01,0.0,rss_mib,,32.6875
resources,herdr,N=1 attached idle,2,False,0.01,0.0,cpu_pct,,0.9980501637889231
resources,herdr,N=1 attached output,2,False,0.01,0.0,pss_mib,,22.62890625
resources,herdr,N=1 attached output,2,False,0.01,0.0,rss_mib,,32.69921875
resources,herdr,N=1 attached output,2,False,0.01,0.0,cpu_pct,,8.474014689869714
resources,thurbox,N=1 headless idle,2,False,0.0,0.0,pss_mib,,7.8935546875
resources,thurbox,N=1 headless idle,2,False,0.0,0.0,rss_mib,,17.07421875
resources,thurbox,N=1 headless idle,2,False,0.0,0.0,cpu_pct,,0.0
resources,thurbox,N=1 headless output,2,False,0.0,0.0,pss_mib,,7.8935546875
resources,thurbox,N=1 headless output,2,False,0.0,0.0,rss_mib,,17.07421875
resources,thurbox,N=1 headless output,2,False,0.0,0.0,cpu_pct,,0.09999648077386045
resources,thurbox,N=1 attached idle,2,False,0.0,0.0,first_view_stale,,False
resources,thurbox,N=1 attached idle,2,False,0.0,0.0,pss_mib,,27.9453125
resources,thurbox,N=1 attached idle,2,False,0.0,0.0,rss_mib,,42.3515625
resources,thurbox,N=1 attached idle,2,False,0.0,0.0,cpu_pct,,2.8959348540371996
resources,thurbox,N=1 attached output,2,False,0.0,0.07,pss_mib,,28.375
resources,thurbox,N=1 attached output,2,False,0.0,0.07,rss_mib,,42.78125
resources,thurbox,N=1 attached output,2,False,0.0,0.07,cpu_pct,,8.09175661277084
resources,tmux,N=1 headless idle,3,False,0.07,0.06,pss_mib,,3.1083984375
resources,tmux,N=1 headless idle,3,False,0.07,0.06,rss_mib,,3.84375
resources,tmux,N=1 headless idle,3,False,0.07,0.06,cpu_pct,,0.0
resources,tmux,N=1 headless output,3,False,0.07,0.05,pss_mib,,3.1083984375
resources,tmux,N=1 headless output,3,False,0.07,0.05,rss_mib,,3.84375
resources,tmux,N=1 headless output,3,False,0.07,0.05,cpu_pct,,0.19999307261997204
resources,tmux,N=1 attached idle,3,False,0.07,0.04,first_view_stale,,False
resources,tmux,N=1 attached idle,3,False,0.07,0.04,pss_mib,,5.6015625
resources,tmux,N=1 attached idle,3,False,0.07,0.04,rss_mib,,9.57421875
resources,tmux,N=1 attached idle,3,False,0.07,0.04,cpu_pct,,0.0
resources,tmux,N=1 attached output,3,False,0.07,0.1,pss_mib,,5.6015625
resources,tmux,N=1 attached output,3,False,0.07,0.1,rss_mib,,9.57421875
resources,tmux,N=1 attached output,3,False,0.07,0.1,cpu_pct,,0.29922347964233764
resources,herdr,N=1 headless idle,3,False,0.1,0.09,pss_mib,,17.69140625
resources,herdr,N=1 headless idle,3,False,0.1,0.09,rss_mib,,17.6953125
resources,herdr,N=1 headless idle,3,False,0.1,0.09,cpu_pct,,0.5999895192629794
resources,herdr,N=1 headless output,3,False,0.1,0.07,pss_mib,,17.7109375
resources,herdr,N=1 headless output,3,False,0.1,0.07,rss_mib,,17.71484375
resources,herdr,N=1 headless output,3,False,0.1,0.07,cpu_pct,,1.099963035412311
resources,herdr,N=1 attached idle,3,False,0.1,0.06,first_view_stale,,False
resources,herdr,N=1 attached idle,3,False,0.1,0.06,pss_mib,,22.609375
resources,herdr,N=1 attached idle,3,False,0.1,0.06,rss_mib,,32.6796875
resources,herdr,N=1 attached idle,3,False,0.1,0.06,cpu_pct,,1.0979330770827516
resources,herdr,N=1 attached output,3,False,0.1,0.05,pss_mib,,22.640625
resources,herdr,N=1 attached output,3,False,0.1,0.05,rss_mib,,32.7109375
resources,herdr,N=1 attached output,3,False,0.1,0.05,cpu_pct,,8.57551851455603
resources,thurbox,N=1 headless idle,3,False,0.05,0.04,pss_mib,,7.8935546875
resources,thurbox,N=1 headless idle,3,False,0.05,0.04,rss_mib,,17.07421875
resources,thurbox,N=1 headless idle,3,False,0.05,0.04,cpu_pct,,0.0
resources,thurbox,N=1 headless output,3,False,0.05,0.03,pss_mib,,7.8935546875
resources,thurbox,N=1 headless output,3,False,0.05,0.03,rss_mib,,17.07421875
resources,thurbox,N=1 headless output,3,False,0.05,0.03,cpu_pct,,0.19999303378258976
resources,thurbox,N=1 attached idle,3,False,0.05,0.1,first_view_stale,,False
resources,thurbox,N=1 attached idle,3,False,0.05,0.1,pss_mib,,27.94140625
resources,thurbox,N=1 attached idle,3,False,0.05,0.1,rss_mib,,42.34765625
resources,thurbox,N=1 attached idle,3,False,0.05,0.1,cpu_pct,,2.899248735360319
resources,thurbox,N=1 attached output,3,False,0.05,0.08,pss_mib,,28.3828125
resources,thurbox,N=1 attached output,3,False,0.05,0.08,rss_mib,,42.7890625
resources,thurbox,N=1 attached output,3,False,0.05,0.08,cpu_pct,,7.992698694522009
resources,tmux,N=1 headless idle,4,False,0.08,0.07,pss_mib,,3.1083984375
resources,tmux,N=1 headless idle,4,False,0.08,0.07,rss_mib,,3.84375
resources,tmux,N=1 headless idle,4,False,0.08,0.07,cpu_pct,,0.0
resources,tmux,N=1 headless output,4,False,0.08,0.06,pss_mib,,3.1083984375
resources,tmux,N=1 headless output,4,False,0.08,0.06,rss_mib,,3.84375
resources,tmux,N=1 headless output,4,False,0.08,0.06,cpu_pct,,0.09999654937906689
resources,tmux,N=1 attached idle,4,False,0.08,0.04,first_view_stale,,False
resources,tmux,N=1 attached idle,4,False,0.08,0.04,pss_mib,,5.6015625
resources,tmux,N=1 attached idle,4,False,0.08,0.04,rss_mib,,9.57421875
resources,tmux,N=1 attached idle,4,False,0.08,0.04,cpu_pct,,0.0
resources,tmux,N=1 attached output,4,False,0.08,0.04,pss_mib,,5.6015625
resources,tmux,N=1 attached output,4,False,0.08,0.04,rss_mib,,9.57421875
resources,tmux,N=1 attached output,4,False,0.08,0.04,cpu_pct,,0.2991467275155629
resources,herdr,N=1 headless idle,4,False,0.04,0.03,pss_mib,,17.6796875
resources,herdr,N=1 headless idle,4,False,0.04,0.03,rss_mib,,17.68359375
resources,herdr,N=1 headless idle,4,False,0.04,0.03,cpu_pct,,0.5999896670980337
resources,herdr,N=1 headless output,4,False,0.04,0.02,pss_mib,,17.69921875
resources,herdr,N=1 headless output,4,False,0.04,0.02,rss_mib,,17.703125
resources,herdr,N=1 headless output,4,False,0.04,0.02,cpu_pct,,0.9999661516457903
resources,herdr,N=1 attached idle,4,False,0.04,0.02,first_view_stale,,False
resources,herdr,N=1 attached idle,4,False,0.04,0.02,pss_mib,,22.6015625
resources,herdr,N=1 attached idle,4,False,0.04,0.02,rss_mib,,32.671875
resources,herdr,N=1 attached idle,4,False,0.04,0.02,cpu_pct,,1.0979173532164939
resources,herdr,N=1 attached output,4,False,0.04,0.09,pss_mib,,22.62890625
resources,herdr,N=1 attached output,4,False,0.04,0.09,rss_mib,,32.69921875
resources,herdr,N=1 attached output,4,False,0.04,0.09,cpu_pct,,8.674575568492132
resources,thurbox,N=1 headless idle,4,False,0.09,0.08,pss_mib,,7.8935546875
resources,thurbox,N=1 headless idle,4,False,0.09,0.08,rss_mib,,17.07421875
resources,thurbox,N=1 headless idle,4,False,0.09,0.08,cpu_pct,,0.0
resources,thurbox,N=1 headless output,4,False,0.09,0.07,pss_mib,,7.8935546875
resources,thurbox,N=1 headless output,4,False,0.09,0.07,rss_mib,,17.07421875
resources,thurbox,N=1 headless output,4,False,0.09,0.07,cpu_pct,,0.19999288871289866
resources,thurbox,N=1 attached idle,4,False,0.09,0.05,first_view_stale,,False
resources,thurbox,N=1 attached idle,4,False,0.09,0.05,pss_mib,,27.9296875
resources,thurbox,N=1 attached idle,4,False,0.09,0.05,rss_mib,,42.3359375
resources,thurbox,N=1 attached idle,4,False,0.09,0.05,cpu_pct,,3.0944916204836534
resources,thurbox,N=1 attached output,4,False,0.09,0.12,pss_mib,,28.390625
resources,thurbox,N=1 attached output,4,False,0.09,0.12,rss_mib,,42.796875
resources,thurbox,N=1 attached output,4,False,0.09,0.12,cpu_pct,,7.763872426008654
resources,tmux,N=1 headless idle,5,False,0.12,0.09,pss_mib,,3.1083984375
resources,tmux,N=1 headless idle,5,False,0.12,0.09,rss_mib,,3.84375
resources,tmux,N=1 headless idle,5,False,0.12,0.09,cpu_pct,,0.0
resources,tmux,N=1 headless output,5,False,0.12,0.08,pss_mib,,3.1083984375
resources,tmux,N=1 headless output,5,False,0.12,0.08,rss_mib,,3.84375
resources,tmux,N=1 headless output,5,False,0.12,0.08,cpu_pct,,0.19999303016290754
resources,tmux,N=1 attached idle,5,False,0.12,0.06,first_view_stale,,False
resources,tmux,N=1 attached idle,5,False,0.12,0.06,pss_mib,,5.6015625
resources,tmux,N=1 attached idle,5,False,0.12,0.06,rss_mib,,9.57421875
resources,tmux,N=1 attached idle,5,False,0.12,0.06,cpu_pct,,0.0
resources,tmux,N=1 attached output,5,False,0.12,0.05,pss_mib,,5.6015625
resources,tmux,N=1 attached output,5,False,0.12,0.05,rss_mib,,9.57421875
resources,tmux,N=1 attached output,5,False,0.12,0.05,cpu_pct,,0.3988775100635957
resources,herdr,N=1 headless idle,5,False,0.05,0.04,pss_mib,,17.6875
resources,herdr,N=1 headless idle,5,False,0.05,0.04,rss_mib,,17.69140625
resources,herdr,N=1 headless idle,5,False,0.05,0.04,cpu_pct,,0.4999906494748478
resources,herdr,N=1 headless output,5,False,0.05,0.03,pss_mib,,17.70703125
resources,herdr,N=1 headless output,5,False,0.05,0.03,rss_mib,,17.7109375
resources,herdr,N=1 headless output,5,False,0.05,0.03,cpu_pct,,1.0999621616317705
resources,herdr,N=1 attached idle,5,False,0.05,0.03,first_view_stale,,False
resources,herdr,N=1 attached idle,5,False,0.05,0.03,pss_mib,,22.6015625
resources,herdr,N=1 attached idle,5,False,0.05,0.03,rss_mib,,32.671875
resources,herdr,N=1 attached idle,5,False,0.05,0.03,cpu_pct,,1.0978211358383183
resources,herdr,N=1 attached output,5,False,0.05,0.02,pss_mib,,22.62109375
resources,herdr,N=1 attached output,5,False,0.05,0.02,rss_mib,,32.69140625
resources,herdr,N=1 attached output,5,False,0.05,0.02,cpu_pct,,8.474659008530095
resources,thurbox,N=1 headless idle,5,False,0.02,0.02,pss_mib,,7.8935546875
resources,thurbox,N=1 headless idle,5,False,0.02,0.02,rss_mib,,17.07421875
resources,thurbox,N=1 headless idle,5,False,0.02,0.02,cpu_pct,,0.0
resources,thurbox,N=1 headless output,5,False,0.02,0.01,pss_mib,,7.8935546875
resources,thurbox,N=1 headless output,5,False,0.02,0.01,rss_mib,,17.07421875
resources,thurbox,N=1 headless output,5,False,0.02,0.01,cpu_pct,,0.19999322082980203
resources,thurbox,N=1 attached idle,5,False,0.02,0.01,first_view_stale,,False
resources,thurbox,N=1 attached idle,5,False,0.02,0.01,pss_mib,,27.9453125
resources,thurbox,N=1 attached idle,5,False,0.02,0.01,rss_mib,,42.3515625
resources,thurbox,N=1 attached idle,5,False,0.02,0.01,cpu_pct,,2.7983008339570503
resources,thurbox,N=1 attached output,5,False,0.02,0.01,pss_mib,,28.38671875
resources,thurbox,N=1 attached output,5,False,0.02,0.01,rss_mib,,42.79296875
resources,thurbox,N=1 attached output,5,False,0.02,0.01,cpu_pct,,7.884769798371062
resources,tmux,N=20 headless idle,0,True,0.01,0.01,pss_mib,,3.263671875
resources,tmux,N=20 headless idle,0,True,0.01,0.01,rss_mib,,4.0
resources,tmux,N=20 headless idle,0,True,0.01,0.01,cpu_pct,,0.0
resources,tmux,N=20 headless output,0,True,0.01,0.0,pss_mib,,3.388671875
resources,tmux,N=20 headless output,0,True,0.01,0.0,rss_mib,,4.125
resources,tmux,N=20 headless output,0,True,0.01,0.0,cpu_pct,,3.299884719187354
resources,tmux,N=20 attached idle,0,True,0.01,0.0,first_view_stale,,False
resources,tmux,N=20 attached idle,0,True,0.01,0.0,pss_mib,,8.060546875
resources,tmux,N=20 attached idle,0,True,0.01,0.0,rss_mib,,12.0390625
resources,tmux,N=20 attached idle,0,True,0.01,0.0,cpu_pct,,0.0
resources,tmux,N=20 attached output,0,True,0.01,0.08,pss_mib,,8.072265625
resources,tmux,N=20 attached output,0,True,0.01,0.08,rss_mib,,12.05078125
resources,tmux,N=20 attached output,0,True,0.01,0.08,cpu_pct,,3.7915818238700556
resources,herdr,N=20 headless idle,0,True,0.08,0.06,pss_mib,,26.83984375
resources,herdr,N=20 headless idle,0,True,0.08,0.06,rss_mib,,26.84375
resources,herdr,N=20 headless idle,0,True,0.08,0.06,cpu_pct,,9.099684526677173
resources,herdr,N=20 headless output,0,True,0.08,0.13,pss_mib,,27.13671875
resources,herdr,N=20 headless output,0,True,0.08,0.13,rss_mib,,27.140625
resources,herdr,N=20 headless output,0,True,0.08,0.13,cpu_pct,,17.59987965554623
resources,herdr,N=20 attached idle,0,True,0.08,0.17,first_view_stale,,False
resources,herdr,N=20 attached idle,0,True,0.08,0.17,pss_mib,,34.78515625
resources,herdr,N=20 attached idle,0,True,0.08,0.17,rss_mib,,44.79296875
resources,herdr,N=20 attached idle,0,True,0.08,0.17,cpu_pct,,13.680424217221557
resources,herdr,N=20 attached output,0,True,0.08,0.15,pss_mib,,34.828125
resources,herdr,N=20 attached output,0,True,0.08,0.15,rss_mib,,44.8359375
resources,herdr,N=20 attached output,0,True,0.08,0.15,cpu_pct,,25.575364514785036
resources,thurbox,N=20 headless idle,0,True,0.15,0.11,pss_mib,,8.2255859375
resources,thurbox,N=20 headless idle,0,True,0.15,0.11,rss_mib,,17.4296875
resources,thurbox,N=20 headless idle,0,True,0.15,0.11,cpu_pct,,0.0
resources,thurbox,N=20 headless output,0,True,0.15,0.1,pss_mib,,8.30859375
resources,thurbox,N=20 headless output,0,True,0.15,0.1,rss_mib,,17.51171875
resources,thurbox,N=20 headless output,0,True,0.15,0.1,cpu_pct,,3.799867743322968
resources,thurbox,N=20 attached idle,0,True,0.15,0.07,first_view_stale,,False
resources,thurbox,N=20 attached idle,0,True,0.15,0.07,pss_mib,,35.4716796875
resources,thurbox,N=20 attached idle,0,True,0.15,0.07,rss_mib,,49.90234375
resources,thurbox,N=20 attached idle,0,True,0.15,0.07,cpu_pct,,5.59725864630565
resources,thurbox,N=20 attached output,0,True,0.15,0.14,pss_mib,,35.9794921875
resources,thurbox,N=20 attached output,0,True,0.15,0.14,rss_mib,,50.41015625
resources,thurbox,N=20 attached output,0,True,0.15,0.14,cpu_pct,,19.86711035045594
resources,tmux,N=20 headless idle,1,False,0.14,0.12,pss_mib,,3.263671875
resources,tmux,N=20 headless idle,1,False,0.14,0.12,rss_mib,,4.0
resources,tmux,N=20 headless idle,1,False,0.14,0.12,cpu_pct,,0.0
resources,tmux,N=20 headless output,1,False,0.14,0.1,pss_mib,,3.384765625
resources,tmux,N=20 headless output,1,False,0.14,0.1,rss_mib,,4.12109375
resources,tmux,N=20 headless output,1,False,0.14,0.1,cpu_pct,,3.5998741919567805
resources,tmux,N=20 attached idle,1,False,0.14,0.08,first_view_stale,,False
resources,tmux,N=20 attached idle,1,False,0.14,0.08,pss_mib,,8.048828125
resources,tmux,N=20 attached idle,1,False,0.14,0.08,rss_mib,,12.02734375
resources,tmux,N=20 attached idle,1,False,0.14,0.08,cpu_pct,,0.0
resources,tmux,N=20 attached output,1,False,0.14,0.07,pss_mib,,8.080078125
resources,tmux,N=20 attached output,1,False,0.14,0.07,rss_mib,,12.05859375
resources,tmux,N=20 attached output,1,False,0.14,0.07,cpu_pct,,3.491497580507372
resources,herdr,N=20 headless idle,1,False,0.07,0.05,pss_mib,,26.83984375
resources,herdr,N=20 headless idle,1,False,0.07,0.05,rss_mib,,26.84375
resources,herdr,N=20 headless idle,1,False,0.07,0.05,cpu_pct,,9.099884406897965
resources,herdr,N=20 headless output,1,False,0.07,0.04,pss_mib,,27.13671875
resources,herdr,N=20 headless output,1,False,0.07,0.04,rss_mib,,27.140625
resources,herdr,N=20 headless output,1,False,0.07,0.04,cpu_pct,,24.999572942298272
resources,herdr,N=20 attached idle,1,False,0.07,0.1,first_view_stale,,False
resources,herdr,N=20 attached idle,1,False,0.07,0.1,pss_mib,,34.79296875
resources,herdr,N=20 attached idle,1,False,0.07,0.1,rss_mib,,44.80078125
resources,herdr,N=20 attached idle,1,False,0.07,0.1,cpu_pct,,23.471949257895893
resources,herdr,N=20 attached output,1,False,0.07,0.08,pss_mib,,34.82421875
resources,herdr,N=20 attached output,1,False,0.07,0.08,rss_mib,,44.83203125
resources,herdr,N=20 attached output,1,False,0.07,0.08,cpu_pct,,36.05148427020642
resources,thurbox,N=20 headless idle,1,False,0.08,0.07,pss_mib,,8.2265625
resources,thurbox,N=20 headless idle,1,False,0.08,0.07,rss_mib,,17.4296875
resources,thurbox,N=20 headless idle,1,False,0.08,0.07,cpu_pct,,0.0
resources,thurbox,N=20 headless output,1,False,0.08,0.06,pss_mib,,8.30859375
resources,thurbox,N=20 headless output,1,False,0.08,0.06,rss_mib,,17.51171875
resources,thurbox,N=20 headless output,1,False,0.08,0.06,cpu_pct,,4.099856231981629
resources,thurbox,N=20 attached idle,1,False,0.08,0.18,first_view_stale,,False
resources,thurbox,N=20 attached idle,1,False,0.08,0.18,pss_mib,,35.5029296875
resources,thurbox,N=20 attached idle,1,False,0.08,0.18,rss_mib,,49.93359375
resources,thurbox,N=20 attached idle,1,False,0.08,0.18,cpu_pct,,5.580655506504239
resources,thurbox,N=20 attached output,1,False,0.08,0.15,pss_mib,,36.1630859375
resources,thurbox,N=20 attached output,1,False,0.08,0.15,rss_mib,,50.59375
resources,thurbox,N=20 attached output,1,False,0.08,0.15,cpu_pct,,19.115142697532885
resources,tmux,N=20 headless idle,2,False,0.15,0.13,pss_mib,,3.259765625
resources,tmux,N=20 headless idle,2,False,0.15,0.13,rss_mib,,3.99609375
resources,tmux,N=20 headless idle,2,False,0.15,0.13,cpu_pct,,0.0
resources,tmux,N=20 headless output,2,False,0.15,0.11,pss_mib,,3.388671875
resources,tmux,N=20 headless output,2,False,0.15,0.11,rss_mib,,4.125
resources,tmux,N=20 headless output,2,False,0.15,0.11,cpu_pct,,3.4998781380925132
resources,tmux,N=20 attached idle,2,False,0.15,0.08,first_view_stale,,False
resources,tmux,N=20 attached idle,2,False,0.15,0.08,pss_mib,,8.064453125
resources,tmux,N=20 attached idle,2,False,0.15,0.08,rss_mib,,12.04296875
resources,tmux,N=20 attached idle,2,False,0.15,0.08,cpu_pct,,0.0
resources,tmux,N=20 attached output,2,False,0.15,0.07,pss_mib,,8.099609375
resources,tmux,N=20 attached output,2,False,0.15,0.07,rss_mib,,12.078125
resources,tmux,N=20 attached output,2,False,0.15,0.07,cpu_pct,,3.790539905966244
resources,herdr,N=20 headless idle,2,False,0.07,0.05,pss_mib,,26.83203125
resources,herdr,N=20 headless idle,2,False,0.07,0.05,rss_mib,,26.8359375
resources,herdr,N=20 headless idle,2,False,0.07,0.05,cpu_pct,,8.899685193213227
resources,herdr,N=20 headless output,2,False,0.07,0.12,pss_mib,,27.17578125
resources,herdr,N=20 headless output,2,False,0.07,0.12,rss_mib,,27.1796875
resources,herdr,N=20 headless output,2,False,0.07,0.12,cpu_pct,,21.399639692127085
resources,herdr,N=20 attached idle,2,False,0.07,0.1,first_view_stale,,False
resources,herdr,N=20 attached idle,2,False,0.07,0.1,pss_mib,,34.79296875
resources,herdr,N=20 attached idle,2,False,0.07,0.1,rss_mib,,44.80078125
resources,herdr,N=20 attached idle,2,False,0.07,0.1,cpu_pct,,21.364710885793905
resources,herdr,N=20 attached output,2,False,0.07,0.08,pss_mib,,34.859375
resources,herdr,N=20 attached output,2,False,0.07,0.08,rss_mib,,44.8671875
resources,herdr,N=20 attached output,2,False,0.07,0.08,cpu_pct,,36.05712779571657
resources,thurbox,N=20 headless idle,2,False,0.08,0.06,pss_mib,,8.2265625
resources,thurbox,N=20 headless idle,2,False,0.08,0.06,rss_mib,,17.4296875
resources,thurbox,N=20 headless idle,2,False,0.08,0.06,cpu_pct,,0.0
resources,thurbox,N=20 headless output,2,False,0.08,0.05,pss_mib,,8.30859375
resources,thurbox,N=20 headless output,2,False,0.08,0.05,rss_mib,,17.51171875
resources,thurbox,N=20 headless output,2,False,0.08,0.05,cpu_pct,,4.799958180843934
resources,thurbox,N=20 attached idle,2,False,0.08,3.02,first_view_stale,,False
resources,thurbox,N=20 attached idle,2,False,0.08,3.02,pss_mib,,35.5029296875
resources,thurbox,N=20 attached idle,2,False,0.08,3.02,rss_mib,,49.93359375
resources,thurbox,N=20 attached idle,2,False,0.08,3.02,cpu_pct,,5.473065708223408
resources,thurbox,N=20 attached output,2,False,0.08,2.55,pss_mib,,35.9443359375
resources,thurbox,N=20 attached output,2,False,0.08,2.55,rss_mib,,50.375
resources,thurbox,N=20 attached output,2,False,0.08,2.55,cpu_pct,,19.456510420721035
resources,tmux,N=20 headless idle,3,False,2.55,2.16,pss_mib,,3.259765625
resources,tmux,N=20 headless idle,3,False,2.55,2.16,rss_mib,,3.99609375
resources,tmux,N=20 headless idle,3,False,2.55,2.16,cpu_pct,,0.0
resources,tmux,N=20 headless output,3,False,2.55,1.83,pss_mib,,3.388671875
resources,tmux,N=20 headless output,3,False,2.55,1.83,rss_mib,,4.125
resources,tmux,N=20 headless output,3,False,2.55,1.83,cpu_pct,,3.399888922569123
resources,tmux,N=20 attached idle,3,False,2.55,1.42,first_view_stale,,False
resources,tmux,N=20 attached idle,3,False,2.55,1.42,pss_mib,,8.064453125
resources,tmux,N=20 attached idle,3,False,2.55,1.42,rss_mib,,12.04296875
resources,tmux,N=20 attached idle,3,False,2.55,1.42,cpu_pct,,0.0
resources,tmux,N=20 attached output,3,False,2.55,1.2,pss_mib,,8.083984375
resources,tmux,N=20 attached output,3,False,2.55,1.2,rss_mib,,12.0625
resources,tmux,N=20 attached output,3,False,2.55,1.2,cpu_pct,,3.8905357570543355
resources,herdr,N=20 headless idle,3,False,1.2,0.94,pss_mib,,26.8359375
resources,herdr,N=20 headless idle,3,False,1.2,0.94,rss_mib,,26.83984375
resources,herdr,N=20 headless idle,3,False,1.2,0.94,cpu_pct,,8.799874094922725
resources,herdr,N=20 headless output,3,False,1.2,0.79,pss_mib,,27.13671875
resources,herdr,N=20 headless output,3,False,1.2,0.79,rss_mib,,27.140625
resources,herdr,N=20 headless output,3,False,1.2,0.79,cpu_pct,,19.39973396756911
resources,herdr,N=20 attached idle,3,False,1.2,0.69,first_view_stale,,False
resources,herdr,N=20 attached idle,3,False,1.2,0.69,pss_mib,,34.7890625
resources,herdr,N=20 attached idle,3,False,1.2,0.69,rss_mib,,44.796875
resources,herdr,N=20 attached idle,3,False,1.2,0.69,cpu_pct,,13.682527310008743
resources,herdr,N=20 attached output,3,False,1.2,0.66,pss_mib,,34.8359375
resources,herdr,N=20 attached output,3,False,1.2,0.66,rss_mib,,44.84375
resources,herdr,N=20 attached output,3,False,1.2,0.66,cpu_pct,,25.893247429465564
resources,thurbox,N=20 headless idle,3,False,0.66,0.52,pss_mib,,8.2265625
resources,thurbox,N=20 headless idle,3,False,0.66,0.52,rss_mib,,17.4296875
resources,thurbox,N=20 headless idle,3,False,0.66,0.52,cpu_pct,,0.0
resources,thurbox,N=20 headless output,3,False,0.66,0.44,pss_mib,,8.30859375
resources,thurbox,N=20 headless output,3,False,0.66,0.44,rss_mib,,17.51171875
resources,thurbox,N=20 headless output,3,False,0.66,0.44,cpu_pct,,4.7999575957344955
resources,thurbox,N=20 attached idle,3,False,0.66,0.34,first_view_stale,,False
resources,thurbox,N=20 attached idle,3,False,0.66,0.34,pss_mib,,35.9013671875
resources,thurbox,N=20 attached idle,3,False,0.66,0.34,rss_mib,,50.33203125
resources,thurbox,N=20 attached idle,3,False,0.66,0.34,cpu_pct,,5.380174859977936
resources,thurbox,N=20 attached output,3,False,0.66,1.91,pss_mib,,36.5419921875
resources,thurbox,N=20 attached output,3,False,0.66,1.91,rss_mib,,50.97265625
resources,thurbox,N=20 attached output,3,False,0.66,1.91,cpu_pct,,19.692215190780633
resources,tmux,N=20 headless idle,4,False,1.91,1.61,pss_mib,,3.263671875
resources,tmux,N=20 headless idle,4,False,1.91,1.61,rss_mib,,4.0
resources,tmux,N=20 headless idle,4,False,1.91,1.61,cpu_pct,,0.0
resources,tmux,N=20 headless output,4,False,1.91,1.37,pss_mib,,3.388671875
resources,tmux,N=20 headless output,4,False,1.91,1.37,rss_mib,,4.125
resources,tmux,N=20 headless output,4,False,1.91,1.37,cpu_pct,,3.699871688820156
resources,tmux,N=20 attached idle,4,False,1.91,1.06,first_view_stale,,False
resources,tmux,N=20 attached idle,4,False,1.91,1.06,pss_mib,,8.060546875
resources,tmux,N=20 attached idle,4,False,1.91,1.06,rss_mib,,12.0390625
resources,tmux,N=20 attached idle,4,False,1.91,1.06,cpu_pct,,0.0
resources,tmux,N=20 attached output,4,False,1.91,0.9,pss_mib,,8.072265625
resources,tmux,N=20 attached output,4,False,1.91,0.9,rss_mib,,12.05078125
resources,tmux,N=20 attached output,4,False,1.91,0.9,cpu_pct,,3.7810695139905435
resources,herdr,N=20 headless idle,4,False,0.9,0.7,pss_mib,,26.84375
resources,herdr,N=20 headless idle,4,False,0.9,0.7,rss_mib,,26.84765625
resources,herdr,N=20 headless idle,4,False,0.9,0.7,cpu_pct,,8.599865173892566
resources,herdr,N=20 headless output,4,False,0.9,0.59,pss_mib,,27.16796875
resources,herdr,N=20 headless output,4,False,0.9,0.59,rss_mib,,27.171875
resources,herdr,N=20 headless output,4,False,0.9,0.59,cpu_pct,,22.097026542349997
resources,herdr,N=20 attached idle,4,False,0.9,0.46,first_view_stale,,False
resources,herdr,N=20 attached idle,4,False,0.9,0.46,pss_mib,,34.8046875
resources,herdr,N=20 attached idle,4,False,0.9,0.46,rss_mib,,44.8125
resources,herdr,N=20 attached idle,4,False,0.9,0.46,cpu_pct,,17.372486173878983
resources,herdr,N=20 attached output,4,False,0.9,0.39,pss_mib,,34.86328125
resources,herdr,N=20 attached output,4,False,0.9,0.39,rss_mib,,44.87109375
resources,herdr,N=20 attached output,4,False,0.9,0.39,cpu_pct,,25.87474947158659
resources,thurbox,N=20 headless idle,4,False,0.39,0.3,pss_mib,,8.2265625
resources,thurbox,N=20 headless idle,4,False,0.39,0.3,rss_mib,,17.4296875
resources,thurbox,N=20 headless idle,4,False,0.39,0.3,cpu_pct,,0.0
resources,thurbox,N=20 headless output,4,False,0.39,0.25,pss_mib,,8.3125
resources,thurbox,N=20 headless output,4,False,0.39,0.25,rss_mib,,17.515625
resources,thurbox,N=20 headless output,4,False,0.39,0.25,cpu_pct,,3.8999510930533727
resources,thurbox,N=20 attached idle,4,False,0.39,0.2,first_view_stale,,False
resources,thurbox,N=20 attached idle,4,False,0.39,0.2,pss_mib,,35.5146484375
resources,thurbox,N=20 attached idle,4,False,0.39,0.2,rss_mib,,49.9453125
resources,thurbox,N=20 attached idle,4,False,0.39,0.2,cpu_pct,,5.489718336720347
resources,thurbox,N=20 attached output,4,False,0.39,2.45,pss_mib,,36.0107421875
resources,thurbox,N=20 attached output,4,False,0.39,2.45,rss_mib,,50.44140625
resources,thurbox,N=20 attached output,4,False,0.39,2.45,cpu_pct,,19.524968957263773
resources,tmux,N=20 headless idle,5,False,2.45,2.07,pss_mib,,3.255859375
resources,tmux,N=20 headless idle,5,False,2.45,2.07,rss_mib,,3.9921875
resources,tmux,N=20 headless idle,5,False,2.45,2.07,cpu_pct,,0.0
resources,tmux,N=20 headless output,5,False,2.45,1.75,pss_mib,,3.392578125
resources,tmux,N=20 headless output,5,False,2.45,1.75,rss_mib,,4.12890625
resources,tmux,N=20 headless output,5,False,2.45,1.75,cpu_pct,,3.8999327324015374
resources,tmux,N=20 attached idle,5,False,2.45,1.37,first_view_stale,,False
resources,tmux,N=20 attached idle,5,False,2.45,1.37,pss_mib,,8.064453125
resources,tmux,N=20 attached idle,5,False,2.45,1.37,rss_mib,,12.04296875
resources,tmux,N=20 attached idle,5,False,2.45,1.37,cpu_pct,,0.0
resources,tmux,N=20 attached output,5,False,2.45,1.16,pss_mib,,8.087890625
resources,tmux,N=20 attached output,5,False,2.45,1.16,rss_mib,,12.06640625
resources,tmux,N=20 attached output,5,False,2.45,1.16,cpu_pct,,3.193899460397109
resources,herdr,N=20 headless idle,5,False,1.16,0.9,pss_mib,,26.828125
resources,herdr,N=20 headless idle,5,False,1.16,0.9,rss_mib,,26.83203125
resources,herdr,N=20 headless idle,5,False,1.16,0.9,cpu_pct,,9.099684699565843
resources,herdr,N=20 headless output,5,False,1.16,0.76,pss_mib,,27.18359375
resources,herdr,N=20 headless output,5,False,1.16,0.76,rss_mib,,27.1875
resources,herdr,N=20 headless output,5,False,1.16,0.76,cpu_pct,,17.499478337049705
resources,herdr,N=20 attached idle,5,False,1.16,0.59,first_view_stale,,False
resources,herdr,N=20 attached idle,5,False,1.16,0.59,pss_mib,,34.80859375
resources,herdr,N=20 attached idle,5,False,1.16,0.59,rss_mib,,44.81640625
resources,herdr,N=20 attached idle,5,False,1.16,0.59,cpu_pct,,17.477632327141198
resources,herdr,N=20 attached output,5,False,1.16,0.5,pss_mib,,34.87109375
resources,herdr,N=20 attached output,5,False,1.16,0.5,rss_mib,,44.87890625
resources,herdr,N=20 attached output,5,False,1.16,0.5,cpu_pct,,31.238900044704305
resources,thurbox,N=20 headless idle,5,False,0.5,0.46,pss_mib,,8.2265625
resources,thurbox,N=20 headless idle,5,False,0.5,0.46,rss_mib,,17.4296875
resources,thurbox,N=20 headless idle,5,False,0.5,0.46,cpu_pct,,0.0
resources,thurbox,N=20 headless output,5,False,0.5,0.39,pss_mib,,8.30859375
resources,thurbox,N=20 headless output,5,False,0.5,0.39,rss_mib,,17.51171875
resources,thurbox,N=20 headless output,5,False,0.5,0.39,cpu_pct,,3.799945555139731
resources,thurbox,N=20 attached idle,5,False,0.5,0.3,first_view_stale,,False
resources,thurbox,N=20 attached idle,5,False,0.5,0.3,pss_mib,,35.5107421875
resources,thurbox,N=20 attached idle,5,False,0.5,0.3,rss_mib,,49.94140625
resources,thurbox,N=20 attached idle,5,False,0.5,0.3,cpu_pct,,5.499093846118476
resources,thurbox,N=20 attached output,5,False,0.5,2.39,pss_mib,,35.849609375
resources,thurbox,N=20 attached output,5,False,0.5,2.39,rss_mib,,50.3828125
resources,thurbox,N=20 attached output,5,False,0.5,2.39,cpu_pct,,19.24459319962796
resources,tmux,N=50 headless idle,0,True,2.39,2.02,pss_mib,,3.5478515625
resources,tmux,N=50 headless idle,0,True,2.39,2.02,rss_mib,,4.28515625
resources,tmux,N=50 headless idle,0,True,2.39,2.02,cpu_pct,,0.0
resources,tmux,N=50 headless output,0,True,2.39,1.71,pss_mib,,3.9931640625
resources,tmux,N=50 headless output,0,True,2.39,1.71,rss_mib,,4.73046875
resources,tmux,N=50 headless output,0,True,2.39,1.71,cpu_pct,,7.399795310562634
resources,tmux,N=50 attached idle,0,True,2.39,1.33,first_view_stale,,False
resources,tmux,N=50 attached idle,0,True,2.39,1.33,pss_mib,,12.0693359375
resources,tmux,N=50 attached idle,0,True,2.39,1.33,rss_mib,,16.05078125
resources,tmux,N=50 attached idle,0,True,2.39,1.33,cpu_pct,,0.0
resources,tmux,N=50 attached output,0,True,2.39,1.13,pss_mib,,12.1279296875
resources,tmux,N=50 attached output,0,True,2.39,1.13,rss_mib,,16.109375
resources,tmux,N=50 attached output,0,True,2.39,1.13,cpu_pct,,5.791877747497281
resources,herdr,N=50 headless idle,0,True,1.13,1.01,pss_mib,,41.07421875
resources,herdr,N=50 headless idle,0,True,1.13,1.01,rss_mib,,41.078125
resources,herdr,N=50 headless idle,0,True,1.13,1.01,cpu_pct,,28.499659614323857
resources,herdr,N=50 headless output,0,True,1.13,0.86,pss_mib,,41.90625
resources,herdr,N=50 headless output,0,True,1.13,0.86,rss_mib,,41.91015625
resources,herdr,N=50 headless output,0,True,1.13,0.86,cpu_pct,,97.88938569726965
resources,herdr,N=50 attached idle,0,True,1.13,0.67,first_view_stale,,False
resources,herdr,N=50 attached idle,0,True,1.13,0.67,pss_mib,,53.734375
resources,herdr,N=50 attached idle,0,True,1.13,0.67,rss_mib,,63.7421875
resources,herdr,N=50 attached idle,0,True,1.13,0.67,cpu_pct,,91.6666335562216
resources,herdr,N=50 attached output,0,True,1.13,1.28,pss_mib,,53.87109375
resources,herdr,N=50 attached output,0,True,1.13,1.28,rss_mib,,63.87890625
resources,herdr,N=50 attached output,0,True,1.13,1.28,cpu_pct,,85.14687790578894
resources,thurbox,N=50 headless idle,0,True,1.28,1.05,pss_mib,,8.7001953125
resources,thurbox,N=50 headless idle,0,True,1.28,1.05,rss_mib,,17.921875
resources,thurbox,N=50 headless idle,0,True,1.28,1.05,cpu_pct,,0.0
resources,thurbox,N=50 headless output,0,True,1.28,0.89,pss_mib,,8.9658203125
resources,thurbox,N=50 headless output,0,True,1.28,0.89,rss_mib,,18.1875
resources,thurbox,N=50 headless output,0,True,1.28,0.89,cpu_pct,,8.299709347497025
resources,thurbox,N=50 attached idle,0,True,1.28,0.69,first_view_stale,,False
resources,thurbox,N=50 attached idle,0,True,1.28,0.69,pss_mib,,46.025390625
resources,thurbox,N=50 attached idle,0,True,1.28,0.69,rss_mib,,60.4765625
resources,thurbox,N=50 attached idle,0,True,1.28,0.69,cpu_pct,,9.35292341708989
resources,thurbox,N=50 attached output,0,True,1.28,0.66,pss_mib,,46.595703125
resources,thurbox,N=50 attached output,0,True,1.28,0.66,rss_mib,,61.046875
resources,thurbox,N=50 attached output,0,True,1.28,0.66,cpu_pct,,35.575918447357544
resources,tmux,N=50 headless idle,1,False,0.66,0.52,pss_mib,,3.5439453125
resources,tmux,N=50 headless idle,1,False,0.66,0.52,rss_mib,,4.28125
resources,tmux,N=50 headless idle,1,False,0.66,0.52,cpu_pct,,0.0
resources,tmux,N=50 headless output,1,False,0.66,0.44,pss_mib,,3.9892578125
resources,tmux,N=50 headless output,1,False,0.66,0.44,rss_mib,,4.7265625
resources,tmux,N=50 headless output,1,False,0.66,0.44,cpu_pct,,7.299742816922135
resources,tmux,N=50 attached idle,1,False,0.66,0.37,first_view_stale,,False
resources,tmux,N=50 attached idle,1,False,0.66,0.37,pss_mib,,12.0615234375
resources,tmux,N=50 attached idle,1,False,0.66,0.37,rss_mib,,16.04296875
resources,tmux,N=50 attached idle,1,False,0.66,0.37,cpu_pct,,0.0
resources,tmux,N=50 attached output,1,False,0.66,1.06,pss_mib,,12.1083984375
resources,tmux,N=50 attached output,1,False,0.66,1.06,rss_mib,,16.08984375
resources,tmux,N=50 attached output,1,False,0.66,1.06,cpu_pct,,6.090778723027184
resources,herdr,N=50 headless idle,1,False,1.06,0.9,pss_mib,,41.0703125
resources,herdr,N=50 headless idle,1,False,1.06,0.9,rss_mib,,41.07421875
resources,herdr,N=50 headless idle,1,False,1.06,0.9,cpu_pct,,22.899247361278835
resources,herdr,N=50 headless output,1,False,1.06,1.23,pss_mib,,41.8671875
resources,herdr,N=50 headless output,1,False,1.06,1.23,rss_mib,,41.87109375
resources,herdr,N=50 headless output,1,False,1.06,1.23,cpu_pct,,110.19863223661858
resources,herdr,N=50 attached idle,1,False,1.06,1.16,first_view_stale,,False
resources,herdr,N=50 attached idle,1,False,1.06,1.16,pss_mib,,53.71484375
resources,herdr,N=50 attached idle,1,False,1.06,1.16,rss_mib,,63.72265625
resources,herdr,N=50 attached idle,1,False,1.06,1.16,cpu_pct,,90.14880106120859
resources,herdr,N=50 attached output,1,False,1.06,1.13,pss_mib,,53.87890625
resources,herdr,N=50 attached output,1,False,1.06,1.13,rss_mib,,63.88671875
resources,herdr,N=50 attached output,1,False,1.06,1.13,cpu_pct,,75.7363948639486
resources,thurbox,N=50 headless idle,1,False,1.13,0.95,pss_mib,,8.7041015625
resources,thurbox,N=50 headless idle,1,False,1.13,0.95,rss_mib,,17.92578125
resources,thurbox,N=50 headless idle,1,False,1.13,0.95,cpu_pct,,0.0
resources,thurbox,N=50 headless output,1,False,1.13,0.88,pss_mib,,8.9736328125
resources,thurbox,N=50 headless output,1,False,1.13,0.88,rss_mib,,18.1953125
resources,thurbox,N=50 headless output,1,False,1.13,0.88,cpu_pct,,9.099862372773224
resources,thurbox,N=50 attached idle,1,False,1.13,0.77,first_view_stale,,False
resources,thurbox,N=50 attached idle,1,False,1.13,0.77,pss_mib,,46.1298828125
resources,thurbox,N=50 attached idle,1,False,1.13,0.77,rss_mib,,60.58203125
resources,thurbox,N=50 attached idle,1,False,1.13,0.77,cpu_pct,,9.886379331534869
resources,thurbox,N=50 attached output,1,False,1.13,0.65,pss_mib,,46.564453125
resources,thurbox,N=50 attached output,1,False,1.13,0.65,rss_mib,,61.015625
resources,thurbox,N=50 attached output,1,False,1.13,0.65,cpu_pct,,35.89478953748459
resources,tmux,N=50 headless idle,2,False,0.65,0.5,pss_mib,,3.5439453125
resources,tmux,N=50 headless idle,2,False,0.65,0.5,rss_mib,,4.28125
resources,tmux,N=50 headless idle,2,False,0.65,0.5,cpu_pct,,0.0
resources,tmux,N=50 headless output,2,False,0.65,0.51,pss_mib,,4.0087890625
resources,tmux,N=50 headless output,2,False,0.65,0.51,rss_mib,,4.74609375
resources,tmux,N=50 headless output,2,False,0.65,0.51,cpu_pct,,7.999837238512747
resources,tmux,N=50 attached idle,2,False,0.65,0.39,first_view_stale,,False
resources,tmux,N=50 attached idle,2,False,0.65,0.39,pss_mib,,12.0576171875
resources,tmux,N=50 attached idle,2,False,0.65,0.39,rss_mib,,16.0390625
resources,tmux,N=50 attached idle,2,False,0.65,0.39,cpu_pct,,0.0
resources,tmux,N=50 attached output,2,False,0.65,0.73,pss_mib,,12.1083984375
resources,tmux,N=50 attached output,2,False,0.65,0.73,rss_mib,,16.08984375
resources,tmux,N=50 attached output,2,False,0.65,0.73,cpu_pct,,6.290167703622013
resources,herdr,N=50 headless idle,2,False,0.73,0.71,pss_mib,,41.0859375
resources,herdr,N=50 headless idle,2,False,0.73,0.71,rss_mib,,41.08984375
resources,herdr,N=50 headless idle,2,False,0.73,0.71,cpu_pct,,22.199687683696556
resources,herdr,N=50 headless output,2,False,0.73,0.6,pss_mib,,41.875
resources,herdr,N=50 headless output,2,False,0.73,0.6,rss_mib,,41.87890625
resources,herdr,N=50 headless output,2,False,0.73,0.6,cpu_pct,,62.699609174516404
resources,herdr,N=50 attached idle,2,False,0.73,0.88,first_view_stale,,False
resources,herdr,N=50 attached idle,2,False,0.73,0.88,pss_mib,,53.6640625
resources,herdr,N=50 attached idle,2,False,0.73,0.88,rss_mib,,63.671875
resources,herdr,N=50 attached idle,2,False,0.73,0.88,cpu_pct,,88.39424003968746
resources,herdr,N=50 attached output,2,False,0.73,0.97,pss_mib,,53.87109375
resources,herdr,N=50 attached output,2,False,0.73,0.97,rss_mib,,63.87890625
resources,herdr,N=50 attached output,2,False,0.73,0.97,cpu_pct,,101.06321055985546
resources,thurbox,N=50 headless idle,2,False,0.97,0.97,pss_mib,,8.7001953125
resources,thurbox,N=50 headless idle,2,False,0.97,0.97,rss_mib,,17.921875
resources,thurbox,N=50 headless idle,2,False,0.97,0.97,cpu_pct,,0.0
resources,thurbox,N=50 headless output,2,False,0.97,0.75,pss_mib,,8.9736328125
resources,thurbox,N=50 headless output,2,False,0.97,0.75,rss_mib,,18.1953125
resources,thurbox,N=50 headless output,2,False,0.97,0.75,cpu_pct,,7.999728038045018
resources,thurbox,N=50 attached idle,2,False,0.97,0.64,first_view_stale,,False
resources,thurbox,N=50 attached idle,2,False,0.97,0.64,pss_mib,,46.083984375
resources,thurbox,N=50 attached idle,2,False,0.97,0.64,rss_mib,,60.53515625
resources,thurbox,N=50 attached idle,2,False,0.97,0.64,cpu_pct,,9.651988749394082
resources,thurbox,N=50 attached output,2,False,0.97,0.54,pss_mib,,46.599609375
resources,thurbox,N=50 attached output,2,False,0.97,0.54,rss_mib,,61.05078125
resources,thurbox,N=50 attached output,2,False,0.97,0.54,cpu_pct,,37.44648926266921
resources,tmux,N=50 headless idle,3,False,0.54,0.69,pss_mib,,3.5439453125
resources,tmux,N=50 headless idle,3,False,0.54,0.69,rss_mib,,4.28125
resources,tmux,N=50 headless idle,3,False,0.54,0.69,cpu_pct,,0.0
resources,tmux,N=50 headless output,3,False,0.54,0.58,pss_mib,,3.9970703125
resources,tmux,N=50 headless output,3,False,0.54,0.58,rss_mib,,4.734375
resources,tmux,N=50 headless output,3,False,0.54,0.58,cpu_pct,,7.899729551966861
resources,tmux,N=50 attached idle,3,False,0.54,0.45,first_view_stale,,False
resources,tmux,N=50 attached idle,3,False,0.54,0.45,pss_mib,,12.0576171875
resources,tmux,N=50 attached idle,3,False,0.54,0.45,rss_mib,,16.0390625
resources,tmux,N=50 attached idle,3,False,0.54,0.45,cpu_pct,,0.0
resources,tmux,N=50 attached output,3,False,0.54,0.38,pss_mib,,12.1279296875
resources,tmux,N=50 attached output,3,False,0.54,0.38,rss_mib,,16.109375
resources,tmux,N=50 attached output,3,False,0.54,0.38,cpu_pct,,6.374819957766222
resources,herdr,N=50 headless idle,3,False,0.38,0.43,pss_mib,,41.09765625
resources,herdr,N=50 headless idle,3,False,0.38,0.43,rss_mib,,41.1015625
resources,herdr,N=50 headless idle,3,False,0.38,0.43,cpu_pct,,21.999819132889876
resources,herdr,N=50 headless output,3,False,0.38,0.84,pss_mib,,41.890625
resources,herdr,N=50 headless output,3,False,0.38,0.84,rss_mib,,41.89453125
resources,herdr,N=50 headless output,3,False,0.38,0.84,cpu_pct,,79.59876486596038
resources,herdr,N=50 attached idle,3,False,0.38,1.22,first_view_stale,,False
resources,herdr,N=50 attached idle,3,False,0.38,1.22,pss_mib,,53.69140625
resources,herdr,N=50 attached idle,3,False,0.38,1.22,rss_mib,,63.69921875
resources,herdr,N=50 attached idle,3,False,0.38,1.22,cpu_pct,,85.98203353559933
resources,herdr,N=50 attached output,3,False,0.38,1.35,pss_mib,,53.86328125
resources,herdr,N=50 attached output,3,False,0.38,1.35,rss_mib,,63.87109375
resources,herdr,N=50 attached output,3,False,0.38,1.35,cpu_pct,,112.26154624875156
resources,thurbox,N=50 headless idle,3,False,1.35,1.03,pss_mib,,8.69921875
resources,thurbox,N=50 headless idle,3,False,1.35,1.03,rss_mib,,17.921875
resources,thurbox,N=50 headless idle,3,False,1.35,1.03,cpu_pct,,0.0
resources,thurbox,N=50 headless output,3,False,1.35,0.87,pss_mib,,8.9736328125
resources,thurbox,N=50 headless output,3,False,1.35,0.87,rss_mib,,18.1953125
resources,thurbox,N=50 headless output,3,False,1.35,0.87,cpu_pct,,8.899716884876772
resources,thurbox,N=50 attached idle,3,False,1.35,0.68,first_view_stale,,False
resources,thurbox,N=50 attached idle,3,False,1.35,0.68,pss_mib,,46.013671875
resources,thurbox,N=50 attached idle,3,False,1.35,0.68,rss_mib,,60.46484375
resources,thurbox,N=50 attached idle,3,False,1.35,0.68,cpu_pct,,10.0792099201045
resources,thurbox,N=50 attached output,3,False,1.35,0.65,pss_mib,,46.572265625
resources,thurbox,N=50 attached output,3,False,1.35,0.65,rss_mib,,61.0234375
resources,thurbox,N=50 attached output,3,False,1.35,0.65,cpu_pct,,34.683700419308096
resources,tmux,N=50 headless idle,4,False,0.65,0.55,pss_mib,,3.5400390625
resources,tmux,N=50 headless idle,4,False,0.65,0.55,rss_mib,,4.27734375
resources,tmux,N=50 headless idle,4,False,0.65,0.55,cpu_pct,,0.0
resources,tmux,N=50 headless output,4,False,0.65,0.54,pss_mib,,3.9853515625
resources,tmux,N=50 headless output,4,False,0.65,0.54,rss_mib,,4.72265625
resources,tmux,N=50 headless output,4,False,0.65,0.54,cpu_pct,,7.499734717883612
resources,tmux,N=50 attached idle,4,False,0.65,0.42,first_view_stale,,False
resources,tmux,N=50 attached idle,4,False,0.65,0.42,pss_mib,,12.0419921875
resources,tmux,N=50 attached idle,4,False,0.65,0.42,rss_mib,,16.0234375
resources,tmux,N=50 attached idle,4,False,0.65,0.42,cpu_pct,,0.0
resources,tmux,N=50 attached output,4,False,0.65,0.35,pss_mib,,12.1123046875
resources,tmux,N=50 attached output,4,False,0.65,0.35,rss_mib,,16.09375
resources,tmux,N=50 attached output,4,False,0.65,0.35,cpu_pct,,6.675570305205569
resources,herdr,N=50 headless idle,4,False,0.35,0.48,pss_mib,,41.078125
resources,herdr,N=50 headless idle,4,False,0.35,0.48,rss_mib,,41.08203125
resources,herdr,N=50 headless idle,4,False,0.35,0.48,cpu_pct,,22.2992851674207
resources,herdr,N=50 headless output,4,False,0.35,0.4,pss_mib,,41.87890625
resources,herdr,N=50 headless output,4,False,0.35,0.4,rss_mib,,41.8828125
resources,herdr,N=50 headless output,4,False,0.35,0.4,cpu_pct,,74.39904963397866
resources,herdr,N=50 attached idle,4,False,0.35,0.46,first_view_stale,,False
resources,herdr,N=50 attached idle,4,False,0.35,0.46,pss_mib,,53.7421875
resources,herdr,N=50 attached idle,4,False,0.35,0.46,rss_mib,,63.75
resources,herdr,N=50 attached idle,4,False,0.35,0.46,cpu_pct,,74.47276743143749
resources,herdr,N=50 attached output,4,False,0.35,0.68,pss_mib,,53.90234375
resources,herdr,N=50 attached output,4,False,0.35,0.68,rss_mib,,63.91015625
resources,herdr,N=50 attached output,4,False,0.35,0.68,cpu_pct,,86.31059871369618
resources,thurbox,N=50 headless idle,4,False,0.71,0.69,pss_mib,,8.7041015625
resources,thurbox,N=50 headless idle,4,False,0.71,0.69,rss_mib,,17.92578125
resources,thurbox,N=50 headless idle,4,False,0.71,0.69,cpu_pct,,0.0
resources,thurbox,N=50 headless output,4,False,0.71,0.58,pss_mib,,8.9658203125
resources,thurbox,N=50 headless output,4,False,0.71,0.58,rss_mib,,18.1875
resources,thurbox,N=50 headless output,4,False,0.71,0.58,cpu_pct,,7.8998931618452675
resources,thurbox,N=50 attached idle,4,False,0.71,0.52,first_view_stale,,False
resources,thurbox,N=50 attached idle,4,False,0.71,0.52,pss_mib,,45.947265625
resources,thurbox,N=50 attached idle,4,False,0.71,0.52,rss_mib,,60.3984375
resources,thurbox,N=50 attached idle,4,False,0.71,0.52,cpu_pct,,9.786250900746182
resources,thurbox,N=50 attached output,4,False,0.71,0.59,pss_mib,,46.580078125
resources,thurbox,N=50 attached output,4,False,0.71,0.59,rss_mib,,61.03125
resources,thurbox,N=50 attached output,4,False,0.71,0.59,cpu_pct,,36.45965775328653
resources,tmux,N=50 headless idle,5,False,0.59,0.46,pss_mib,,3.5439453125
resources,tmux,N=50 headless idle,5,False,0.59,0.46,rss_mib,,4.28125
resources,tmux,N=50 headless idle,5,False,0.59,0.46,cpu_pct,,0.0
resources,tmux,N=50 headless output,5,False,0.59,0.39,pss_mib,,3.9892578125
resources,tmux,N=50 headless output,5,False,0.59,0.39,rss_mib,,4.7265625
resources,tmux,N=50 headless output,5,False,0.59,0.39,cpu_pct,,6.79990731182277
resources,tmux,N=50 attached idle,5,False,0.59,0.33,first_view_stale,,False
resources,tmux,N=50 attached idle,5,False,0.59,0.33,pss_mib,,12.0498046875
resources,tmux,N=50 attached idle,5,False,0.59,0.33,rss_mib,,16.03125
resources,tmux,N=50 attached idle,5,False,0.59,0.33,cpu_pct,,0.0
resources,tmux,N=50 attached output,5,False,0.59,0.26,pss_mib,,12.1162109375
resources,tmux,N=50 attached output,5,False,0.59,0.26,rss_mib,,16.09765625
resources,tmux,N=50 attached output,5,False,0.59,0.26,cpu_pct,,6.272875008275174
resources,herdr,N=50 headless idle,5,False,0.26,0.22,pss_mib,,41.06640625
resources,herdr,N=50 headless idle,5,False,0.26,0.22,rss_mib,,41.0703125
resources,herdr,N=50 headless idle,5,False,0.26,0.22,cpu_pct,,22.39978793672118
resources,herdr,N=50 headless output,5,False,0.26,0.17,pss_mib,,41.87890625
resources,herdr,N=50 headless output,5,False,0.26,0.17,rss_mib,,41.8828125
resources,herdr,N=50 headless output,5,False,0.26,0.17,cpu_pct,,70.79905072632175
resources,herdr,N=50 attached idle,5,False,0.26,0.45,first_view_stale,,False
resources,herdr,N=50 attached idle,5,False,0.26,0.45,pss_mib,,53.7578125
resources,herdr,N=50 attached idle,5,False,0.26,0.45,rss_mib,,63.765625
resources,herdr,N=50 attached idle,5,False,0.26,0.45,cpu_pct,,91.3948564142723
resources,herdr,N=50 attached output,5,False,0.26,0.46,pss_mib,,53.93359375
resources,herdr,N=50 attached output,5,False,0.26,0.46,rss_mib,,63.94140625
resources,herdr,N=50 attached output,5,False,0.26,0.46,cpu_pct,,85.28143414833409
resources,thurbox,N=50 headless idle,5,False,0.46,0.58,pss_mib,,8.7041015625
resources,thurbox,N=50 headless idle,5,False,0.46,0.58,rss_mib,,17.92578125
resources,thurbox,N=50 headless idle,5,False,0.46,0.58,cpu_pct,,0.0
resources,thurbox,N=50 headless output,5,False,0.46,0.49,pss_mib,,8.9697265625
resources,thurbox,N=50 headless output,5,False,0.46,0.49,rss_mib,,18.19140625
resources,thurbox,N=50 headless output,5,False,0.46,0.49,cpu_pct,,7.4998840772905835
resources,thurbox,N=50 attached idle,5,False,0.46,0.45,first_view_stale,,False
resources,thurbox,N=50 attached idle,5,False,0.46,0.45,pss_mib,,46.029296875
resources,thurbox,N=50 attached idle,5,False,0.46,0.45,rss_mib,,60.48046875
resources,thurbox,N=50 attached idle,5,False,0.46,0.45,cpu_pct,,9.994135061770628
resources,thurbox,N=50 attached output,5,False,0.46,0.38,pss_mib,,46.650390625
resources,thurbox,N=50 attached output,5,False,0.46,0.38,rss_mib,,61.1015625
resources,thurbox,N=50 attached output,5,False,0.46,0.38,cpu_pct,,35.666068015431875
resources,tmux,N=20 headless idle-long,0,True,0.38,0.12,pss_mib,,3.259765625
resources,tmux,N=20 headless idle-long,0,True,0.38,0.12,rss_mib,,3.99609375
resources,tmux,N=20 headless idle-long,0,True,0.38,0.12,cpu_pct,,0.0
resources,herdr,N=20 headless idle-long,0,True,0.12,0.04,pss_mib,,26.83984375
resources,herdr,N=20 headless idle-long,0,True,0.12,0.04,rss_mib,,26.84375
resources,herdr,N=20 headless idle-long,0,True,0.12,0.04,cpu_pct,,8.846105986815274
resources,thurbox,N=20 headless idle-long,0,True,0.04,0.17,pss_mib,,8.2255859375
resources,thurbox,N=20 headless idle-long,0,True,0.04,0.17,rss_mib,,17.4296875
resources,thurbox,N=20 headless idle-long,0,True,0.04,0.17,cpu_pct,,0.0
resources,tmux,N=20 headless idle-long,1,False,0.17,0.05,pss_mib,,3.259765625
resources,tmux,N=20 headless idle-long,1,False,0.17,0.05,rss_mib,,3.99609375
resources,tmux,N=20 headless idle-long,1,False,0.17,0.05,cpu_pct,,0.0
resources,herdr,N=20 headless idle-long,1,False,0.05,0.15,pss_mib,,26.83984375
resources,herdr,N=20 headless idle-long,1,False,0.05,0.15,rss_mib,,26.84375
resources,herdr,N=20 headless idle-long,1,False,0.05,0.15,cpu_pct,,9.061491061854257
resources,thurbox,N=20 headless idle-long,1,False,0.15,0.07,pss_mib,,8.2255859375
resources,thurbox,N=20 headless idle-long,1,False,0.15,0.07,rss_mib,,17.4296875
resources,thurbox,N=20 headless idle-long,1,False,0.15,0.07,cpu_pct,,0.0
resources,tmux,N=20 headless idle-long,2,False,0.07,0.05,pss_mib,,3.259765625
resources,tmux,N=20 headless idle-long,2,False,0.07,0.05,rss_mib,,3.99609375
resources,tmux,N=20 headless idle-long,2,False,0.07,0.05,cpu_pct,,0.0
resources,herdr,N=20 headless idle-long,2,False,0.05,0.08,pss_mib,,26.828125
resources,herdr,N=20 headless idle-long,2,False,0.05,0.08,rss_mib,,26.83203125
resources,herdr,N=20 headless idle-long,2,False,0.05,0.08,cpu_pct,,9.169181398408265
resources,thurbox,N=20 headless idle-long,2,False,0.08,0.13,pss_mib,,8.2294921875
resources,thurbox,N=20 headless idle-long,2,False,0.08,0.13,rss_mib,,17.43359375
resources,thurbox,N=20 headless idle-long,2,False,0.08,0.13,cpu_pct,,0.0
resources,tmux,N=20 headless idle-long,3,False,0.13,0.04,pss_mib,,3.259765625
resources,tmux,N=20 headless idle-long,3,False,0.13,0.04,rss_mib,,3.99609375
resources,tmux,N=20 headless idle-long,3,False,0.13,0.04,cpu_pct,,0.0
resources,herdr,N=20 headless idle-long,3,False,0.04,0.18,pss_mib,,26.84765625
resources,herdr,N=20 headless idle-long,3,False,0.04,0.18,rss_mib,,26.8515625
resources,herdr,N=20 headless idle-long,3,False,0.04,0.18,cpu_pct,,8.707658815223452
resources,thurbox,N=20 headless idle-long,3,False,0.18,0.08,pss_mib,,8.2255859375
resources,thurbox,N=20 headless idle-long,3,False,0.18,0.08,rss_mib,,17.4296875
resources,thurbox,N=20 headless idle-long,3,False,0.18,0.08,cpu_pct,,0.0
resources,tmux,N=20 headless idle-long,4,False,0.08,0.07,pss_mib,,3.259765625
resources,tmux,N=20 headless idle-long,4,False,0.08,0.07,rss_mib,,3.99609375
resources,tmux,N=20 headless idle-long,4,False,0.08,0.07,cpu_pct,,0.0
resources,herdr,N=20 headless idle-long,4,False,0.07,0.06,pss_mib,,26.8359375
resources,herdr,N=20 headless idle-long,4,False,0.07,0.06,rss_mib,,26.83984375
resources,herdr,N=20 headless idle-long,4,False,0.07,0.06,cpu_pct,,8.615372740220012
resources,thurbox,N=20 headless idle-long,4,False,0.06,0.02,pss_mib,,8.2294921875
resources,thurbox,N=20 headless idle-long,4,False,0.06,0.02,rss_mib,,17.43359375
resources,thurbox,N=20 headless idle-long,4,False,0.06,0.02,cpu_pct,,0.0
resources,tmux,N=20 headless idle-long,5,False,0.02,0.07,pss_mib,,3.259765625
resources,tmux,N=20 headless idle-long,5,False,0.02,0.07,rss_mib,,3.99609375
resources,tmux,N=20 headless idle-long,5,False,0.02,0.07,cpu_pct,,0.0
resources,herdr,N=20 headless idle-long,5,False,0.07,0.07,pss_mib,,26.8359375
resources,herdr,N=20 headless idle-long,5,False,0.07,0.07,rss_mib,,26.83984375
resources,herdr,N=20 headless idle-long,5,False,0.07,0.07,cpu_pct,,9.169181677290632
resources,thurbox,N=20 headless idle-long,5,False,0.07,0.08,pss_mib,,8.2255859375
resources,thurbox,N=20 headless idle-long,5,False,0.07,0.08,rss_mib,,17.4296875
resources,thurbox,N=20 headless idle-long,5,False,0.07,0.08,cpu_pct,,0.0
throughput,tmux,headless,0,True,0.08,0.08,producer_ms,,214.930369
throughput,tmux,headless,0,True,0.08,0.08,settle_ms,,348.122754
throughput,tmux,headless,0,True,0.08,0.08,visible_ms,,
throughput,tmux,headless,0,True,0.08,0.08,host_cpu_s,,0.22
throughput,tmux,headless,0,True,0.08,0.08,intact,,True
throughput,tmux,headless,0,True,0.08,0.08,pss_after_mib,,5.2099609375
throughput,herdr,headless,0,True,0.08,0.16,producer_ms,,130.560912
throughput,herdr,headless,0,True,0.08,0.16,settle_ms,,259.895962
throughput,herdr,headless,0,True,0.08,0.16,visible_ms,,
throughput,herdr,headless,0,True,0.08,0.16,host_cpu_s,,0.13
throughput,herdr,headless,0,True,0.08,0.16,intact,,True
throughput,herdr,headless,0,True,0.08,0.16,pss_after_mib,,24.16796875
throughput,thurbox,headless,0,True,0.16,0.16,producer_ms,,211.389877
throughput,thurbox,headless,0,True,0.16,0.16,settle_ms,,355.335824
throughput,thurbox,headless,0,True,0.16,0.16,visible_ms,,
throughput,thurbox,headless,0,True,0.16,0.16,host_cpu_s,,0.21
throughput,thurbox,headless,0,True,0.16,0.16,intact,,True
throughput,thurbox,headless,0,True,0.16,0.16,pss_after_mib,,9.59765625
throughput,tmux,headless,1,False,0.16,0.16,producer_ms,,207.355599
throughput,tmux,headless,1,False,0.16,0.16,settle_ms,,345.737491
throughput,tmux,headless,1,False,0.16,0.16,visible_ms,,
throughput,tmux,headless,1,False,0.16,0.16,host_cpu_s,,0.21
throughput,tmux,headless,1,False,0.16,0.16,intact,,True
throughput,tmux,headless,1,False,0.16,0.16,pss_after_mib,,5.2099609375
throughput,herdr,headless,1,False,0.16,0.15,producer_ms,,129.808793
throughput,herdr,headless,1,False,0.16,0.15,settle_ms,,257.88246
throughput,herdr,headless,1,False,0.16,0.15,visible_ms,,
throughput,herdr,headless,1,False,0.16,0.15,host_cpu_s,,0.13
throughput,herdr,headless,1,False,0.16,0.15,intact,,True
throughput,herdr,headless,1,False,0.16,0.15,pss_after_mib,,27.1640625
throughput,thurbox,headless,1,False,0.15,0.15,producer_ms,,226.327712
throughput,thurbox,headless,1,False,0.15,0.15,settle_ms,,353.762651
throughput,thurbox,headless,1,False,0.15,0.15,visible_ms,,
throughput,thurbox,headless,1,False,0.15,0.15,host_cpu_s,,0.22
throughput,thurbox,headless,1,False,0.15,0.15,intact,,True
throughput,thurbox,headless,1,False,0.15,0.15,pss_after_mib,,9.59765625
throughput,tmux,headless,2,False,0.15,0.15,producer_ms,,207.429496
throughput,tmux,headless,2,False,0.15,0.15,settle_ms,,338.500657
throughput,tmux,headless,2,False,0.15,0.15,visible_ms,,
throughput,tmux,headless,2,False,0.15,0.15,host_cpu_s,,0.21
throughput,tmux,headless,2,False,0.15,0.15,intact,,True
throughput,tmux,headless,2,False,0.15,0.15,pss_after_mib,,5.2099609375
throughput,herdr,headless,2,False,0.15,0.13,producer_ms,,130.295809
throughput,herdr,headless,2,False,0.15,0.13,settle_ms,,252.367173
throughput,herdr,headless,2,False,0.15,0.13,visible_ms,,
throughput,herdr,headless,2,False,0.15,0.13,host_cpu_s,,0.13
throughput,herdr,headless,2,False,0.15,0.13,intact,,True
throughput,herdr,headless,2,False,0.15,0.13,pss_after_mib,,24.9296875
throughput,thurbox,headless,2,False,0.13,0.13,producer_ms,,222.381526
throughput,thurbox,headless,2,False,0.13,0.13,settle_ms,,361.971602
throughput,thurbox,headless,2,False,0.13,0.13,visible_ms,,
throughput,thurbox,headless,2,False,0.13,0.13,host_cpu_s,,0.22
throughput,thurbox,headless,2,False,0.13,0.13,intact,,True
throughput,thurbox,headless,2,False,0.13,0.13,pss_after_mib,,9.59765625
throughput,tmux,headless,3,False,0.13,0.13,producer_ms,,207.418187
throughput,tmux,headless,3,False,0.13,0.13,settle_ms,,329.556591
throughput,tmux,headless,3,False,0.13,0.13,visible_ms,,
throughput,tmux,headless,3,False,0.13,0.13,host_cpu_s,,0.2
throughput,tmux,headless,3,False,0.13,0.13,intact,,True
throughput,tmux,headless,3,False,0.13,0.13,pss_after_mib,,5.2099609375
throughput,herdr,headless,3,False,0.13,0.2,producer_ms,,130.890062
throughput,herdr,headless,3,False,0.13,0.2,settle_ms,,745.367649
throughput,herdr,headless,3,False,0.13,0.2,visible_ms,,
throughput,herdr,headless,3,False,0.13,0.2,host_cpu_s,,0.15
throughput,herdr,headless,3,False,0.13,0.2,intact,,True
throughput,herdr,headless,3,False,0.13,0.2,pss_after_mib,,18.5078125
throughput,thurbox,headless,3,False,0.2,0.2,producer_ms,,211.158785
throughput,thurbox,headless,3,False,0.2,0.2,settle_ms,,341.208109
throughput,thurbox,headless,3,False,0.2,0.2,visible_ms,,
throughput,thurbox,headless,3,False,0.2,0.2,host_cpu_s,,0.22
throughput,thurbox,headless,3,False,0.2,0.2,intact,,True
throughput,thurbox,headless,3,False,0.2,0.2,pss_after_mib,,9.59765625
throughput,tmux,headless,4,False,0.2,0.19,producer_ms,,225.307309
throughput,tmux,headless,4,False,0.2,0.19,settle_ms,,366.024128
throughput,tmux,headless,4,False,0.2,0.19,visible_ms,,
throughput,tmux,headless,4,False,0.2,0.19,host_cpu_s,,0.22
throughput,tmux,headless,4,False,0.2,0.19,intact,,True
throughput,tmux,headless,4,False,0.2,0.19,pss_after_mib,,5.2099609375
throughput,herdr,headless,4,False,0.19,0.19,producer_ms,,129.637863
throughput,herdr,headless,4,False,0.19,0.19,settle_ms,,250.77967
throughput,herdr,headless,4,False,0.19,0.19,visible_ms,,
throughput,herdr,headless,4,False,0.19,0.19,host_cpu_s,,0.13
throughput,herdr,headless,4,False,0.19,0.19,intact,,True
throughput,herdr,headless,4,False,0.19,0.19,pss_after_mib,,25.30078125
throughput,thurbox,headless,4,False,0.19,0.19,producer_ms,,213.951791
throughput,thurbox,headless,4,False,0.19,0.19,settle_ms,,340.492394
throughput,thurbox,headless,4,False,0.19,0.19,visible_ms,,
throughput,thurbox,headless,4,False,0.19,0.19,host_cpu_s,,0.21
throughput,thurbox,headless,4,False,0.19,0.19,intact,,True
throughput,thurbox,headless,4,False,0.19,0.19,pss_after_mib,,9.59765625
throughput,tmux,headless,5,False,0.19,0.17,producer_ms,,225.514458
throughput,tmux,headless,5,False,0.19,0.17,settle_ms,,365.16546
throughput,tmux,headless,5,False,0.19,0.17,visible_ms,,
throughput,tmux,headless,5,False,0.19,0.17,host_cpu_s,,0.21
throughput,tmux,headless,5,False,0.19,0.17,intact,,True
throughput,tmux,headless,5,False,0.19,0.17,pss_after_mib,,5.2099609375
throughput,herdr,headless,5,False,0.17,0.17,producer_ms,,129.421894
throughput,herdr,headless,5,False,0.17,0.17,settle_ms,,257.10584
throughput,herdr,headless,5,False,0.17,0.17,visible_ms,,
throughput,herdr,headless,5,False,0.17,0.17,host_cpu_s,,0.13
throughput,herdr,headless,5,False,0.17,0.17,intact,,True
throughput,herdr,headless,5,False,0.17,0.17,pss_after_mib,,24.546875
throughput,thurbox,headless,5,False,0.17,0.16,producer_ms,,210.885749
throughput,thurbox,headless,5,False,0.17,0.16,settle_ms,,337.126099
throughput,thurbox,headless,5,False,0.17,0.16,visible_ms,,
throughput,thurbox,headless,5,False,0.17,0.16,host_cpu_s,,0.21
throughput,thurbox,headless,5,False,0.17,0.16,intact,,True
throughput,thurbox,headless,5,False,0.17,0.16,pss_after_mib,,9.59765625
throughput,tmux,attached,0,True,0.16,0.16,producer_ms,,226.932543
throughput,tmux,attached,0,True,0.16,0.16,settle_ms,,442.486446
throughput,tmux,attached,0,True,0.16,0.16,visible_ms,,330.503808
throughput,tmux,attached,0,True,0.16,0.16,host_cpu_s,,0.23
throughput,tmux,attached,0,True,0.16,0.16,intact,,True
throughput,tmux,attached,0,True,0.16,0.16,pss_after_mib,,7.73828125
throughput,herdr,attached,0,True,0.16,0.14,producer_ms,,145.95851
throughput,herdr,attached,0,True,0.16,0.14,settle_ms,,673.150171
throughput,herdr,attached,0,True,0.16,0.14,visible_ms,,161.641565
throughput,herdr,attached,0,True,0.16,0.14,host_cpu_s,,0.19
throughput,herdr,attached,0,True,0.16,0.14,intact,,True
throughput,herdr,attached,0,True,0.16,0.14,pss_after_mib,,23.1640625
throughput,thurbox,attached,0,True,0.14,0.14,producer_ms,,244.672846
throughput,thurbox,attached,0,True,0.14,0.14,settle_ms,,318.291075
throughput,thurbox,attached,0,True,0.14,0.14,visible_ms,,261.449506
throughput,thurbox,attached,0,True,0.14,0.14,host_cpu_s,,0.38
throughput,thurbox,attached,0,True,0.14,0.14,intact,,True
throughput,thurbox,attached,0,True,0.14,0.14,pss_after_mib,,36.015625
throughput,tmux,attached,1,False,0.14,0.13,producer_ms,,227.780387
throughput,tmux,attached,1,False,0.14,0.13,settle_ms,,445.101153
throughput,tmux,attached,1,False,0.14,0.13,visible_ms,,333.740269
throughput,tmux,attached,1,False,0.14,0.13,host_cpu_s,,0.22
throughput,tmux,attached,1,False,0.14,0.13,intact,,True
throughput,tmux,attached,1,False,0.14,0.13,pss_after_mib,,7.703125
throughput,herdr,attached,1,False,0.13,0.13,producer_ms,,143.694818
throughput,herdr,attached,1,False,0.13,0.13,settle_ms,,286.57934
throughput,herdr,attached,1,False,0.13,0.13,visible_ms,,156.436452
throughput,herdr,attached,1,False,0.13,0.13,host_cpu_s,,0.19
throughput,herdr,attached,1,False,0.13,0.13,intact,,True
throughput,herdr,attached,1,False,0.13,0.13,pss_after_mib,,26.1875
throughput,thurbox,attached,1,False,0.13,0.12,producer_ms,,255.371614
throughput,thurbox,attached,1,False,0.13,0.12,settle_ms,,311.677619
throughput,thurbox,attached,1,False,0.13,0.12,visible_ms,,258.645743
throughput,thurbox,attached,1,False,0.13,0.12,host_cpu_s,,0.4
throughput,thurbox,attached,1,False,0.13,0.12,intact,,True
throughput,thurbox,attached,1,False,0.13,0.12,pss_after_mib,,36.025390625
throughput,tmux,attached,2,False,0.12,0.12,producer_ms,,227.428618
throughput,tmux,attached,2,False,0.12,0.12,settle_ms,,446.013516
throughput,tmux,attached,2,False,0.12,0.12,visible_ms,,333.357417
throughput,tmux,attached,2,False,0.12,0.12,host_cpu_s,,0.22
throughput,tmux,attached,2,False,0.12,0.12,intact,,True
throughput,tmux,attached,2,False,0.12,0.12,pss_after_mib,,7.703125
throughput,herdr,attached,2,False,0.12,0.11,producer_ms,,142.51822
throughput,herdr,attached,2,False,0.12,0.11,settle_ms,,1034.457549
throughput,herdr,attached,2,False,0.12,0.11,visible_ms,,161.105392
throughput,herdr,attached,2,False,0.12,0.11,host_cpu_s,,0.21
throughput,herdr,attached,2,False,0.12,0.11,intact,,True
throughput,herdr,attached,2,False,0.12,0.11,pss_after_mib,,23.1640625
throughput,thurbox,attached,2,False,0.11,0.26,producer_ms,,252.474775
throughput,thurbox,attached,2,False,0.11,0.26,settle_ms,,615.66148
throughput,thurbox,attached,2,False,0.11,0.26,visible_ms,,259.696752
throughput,thurbox,attached,2,False,0.11,0.26,host_cpu_s,,0.39
throughput,thurbox,attached,2,False,0.11,0.26,intact,,True
throughput,thurbox,attached,2,False,0.11,0.26,pss_after_mib,,36.037109375
throughput,tmux,attached,3,False,0.26,0.26,producer_ms,,226.766964
throughput,tmux,attached,3,False,0.26,0.26,settle_ms,,462.537809
throughput,tmux,attached,3,False,0.26,0.26,visible_ms,,334.415635
throughput,tmux,attached,3,False,0.26,0.26,host_cpu_s,,0.23
throughput,tmux,attached,3,False,0.26,0.26,intact,,True
throughput,tmux,attached,3,False,0.26,0.26,pss_after_mib,,7.68359375
throughput,herdr,attached,3,False,0.26,0.24,producer_ms,,142.97255
throughput,herdr,attached,3,False,0.26,0.24,settle_ms,,286.736133
throughput,herdr,attached,3,False,0.26,0.24,visible_ms,,156.386949
throughput,herdr,attached,3,False,0.26,0.24,host_cpu_s,,0.18
throughput,herdr,attached,3,False,0.26,0.24,intact,,True
throughput,herdr,attached,3,False,0.26,0.24,pss_after_mib,,24.64453125
throughput,thurbox,attached,3,False,0.24,0.24,producer_ms,,243.316911
throughput,thurbox,attached,3,False,0.24,0.24,settle_ms,,443.078443
throughput,thurbox,attached,3,False,0.24,0.24,visible_ms,,259.022114
throughput,thurbox,attached,3,False,0.24,0.24,host_cpu_s,,0.37
throughput,thurbox,attached,3,False,0.24,0.24,intact,,True
throughput,thurbox,attached,3,False,0.24,0.24,pss_after_mib,,36.009765625
throughput,tmux,attached,4,False,0.24,0.22,producer_ms,,228.283722
throughput,tmux,attached,4,False,0.24,0.22,settle_ms,,448.139936
throughput,tmux,attached,4,False,0.24,0.22,visible_ms,,337.700407
throughput,tmux,attached,4,False,0.24,0.22,host_cpu_s,,0.24
throughput,tmux,attached,4,False,0.24,0.22,intact,,True
throughput,tmux,attached,4,False,0.24,0.22,pss_after_mib,,7.71875
throughput,herdr,attached,4,False,0.22,0.22,producer_ms,,150.224275
throughput,herdr,attached,4,False,0.22,0.22,settle_ms,,656.7001
throughput,herdr,attached,4,False,0.22,0.22,visible_ms,,157.093571
throughput,herdr,attached,4,False,0.22,0.22,host_cpu_s,,0.19
throughput,herdr,attached,4,False,0.22,0.22,intact,,True
throughput,herdr,attached,4,False,0.22,0.22,pss_after_mib,,23.1640625
throughput,thurbox,attached,4,False,0.2,0.2,producer_ms,,247.137893
throughput,thurbox,attached,4,False,0.2,0.2,settle_ms,,575.409348
throughput,thurbox,attached,4,False,0.2,0.2,visible_ms,,253.196337
throughput,thurbox,attached,4,False,0.2,0.2,host_cpu_s,,0.39
throughput,thurbox,attached,4,False,0.2,0.2,intact,,True
throughput,thurbox,attached,4,False,0.2,0.2,pss_after_mib,,36.013671875
throughput,tmux,attached,5,False,0.2,0.19,producer_ms,,227.73247
throughput,tmux,attached,5,False,0.2,0.19,settle_ms,,444.82806
throughput,tmux,attached,5,False,0.2,0.19,visible_ms,,324.726187
throughput,tmux,attached,5,False,0.2,0.19,host_cpu_s,,0.23
throughput,tmux,attached,5,False,0.2,0.19,intact,,True
throughput,tmux,attached,5,False,0.2,0.19,pss_after_mib,,7.67578125
throughput,herdr,attached,5,False,0.19,0.19,producer_ms,,142.196139
throughput,herdr,attached,5,False,0.19,0.19,settle_ms,,531.866979
throughput,herdr,attached,5,False,0.19,0.19,visible_ms,,157.165698
throughput,herdr,attached,5,False,0.19,0.19,host_cpu_s,,0.18
throughput,herdr,attached,5,False,0.19,0.19,intact,,True
throughput,herdr,attached,5,False,0.19,0.19,pss_after_mib,,23.1796875
throughput,thurbox,attached,5,False,0.19,0.17,producer_ms,,243.209303
throughput,thurbox,attached,5,False,0.19,0.17,settle_ms,,585.214072
throughput,thurbox,attached,5,False,0.19,0.17,visible_ms,,260.399908
throughput,thurbox,attached,5,False,0.19,0.17,host_cpu_s,,0.39
throughput,thurbox,attached,5,False,0.19,0.17,intact,,True
throughput,thurbox,attached,5,False,0.19,0.17,pss_after_mib,,36.009765625
scrollback,tmux,after 1 burst,0,True,0.17,0.17,retained_lines,,2001
scrollback,tmux,after 1 burst,0,True,0.17,0.17,readable_lines,,2001
scrollback,tmux,after 1 burst,0,True,0.17,0.17,held_mib,,2.08203125
scrollback,tmux,after 1 burst,0,True,0.17,0.17,read_all_ms,,6.607529
scrollback,herdr,after 1 burst,0,True,0.17,0.17,retained_lines,,5501
scrollback,herdr,after 1 burst,0,True,0.17,0.17,readable_lines,,998
scrollback,herdr,after 1 burst,0,True,0.17,0.17,held_mib,,5.828125
scrollback,herdr,after 1 burst,0,True,0.17,0.17,read_all_ms,,6.336945
scrollback,thurbox,after 1 burst,0,True,0.16,0.16,retained_lines,,2500
scrollback,thurbox,after 1 burst,0,True,0.16,0.16,readable_lines,,2500
scrollback,thurbox,after 1 burst,0,True,0.16,0.16,held_mib,,1.6669921875
scrollback,thurbox,after 1 burst,0,True,0.16,0.16,read_all_ms,,41.943808
scrollback,tmux,after 1 burst,1,False,0.16,0.16,retained_lines,,2001
scrollback,tmux,after 1 burst,1,False,0.16,0.16,readable_lines,,2001
scrollback,tmux,after 1 burst,1,False,0.16,0.16,held_mib,,2.08203125
scrollback,tmux,after 1 burst,1,False,0.16,0.16,read_all_ms,,8.913242
scrollback,herdr,after 1 burst,1,False,0.16,0.15,retained_lines,,5502
scrollback,herdr,after 1 burst,1,False,0.16,0.15,readable_lines,,998
scrollback,herdr,after 1 burst,1,False,0.16,0.15,held_mib,,8.08203125
scrollback,herdr,after 1 burst,1,False,0.16,0.15,read_all_ms,,6.018961
scrollback,thurbox,after 1 burst,1,False,0.15,0.15,retained_lines,,2500
scrollback,thurbox,after 1 burst,1,False,0.15,0.15,readable_lines,,2500
scrollback,thurbox,after 1 burst,1,False,0.15,0.15,held_mib,,1.6708984375
scrollback,thurbox,after 1 burst,1,False,0.15,0.15,read_all_ms,,43.384756
scrollback,tmux,after 1 burst,2,False,0.15,0.15,retained_lines,,2001
scrollback,tmux,after 1 burst,2,False,0.15,0.15,readable_lines,,2001
scrollback,tmux,after 1 burst,2,False,0.15,0.15,held_mib,,2.08203125
scrollback,tmux,after 1 burst,2,False,0.15,0.15,read_all_ms,,6.52376
scrollback,herdr,after 1 burst,2,False,0.15,0.13,retained_lines,,5502
scrollback,herdr,after 1 burst,2,False,0.15,0.13,readable_lines,,998
scrollback,herdr,after 1 burst,2,False,0.15,0.13,held_mib,,6.96484375
scrollback,herdr,after 1 burst,2,False,0.15,0.13,read_all_ms,,6.193776
scrollback,thurbox,after 1 burst,2,False,0.13,0.13,retained_lines,,2500
scrollback,thurbox,after 1 burst,2,False,0.13,0.13,readable_lines,,2500
scrollback,thurbox,after 1 burst,2,False,0.13,0.13,held_mib,,1.6708984375
scrollback,thurbox,after 1 burst,2,False,0.13,0.13,read_all_ms,,52.535136
scrollback,tmux,after 1 burst,3,False,0.13,0.36,retained_lines,,2001
scrollback,tmux,after 1 burst,3,False,0.13,0.36,readable_lines,,2001
scrollback,tmux,after 1 burst,3,False,0.13,0.36,held_mib,,2.08203125
scrollback,tmux,after 1 burst,3,False,0.13,0.36,read_all_ms,,8.974169
scrollback,herdr,after 1 burst,3,False,0.36,0.36,retained_lines,,5502
scrollback,herdr,after 1 burst,3,False,0.36,0.36,readable_lines,,998
scrollback,herdr,after 1 burst,3,False,0.36,0.36,held_mib,,7.70703125
scrollback,herdr,after 1 burst,3,False,0.36,0.36,read_all_ms,,6.216183
scrollback,thurbox,after 1 burst,3,False,0.36,0.36,retained_lines,,2500
scrollback,thurbox,after 1 burst,3,False,0.36,0.36,readable_lines,,2500
scrollback,thurbox,after 1 burst,3,False,0.36,0.36,held_mib,,1.6708984375
scrollback,thurbox,after 1 burst,3,False,0.36,0.36,read_all_ms,,42.010205
scrollback,tmux,after 1 burst,4,False,0.36,0.33,retained_lines,,2001
scrollback,tmux,after 1 burst,4,False,0.36,0.33,readable_lines,,2001
scrollback,tmux,after 1 burst,4,False,0.36,0.33,held_mib,,2.08203125
scrollback,tmux,after 1 burst,4,False,0.36,0.33,read_all_ms,,9.995147
scrollback,herdr,after 1 burst,4,False,0.33,0.33,retained_lines,,5502
scrollback,herdr,after 1 burst,4,False,0.33,0.33,readable_lines,,998
scrollback,herdr,after 1 burst,4,False,0.33,0.33,held_mib,,6.953125
scrollback,herdr,after 1 burst,4,False,0.33,0.33,read_all_ms,,6.245863
scrollback,thurbox,after 1 burst,4,False,0.33,0.39,retained_lines,,2500
scrollback,thurbox,after 1 burst,4,False,0.33,0.39,readable_lines,,2500
scrollback,thurbox,after 1 burst,4,False,0.33,0.39,held_mib,,1.6708984375
scrollback,thurbox,after 1 burst,4,False,0.33,0.39,read_all_ms,,42.013535
scrollback,tmux,after 1 burst,5,False,0.39,0.39,retained_lines,,2001
scrollback,tmux,after 1 burst,5,False,0.39,0.39,readable_lines,,2001
scrollback,tmux,after 1 burst,5,False,0.39,0.39,held_mib,,2.08203125
scrollback,tmux,after 1 burst,5,False,0.39,0.39,read_all_ms,,9.06914
scrollback,herdr,after 1 burst,5,False,0.39,0.39,retained_lines,,5502
scrollback,herdr,after 1 burst,5,False,0.39,0.39,readable_lines,,998
scrollback,herdr,after 1 burst,5,False,0.39,0.39,held_mib,,6.57421875
scrollback,herdr,after 1 burst,5,False,0.39,0.39,read_all_ms,,6.285493
scrollback,thurbox,after 1 burst,5,False,0.39,0.36,retained_lines,,2500
scrollback,thurbox,after 1 burst,5,False,0.39,0.36,readable_lines,,2500
scrollback,thurbox,after 1 burst,5,False,0.39,0.36,held_mib,,1.6669921875
scrollback,thurbox,after 1 burst,5,False,0.39,0.36,read_all_ms,,41.885703
latency,tmux,idle,0,True,0.36,0.3,echo_ms,0,1.011595
latency,tmux,idle,0,True,0.36,0.3,echo_ms,1,1.019191
latency,tmux,idle,0,True,0.36,0.3,echo_ms,2,1.044504
latency,tmux,idle,0,True,0.36,0.3,echo_ms,3,1.039138
latency,tmux,idle,0,True,0.36,0.3,echo_ms,4,1.030026
latency,tmux,idle,0,True,0.36,0.3,echo_ms,5,0.970492
latency,tmux,idle,0,True,0.36,0.3,echo_ms,6,1.038724
latency,tmux,idle,0,True,0.36,0.3,echo_ms,7,1.106732
latency,tmux,idle,0,True,0.36,0.3,echo_ms,8,1.037576
latency,tmux,idle,0,True,0.36,0.3,echo_ms,9,0.802047
latency,tmux,idle,0,True,0.36,0.3,echo_ms,10,1.015118
latency,tmux,idle,0,True,0.36,0.3,echo_ms,11,1.037542
latency,tmux,idle,0,True,0.36,0.3,echo_ms,12,1.023614
latency,tmux,idle,0,True,0.36,0.3,echo_ms,13,1.042213
latency,tmux,idle,0,True,0.36,0.3,echo_ms,14,1.077892
latency,tmux,idle,0,True,0.36,0.3,echo_ms,15,1.018931
latency,tmux,idle,0,True,0.36,0.3,echo_ms,16,1.021774
latency,tmux,idle,0,True,0.36,0.3,echo_ms,17,0.631322
latency,tmux,idle,0,True,0.36,0.3,echo_ms,18,1.056534
latency,tmux,idle,0,True,0.36,0.3,echo_ms,19,1.047029
latency,tmux,idle,0,True,0.36,0.3,echo_ms,20,1.035267
latency,tmux,idle,0,True,0.36,0.3,echo_ms,21,1.040356
latency,tmux,idle,0,True,0.36,0.3,echo_ms,22,1.011486
latency,tmux,idle,0,True,0.36,0.3,echo_ms,23,1.04095
latency,tmux,idle,0,True,0.36,0.3,echo_ms,24,1.065205
latency,tmux,idle,0,True,0.36,0.3,echo_ms,25,1.045763
latency,tmux,idle,0,True,0.36,0.3,echo_ms,26,1.080004
latency,tmux,idle,0,True,0.36,0.3,echo_ms,27,1.04033
latency,tmux,idle,0,True,0.36,0.3,echo_ms,28,1.015572
latency,tmux,idle,0,True,0.36,0.3,echo_ms,29,0.976569
latency,tmux,idle,0,True,0.36,0.3,echo_ms,30,1.062202
latency,tmux,idle,0,True,0.36,0.3,echo_ms,31,1.051138
latency,tmux,idle,0,True,0.36,0.3,echo_ms,32,0.99758
latency,tmux,idle,0,True,0.36,0.3,echo_ms,33,1.042215
latency,tmux,idle,0,True,0.36,0.3,echo_ms,34,1.102566
latency,tmux,idle,0,True,0.36,0.3,echo_ms,35,1.034073
latency,tmux,idle,0,True,0.36,0.3,echo_ms,36,1.046964
latency,tmux,idle,0,True,0.36,0.3,echo_ms,37,1.039727
latency,tmux,idle,0,True,0.36,0.3,echo_ms,38,1.055838
latency,tmux,idle,0,True,0.36,0.3,echo_ms,39,1.055467
latency,tmux,idle,0,True,0.36,0.3,echo_ms,40,1.062665
latency,tmux,idle,0,True,0.36,0.3,echo_ms,41,1.089027
latency,tmux,idle,0,True,0.36,0.3,echo_ms,42,1.047676
latency,tmux,idle,0,True,0.36,0.3,echo_ms,43,1.018377
latency,tmux,idle,0,True,0.36,0.3,echo_ms,44,1.072731
latency,tmux,idle,0,True,0.36,0.3,echo_ms,45,1.030581
latency,tmux,idle,0,True,0.36,0.3,echo_ms,46,1.032243
latency,tmux,idle,0,True,0.36,0.3,echo_ms,47,1.07055
latency,tmux,idle,0,True,0.36,0.3,echo_ms,48,1.054543
latency,tmux,idle,0,True,0.36,0.3,echo_ms,49,0.977735
latency,tmux,idle,0,True,0.36,0.3,echo_ms,50,1.064592
latency,tmux,idle,0,True,0.36,0.3,echo_ms,51,1.048505
latency,tmux,idle,0,True,0.36,0.3,echo_ms,52,1.070455
latency,tmux,idle,0,True,0.36,0.3,echo_ms,53,0.996473
latency,tmux,idle,0,True,0.36,0.3,echo_ms,54,1.072626
latency,tmux,idle,0,True,0.36,0.3,echo_ms,55,1.056353
latency,tmux,idle,0,True,0.36,0.3,echo_ms,56,1.064451
latency,tmux,idle,0,True,0.36,0.3,echo_ms,57,1.065341
latency,tmux,idle,0,True,0.36,0.3,echo_ms,58,1.06871
latency,tmux,idle,0,True,0.36,0.3,echo_ms,59,1.079954
latency,tmux,idle,0,True,0.36,0.3,echo_ms,60,1.051017
latency,tmux,idle,0,True,0.36,0.3,echo_ms,61,1.019314
latency,tmux,idle,0,True,0.36,0.3,echo_ms,62,1.03404
latency,tmux,idle,0,True,0.36,0.3,echo_ms,63,1.024571
latency,tmux,idle,0,True,0.36,0.3,echo_ms,64,1.048151
latency,tmux,idle,0,True,0.36,0.3,echo_ms,65,1.011692
latency,tmux,idle,0,True,0.36,0.3,echo_ms,66,1.058553
latency,tmux,idle,0,True,0.36,0.3,echo_ms,67,1.051686
latency,tmux,idle,0,True,0.36,0.3,echo_ms,68,1.068035
latency,tmux,idle,0,True,0.36,0.3,echo_ms,69,1.038481
latency,tmux,idle,0,True,0.36,0.3,echo_ms,70,1.019415
latency,tmux,idle,0,True,0.36,0.3,echo_ms,71,0.96516
latency,tmux,idle,0,True,0.36,0.3,echo_ms,72,1.015776
latency,tmux,idle,0,True,0.36,0.3,echo_ms,73,1.042129
latency,tmux,idle,0,True,0.36,0.3,echo_ms,74,1.059799
latency,tmux,idle,0,True,0.36,0.3,echo_ms,75,1.043897
latency,tmux,idle,0,True,0.36,0.3,echo_ms,76,0.981704
latency,tmux,idle,0,True,0.36,0.3,echo_ms,77,0.972752
latency,tmux,idle,0,True,0.36,0.3,echo_ms,78,1.026601
latency,tmux,idle,0,True,0.36,0.3,echo_ms,79,1.072452
latency,tmux,idle,0,True,0.36,0.3,echo_ms,80,1.118145
latency,tmux,idle,0,True,0.36,0.3,echo_ms,81,1.014964
latency,tmux,idle,0,True,0.36,0.3,echo_ms,82,1.037896
latency,tmux,idle,0,True,0.36,0.3,echo_ms,83,1.026709
latency,tmux,idle,0,True,0.36,0.3,echo_ms,84,1.037063
latency,tmux,idle,0,True,0.36,0.3,echo_ms,85,1.056192
latency,tmux,idle,0,True,0.36,0.3,echo_ms,86,1.001253
latency,tmux,idle,0,True,0.36,0.3,echo_ms,87,1.050713
latency,tmux,idle,0,True,0.36,0.3,echo_ms,88,1.023373
latency,tmux,idle,0,True,0.36,0.3,echo_ms,89,0.948851
latency,tmux,idle,0,True,0.36,0.3,echo_ms,90,1.021534
latency,tmux,idle,0,True,0.36,0.3,echo_ms,91,1.076068
latency,tmux,idle,0,True,0.36,0.3,echo_ms,92,1.014904
latency,tmux,idle,0,True,0.36,0.3,echo_ms,93,1.065949
latency,tmux,idle,0,True,0.36,0.3,echo_ms,94,1.085223
latency,tmux,idle,0,True,0.36,0.3,echo_ms,95,1.058165
latency,tmux,idle,0,True,0.36,0.3,echo_ms,96,1.024814
latency,tmux,idle,0,True,0.36,0.3,echo_ms,97,1.093797
latency,tmux,idle,0,True,0.36,0.3,echo_ms,98,0.972559
latency,tmux,idle,0,True,0.36,0.3,echo_ms,99,1.041002
latency,tmux,idle,0,True,0.36,0.3,timeouts,,0
latency,herdr,idle,0,True,0.3,0.28,echo_ms,0,2.143054
latency,herdr,idle,0,True,0.3,0.28,echo_ms,1,2.107978
latency,herdr,idle,0,True,0.3,0.28,echo_ms,2,1.491341
latency,herdr,idle,0,True,0.3,0.28,echo_ms,3,2.287379
latency,herdr,idle,0,True,0.3,0.28,echo_ms,4,2.316796
latency,herdr,idle,0,True,0.3,0.28,echo_ms,5,1.950724
latency,herdr,idle,0,True,0.3,0.28,echo_ms,6,2.266936
latency,herdr,idle,0,True,0.3,0.28,echo_ms,7,2.418659
latency,herdr,idle,0,True,0.3,0.28,echo_ms,8,2.223421
latency,herdr,idle,0,True,0.3,0.28,echo_ms,9,1.528817
latency,herdr,idle,0,True,0.3,0.28,echo_ms,10,2.239689
latency,herdr,idle,0,True,0.3,0.28,echo_ms,11,2.301277
latency,herdr,idle,0,True,0.3,0.28,echo_ms,12,2.206634
latency,herdr,idle,0,True,0.3,0.28,echo_ms,13,2.241843
latency,herdr,idle,0,True,0.3,0.28,echo_ms,14,2.304835
latency,herdr,idle,0,True,0.3,0.28,echo_ms,15,2.278541
latency,herdr,idle,0,True,0.3,0.28,echo_ms,16,2.017119
latency,herdr,idle,0,True,0.3,0.28,echo_ms,17,2.273294
latency,herdr,idle,0,True,0.3,0.28,echo_ms,18,2.351338
latency,herdr,idle,0,True,0.3,0.28,echo_ms,19,2.333935
latency,herdr,idle,0,True,0.3,0.28,echo_ms,20,2.06594
latency,herdr,idle,0,True,0.3,0.28,echo_ms,21,2.222522
latency,herdr,idle,0,True,0.3,0.28,echo_ms,22,2.220044
latency,herdr,idle,0,True,0.3,0.28,echo_ms,23,2.218329
latency,herdr,idle,0,True,0.3,0.28,echo_ms,24,2.181021
latency,herdr,idle,0,True,0.3,0.28,echo_ms,25,2.313385
latency,herdr,idle,0,True,0.3,0.28,echo_ms,26,2.294762
latency,herdr,idle,0,True,0.3,0.28,echo_ms,27,2.342456
latency,herdr,idle,0,True,0.3,0.28,echo_ms,28,2.354008
latency,herdr,idle,0,True,0.3,0.28,echo_ms,29,2.334384
latency,herdr,idle,0,True,0.3,0.28,echo_ms,30,2.321877
latency,herdr,idle,0,True,0.3,0.28,echo_ms,31,2.346847
latency,herdr,idle,0,True,0.3,0.28,echo_ms,32,2.202468
latency,herdr,idle,0,True,0.3,0.28,echo_ms,33,1.578028
latency,herdr,idle,0,True,0.3,0.28,echo_ms,34,1.752912
latency,herdr,idle,0,True,0.3,0.28,echo_ms,35,1.939314
latency,herdr,idle,0,True,0.3,0.28,echo_ms,36,2.224969
latency,herdr,idle,0,True,0.3,0.28,echo_ms,37,1.872481
latency,herdr,idle,0,True,0.3,0.28,echo_ms,38,1.36412
latency,herdr,idle,0,True,0.3,0.28,echo_ms,39,2.251698
latency,herdr,idle,0,True,0.3,0.28,echo_ms,40,2.161216
latency,herdr,idle,0,True,0.3,0.28,echo_ms,41,2.285334
latency,herdr,idle,0,True,0.3,0.28,echo_ms,42,2.346959
latency,herdr,idle,0,True,0.3,0.28,echo_ms,43,2.206718
latency,herdr,idle,0,True,0.3,0.28,echo_ms,44,2.304766
latency,herdr,idle,0,True,0.3,0.28,echo_ms,45,2.296778
latency,herdr,idle,0,True,0.3,0.28,echo_ms,46,2.167522
latency,herdr,idle,0,True,0.3,0.28,echo_ms,47,2.041403
latency,herdr,idle,0,True,0.3,0.28,echo_ms,48,2.263414
latency,herdr,idle,0,True,0.3,0.28,echo_ms,49,2.320471
latency,herdr,idle,0,True,0.3,0.28,echo_ms,50,2.136627
latency,herdr,idle,0,True,0.3,0.28,echo_ms,51,1.855977
latency,herdr,idle,0,True,0.3,0.28,echo_ms,52,2.309194
latency,herdr,idle,0,True,0.3,0.28,echo_ms,53,2.129326
latency,herdr,idle,0,True,0.3,0.28,echo_ms,54,2.284773
latency,herdr,idle,0,True,0.3,0.28,echo_ms,55,2.236663
latency,herdr,idle,0,True,0.3,0.28,echo_ms,56,2.145801
latency,herdr,idle,0,True,0.3,0.28,echo_ms,57,2.07498
latency,herdr,idle,0,True,0.3,0.28,echo_ms,58,2.166795
latency,herdr,idle,0,True,0.3,0.28,echo_ms,59,2.11022
latency,herdr,idle,0,True,0.3,0.28,echo_ms,60,2.319293
latency,herdr,idle,0,True,0.3,0.28,echo_ms,61,1.206688
latency,herdr,idle,0,True,0.3,0.28,echo_ms,62,2.317144
latency,herdr,idle,0,True,0.3,0.28,echo_ms,63,2.149837
latency,herdr,idle,0,True,0.3,0.28,echo_ms,64,2.148009
latency,herdr,idle,0,True,0.3,0.28,echo_ms,65,2.205446
latency,herdr,idle,0,True,0.3,0.28,echo_ms,66,2.545678
latency,herdr,idle,0,True,0.3,0.28,echo_ms,67,2.241388
latency,herdr,idle,0,True,0.3,0.28,echo_ms,68,2.284981
latency,herdr,idle,0,True,0.3,0.28,echo_ms,69,2.144273
latency,herdr,idle,0,True,0.3,0.28,echo_ms,70,2.290083
latency,herdr,idle,0,True,0.3,0.28,echo_ms,71,2.302092
latency,herdr,idle,0,True,0.3,0.28,echo_ms,72,2.084937
latency,herdr,idle,0,True,0.3,0.28,echo_ms,73,2.211826
latency,herdr,idle,0,True,0.3,0.28,echo_ms,74,2.048216
latency,herdr,idle,0,True,0.3,0.28,echo_ms,75,2.213259
latency,herdr,idle,0,True,0.3,0.28,echo_ms,76,2.096259
latency,herdr,idle,0,True,0.3,0.28,echo_ms,77,2.35363
latency,herdr,idle,0,True,0.3,0.28,echo_ms,78,2.318635
latency,herdr,idle,0,True,0.3,0.28,echo_ms,79,1.981412
latency,herdr,idle,0,True,0.3,0.28,echo_ms,80,2.317493
latency,herdr,idle,0,True,0.3,0.28,echo_ms,81,2.300439
latency,herdr,idle,0,True,0.3,0.28,echo_ms,82,2.189217
latency,herdr,idle,0,True,0.3,0.28,echo_ms,83,2.267538
latency,herdr,idle,0,True,0.3,0.28,echo_ms,84,2.212548
latency,herdr,idle,0,True,0.3,0.28,echo_ms,85,2.185096
latency,herdr,idle,0,True,0.3,0.28,echo_ms,86,1.386254
latency,herdr,idle,0,True,0.3,0.28,echo_ms,87,2.220085
latency,herdr,idle,0,True,0.3,0.28,echo_ms,88,2.172711
latency,herdr,idle,0,True,0.3,0.28,echo_ms,89,2.070691
latency,herdr,idle,0,True,0.3,0.28,echo_ms,90,2.185352
latency,herdr,idle,0,True,0.3,0.28,echo_ms,91,2.20094
latency,herdr,idle,0,True,0.3,0.28,echo_ms,92,2.019061
latency,herdr,idle,0,True,0.3,0.28,echo_ms,93,2.278805
latency,herdr,idle,0,True,0.3,0.28,echo_ms,94,2.148326
latency,herdr,idle,0,True,0.3,0.28,echo_ms,95,2.330724
latency,herdr,idle,0,True,0.3,0.28,echo_ms,96,2.244013
latency,herdr,idle,0,True,0.3,0.28,echo_ms,97,2.118408
latency,herdr,idle,0,True,0.3,0.28,echo_ms,98,2.204796
latency,herdr,idle,0,True,0.3,0.28,echo_ms,99,2.169703
latency,herdr,idle,0,True,0.3,0.28,timeouts,,0
latency,thurbox,idle,0,True,0.25,0.23,echo_ms,0,13.633582
latency,thurbox,idle,0,True,0.25,0.23,echo_ms,1,4.53735
latency,thurbox,idle,0,True,0.25,0.23,echo_ms,2,48.39267
latency,thurbox,idle,0,True,0.25,0.23,echo_ms,3,13.464689
latency,thurbox,idle,0,True,0.25,0.23,echo_ms,4,47.04187
latency,thurbox,idle,0,True,0.25,0.23,echo_ms,5,48.392382
latency,thurbox,idle,0,True,0.25,0.23,echo_ms,6,46.788944
latency,thurbox,idle,0,True,0.25,0.23,echo_ms,7,4.131856
latency,thurbox,idle,0,True,0.25,0.23,echo_ms,8,13.633354
latency,thurbox,idle,0,True,0.25,0.23,echo_ms,9,23.946286
latency,thurbox,idle,0,True,0.25,0.23,echo_ms,10,48.051641
latency,thurbox,idle,0,True,0.25,0.23,echo_ms,11,22.43567
latency,thurbox,idle,0,True,0.25,0.23,echo_ms,12,47.367527
latency,thurbox,idle,0,True,0.25,0.23,echo_ms,13,38.190445
latency,thurbox,idle,0,True,0.25,0.23,echo_ms,14,25.414733
latency,thurbox,idle,0,True,0.25,0.23,echo_ms,15,47.352421
latency,thurbox,idle,0,True,0.25,0.23,echo_ms,16,48.01929
latency,thurbox,idle,0,True,0.25,0.23,echo_ms,17,48.062452
latency,thurbox,idle,0,True,0.25,0.23,echo_ms,18,48.834167
latency,thurbox,idle,0,True,0.25,0.23,echo_ms,19,13.988265
latency,thurbox,idle,0,True,0.25,0.23,echo_ms,20,13.656827
latency,thurbox,idle,0,True,0.25,0.23,echo_ms,21,4.160745
latency,thurbox,idle,0,True,0.25,0.23,echo_ms,22,48.280537
latency,thurbox,idle,0,True,0.25,0.23,echo_ms,23,13.561548
latency,thurbox,idle,0,True,0.25,0.23,echo_ms,24,2.200296
latency,thurbox,idle,0,True,0.25,0.23,echo_ms,25,47.988097
latency,thurbox,idle,0,True,0.25,0.23,echo_ms,26,25.694193
latency,thurbox,idle,0,True,0.25,0.23,echo_ms,27,5.567884
latency,thurbox,idle,0,True,0.25,0.23,echo_ms,28,13.191864
latency,thurbox,idle,0,True,0.25,0.23,echo_ms,29,47.273534
latency,thurbox,idle,0,True,0.25,0.23,echo_ms,30,48.067059
latency,thurbox,idle,0,True,0.25,0.23,echo_ms,31,46.798309
latency,thurbox,idle,0,True,0.25,0.23,echo_ms,32,24.0064
latency,thurbox,idle,0,True,0.25,0.23,echo_ms,33,48.410937
latency,thurbox,idle,0,True,0.25,0.23,echo_ms,34,4.789415
latency,thurbox,idle,0,True,0.25,0.23,echo_ms,35,4.054983
latency,thurbox,idle,0,True,0.25,0.23,echo_ms,36,47.359558
latency,thurbox,idle,0,True,0.25,0.23,echo_ms,37,4.136716
latency,thurbox,idle,0,True,0.25,0.23,echo_ms,38,47.950539
latency,thurbox,idle,0,True,0.25,0.23,echo_ms,39,4.419494
latency,thurbox,idle,0,True,0.25,0.23,echo_ms,40,48.315245
latency,thurbox,idle,0,True,0.25,0.23,echo_ms,41,46.536971
latency,thurbox,idle,0,True,0.25,0.23,echo_ms,42,13.618979
latency,thurbox,idle,0,True,0.25,0.23,echo_ms,43,49.320254
latency,thurbox,idle,0,True,0.25,0.23,echo_ms,44,15.237162
latency,thurbox,idle,0,True,0.25,0.23,echo_ms,45,47.077667
latency,thurbox,idle,0,True,0.25,0.23,echo_ms,46,4.156869
latency,thurbox,idle,0,True,0.25,0.23,echo_ms,47,47.115329
latency,thurbox,idle,0,True,0.25,0.23,echo_ms,48,4.143295
latency,thurbox,idle,0,True,0.25,0.23,echo_ms,49,48.082342
latency,thurbox,idle,0,True,0.25,0.23,echo_ms,50,47.006529
latency,thurbox,idle,0,True,0.25,0.23,echo_ms,51,15.005565
latency,thurbox,idle,0,True,0.25,0.23,echo_ms,52,25.624238
latency,thurbox,idle,0,True,0.25,0.23,echo_ms,53,4.162954
latency,thurbox,idle,0,True,0.25,0.23,echo_ms,54,48.319771
latency,thurbox,idle,0,True,0.25,0.23,echo_ms,55,44.55601
latency,thurbox,idle,0,True,0.25,0.23,echo_ms,56,4.194357
latency,thurbox,idle,0,True,0.25,0.23,echo_ms,57,49.270753
latency,thurbox,idle,0,True,0.25,0.23,echo_ms,58,13.874287
latency,thurbox,idle,0,True,0.25,0.23,echo_ms,59,47.905916
latency,thurbox,idle,0,True,0.25,0.23,echo_ms,60,13.27986
latency,thurbox,idle,0,True,0.25,0.23,echo_ms,61,46.901841
latency,thurbox,idle,0,True,0.25,0.23,echo_ms,62,4.096721
latency,thurbox,idle,0,True,0.25,0.23,echo_ms,63,46.905494
latency,thurbox,idle,0,True,0.25,0.23,echo_ms,64,4.543317
latency,thurbox,idle,0,True,0.25,0.23,echo_ms,65,4.077353
latency,thurbox,idle,0,True,0.25,0.23,echo_ms,66,47.880979
latency,thurbox,idle,0,True,0.25,0.23,echo_ms,67,47.151378
latency,thurbox,idle,0,True,0.25,0.23,echo_ms,68,4.092631
latency,thurbox,idle,0,True,0.25,0.23,echo_ms,69,48.641527
latency,thurbox,idle,0,True,0.25,0.23,echo_ms,70,47.266974
latency,thurbox,idle,0,True,0.25,0.23,echo_ms,71,47.822832
latency,thurbox,idle,0,True,0.25,0.23,echo_ms,72,46.919763
latency,thurbox,idle,0,True,0.25,0.23,echo_ms,73,5.543256
latency,thurbox,idle,0,True,0.25,0.23,echo_ms,74,46.97131
latency,thurbox,idle,0,True,0.25,0.23,echo_ms,75,13.601904
latency,thurbox,idle,0,True,0.25,0.23,echo_ms,76,4.090771
latency,thurbox,idle,0,True,0.25,0.23,echo_ms,77,13.566179
latency,thurbox,idle,0,True,0.25,0.23,echo_ms,78,46.901876
latency,thurbox,idle,0,True,0.25,0.23,echo_ms,79,13.535401
latency,thurbox,idle,0,True,0.25,0.23,echo_ms,80,47.85578
latency,thurbox,idle,0,True,0.25,0.23,echo_ms,81,47.287166
latency,thurbox,idle,0,True,0.25,0.23,echo_ms,82,47.922553
latency,thurbox,idle,0,True,0.25,0.23,echo_ms,83,46.896217
latency,thurbox,idle,0,True,0.25,0.23,echo_ms,84,24.293339
latency,thurbox,idle,0,True,0.25,0.23,echo_ms,85,2.560671
latency,thurbox,idle,0,True,0.25,0.23,echo_ms,86,46.901785
latency,thurbox,idle,0,True,0.25,0.23,echo_ms,87,4.055121
latency,thurbox,idle,0,True,0.25,0.23,echo_ms,88,49.33609
latency,thurbox,idle,0,True,0.25,0.23,echo_ms,89,24.363881
latency,thurbox,idle,0,True,0.25,0.23,echo_ms,90,13.518654
latency,thurbox,idle,0,True,0.25,0.23,echo_ms,91,13.547533
latency,thurbox,idle,0,True,0.25,0.23,echo_ms,92,23.768732
latency,thurbox,idle,0,True,0.25,0.23,echo_ms,93,24.965353
latency,thurbox,idle,0,True,0.25,0.23,echo_ms,94,47.01393
latency,thurbox,idle,0,True,0.25,0.23,echo_ms,95,48.199415
latency,thurbox,idle,0,True,0.25,0.23,echo_ms,96,11.906137
latency,thurbox,idle,0,True,0.25,0.23,echo_ms,97,14.583716
latency,thurbox,idle,0,True,0.25,0.23,echo_ms,98,48.258526
latency,thurbox,idle,0,True,0.25,0.23,echo_ms,99,46.863025
latency,thurbox,idle,0,True,0.25,0.23,timeouts,,0
latency,tmux,idle,1,False,0.23,0.2,echo_ms,0,1.064371
latency,tmux,idle,1,False,0.23,0.2,echo_ms,1,0.960142
latency,tmux,idle,1,False,0.23,0.2,echo_ms,2,1.064718
latency,tmux,idle,1,False,0.23,0.2,echo_ms,3,1.044348
latency,tmux,idle,1,False,0.23,0.2,echo_ms,4,1.063866
latency,tmux,idle,1,False,0.23,0.2,echo_ms,5,1.054428
latency,tmux,idle,1,False,0.23,0.2,echo_ms,6,1.037426
latency,tmux,idle,1,False,0.23,0.2,echo_ms,7,0.719458
latency,tmux,idle,1,False,0.23,0.2,echo_ms,8,1.091213
latency,tmux,idle,1,False,0.23,0.2,echo_ms,9,1.040708
latency,tmux,idle,1,False,0.23,0.2,echo_ms,10,1.084658
latency,tmux,idle,1,False,0.23,0.2,echo_ms,11,1.041337
latency,tmux,idle,1,False,0.23,0.2,echo_ms,12,1.011878
latency,tmux,idle,1,False,0.23,0.2,echo_ms,13,1.055323
latency,tmux,idle,1,False,0.23,0.2,echo_ms,14,1.045967
latency,tmux,idle,1,False,0.23,0.2,echo_ms,15,1.036507
latency,tmux,idle,1,False,0.23,0.2,echo_ms,16,0.995636
latency,tmux,idle,1,False,0.23,0.2,echo_ms,17,1.06982
latency,tmux,idle,1,False,0.23,0.2,echo_ms,18,1.097826
latency,tmux,idle,1,False,0.23,0.2,echo_ms,19,1.068534
latency,tmux,idle,1,False,0.23,0.2,echo_ms,20,1.062659
latency,tmux,idle,1,False,0.23,0.2,echo_ms,21,1.046285
latency,tmux,idle,1,False,0.23,0.2,echo_ms,22,1.00511
latency,tmux,idle,1,False,0.23,0.2,echo_ms,23,0.997615
latency,tmux,idle,1,False,0.23,0.2,echo_ms,24,1.111297
latency,tmux,idle,1,False,0.23,0.2,echo_ms,25,1.029743
latency,tmux,idle,1,False,0.23,0.2,echo_ms,26,1.044272
latency,tmux,idle,1,False,0.23,0.2,echo_ms,27,1.140633
latency,tmux,idle,1,False,0.23,0.2,echo_ms,28,1.089542
latency,tmux,idle,1,False,0.23,0.2,echo_ms,29,0.948229
latency,tmux,idle,1,False,0.23,0.2,echo_ms,30,1.082341
latency,tmux,idle,1,False,0.23,0.2,echo_ms,31,1.034747
latency,tmux,idle,1,False,0.23,0.2,echo_ms,32,1.008177
latency,tmux,idle,1,False,0.23,0.2,echo_ms,33,1.013444
latency,tmux,idle,1,False,0.23,0.2,echo_ms,34,0.980289
latency,tmux,idle,1,False,0.23,0.2,echo_ms,35,1.043163
latency,tmux,idle,1,False,0.23,0.2,echo_ms,36,1.056725
latency,tmux,idle,1,False,0.23,0.2,echo_ms,37,1.060782
latency,tmux,idle,1,False,0.23,0.2,echo_ms,38,1.038448
latency,tmux,idle,1,False,0.23,0.2,echo_ms,39,1.105566
latency,tmux,idle,1,False,0.23,0.2,echo_ms,40,1.057332
latency,tmux,idle,1,False,0.23,0.2,echo_ms,41,1.053613
latency,tmux,idle,1,False,0.23,0.2,echo_ms,42,1.05915
latency,tmux,idle,1,False,0.23,0.2,echo_ms,43,0.80865
latency,tmux,idle,1,False,0.23,0.2,echo_ms,44,0.983813
latency,tmux,idle,1,False,0.23,0.2,echo_ms,45,1.031654
latency,tmux,idle,1,False,0.23,0.2,echo_ms,46,1.073264
latency,tmux,idle,1,False,0.23,0.2,echo_ms,47,1.002533
latency,tmux,idle,1,False,0.23,0.2,echo_ms,48,1.004602
latency,tmux,idle,1,False,0.23,0.2,echo_ms,49,1.076603
latency,tmux,idle,1,False,0.23,0.2,echo_ms,50,1.063316
latency,tmux,idle,1,False,0.23,0.2,echo_ms,51,1.055268
latency,tmux,idle,1,False,0.23,0.2,echo_ms,52,0.991558
latency,tmux,idle,1,False,0.23,0.2,echo_ms,53,1.09181
latency,tmux,idle,1,False,0.23,0.2,echo_ms,54,0.981594
latency,tmux,idle,1,False,0.23,0.2,echo_ms,55,0.838199
latency,tmux,idle,1,False,0.23,0.2,echo_ms,56,1.074675
latency,tmux,idle,1,False,0.23,0.2,echo_ms,57,1.053032
latency,tmux,idle,1,False,0.23,0.2,echo_ms,58,1.008472
latency,tmux,idle,1,False,0.23,0.2,echo_ms,59,1.069606
latency,tmux,idle,1,False,0.23,0.2,echo_ms,60,1.062172
latency,tmux,idle,1,False,0.23,0.2,echo_ms,61,1.062236
latency,tmux,idle,1,False,0.23,0.2,echo_ms,62,1.058198
latency,tmux,idle,1,False,0.23,0.2,echo_ms,63,0.984041
latency,tmux,idle,1,False,0.23,0.2,echo_ms,64,0.911464
latency,tmux,idle,1,False,0.23,0.2,echo_ms,65,1.087189
latency,tmux,idle,1,False,0.23,0.2,echo_ms,66,0.993124
latency,tmux,idle,1,False,0.23,0.2,echo_ms,67,1.051277
latency,tmux,idle,1,False,0.23,0.2,echo_ms,68,1.050387
latency,tmux,idle,1,False,0.23,0.2,echo_ms,69,1.102123
latency,tmux,idle,1,False,0.23,0.2,echo_ms,70,0.944434
latency,tmux,idle,1,False,0.23,0.2,echo_ms,71,1.065125
latency,tmux,idle,1,False,0.23,0.2,echo_ms,72,1.068245
latency,tmux,idle,1,False,0.23,0.2,echo_ms,73,1.079101
latency,tmux,idle,1,False,0.23,0.2,echo_ms,74,1.066
latency,tmux,idle,1,False,0.23,0.2,echo_ms,75,1.107374
latency,tmux,idle,1,False,0.23,0.2,echo_ms,76,0.886501
latency,tmux,idle,1,False,0.23,0.2,echo_ms,77,1.083923
latency,tmux,idle,1,False,0.23,0.2,echo_ms,78,0.999664
latency,tmux,idle,1,False,0.23,0.2,echo_ms,79,1.017216
latency,tmux,idle,1,False,0.23,0.2,echo_ms,80,1.019822
latency,tmux,idle,1,False,0.23,0.2,echo_ms,81,1.074975
latency,tmux,idle,1,False,0.23,0.2,echo_ms,82,0.938371
latency,tmux,idle,1,False,0.23,0.2,echo_ms,83,1.040013
latency,tmux,idle,1,False,0.23,0.2,echo_ms,84,1.08287
latency,tmux,idle,1,False,0.23,0.2,echo_ms,85,0.906982
latency,tmux,idle,1,False,0.23,0.2,echo_ms,86,0.991086
latency,tmux,idle,1,False,0.23,0.2,echo_ms,87,0.97077
latency,tmux,idle,1,False,0.23,0.2,echo_ms,88,1.063132
latency,tmux,idle,1,False,0.23,0.2,echo_ms,89,0.991364
latency,tmux,idle,1,False,0.23,0.2,echo_ms,90,1.025226
latency,tmux,idle,1,False,0.23,0.2,echo_ms,91,1.091606
latency,tmux,idle,1,False,0.23,0.2,echo_ms,92,1.07136
latency,tmux,idle,1,False,0.23,0.2,echo_ms,93,1.088052
latency,tmux,idle,1,False,0.23,0.2,echo_ms,94,1.11177
latency,tmux,idle,1,False,0.23,0.2,echo_ms,95,1.081562
latency,tmux,idle,1,False,0.23,0.2,echo_ms,96,1.018558
latency,tmux,idle,1,False,0.23,0.2,echo_ms,97,0.885857
latency,tmux,idle,1,False,0.23,0.2,echo_ms,98,1.048176
latency,tmux,idle,1,False,0.23,0.2,echo_ms,99,0.990077
latency,tmux,idle,1,False,0.23,0.2,timeouts,,0
latency,herdr,idle,1,False,0.2,0.25,echo_ms,0,2.198306
latency,herdr,idle,1,False,0.2,0.25,echo_ms,1,2.006277
latency,herdr,idle,1,False,0.2,0.25,echo_ms,2,2.131529
latency,herdr,idle,1,False,0.2,0.25,echo_ms,3,2.301601
latency,herdr,idle,1,False,0.2,0.25,echo_ms,4,2.332918
latency,herdr,idle,1,False,0.2,0.25,echo_ms,5,2.311155
latency,herdr,idle,1,False,0.2,0.25,echo_ms,6,2.386312
latency,herdr,idle,1,False,0.2,0.25,echo_ms,7,2.295055
latency,herdr,idle,1,False,0.2,0.25,echo_ms,8,2.341161
latency,herdr,idle,1,False,0.2,0.25,echo_ms,9,2.212432
latency,herdr,idle,1,False,0.2,0.25,echo_ms,10,2.045979
latency,herdr,idle,1,False,0.2,0.25,echo_ms,11,2.112883
latency,herdr,idle,1,False,0.2,0.25,echo_ms,12,2.243862
latency,herdr,idle,1,False,0.2,0.25,echo_ms,13,2.358784
latency,herdr,idle,1,False,0.2,0.25,echo_ms,14,2.01685
latency,herdr,idle,1,False,0.2,0.25,echo_ms,15,2.261015
latency,herdr,idle,1,False,0.2,0.25,echo_ms,16,2.334053
latency,herdr,idle,1,False,0.2,0.25,echo_ms,17,2.270959
latency,herdr,idle,1,False,0.2,0.25,echo_ms,18,2.309158
latency,herdr,idle,1,False,0.2,0.25,echo_ms,19,2.349742
latency,herdr,idle,1,False,0.2,0.25,echo_ms,20,2.317678
latency,herdr,idle,1,False,0.2,0.25,echo_ms,21,2.11494
latency,herdr,idle,1,False,0.2,0.25,echo_ms,22,2.329331
latency,herdr,idle,1,False,0.2,0.25,echo_ms,23,2.111382
latency,herdr,idle,1,False,0.2,0.25,echo_ms,24,2.285348
latency,herdr,idle,1,False,0.2,0.25,echo_ms,25,2.297758
latency,herdr,idle,1,False,0.2,0.25,echo_ms,26,2.310506
latency,herdr,idle,1,False,0.2,0.25,echo_ms,27,2.224617
latency,herdr,idle,1,False,0.2,0.25,echo_ms,28,2.318879
latency,herdr,idle,1,False,0.2,0.25,echo_ms,29,2.309827
latency,herdr,idle,1,False,0.2,0.25,echo_ms,30,2.275533
latency,herdr,idle,1,False,0.2,0.25,echo_ms,31,2.082887
latency,herdr,idle,1,False,0.2,0.25,echo_ms,32,2.329246
latency,herdr,idle,1,False,0.2,0.25,echo_ms,33,1.351595
latency,herdr,idle,1,False,0.2,0.25,echo_ms,34,2.126484
latency,herdr,idle,1,False,0.2,0.25,echo_ms,35,2.259647
latency,herdr,idle,1,False,0.2,0.25,echo_ms,36,2.218585
latency,herdr,idle,1,False,0.2,0.25,echo_ms,37,2.235835
latency,herdr,idle,1,False,0.2,0.25,echo_ms,38,2.3258
latency,herdr,idle,1,False,0.2,0.25,echo_ms,39,2.240911
latency,herdr,idle,1,False,0.2,0.25,echo_ms,40,2.354466
latency,herdr,idle,1,False,0.2,0.25,echo_ms,41,2.14635
latency,herdr,idle,1,False,0.2,0.25,echo_ms,42,2.16611
latency,herdr,idle,1,False,0.2,0.25,echo_ms,43,2.27047
latency,herdr,idle,1,False,0.2,0.25,echo_ms,44,2.219699
latency,herdr,idle,1,False,0.2,0.25,echo_ms,45,2.657425
latency,herdr,idle,1,False,0.2,0.25,echo_ms,46,1.832001
latency,herdr,idle,1,False,0.2,0.25,echo_ms,47,2.305643
latency,herdr,idle,1,False,0.2,0.25,echo_ms,48,2.274635
latency,herdr,idle,1,False,0.2,0.25,echo_ms,49,2.136888
latency,herdr,idle,1,False,0.2,0.25,echo_ms,50,2.13747
latency,herdr,idle,1,False,0.2,0.25,echo_ms,51,2.191519
latency,herdr,idle,1,False,0.2,0.25,echo_ms,52,1.269651
latency,herdr,idle,1,False,0.2,0.25,echo_ms,53,2.252893
latency,herdr,idle,1,False,0.2,0.25,echo_ms,54,1.880494
latency,herdr,idle,1,False,0.2,0.25,echo_ms,55,1.509528
latency,herdr,idle,1,False,0.2,0.25,echo_ms,56,1.859796
latency,herdr,idle,1,False,0.2,0.25,echo_ms,57,1.298775
latency,herdr,idle,1,False,0.2,0.25,echo_ms,58,1.980211
latency,herdr,idle,1,False,0.2,0.25,echo_ms,59,2.256691
latency,herdr,idle,1,False,0.2,0.25,echo_ms,60,2.222855
latency,herdr,idle,1,False,0.2,0.25,echo_ms,61,2.33439
latency,herdr,idle,1,False,0.2,0.25,echo_ms,62,2.32675
latency,herdr,idle,1,False,0.2,0.25,echo_ms,63,2.224667
latency,herdr,idle,1,False,0.2,0.25,echo_ms,64,2.06796
latency,herdr,idle,1,False,0.2,0.25,echo_ms,65,2.278416
latency,herdr,idle,1,False,0.2,0.25,echo_ms,66,1.892396
latency,herdr,idle,1,False,0.2,0.25,echo_ms,67,2.199747
latency,herdr,idle,1,False,0.2,0.25,echo_ms,68,1.979137
latency,herdr,idle,1,False,0.2,0.25,echo_ms,69,2.139277
latency,herdr,idle,1,False,0.2,0.25,echo_ms,70,2.244367
latency,herdr,idle,1,False,0.2,0.25,echo_ms,71,2.289867
latency,herdr,idle,1,False,0.2,0.25,echo_ms,72,2.136235
latency,herdr,idle,1,False,0.2,0.25,echo_ms,73,2.148381
latency,herdr,idle,1,False,0.2,0.25,echo_ms,74,2.228751
latency,herdr,idle,1,False,0.2,0.25,echo_ms,75,1.4926
latency,herdr,idle,1,False,0.2,0.25,echo_ms,76,2.063817
latency,herdr,idle,1,False,0.2,0.25,echo_ms,77,2.096149
latency,herdr,idle,1,False,0.2,0.25,echo_ms,78,2.237514
latency,herdr,idle,1,False,0.2,0.25,echo_ms,79,2.204219
latency,herdr,idle,1,False,0.2,0.25,echo_ms,80,2.070657
latency,herdr,idle,1,False,0.2,0.25,echo_ms,81,2.129892
latency,herdr,idle,1,False,0.2,0.25,echo_ms,82,2.112565
latency,herdr,idle,1,False,0.2,0.25,echo_ms,83,1.437958
latency,herdr,idle,1,False,0.2,0.25,echo_ms,84,2.084473
latency,herdr,idle,1,False,0.2,0.25,echo_ms,85,2.159693
latency,herdr,idle,1,False,0.2,0.25,echo_ms,86,2.273031
latency,herdr,idle,1,False,0.2,0.25,echo_ms,87,2.329327
latency,herdr,idle,1,False,0.2,0.25,echo_ms,88,2.074978
latency,herdr,idle,1,False,0.2,0.25,echo_ms,89,1.6224
latency,herdr,idle,1,False,0.2,0.25,echo_ms,90,2.255869
latency,herdr,idle,1,False,0.2,0.25,echo_ms,91,2.178887
latency,herdr,idle,1,False,0.2,0.25,echo_ms,92,2.328548
latency,herdr,idle,1,False,0.2,0.25,echo_ms,93,2.266686
latency,herdr,idle,1,False,0.2,0.25,echo_ms,94,2.283348
latency,herdr,idle,1,False,0.2,0.25,echo_ms,95,1.647349
latency,herdr,idle,1,False,0.2,0.25,echo_ms,96,2.202115
latency,herdr,idle,1,False,0.2,0.25,echo_ms,97,2.181476
latency,herdr,idle,1,False,0.2,0.25,echo_ms,98,2.169958
latency,herdr,idle,1,False,0.2,0.25,echo_ms,99,1.636441
latency,herdr,idle,1,False,0.2,0.25,timeouts,,0
latency,thurbox,idle,1,False,0.25,0.21,echo_ms,0,13.543142
latency,thurbox,idle,1,False,0.25,0.21,echo_ms,1,23.895249
latency,thurbox,idle,1,False,0.25,0.21,echo_ms,2,13.537502
latency,thurbox,idle,1,False,0.25,0.21,echo_ms,3,47.765578
latency,thurbox,idle,1,False,0.25,0.21,echo_ms,4,13.439192
latency,thurbox,idle,1,False,0.25,0.21,echo_ms,5,4.123519
latency,thurbox,idle,1,False,0.25,0.21,echo_ms,6,48.026474
latency,thurbox,idle,1,False,0.25,0.21,echo_ms,7,46.952128
latency,thurbox,idle,1,False,0.25,0.21,echo_ms,8,48.798732
latency,thurbox,idle,1,False,0.25,0.21,echo_ms,9,47.116357
latency,thurbox,idle,1,False,0.25,0.21,echo_ms,10,14.677838
latency,thurbox,idle,1,False,0.25,0.21,echo_ms,11,48.104154
latency,thurbox,idle,1,False,0.25,0.21,echo_ms,12,13.78444
latency,thurbox,idle,1,False,0.25,0.21,echo_ms,13,4.784576
latency,thurbox,idle,1,False,0.25,0.21,echo_ms,14,4.513513
latency,thurbox,idle,1,False,0.25,0.21,echo_ms,15,47.400339
latency,thurbox,idle,1,False,0.25,0.21,echo_ms,16,4.185412
latency,thurbox,idle,1,False,0.25,0.21,echo_ms,17,47.885024
latency,thurbox,idle,1,False,0.25,0.21,echo_ms,18,48.780707
latency,thurbox,idle,1,False,0.25,0.21,echo_ms,19,23.919593
latency,thurbox,idle,1,False,0.25,0.21,echo_ms,20,24.077621
latency,thurbox,idle,1,False,0.25,0.21,echo_ms,21,4.159651
latency,thurbox,idle,1,False,0.25,0.21,echo_ms,22,48.197068
latency,thurbox,idle,1,False,0.25,0.21,echo_ms,23,43.575598
latency,thurbox,idle,1,False,0.25,0.21,echo_ms,24,2.022372
latency,thurbox,idle,1,False,0.25,0.21,echo_ms,25,47.98873
latency,thurbox,idle,1,False,0.25,0.21,echo_ms,26,2.182827
latency,thurbox,idle,1,False,0.25,0.21,echo_ms,27,5.598206
latency,thurbox,idle,1,False,0.25,0.21,echo_ms,28,47.978004
latency,thurbox,idle,1,False,0.25,0.21,echo_ms,29,26.261742
latency,thurbox,idle,1,False,0.25,0.21,echo_ms,30,47.073144
latency,thurbox,idle,1,False,0.25,0.21,echo_ms,31,48.048075
latency,thurbox,idle,1,False,0.25,0.21,echo_ms,32,47.2784
latency,thurbox,idle,1,False,0.25,0.21,echo_ms,33,4.197205
latency,thurbox,idle,1,False,0.25,0.21,echo_ms,34,48.070882
latency,thurbox,idle,1,False,0.25,0.21,echo_ms,35,46.965646
latency,thurbox,idle,1,False,0.25,0.21,echo_ms,36,24.947219
latency,thurbox,idle,1,False,0.25,0.21,echo_ms,37,47.99803
latency,thurbox,idle,1,False,0.25,0.21,echo_ms,38,23.816831
latency,thurbox,idle,1,False,0.25,0.21,echo_ms,39,24.950925
latency,thurbox,idle,1,False,0.25,0.21,echo_ms,40,48.033677
latency,thurbox,idle,1,False,0.25,0.21,echo_ms,41,46.828891
latency,thurbox,idle,1,False,0.25,0.21,echo_ms,42,23.974441
latency,thurbox,idle,1,False,0.25,0.21,echo_ms,43,4.637956
latency,thurbox,idle,1,False,0.25,0.21,echo_ms,44,23.849684
latency,thurbox,idle,1,False,0.25,0.21,echo_ms,45,2.366356
latency,thurbox,idle,1,False,0.25,0.21,echo_ms,46,46.654986
latency,thurbox,idle,1,False,0.25,0.21,echo_ms,47,46.990323
latency,thurbox,idle,1,False,0.25,0.21,echo_ms,48,24.918446
latency,thurbox,idle,1,False,0.25,0.21,echo_ms,49,48.976585
latency,thurbox,idle,1,False,0.25,0.21,echo_ms,50,4.611958
latency,thurbox,idle,1,False,0.25,0.21,echo_ms,51,47.93966
latency,thurbox,idle,1,False,0.25,0.21,echo_ms,52,47.2283
latency,thurbox,idle,1,False,0.25,0.21,echo_ms,53,11.268571
latency,thurbox,idle,1,False,0.25,0.21,echo_ms,54,47.751915
latency,thurbox,idle,1,False,0.25,0.21,echo_ms,55,13.555709
latency,thurbox,idle,1,False,0.25,0.21,echo_ms,56,46.683136
latency,thurbox,idle,1,False,0.25,0.21,echo_ms,57,4.147164
latency,thurbox,idle,1,False,0.25,0.21,echo_ms,58,48.000075
latency,thurbox,idle,1,False,0.25,0.21,echo_ms,59,47.224412
latency,thurbox,idle,1,False,0.25,0.21,echo_ms,60,47.918691
latency,thurbox,idle,1,False,0.25,0.21,echo_ms,61,46.43246
latency,thurbox,idle,1,False,0.25,0.21,echo_ms,62,26.107568
latency,thurbox,idle,1,False,0.25,0.21,echo_ms,63,23.183723
latency,thurbox,idle,1,False,0.25,0.21,echo_ms,64,46.656462
latency,thurbox,idle,1,False,0.25,0.21,echo_ms,65,47.712662
latency,thurbox,idle,1,False,0.25,0.21,echo_ms,66,26.163355
latency,thurbox,idle,1,False,0.25,0.21,echo_ms,67,46.808454
latency,thurbox,idle,1,False,0.25,0.21,echo_ms,68,4.693006
latency,thurbox,idle,1,False,0.25,0.21,echo_ms,69,13.526201
latency,thurbox,idle,1,False,0.25,0.21,echo_ms,70,5.502982
latency,thurbox,idle,1,False,0.25,0.21,echo_ms,71,47.895614
latency,thurbox,idle,1,False,0.25,0.21,echo_ms,72,46.874499
latency,thurbox,idle,1,False,0.25,0.21,echo_ms,73,48.086511
latency,thurbox,idle,1,False,0.25,0.21,echo_ms,74,13.537476
latency,thurbox,idle,1,False,0.25,0.21,echo_ms,75,48.052646
latency,thurbox,idle,1,False,0.25,0.21,echo_ms,76,47.743986
latency,thurbox,idle,1,False,0.25,0.21,echo_ms,77,47.256927
latency,thurbox,idle,1,False,0.25,0.21,echo_ms,78,13.510945
latency,thurbox,idle,1,False,0.25,0.21,echo_ms,79,4.714664
latency,thurbox,idle,1,False,0.25,0.21,echo_ms,80,4.08424
latency,thurbox,idle,1,False,0.25,0.21,echo_ms,81,4.052168
latency,thurbox,idle,1,False,0.25,0.21,echo_ms,82,47.873348
latency,thurbox,idle,1,False,0.25,0.21,echo_ms,83,47.321131
latency,thurbox,idle,1,False,0.25,0.21,echo_ms,84,23.019987
latency,thurbox,idle,1,False,0.25,0.21,echo_ms,85,25.147411
latency,thurbox,idle,1,False,0.25,0.21,echo_ms,86,46.900093
latency,thurbox,idle,1,False,0.25,0.21,echo_ms,87,48.267193
latency,thurbox,idle,1,False,0.25,0.21,echo_ms,88,4.541215
latency,thurbox,idle,1,False,0.25,0.21,echo_ms,89,4.146015
latency,thurbox,idle,1,False,0.25,0.21,echo_ms,90,47.220751
latency,thurbox,idle,1,False,0.25,0.21,echo_ms,91,4.080387
latency,thurbox,idle,1,False,0.25,0.21,echo_ms,92,47.859513
latency,thurbox,idle,1,False,0.25,0.21,echo_ms,93,23.87801
latency,thurbox,idle,1,False,0.25,0.21,echo_ms,94,15.307558
latency,thurbox,idle,1,False,0.25,0.21,echo_ms,95,47.632467
latency,thurbox,idle,1,False,0.25,0.21,echo_ms,96,46.70224
latency,thurbox,idle,1,False,0.25,0.21,echo_ms,97,26.564989
latency,thurbox,idle,1,False,0.25,0.21,echo_ms,98,23.927882
latency,thurbox,idle,1,False,0.25,0.21,echo_ms,99,3.102275
latency,thurbox,idle,1,False,0.25,0.21,timeouts,,0
latency,tmux,idle,2,False,0.21,0.25,echo_ms,0,1.028314
latency,tmux,idle,2,False,0.21,0.25,echo_ms,1,1.045602
latency,tmux,idle,2,False,0.21,0.25,echo_ms,2,1.061357
latency,tmux,idle,2,False,0.21,0.25,echo_ms,3,1.040903
latency,tmux,idle,2,False,0.21,0.25,echo_ms,4,1.056291
latency,tmux,idle,2,False,0.21,0.25,echo_ms,5,1.021948
latency,tmux,idle,2,False,0.21,0.25,echo_ms,6,1.055182
latency,tmux,idle,2,False,0.21,0.25,echo_ms,7,1.067405
latency,tmux,idle,2,False,0.21,0.25,echo_ms,8,0.947227
latency,tmux,idle,2,False,0.21,0.25,echo_ms,9,1.038661
latency,tmux,idle,2,False,0.21,0.25,echo_ms,10,1.046084
latency,tmux,idle,2,False,0.21,0.25,echo_ms,11,1.097559
latency,tmux,idle,2,False,0.21,0.25,echo_ms,12,1.068163
latency,tmux,idle,2,False,0.21,0.25,echo_ms,13,1.029998
latency,tmux,idle,2,False,0.21,0.25,echo_ms,14,0.92857
latency,tmux,idle,2,False,0.21,0.25,echo_ms,15,1.049593
latency,tmux,idle,2,False,0.21,0.25,echo_ms,16,1.053989
latency,tmux,idle,2,False,0.21,0.25,echo_ms,17,1.031405
latency,tmux,idle,2,False,0.21,0.25,echo_ms,18,1.021876
latency,tmux,idle,2,False,0.21,0.25,echo_ms,19,1.061744
latency,tmux,idle,2,False,0.21,0.25,echo_ms,20,1.047045
latency,tmux,idle,2,False,0.21,0.25,echo_ms,21,1.07078
latency,tmux,idle,2,False,0.21,0.25,echo_ms,22,1.0698
latency,tmux,idle,2,False,0.21,0.25,echo_ms,23,0.972887
latency,tmux,idle,2,False,0.21,0.25,echo_ms,24,1.060022
latency,tmux,idle,2,False,0.21,0.25,echo_ms,25,0.969948
latency,tmux,idle,2,False,0.21,0.25,echo_ms,26,1.064577
latency,tmux,idle,2,False,0.21,0.25,echo_ms,27,1.055317
latency,tmux,idle,2,False,0.21,0.25,echo_ms,28,1.064267
latency,tmux,idle,2,False,0.21,0.25,echo_ms,29,1.041025
latency,tmux,idle,2,False,0.21,0.25,echo_ms,30,1.094969
latency,tmux,idle,2,False,0.21,0.25,echo_ms,31,0.969524
latency,tmux,idle,2,False,0.21,0.25,echo_ms,32,1.022527
latency,tmux,idle,2,False,0.21,0.25,echo_ms,33,1.044991
latency,tmux,idle,2,False,0.21,0.25,echo_ms,34,1.048365
latency,tmux,idle,2,False,0.21,0.25,echo_ms,35,1.005828
latency,tmux,idle,2,False,0.21,0.25,echo_ms,36,1.09808
latency,tmux,idle,2,False,0.21,0.25,echo_ms,37,1.073772
latency,tmux,idle,2,False,0.21,0.25,echo_ms,38,1.027274
latency,tmux,idle,2,False,0.21,0.25,echo_ms,39,1.062247
latency,tmux,idle,2,False,0.21,0.25,echo_ms,40,1.053116
latency,tmux,idle,2,False,0.21,0.25,echo_ms,41,1.036009
latency,tmux,idle,2,False,0.21,0.25,echo_ms,42,1.074895
latency,tmux,idle,2,False,0.21,0.25,echo_ms,43,1.057042
latency,tmux,idle,2,False,0.21,0.25,echo_ms,44,0.924207
latency,tmux,idle,2,False,0.21,0.25,echo_ms,45,1.07395
latency,tmux,idle,2,False,0.21,0.25,echo_ms,46,1.030659
latency,tmux,idle,2,False,0.21,0.25,echo_ms,47,1.064523
latency,tmux,idle,2,False,0.21,0.25,echo_ms,48,1.067358
latency,tmux,idle,2,False,0.21,0.25,echo_ms,49,1.068574
latency,tmux,idle,2,False,0.21,0.25,echo_ms,50,1.084969
latency,tmux,idle,2,False,0.21,0.25,echo_ms,51,0.998191
latency,tmux,idle,2,False,0.21,0.25,echo_ms,52,1.070462
latency,tmux,idle,2,False,0.21,0.25,echo_ms,53,0.970573
latency,tmux,idle,2,False,0.21,0.25,echo_ms,54,1.032436
latency,tmux,idle,2,False,0.21,0.25,echo_ms,55,0.999534
latency,tmux,idle,2,False,0.21,0.25,echo_ms,56,1.087134
latency,tmux,idle,2,False,0.21,0.25,echo_ms,57,1.056213
latency,tmux,idle,2,False,0.21,0.25,echo_ms,58,1.109836
latency,tmux,idle,2,False,0.21,0.25,echo_ms,59,1.067893
latency,tmux,idle,2,False,0.21,0.25,echo_ms,60,1.003637
latency,tmux,idle,2,False,0.21,0.25,echo_ms,61,1.03293
latency,tmux,idle,2,False,0.21,0.25,echo_ms,62,1.006074
latency,tmux,idle,2,False,0.21,0.25,echo_ms,63,0.71748
latency,tmux,idle,2,False,0.21,0.25,echo_ms,64,1.015185
latency,tmux,idle,2,False,0.21,0.25,echo_ms,65,0.968073
latency,tmux,idle,2,False,0.21,0.25,echo_ms,66,1.064068
latency,tmux,idle,2,False,0.21,0.25,echo_ms,67,0.974077
latency,tmux,idle,2,False,0.21,0.25,echo_ms,68,1.088906
latency,tmux,idle,2,False,0.21,0.25,echo_ms,69,1.105004
latency,tmux,idle,2,False,0.21,0.25,echo_ms,70,1.07156
latency,tmux,idle,2,False,0.21,0.25,echo_ms,71,1.055411
latency,tmux,idle,2,False,0.21,0.25,echo_ms,72,1.042119
latency,tmux,idle,2,False,0.21,0.25,echo_ms,73,0.913232
latency,tmux,idle,2,False,0.21,0.25,echo_ms,74,1.067512
latency,tmux,idle,2,False,0.21,0.25,echo_ms,75,1.040505
latency,tmux,idle,2,False,0.21,0.25,echo_ms,76,0.988424
latency,tmux,idle,2,False,0.21,0.25,echo_ms,77,0.938952
latency,tmux,idle,2,False,0.21,0.25,echo_ms,78,1.065734
latency,tmux,idle,2,False,0.21,0.25,echo_ms,79,0.960736
latency,tmux,idle,2,False,0.21,0.25,echo_ms,80,1.062185
latency,tmux,idle,2,False,0.21,0.25,echo_ms,81,1.084031
latency,tmux,idle,2,False,0.21,0.25,echo_ms,82,1.049223
latency,tmux,idle,2,False,0.21,0.25,echo_ms,83,1.035556
latency,tmux,idle,2,False,0.21,0.25,echo_ms,84,0.981014
latency,tmux,idle,2,False,0.21,0.25,echo_ms,85,1.009537
latency,tmux,idle,2,False,0.21,0.25,echo_ms,86,0.986658
latency,tmux,idle,2,False,0.21,0.25,echo_ms,87,0.94166
latency,tmux,idle,2,False,0.21,0.25,echo_ms,88,1.045092
latency,tmux,idle,2,False,0.21,0.25,echo_ms,89,0.981425
latency,tmux,idle,2,False,0.21,0.25,echo_ms,90,0.885863
latency,tmux,idle,2,False,0.21,0.25,echo_ms,91,1.094782
latency,tmux,idle,2,False,0.21,0.25,echo_ms,92,0.975911
latency,tmux,idle,2,False,0.21,0.25,echo_ms,93,1.033077
latency,tmux,idle,2,False,0.21,0.25,echo_ms,94,0.969677
latency,tmux,idle,2,False,0.21,0.25,echo_ms,95,0.972158
latency,tmux,idle,2,False,0.21,0.25,echo_ms,96,0.930754
latency,tmux,idle,2,False,0.21,0.25,echo_ms,97,1.004828
latency,tmux,idle,2,False,0.21,0.25,echo_ms,98,1.053186
latency,tmux,idle,2,False,0.21,0.25,echo_ms,99,1.040707
latency,tmux,idle,2,False,0.21,0.25,timeouts,,0
latency,herdr,idle,2,False,0.25,0.21,echo_ms,0,2.013848
latency,herdr,idle,2,False,0.25,0.21,echo_ms,1,2.27993
latency,herdr,idle,2,False,0.25,0.21,echo_ms,2,2.199486
latency,herdr,idle,2,False,0.25,0.21,echo_ms,3,1.422005
latency,herdr,idle,2,False,0.25,0.21,echo_ms,4,2.196948
latency,herdr,idle,2,False,0.25,0.21,echo_ms,5,2.190996
latency,herdr,idle,2,False,0.25,0.21,echo_ms,6,2.130516
latency,herdr,idle,2,False,0.25,0.21,echo_ms,7,2.18159
latency,herdr,idle,2,False,0.25,0.21,echo_ms,8,2.054213
latency,herdr,idle,2,False,0.25,0.21,echo_ms,9,1.979723
latency,herdr,idle,2,False,0.25,0.21,echo_ms,10,2.237438
latency,herdr,idle,2,False,0.25,0.21,echo_ms,11,2.146314
latency,herdr,idle,2,False,0.25,0.21,echo_ms,12,2.143222
latency,herdr,idle,2,False,0.25,0.21,echo_ms,13,1.300012
latency,herdr,idle,2,False,0.25,0.21,echo_ms,14,2.175591
latency,herdr,idle,2,False,0.25,0.21,echo_ms,15,2.304426
latency,herdr,idle,2,False,0.25,0.21,echo_ms,16,2.225357
latency,herdr,idle,2,False,0.25,0.21,echo_ms,17,2.010644
latency,herdr,idle,2,False,0.25,0.21,echo_ms,18,2.207261
latency,herdr,idle,2,False,0.25,0.21,echo_ms,19,1.81153
latency,herdr,idle,2,False,0.25,0.21,echo_ms,20,2.193541
latency,herdr,idle,2,False,0.25,0.21,echo_ms,21,2.202173
latency,herdr,idle,2,False,0.25,0.21,echo_ms,22,2.208943
latency,herdr,idle,2,False,0.25,0.21,echo_ms,23,2.22078
latency,herdr,idle,2,False,0.25,0.21,echo_ms,24,2.332461
latency,herdr,idle,2,False,0.25,0.21,echo_ms,25,2.21104
latency,herdr,idle,2,False,0.25,0.21,echo_ms,26,2.092286
latency,herdr,idle,2,False,0.25,0.21,echo_ms,27,2.153697
latency,herdr,idle,2,False,0.25,0.21,echo_ms,28,2.00182
latency,herdr,idle,2,False,0.25,0.21,echo_ms,29,2.229463
latency,herdr,idle,2,False,0.25,0.21,echo_ms,30,2.296087
latency,herdr,idle,2,False,0.25,0.21,echo_ms,31,2.343562
latency,herdr,idle,2,False,0.25,0.21,echo_ms,32,2.095577
latency,herdr,idle,2,False,0.25,0.21,echo_ms,33,2.155971
latency,herdr,idle,2,False,0.25,0.21,echo_ms,34,2.128709
latency,herdr,idle,2,False,0.25,0.21,echo_ms,35,2.182562
latency,herdr,idle,2,False,0.25,0.21,echo_ms,36,2.17966
latency,herdr,idle,2,False,0.25,0.21,echo_ms,37,2.048236
latency,herdr,idle,2,False,0.25,0.21,echo_ms,38,2.12637
latency,herdr,idle,2,False,0.25,0.21,echo_ms,39,2.235325
latency,herdr,idle,2,False,0.25,0.21,echo_ms,40,2.191219
latency,herdr,idle,2,False,0.25,0.21,echo_ms,41,2.244385
latency,herdr,idle,2,False,0.25,0.21,echo_ms,42,2.244954
latency,herdr,idle,2,False,0.25,0.21,echo_ms,43,2.14908
latency,herdr,idle,2,False,0.25,0.21,echo_ms,44,2.176006
latency,herdr,idle,2,False,0.25,0.21,echo_ms,45,2.273467
latency,herdr,idle,2,False,0.25,0.21,echo_ms,46,2.171209
latency,herdr,idle,2,False,0.25,0.21,echo_ms,47,2.316315
latency,herdr,idle,2,False,0.25,0.21,echo_ms,48,2.371617
latency,herdr,idle,2,False,0.25,0.21,echo_ms,49,2.308983
latency,herdr,idle,2,False,0.25,0.21,echo_ms,50,2.235902
latency,herdr,idle,2,False,0.25,0.21,echo_ms,51,2.343516
latency,herdr,idle,2,False,0.25,0.21,echo_ms,52,2.322886
latency,herdr,idle,2,False,0.25,0.21,echo_ms,53,2.0232
latency,herdr,idle,2,False,0.25,0.21,echo_ms,54,2.343718
latency,herdr,idle,2,False,0.25,0.21,echo_ms,55,2.318265
latency,herdr,idle,2,False,0.25,0.21,echo_ms,56,2.298917
latency,herdr,idle,2,False,0.25,0.21,echo_ms,57,2.221756
latency,herdr,idle,2,False,0.25,0.21,echo_ms,58,2.131919
latency,herdr,idle,2,False,0.25,0.21,echo_ms,59,2.246313
latency,herdr,idle,2,False,0.25,0.21,echo_ms,60,2.317364
latency,herdr,idle,2,False,0.25,0.21,echo_ms,61,2.109853
latency,herdr,idle,2,False,0.25,0.21,echo_ms,62,2.366499
latency,herdr,idle,2,False,0.25,0.21,echo_ms,63,2.20967
latency,herdr,idle,2,False,0.25,0.21,echo_ms,64,2.220441
latency,herdr,idle,2,False,0.25,0.21,echo_ms,65,2.254377
latency,herdr,idle,2,False,0.25,0.21,echo_ms,66,2.441873
latency,herdr,idle,2,False,0.25,0.21,echo_ms,67,2.077559
latency,herdr,idle,2,False,0.25,0.21,echo_ms,68,2.191954
latency,herdr,idle,2,False,0.25,0.21,echo_ms,69,1.878396
latency,herdr,idle,2,False,0.25,0.21,echo_ms,70,1.89158
latency,herdr,idle,2,False,0.25,0.21,echo_ms,71,2.493108
latency,herdr,idle,2,False,0.25,0.21,echo_ms,72,0.732437
latency,herdr,idle,2,False,0.25,0.21,echo_ms,73,2.107594
latency,herdr,idle,2,False,0.25,0.21,echo_ms,74,2.208494
latency,herdr,idle,2,False,0.25,0.21,echo_ms,75,2.24112
latency,herdr,idle,2,False,0.25,0.21,echo_ms,76,2.286268
latency,herdr,idle,2,False,0.25,0.21,echo_ms,77,2.225052
latency,herdr,idle,2,False,0.25,0.21,echo_ms,78,2.095808
latency,herdr,idle,2,False,0.25,0.21,echo_ms,79,2.08215
latency,herdr,idle,2,False,0.25,0.21,echo_ms,80,2.207421
latency,herdr,idle,2,False,0.25,0.21,echo_ms,81,2.110982
latency,herdr,idle,2,False,0.25,0.21,echo_ms,82,1.778253
latency,herdr,idle,2,False,0.25,0.21,echo_ms,83,2.342987
latency,herdr,idle,2,False,0.25,0.21,echo_ms,84,2.30328
latency,herdr,idle,2,False,0.25,0.21,echo_ms,85,2.056462
latency,herdr,idle,2,False,0.25,0.21,echo_ms,86,2.200968
latency,herdr,idle,2,False,0.25,0.21,echo_ms,87,2.321592
latency,herdr,idle,2,False,0.25,0.21,echo_ms,88,2.151521
latency,herdr,idle,2,False,0.25,0.21,echo_ms,89,2.304635
latency,herdr,idle,2,False,0.25,0.21,echo_ms,90,2.177463
latency,herdr,idle,2,False,0.25,0.21,echo_ms,91,2.242373
latency,herdr,idle,2,False,0.25,0.21,echo_ms,92,2.255308
latency,herdr,idle,2,False,0.25,0.21,echo_ms,93,2.34415
latency,herdr,idle,2,False,0.25,0.21,echo_ms,94,2.386142
latency,herdr,idle,2,False,0.25,0.21,echo_ms,95,2.330813
latency,herdr,idle,2,False,0.25,0.21,echo_ms,96,2.351575
latency,herdr,idle,2,False,0.25,0.21,echo_ms,97,2.374821
latency,herdr,idle,2,False,0.25,0.21,echo_ms,98,2.061436
latency,herdr,idle,2,False,0.25,0.21,echo_ms,99,2.266343
latency,herdr,idle,2,False,0.25,0.21,timeouts,,0
latency,thurbox,idle,2,False,0.21,0.18,echo_ms,0,48.429203
latency,thurbox,idle,2,False,0.21,0.18,echo_ms,1,46.983753
latency,thurbox,idle,2,False,0.21,0.18,echo_ms,2,4.469227
latency,thurbox,idle,2,False,0.21,0.18,echo_ms,3,47.968255
latency,thurbox,idle,2,False,0.21,0.18,echo_ms,4,25.798165
latency,thurbox,idle,2,False,0.21,0.18,echo_ms,5,13.439862
latency,thurbox,idle,2,False,0.21,0.18,echo_ms,6,48.040735
latency,thurbox,idle,2,False,0.21,0.18,echo_ms,7,46.847546
latency,thurbox,idle,2,False,0.21,0.18,echo_ms,8,13.558604
latency,thurbox,idle,2,False,0.21,0.18,echo_ms,9,4.228245
latency,thurbox,idle,2,False,0.21,0.18,echo_ms,10,48.148472
latency,thurbox,idle,2,False,0.21,0.18,echo_ms,11,23.974608
latency,thurbox,idle,2,False,0.21,0.18,echo_ms,12,5.951199
latency,thurbox,idle,2,False,0.21,0.18,echo_ms,13,4.250116
latency,thurbox,idle,2,False,0.21,0.18,echo_ms,14,48.316271
latency,thurbox,idle,2,False,0.21,0.18,echo_ms,15,47.010352
latency,thurbox,idle,2,False,0.21,0.18,echo_ms,16,23.878451
latency,thurbox,idle,2,False,0.21,0.18,echo_ms,17,13.948599
latency,thurbox,idle,2,False,0.21,0.18,echo_ms,18,46.858721
latency,thurbox,idle,2,False,0.21,0.18,echo_ms,19,4.11828
latency,thurbox,idle,2,False,0.21,0.18,echo_ms,20,47.31803
latency,thurbox,idle,2,False,0.21,0.18,echo_ms,21,4.129652
latency,thurbox,idle,2,False,0.21,0.18,echo_ms,22,43.210855
latency,thurbox,idle,2,False,0.21,0.18,echo_ms,23,46.754741
latency,thurbox,idle,2,False,0.21,0.18,echo_ms,24,48.506473
latency,thurbox,idle,2,False,0.21,0.18,echo_ms,25,14.727711
latency,thurbox,idle,2,False,0.21,0.18,echo_ms,26,14.687621
latency,thurbox,idle,2,False,0.21,0.18,echo_ms,27,13.568097
latency,thurbox,idle,2,False,0.21,0.18,echo_ms,28,4.279141
latency,thurbox,idle,2,False,0.21,0.18,echo_ms,29,48.037949
latency,thurbox,idle,2,False,0.21,0.18,echo_ms,30,47.069113
latency,thurbox,idle,2,False,0.21,0.18,echo_ms,31,12.226884
latency,thurbox,idle,2,False,0.21,0.18,echo_ms,32,14.675781
latency,thurbox,idle,2,False,0.21,0.18,echo_ms,33,46.968536
latency,thurbox,idle,2,False,0.21,0.18,echo_ms,34,25.906676
latency,thurbox,idle,2,False,0.21,0.18,echo_ms,35,47.932083
latency,thurbox,idle,2,False,0.21,0.18,echo_ms,36,46.836102
latency,thurbox,idle,2,False,0.21,0.18,echo_ms,37,25.531543
latency,thurbox,idle,2,False,0.21,0.18,echo_ms,38,14.600318
latency,thurbox,idle,2,False,0.21,0.18,echo_ms,39,47.829999
latency,thurbox,idle,2,False,0.21,0.18,echo_ms,40,47.349985
latency,thurbox,idle,2,False,0.21,0.18,echo_ms,41,13.4182
latency,thurbox,idle,2,False,0.21,0.18,echo_ms,42,48.15115
latency,thurbox,idle,2,False,0.21,0.18,echo_ms,43,47.345338
latency,thurbox,idle,2,False,0.21,0.18,echo_ms,44,47.781994
latency,thurbox,idle,2,False,0.21,0.18,echo_ms,45,13.569012
latency,thurbox,idle,2,False,0.21,0.18,echo_ms,46,13.600381
latency,thurbox,idle,2,False,0.21,0.18,echo_ms,47,24.082425
latency,thurbox,idle,2,False,0.21,0.18,echo_ms,48,23.980638
latency,thurbox,idle,2,False,0.21,0.18,echo_ms,49,12.091266
latency,thurbox,idle,2,False,0.21,0.18,echo_ms,50,48.426228
latency,thurbox,idle,2,False,0.21,0.18,echo_ms,51,46.889783
latency,thurbox,idle,2,False,0.21,0.18,echo_ms,52,25.424311
latency,thurbox,idle,2,False,0.21,0.18,echo_ms,53,48.295171
latency,thurbox,idle,2,False,0.21,0.18,echo_ms,54,46.748825
latency,thurbox,idle,2,False,0.21,0.18,echo_ms,55,49.186635
latency,thurbox,idle,2,False,0.21,0.18,echo_ms,56,13.919012
latency,thurbox,idle,2,False,0.21,0.18,echo_ms,57,2.989256
latency,thurbox,idle,2,False,0.21,0.18,echo_ms,58,4.124197
latency,thurbox,idle,2,False,0.21,0.18,echo_ms,59,48.289562
latency,thurbox,idle,2,False,0.21,0.18,echo_ms,60,13.503342
latency,thurbox,idle,2,False,0.21,0.18,echo_ms,61,4.076121
latency,thurbox,idle,2,False,0.21,0.18,echo_ms,62,13.099608
latency,thurbox,idle,2,False,0.21,0.18,echo_ms,63,46.598883
latency,thurbox,idle,2,False,0.21,0.18,echo_ms,64,4.034331
latency,thurbox,idle,2,False,0.21,0.18,echo_ms,65,47.948539
latency,thurbox,idle,2,False,0.21,0.18,echo_ms,66,47.170766
latency,thurbox,idle,2,False,0.21,0.18,echo_ms,67,4.723973
latency,thurbox,idle,2,False,0.21,0.18,echo_ms,68,46.901515
latency,thurbox,idle,2,False,0.21,0.18,echo_ms,69,5.52187
latency,thurbox,idle,2,False,0.21,0.18,echo_ms,70,47.947899
latency,thurbox,idle,2,False,0.21,0.18,echo_ms,71,23.964504
latency,thurbox,idle,2,False,0.21,0.18,echo_ms,72,47.355354
latency,thurbox,idle,2,False,0.21,0.18,echo_ms,73,47.762398
latency,thurbox,idle,2,False,0.21,0.18,echo_ms,74,4.527149
latency,thurbox,idle,2,False,0.21,0.18,echo_ms,75,4.136356
latency,thurbox,idle,2,False,0.21,0.18,echo_ms,76,47.531047
latency,thurbox,idle,2,False,0.21,0.18,echo_ms,77,4.72233
latency,thurbox,idle,2,False,0.21,0.18,echo_ms,78,4.074002
latency,thurbox,idle,2,False,0.21,0.18,echo_ms,79,48.216815
latency,thurbox,idle,2,False,0.21,0.18,echo_ms,80,46.844686
latency,thurbox,idle,2,False,0.21,0.18,echo_ms,81,23.97223
latency,thurbox,idle,2,False,0.21,0.18,echo_ms,82,3.253582
latency,thurbox,idle,2,False,0.21,0.18,echo_ms,83,4.500999
latency,thurbox,idle,2,False,0.21,0.18,echo_ms,84,49.370517
latency,thurbox,idle,2,False,0.21,0.18,echo_ms,85,46.875374
latency,thurbox,idle,2,False,0.21,0.18,echo_ms,86,4.107782
latency,thurbox,idle,2,False,0.21,0.18,echo_ms,87,24.048465
latency,thurbox,idle,2,False,0.21,0.18,echo_ms,88,46.714046
latency,thurbox,idle,2,False,0.21,0.18,echo_ms,89,13.553509
latency,thurbox,idle,2,False,0.21,0.18,echo_ms,90,14.660047
latency,thurbox,idle,2,False,0.21,0.18,echo_ms,91,46.937185
latency,thurbox,idle,2,False,0.21,0.18,echo_ms,92,23.759304
latency,thurbox,idle,2,False,0.21,0.18,echo_ms,93,14.569604
latency,thurbox,idle,2,False,0.21,0.18,echo_ms,94,13.520638
latency,thurbox,idle,2,False,0.21,0.18,echo_ms,95,4.091741
latency,thurbox,idle,2,False,0.21,0.18,echo_ms,96,48.003802
latency,thurbox,idle,2,False,0.21,0.18,echo_ms,97,46.830701
latency,thurbox,idle,2,False,0.21,0.18,echo_ms,98,14.588368
latency,thurbox,idle,2,False,0.21,0.18,echo_ms,99,2.232526
latency,thurbox,idle,2,False,0.21,0.18,timeouts,,0
latency,tmux,idle,3,False,0.18,0.15,echo_ms,0,1.033122
latency,tmux,idle,3,False,0.18,0.15,echo_ms,1,0.93978
latency,tmux,idle,3,False,0.18,0.15,echo_ms,2,1.025941
latency,tmux,idle,3,False,0.18,0.15,echo_ms,3,0.678004
latency,tmux,idle,3,False,0.18,0.15,echo_ms,4,1.069169
latency,tmux,idle,3,False,0.18,0.15,echo_ms,5,1.058385
latency,tmux,idle,3,False,0.18,0.15,echo_ms,6,0.936206
latency,tmux,idle,3,False,0.18,0.15,echo_ms,7,1.012571
latency,tmux,idle,3,False,0.18,0.15,echo_ms,8,0.973999
latency,tmux,idle,3,False,0.18,0.15,echo_ms,9,0.946244
latency,tmux,idle,3,False,0.18,0.15,echo_ms,10,0.726084
latency,tmux,idle,3,False,0.18,0.15,echo_ms,11,1.011626
latency,tmux,idle,3,False,0.18,0.15,echo_ms,12,0.980139
latency,tmux,idle,3,False,0.18,0.15,echo_ms,13,0.963734
latency,tmux,idle,3,False,0.18,0.15,echo_ms,14,0.987087
latency,tmux,idle,3,False,0.18,0.15,echo_ms,15,0.997512
latency,tmux,idle,3,False,0.18,0.15,echo_ms,16,1.045072
latency,tmux,idle,3,False,0.18,0.15,echo_ms,17,1.083489
latency,tmux,idle,3,False,0.18,0.15,echo_ms,18,0.934468
latency,tmux,idle,3,False,0.18,0.15,echo_ms,19,1.033591
latency,tmux,idle,3,False,0.18,0.15,echo_ms,20,0.987589
latency,tmux,idle,3,False,0.18,0.15,echo_ms,21,0.997833
latency,tmux,idle,3,False,0.18,0.15,echo_ms,22,0.968511
latency,tmux,idle,3,False,0.18,0.15,echo_ms,23,0.938731
latency,tmux,idle,3,False,0.18,0.15,echo_ms,24,0.973849
latency,tmux,idle,3,False,0.18,0.15,echo_ms,25,1.016012
latency,tmux,idle,3,False,0.18,0.15,echo_ms,26,0.998499
latency,tmux,idle,3,False,0.18,0.15,echo_ms,27,1.012348
latency,tmux,idle,3,False,0.18,0.15,echo_ms,28,1.01946
latency,tmux,idle,3,False,0.18,0.15,echo_ms,29,0.997113
latency,tmux,idle,3,False,0.18,0.15,echo_ms,30,1.037074
latency,tmux,idle,3,False,0.18,0.15,echo_ms,31,1.026107
latency,tmux,idle,3,False,0.18,0.15,echo_ms,32,0.94249
latency,tmux,idle,3,False,0.18,0.15,echo_ms,33,1.018477
latency,tmux,idle,3,False,0.18,0.15,echo_ms,34,1.009654
latency,tmux,idle,3,False,0.18,0.15,echo_ms,35,1.048462
latency,tmux,idle,3,False,0.18,0.15,echo_ms,36,0.997901
latency,tmux,idle,3,False,0.18,0.15,echo_ms,37,0.95606
latency,tmux,idle,3,False,0.18,0.15,echo_ms,38,1.064594
latency,tmux,idle,3,False,0.18,0.15,echo_ms,39,0.960461
latency,tmux,idle,3,False,0.18,0.15,echo_ms,40,0.971354
latency,tmux,idle,3,False,0.18,0.15,echo_ms,41,0.999162
latency,tmux,idle,3,False,0.18,0.15,echo_ms,42,1.06263
latency,tmux,idle,3,False,0.18,0.15,echo_ms,43,0.97849
latency,tmux,idle,3,False,0.18,0.15,echo_ms,44,1.043781
latency,tmux,idle,3,False,0.18,0.15,echo_ms,45,0.958565
latency,tmux,idle,3,False,0.18,0.15,echo_ms,46,0.974676
latency,tmux,idle,3,False,0.18,0.15,echo_ms,47,1.006064
latency,tmux,idle,3,False,0.18,0.15,echo_ms,48,0.953174
latency,tmux,idle,3,False,0.18,0.15,echo_ms,49,1.053427
latency,tmux,idle,3,False,0.18,0.15,echo_ms,50,0.954787
latency,tmux,idle,3,False,0.18,0.15,echo_ms,51,1.014441
latency,tmux,idle,3,False,0.18,0.15,echo_ms,52,0.944882
latency,tmux,idle,3,False,0.18,0.15,echo_ms,53,1.043199
latency,tmux,idle,3,False,0.18,0.15,echo_ms,54,1.00635
latency,tmux,idle,3,False,0.18,0.15,echo_ms,55,0.990081
latency,tmux,idle,3,False,0.18,0.15,echo_ms,56,1.034388
latency,tmux,idle,3,False,0.18,0.15,echo_ms,57,0.990666
latency,tmux,idle,3,False,0.18,0.15,echo_ms,58,0.997263
latency,tmux,idle,3,False,0.18,0.15,echo_ms,59,0.992446
latency,tmux,idle,3,False,0.18,0.15,echo_ms,60,0.998766
latency,tmux,idle,3,False,0.18,0.15,echo_ms,61,1.099794
latency,tmux,idle,3,False,0.18,0.15,echo_ms,62,0.970226
latency,tmux,idle,3,False,0.18,0.15,echo_ms,63,0.993723
latency,tmux,idle,3,False,0.18,0.15,echo_ms,64,1.066521
latency,tmux,idle,3,False,0.18,0.15,echo_ms,65,1.045562
latency,tmux,idle,3,False,0.18,0.15,echo_ms,66,1.049187
latency,tmux,idle,3,False,0.18,0.15,echo_ms,67,0.964243
latency,tmux,idle,3,False,0.18,0.15,echo_ms,68,1.003818
latency,tmux,idle,3,False,0.18,0.15,echo_ms,69,0.998865
latency,tmux,idle,3,False,0.18,0.15,echo_ms,70,1.000114
latency,tmux,idle,3,False,0.18,0.15,echo_ms,71,0.98326
latency,tmux,idle,3,False,0.18,0.15,echo_ms,72,1.059549
latency,tmux,idle,3,False,0.18,0.15,echo_ms,73,0.997759
latency,tmux,idle,3,False,0.18,0.15,echo_ms,74,0.958754
latency,tmux,idle,3,False,0.18,0.15,echo_ms,75,0.999646
latency,tmux,idle,3,False,0.18,0.15,echo_ms,76,0.972068
latency,tmux,idle,3,False,0.18,0.15,echo_ms,77,0.976639
latency,tmux,idle,3,False,0.18,0.15,echo_ms,78,0.995556
latency,tmux,idle,3,False,0.18,0.15,echo_ms,79,0.99649
latency,tmux,idle,3,False,0.18,0.15,echo_ms,80,0.989852
latency,tmux,idle,3,False,0.18,0.15,echo_ms,81,1.002008
latency,tmux,idle,3,False,0.18,0.15,echo_ms,82,0.957929
latency,tmux,idle,3,False,0.18,0.15,echo_ms,83,0.951937
latency,tmux,idle,3,False,0.18,0.15,echo_ms,84,0.978852
latency,tmux,idle,3,False,0.18,0.15,echo_ms,85,0.981563
latency,tmux,idle,3,False,0.18,0.15,echo_ms,86,1.053906
latency,tmux,idle,3,False,0.18,0.15,echo_ms,87,1.068282
latency,tmux,idle,3,False,0.18,0.15,echo_ms,88,0.981543
latency,tmux,idle,3,False,0.18,0.15,echo_ms,89,0.886692
latency,tmux,idle,3,False,0.18,0.15,echo_ms,90,0.946027
latency,tmux,idle,3,False,0.18,0.15,echo_ms,91,1.049575
latency,tmux,idle,3,False,0.18,0.15,echo_ms,92,0.996384
latency,tmux,idle,3,False,0.18,0.15,echo_ms,93,1.054236
latency,tmux,idle,3,False,0.18,0.15,echo_ms,94,0.972636
latency,tmux,idle,3,False,0.18,0.15,echo_ms,95,0.941462
latency,tmux,idle,3,False,0.18,0.15,echo_ms,96,1.044558
latency,tmux,idle,3,False,0.18,0.15,echo_ms,97,1.074002
latency,tmux,idle,3,False,0.18,0.15,echo_ms,98,1.077664
latency,tmux,idle,3,False,0.18,0.15,echo_ms,99,0.974562
latency,tmux,idle,3,False,0.18,0.15,timeouts,,0
latency,herdr,idle,3,False,0.15,0.13,echo_ms,0,2.232508
latency,herdr,idle,3,False,0.15,0.13,echo_ms,1,2.11127
latency,herdr,idle,3,False,0.15,0.13,echo_ms,2,2.114339
latency,herdr,idle,3,False,0.15,0.13,echo_ms,3,2.142419
latency,herdr,idle,3,False,0.15,0.13,echo_ms,4,2.003202
latency,herdr,idle,3,False,0.15,0.13,echo_ms,5,2.146022
latency,herdr,idle,3,False,0.15,0.13,echo_ms,6,2.046653
latency,herdr,idle,3,False,0.15,0.13,echo_ms,7,1.98673
latency,herdr,idle,3,False,0.15,0.13,echo_ms,8,2.092606
latency,herdr,idle,3,False,0.15,0.13,echo_ms,9,1.568022
latency,herdr,idle,3,False,0.15,0.13,echo_ms,10,2.088449
latency,herdr,idle,3,False,0.15,0.13,echo_ms,11,2.034716
latency,herdr,idle,3,False,0.15,0.13,echo_ms,12,2.131004
latency,herdr,idle,3,False,0.15,0.13,echo_ms,13,2.24328
latency,herdr,idle,3,False,0.15,0.13,echo_ms,14,1.992325
latency,herdr,idle,3,False,0.15,0.13,echo_ms,15,2.067119
latency,herdr,idle,3,False,0.15,0.13,echo_ms,16,2.203684
latency,herdr,idle,3,False,0.15,0.13,echo_ms,17,2.068017
latency,herdr,idle,3,False,0.15,0.13,echo_ms,18,2.159347
latency,herdr,idle,3,False,0.15,0.13,echo_ms,19,2.14946
latency,herdr,idle,3,False,0.15,0.13,echo_ms,20,2.109091
latency,herdr,idle,3,False,0.15,0.13,echo_ms,21,2.100421
latency,herdr,idle,3,False,0.15,0.13,echo_ms,22,2.272404
latency,herdr,idle,3,False,0.15,0.13,echo_ms,23,2.0155
latency,herdr,idle,3,False,0.15,0.13,echo_ms,24,2.356017
latency,herdr,idle,3,False,0.15,0.13,echo_ms,25,2.240494
latency,herdr,idle,3,False,0.15,0.13,echo_ms,26,2.136942
latency,herdr,idle,3,False,0.15,0.13,echo_ms,27,2.176143
latency,herdr,idle,3,False,0.15,0.13,echo_ms,28,2.09969
latency,herdr,idle,3,False,0.15,0.13,echo_ms,29,2.146355
latency,herdr,idle,3,False,0.15,0.13,echo_ms,30,2.160242
latency,herdr,idle,3,False,0.15,0.13,echo_ms,31,2.171638
latency,herdr,idle,3,False,0.15,0.13,echo_ms,32,2.28501
latency,herdr,idle,3,False,0.15,0.13,echo_ms,33,1.307772
latency,herdr,idle,3,False,0.15,0.13,echo_ms,34,2.235816
latency,herdr,idle,3,False,0.15,0.13,echo_ms,35,1.979719
latency,herdr,idle,3,False,0.15,0.13,echo_ms,36,2.246435
latency,herdr,idle,3,False,0.15,0.13,echo_ms,37,2.279778
latency,herdr,idle,3,False,0.15,0.13,echo_ms,38,2.214679
latency,herdr,idle,3,False,0.15,0.13,echo_ms,39,1.960255
latency,herdr,idle,3,False,0.15,0.13,echo_ms,40,2.116581
latency,herdr,idle,3,False,0.15,0.13,echo_ms,41,2.182916
latency,herdr,idle,3,False,0.15,0.13,echo_ms,42,2.243566
latency,herdr,idle,3,False,0.15,0.13,echo_ms,43,2.063364
latency,herdr,idle,3,False,0.15,0.13,echo_ms,44,2.020955
latency,herdr,idle,3,False,0.15,0.13,echo_ms,45,2.272352
latency,herdr,idle,3,False,0.15,0.13,echo_ms,46,2.126063
latency,herdr,idle,3,False,0.15,0.13,echo_ms,47,2.107908
latency,herdr,idle,3,False,0.15,0.13,echo_ms,48,2.119495
latency,herdr,idle,3,False,0.15,0.13,echo_ms,49,2.003105
latency,herdr,idle,3,False,0.15,0.13,echo_ms,50,2.237956
latency,herdr,idle,3,False,0.15,0.13,echo_ms,51,2.227899
latency,herdr,idle,3,False,0.15,0.13,echo_ms,52,2.087888
latency,herdr,idle,3,False,0.15,0.13,echo_ms,53,1.502815
latency,herdr,idle,3,False,0.15,0.13,echo_ms,54,2.127048
latency,herdr,idle,3,False,0.15,0.13,echo_ms,55,2.325532
latency,herdr,idle,3,False,0.15,0.13,echo_ms,56,2.194369
latency,herdr,idle,3,False,0.15,0.13,echo_ms,57,2.06597
latency,herdr,idle,3,False,0.15,0.13,echo_ms,58,2.039882
latency,herdr,idle,3,False,0.15,0.13,echo_ms,59,2.183378
latency,herdr,idle,3,False,0.15,0.13,echo_ms,60,2.065716
latency,herdr,idle,3,False,0.15,0.13,echo_ms,61,2.19998
latency,herdr,idle,3,False,0.15,0.13,echo_ms,62,2.18508
latency,herdr,idle,3,False,0.15,0.13,echo_ms,63,2.160557
latency,herdr,idle,3,False,0.15,0.13,echo_ms,64,2.214622
latency,herdr,idle,3,False,0.15,0.13,echo_ms,65,2.157954
latency,herdr,idle,3,False,0.15,0.13,echo_ms,66,2.18761
latency,herdr,idle,3,False,0.15,0.13,echo_ms,67,2.203913
latency,herdr,idle,3,False,0.15,0.13,echo_ms,68,2.208169
latency,herdr,idle,3,False,0.15,0.13,echo_ms,69,2.064364
latency,herdr,idle,3,False,0.15,0.13,echo_ms,70,1.996358
latency,herdr,idle,3,False,0.15,0.13,echo_ms,71,2.060844
latency,herdr,idle,3,False,0.15,0.13,echo_ms,72,2.087392
latency,herdr,idle,3,False,0.15,0.13,echo_ms,73,2.080948
latency,herdr,idle,3,False,0.15,0.13,echo_ms,74,2.225935
latency,herdr,idle,3,False,0.15,0.13,echo_ms,75,2.153283
latency,herdr,idle,3,False,0.15,0.13,echo_ms,76,2.070336
latency,herdr,idle,3,False,0.15,0.13,echo_ms,77,1.467292
latency,herdr,idle,3,False,0.15,0.13,echo_ms,78,1.704804
latency,herdr,idle,3,False,0.15,0.13,echo_ms,79,2.163684
latency,herdr,idle,3,False,0.15,0.13,echo_ms,80,1.953356
latency,herdr,idle,3,False,0.15,0.13,echo_ms,81,2.122904
latency,herdr,idle,3,False,0.15,0.13,echo_ms,82,2.142005
latency,herdr,idle,3,False,0.15,0.13,echo_ms,83,1.458412
latency,herdr,idle,3,False,0.15,0.13,echo_ms,84,2.024798
latency,herdr,idle,3,False,0.15,0.13,echo_ms,85,2.049729
latency,herdr,idle,3,False,0.15,0.13,echo_ms,86,2.262986
latency,herdr,idle,3,False,0.15,0.13,echo_ms,87,2.037407
latency,herdr,idle,3,False,0.15,0.13,echo_ms,88,1.743878
latency,herdr,idle,3,False,0.15,0.13,echo_ms,89,3.514143
latency,herdr,idle,3,False,0.15,0.13,echo_ms,90,1.252941
latency,herdr,idle,3,False,0.15,0.13,echo_ms,91,2.283557
latency,herdr,idle,3,False,0.15,0.13,echo_ms,92,2.004685
latency,herdr,idle,3,False,0.15,0.13,echo_ms,93,1.937017
latency,herdr,idle,3,False,0.15,0.13,echo_ms,94,2.061429
latency,herdr,idle,3,False,0.15,0.13,echo_ms,95,2.079428
latency,herdr,idle,3,False,0.15,0.13,echo_ms,96,2.134559
latency,herdr,idle,3,False,0.15,0.13,echo_ms,97,2.041724
latency,herdr,idle,3,False,0.15,0.13,echo_ms,98,2.123073
latency,herdr,idle,3,False,0.15,0.13,echo_ms,99,0.915358
latency,herdr,idle,3,False,0.15,0.13,timeouts,,0
latency,thurbox,idle,3,False,0.13,0.19,echo_ms,0,48.4137
latency,thurbox,idle,3,False,0.13,0.19,echo_ms,1,46.783584
latency,thurbox,idle,3,False,0.13,0.19,echo_ms,2,48.224343
latency,thurbox,idle,3,False,0.13,0.19,echo_ms,3,47.140311
latency,thurbox,idle,3,False,0.13,0.19,echo_ms,4,14.564352
latency,thurbox,idle,3,False,0.13,0.19,echo_ms,5,13.011332
latency,thurbox,idle,3,False,0.13,0.19,echo_ms,6,14.44092
latency,thurbox,idle,3,False,0.13,0.19,echo_ms,7,48.061472
latency,thurbox,idle,3,False,0.13,0.19,echo_ms,8,46.991103
latency,thurbox,idle,3,False,0.13,0.19,echo_ms,9,24.024378
latency,thurbox,idle,3,False,0.13,0.19,echo_ms,10,23.80539
latency,thurbox,idle,3,False,0.13,0.19,echo_ms,11,25.70914
latency,thurbox,idle,3,False,0.13,0.19,echo_ms,12,4.229463
latency,thurbox,idle,3,False,0.13,0.19,echo_ms,13,48.951765
latency,thurbox,idle,3,False,0.13,0.19,echo_ms,14,15.070551
latency,thurbox,idle,3,False,0.13,0.19,echo_ms,15,23.924075
latency,thurbox,idle,3,False,0.13,0.19,echo_ms,16,13.623479
latency,thurbox,idle,3,False,0.13,0.19,echo_ms,17,46.795693
latency,thurbox,idle,3,False,0.13,0.19,echo_ms,18,25.61791
latency,thurbox,idle,3,False,0.13,0.19,echo_ms,19,48.334496
latency,thurbox,idle,3,False,0.13,0.19,echo_ms,20,46.56218
latency,thurbox,idle,3,False,0.13,0.19,echo_ms,21,4.13447
latency,thurbox,idle,3,False,0.13,0.19,echo_ms,22,13.646692
latency,thurbox,idle,3,False,0.13,0.19,echo_ms,23,45.669175
latency,thurbox,idle,3,False,0.13,0.19,echo_ms,24,12.797207
latency,thurbox,idle,3,False,0.13,0.19,echo_ms,25,37.947182
latency,thurbox,idle,3,False,0.13,0.19,echo_ms,26,48.124813
latency,thurbox,idle,3,False,0.13,0.19,echo_ms,27,46.989076
latency,thurbox,idle,3,False,0.13,0.19,echo_ms,28,50.155815
latency,thurbox,idle,3,False,0.13,0.19,echo_ms,29,26.539273
latency,thurbox,idle,3,False,0.13,0.19,echo_ms,30,47.028185
latency,thurbox,idle,3,False,0.13,0.19,echo_ms,31,13.576763
latency,thurbox,idle,3,False,0.13,0.19,echo_ms,32,13.47514
latency,thurbox,idle,3,False,0.13,0.19,echo_ms,33,46.976569
latency,thurbox,idle,3,False,0.13,0.19,echo_ms,34,48.046441
latency,thurbox,idle,3,False,0.13,0.19,echo_ms,35,47.328319
latency,thurbox,idle,3,False,0.13,0.19,echo_ms,36,21.99151
latency,thurbox,idle,3,False,0.13,0.19,echo_ms,37,28.451918
latency,thurbox,idle,3,False,0.13,0.19,echo_ms,38,47.603483
latency,thurbox,idle,3,False,0.13,0.19,echo_ms,39,25.473416
latency,thurbox,idle,3,False,0.13,0.19,echo_ms,40,43.259773
latency,thurbox,idle,3,False,0.13,0.19,echo_ms,41,25.619077
latency,thurbox,idle,3,False,0.13,0.19,echo_ms,42,16.814036
latency,thurbox,idle,3,False,0.13,0.19,echo_ms,43,13.663662
latency,thurbox,idle,3,False,0.13,0.19,echo_ms,44,48.297105
latency,thurbox,idle,3,False,0.13,0.19,echo_ms,45,3.110368
latency,thurbox,idle,3,False,0.13,0.19,echo_ms,46,4.157346
latency,thurbox,idle,3,False,0.13,0.19,echo_ms,47,48.120321
latency,thurbox,idle,3,False,0.13,0.19,echo_ms,48,47.394364
latency,thurbox,idle,3,False,0.13,0.19,echo_ms,49,4.079887
latency,thurbox,idle,3,False,0.13,0.19,echo_ms,50,50.601295
latency,thurbox,idle,3,False,0.13,0.19,echo_ms,51,13.483438
latency,thurbox,idle,3,False,0.13,0.19,echo_ms,52,15.559425
latency,thurbox,idle,3,False,0.13,0.19,echo_ms,53,22.603932
latency,thurbox,idle,3,False,0.13,0.19,echo_ms,54,47.057974
latency,thurbox,idle,3,False,0.13,0.19,echo_ms,55,48.022859
latency,thurbox,idle,3,False,0.13,0.19,echo_ms,56,46.863184
latency,thurbox,idle,3,False,0.13,0.19,echo_ms,57,4.153748
latency,thurbox,idle,3,False,0.13,0.19,echo_ms,58,49.72946
latency,thurbox,idle,3,False,0.13,0.19,echo_ms,59,13.596968
latency,thurbox,idle,3,False,0.13,0.19,echo_ms,60,46.739912
latency,thurbox,idle,3,False,0.13,0.19,echo_ms,61,47.978633
latency,thurbox,idle,3,False,0.13,0.19,echo_ms,62,12.44976
latency,thurbox,idle,3,False,0.13,0.19,echo_ms,63,4.091705
latency,thurbox,idle,3,False,0.13,0.19,echo_ms,64,48.241905
latency,thurbox,idle,3,False,0.13,0.19,echo_ms,65,46.794869
latency,thurbox,idle,3,False,0.13,0.19,echo_ms,66,47.483747
latency,thurbox,idle,3,False,0.13,0.19,echo_ms,67,48.69993
latency,thurbox,idle,3,False,0.13,0.19,echo_ms,68,4.431534
latency,thurbox,idle,3,False,0.13,0.19,echo_ms,69,47.719468
latency,thurbox,idle,3,False,0.13,0.19,echo_ms,70,23.754018
latency,thurbox,idle,3,False,0.13,0.19,echo_ms,71,14.375553
latency,thurbox,idle,3,False,0.13,0.19,echo_ms,72,13.532735
latency,thurbox,idle,3,False,0.13,0.19,echo_ms,73,46.926371
latency,thurbox,idle,3,False,0.13,0.19,echo_ms,74,24.999062
latency,thurbox,idle,3,False,0.13,0.19,echo_ms,75,48.307934
latency,thurbox,idle,3,False,0.13,0.19,echo_ms,76,46.812976
latency,thurbox,idle,3,False,0.13,0.19,echo_ms,77,25.588268
latency,thurbox,idle,3,False,0.13,0.19,echo_ms,78,24.259172
latency,thurbox,idle,3,False,0.13,0.19,echo_ms,79,26.715698
latency,thurbox,idle,3,False,0.13,0.19,echo_ms,80,23.848636
latency,thurbox,idle,3,False,0.13,0.19,echo_ms,81,13.537535
latency,thurbox,idle,3,False,0.13,0.19,echo_ms,82,14.913164
latency,thurbox,idle,3,False,0.13,0.19,echo_ms,83,3.253051
latency,thurbox,idle,3,False,0.13,0.19,echo_ms,84,3.138139
latency,thurbox,idle,3,False,0.13,0.19,echo_ms,85,47.879583
latency,thurbox,idle,3,False,0.13,0.19,echo_ms,86,46.827912
latency,thurbox,idle,3,False,0.13,0.19,echo_ms,87,3.043822
latency,thurbox,idle,3,False,0.13,0.19,echo_ms,88,25.539315
latency,thurbox,idle,3,False,0.13,0.19,echo_ms,89,13.482222
latency,thurbox,idle,3,False,0.13,0.19,echo_ms,90,13.554203
latency,thurbox,idle,3,False,0.13,0.19,echo_ms,91,46.806497
latency,thurbox,idle,3,False,0.13,0.19,echo_ms,92,24.305733
latency,thurbox,idle,3,False,0.13,0.19,echo_ms,93,48.549876
latency,thurbox,idle,3,False,0.13,0.19,echo_ms,94,46.905104
latency,thurbox,idle,3,False,0.13,0.19,echo_ms,95,4.079356
latency,thurbox,idle,3,False,0.13,0.19,echo_ms,96,46.746838
latency,thurbox,idle,3,False,0.13,0.19,echo_ms,97,4.061755
latency,thurbox,idle,3,False,0.13,0.19,echo_ms,98,47.834701
latency,thurbox,idle,3,False,0.13,0.19,echo_ms,99,23.714802
latency,thurbox,idle,3,False,0.13,0.19,timeouts,,0
latency,tmux,idle,4,False,0.19,0.16,echo_ms,0,0.972001
latency,tmux,idle,4,False,0.19,0.16,echo_ms,1,0.964806
latency,tmux,idle,4,False,0.19,0.16,echo_ms,2,1.000403
latency,tmux,idle,4,False,0.19,0.16,echo_ms,3,1.01076
latency,tmux,idle,4,False,0.19,0.16,echo_ms,4,1.062741
latency,tmux,idle,4,False,0.19,0.16,echo_ms,5,0.97903
latency,tmux,idle,4,False,0.19,0.16,echo_ms,6,0.99639
latency,tmux,idle,4,False,0.19,0.16,echo_ms,7,0.911439
latency,tmux,idle,4,False,0.19,0.16,echo_ms,8,1.007901
latency,tmux,idle,4,False,0.19,0.16,echo_ms,9,0.979549
latency,tmux,idle,4,False,0.19,0.16,echo_ms,10,1.01042
latency,tmux,idle,4,False,0.19,0.16,echo_ms,11,0.940718
latency,tmux,idle,4,False,0.19,0.16,echo_ms,12,0.982071
latency,tmux,idle,4,False,0.19,0.16,echo_ms,13,0.926172
latency,tmux,idle,4,False,0.19,0.16,echo_ms,14,1.003376
latency,tmux,idle,4,False,0.19,0.16,echo_ms,15,0.872226
latency,tmux,idle,4,False,0.19,0.16,echo_ms,16,1.012064
latency,tmux,idle,4,False,0.19,0.16,echo_ms,17,1.002453
latency,tmux,idle,4,False,0.19,0.16,echo_ms,18,1.002828
latency,tmux,idle,4,False,0.19,0.16,echo_ms,19,0.984533
latency,tmux,idle,4,False,0.19,0.16,echo_ms,20,1.048581
latency,tmux,idle,4,False,0.19,0.16,echo_ms,21,0.989758
latency,tmux,idle,4,False,0.19,0.16,echo_ms,22,1.001833
latency,tmux,idle,4,False,0.19,0.16,echo_ms,23,0.994553
latency,tmux,idle,4,False,0.19,0.16,echo_ms,24,1.033147
latency,tmux,idle,4,False,0.19,0.16,echo_ms,25,1.085299
latency,tmux,idle,4,False,0.19,0.16,echo_ms,26,0.949526
latency,tmux,idle,4,False,0.19,0.16,echo_ms,27,0.981286
latency,tmux,idle,4,False,0.19,0.16,echo_ms,28,0.974651
latency,tmux,idle,4,False,0.19,0.16,echo_ms,29,0.885354
latency,tmux,idle,4,False,0.19,0.16,echo_ms,30,0.987619
latency,tmux,idle,4,False,0.19,0.16,echo_ms,31,0.975168
latency,tmux,idle,4,False,0.19,0.16,echo_ms,32,0.984496
latency,tmux,idle,4,False,0.19,0.16,echo_ms,33,0.991407
latency,tmux,idle,4,False,0.19,0.16,echo_ms,34,1.011257
latency,tmux,idle,4,False,0.19,0.16,echo_ms,35,0.94824
latency,tmux,idle,4,False,0.19,0.16,echo_ms,36,0.9731
latency,tmux,idle,4,False,0.19,0.16,echo_ms,37,1.014643
latency,tmux,idle,4,False,0.19,0.16,echo_ms,38,0.981008
latency,tmux,idle,4,False,0.19,0.16,echo_ms,39,1.01896
latency,tmux,idle,4,False,0.19,0.16,echo_ms,40,0.998716
latency,tmux,idle,4,False,0.19,0.16,echo_ms,41,1.04169
latency,tmux,idle,4,False,0.19,0.16,echo_ms,42,0.998197
latency,tmux,idle,4,False,0.19,0.16,echo_ms,43,0.946976
latency,tmux,idle,4,False,0.19,0.16,echo_ms,44,0.912166
latency,tmux,idle,4,False,0.19,0.16,echo_ms,45,0.948246
latency,tmux,idle,4,False,0.19,0.16,echo_ms,46,0.915162
latency,tmux,idle,4,False,0.19,0.16,echo_ms,47,0.930612
latency,tmux,idle,4,False,0.19,0.16,echo_ms,48,0.90411
latency,tmux,idle,4,False,0.19,0.16,echo_ms,49,0.906014
latency,tmux,idle,4,False,0.19,0.16,echo_ms,50,0.973718
latency,tmux,idle,4,False,0.19,0.16,echo_ms,51,1.082494
latency,tmux,idle,4,False,0.19,0.16,echo_ms,52,0.87976
latency,tmux,idle,4,False,0.19,0.16,echo_ms,53,1.008241
latency,tmux,idle,4,False,0.19,0.16,echo_ms,54,1.017504
latency,tmux,idle,4,False,0.19,0.16,echo_ms,55,1.006961
latency,tmux,idle,4,False,0.19,0.16,echo_ms,56,1.00929
latency,tmux,idle,4,False,0.19,0.16,echo_ms,57,0.980589
latency,tmux,idle,4,False,0.19,0.16,echo_ms,58,1.051381
latency,tmux,idle,4,False,0.19,0.16,echo_ms,59,1.008295
latency,tmux,idle,4,False,0.19,0.16,echo_ms,60,1.005875
latency,tmux,idle,4,False,0.19,0.16,echo_ms,61,0.980887
latency,tmux,idle,4,False,0.19,0.16,echo_ms,62,0.985772
latency,tmux,idle,4,False,0.19,0.16,echo_ms,63,0.969589
latency,tmux,idle,4,False,0.19,0.16,echo_ms,64,1.016782
latency,tmux,idle,4,False,0.19,0.16,echo_ms,65,0.984011
latency,tmux,idle,4,False,0.19,0.16,echo_ms,66,0.969852
latency,tmux,idle,4,False,0.19,0.16,echo_ms,67,1.010998
latency,tmux,idle,4,False,0.19,0.16,echo_ms,68,0.965989
latency,tmux,idle,4,False,0.19,0.16,echo_ms,69,0.971451
latency,tmux,idle,4,False,0.19,0.16,echo_ms,70,0.954398
latency,tmux,idle,4,False,0.19,0.16,echo_ms,71,1.04145
latency,tmux,idle,4,False,0.19,0.16,echo_ms,72,0.950383
latency,tmux,idle,4,False,0.19,0.16,echo_ms,73,0.992462
latency,tmux,idle,4,False,0.19,0.16,echo_ms,74,1.0762
latency,tmux,idle,4,False,0.19,0.16,echo_ms,75,1.001715
latency,tmux,idle,4,False,0.19,0.16,echo_ms,76,0.983212
latency,tmux,idle,4,False,0.19,0.16,echo_ms,77,1.008402
latency,tmux,idle,4,False,0.19,0.16,echo_ms,78,0.953425
latency,tmux,idle,4,False,0.19,0.16,echo_ms,79,0.983803
latency,tmux,idle,4,False,0.19,0.16,echo_ms,80,1.025197
latency,tmux,idle,4,False,0.19,0.16,echo_ms,81,1.008666
latency,tmux,idle,4,False,0.19,0.16,echo_ms,82,0.920177
latency,tmux,idle,4,False,0.19,0.16,echo_ms,83,0.90539
latency,tmux,idle,4,False,0.19,0.16,echo_ms,84,1.066
latency,tmux,idle,4,False,0.19,0.16,echo_ms,85,0.933264
latency,tmux,idle,4,False,0.19,0.16,echo_ms,86,1.051236
latency,tmux,idle,4,False,0.19,0.16,echo_ms,87,0.934268
latency,tmux,idle,4,False,0.19,0.16,echo_ms,88,0.915508
latency,tmux,idle,4,False,0.19,0.16,echo_ms,89,0.912013
latency,tmux,idle,4,False,0.19,0.16,echo_ms,90,0.944519
latency,tmux,idle,4,False,0.19,0.16,echo_ms,91,0.907429
latency,tmux,idle,4,False,0.19,0.16,echo_ms,92,1.06119
latency,tmux,idle,4,False,0.19,0.16,echo_ms,93,0.91142
latency,tmux,idle,4,False,0.19,0.16,echo_ms,94,1.021905
latency,tmux,idle,4,False,0.19,0.16,echo_ms,95,0.928606
latency,tmux,idle,4,False,0.19,0.16,echo_ms,96,0.903465
latency,tmux,idle,4,False,0.19,0.16,echo_ms,97,1.092805
latency,tmux,idle,4,False,0.19,0.16,echo_ms,98,0.924521
latency,tmux,idle,4,False,0.19,0.16,echo_ms,99,1.05422
latency,tmux,idle,4,False,0.19,0.16,timeouts,,0
latency,herdr,idle,4,False,0.16,0.13,echo_ms,0,2.170378
latency,herdr,idle,4,False,0.16,0.13,echo_ms,1,2.110478
latency,herdr,idle,4,False,0.16,0.13,echo_ms,2,2.083003
latency,herdr,idle,4,False,0.16,0.13,echo_ms,3,2.094691
latency,herdr,idle,4,False,0.16,0.13,echo_ms,4,2.2221
latency,herdr,idle,4,False,0.16,0.13,echo_ms,5,2.033677
latency,herdr,idle,4,False,0.16,0.13,echo_ms,6,2.255471
latency,herdr,idle,4,False,0.16,0.13,echo_ms,7,2.242987
latency,herdr,idle,4,False,0.16,0.13,echo_ms,8,2.314282
latency,herdr,idle,4,False,0.16,0.13,echo_ms,9,2.298854
latency,herdr,idle,4,False,0.16,0.13,echo_ms,10,2.004173
latency,herdr,idle,4,False,0.16,0.13,echo_ms,11,2.0085
latency,herdr,idle,4,False,0.16,0.13,echo_ms,12,2.076999
latency,herdr,idle,4,False,0.16,0.13,echo_ms,13,1.998724
latency,herdr,idle,4,False,0.16,0.13,echo_ms,14,2.191222
latency,herdr,idle,4,False,0.16,0.13,echo_ms,15,1.968302
latency,herdr,idle,4,False,0.16,0.13,echo_ms,16,1.923426
latency,herdr,idle,4,False,0.16,0.13,echo_ms,17,2.098653
latency,herdr,idle,4,False,0.16,0.13,echo_ms,18,2.072188
latency,herdr,idle,4,False,0.16,0.13,echo_ms,19,1.984934
latency,herdr,idle,4,False,0.16,0.13,echo_ms,20,1.950321
latency,herdr,idle,4,False,0.16,0.13,echo_ms,21,1.960132
latency,herdr,idle,4,False,0.16,0.13,echo_ms,22,2.134656
latency,herdr,idle,4,False,0.16,0.13,echo_ms,23,1.947526
latency,herdr,idle,4,False,0.16,0.13,echo_ms,24,2.175017
latency,herdr,idle,4,False,0.16,0.13,echo_ms,25,1.90189
latency,herdr,idle,4,False,0.16,0.13,echo_ms,26,2.083263
latency,herdr,idle,4,False,0.16,0.13,echo_ms,27,2.093375
latency,herdr,idle,4,False,0.16,0.13,echo_ms,28,2.132591
latency,herdr,idle,4,False,0.16,0.13,echo_ms,29,2.186598
latency,herdr,idle,4,False,0.16,0.13,echo_ms,30,2.043763
latency,herdr,idle,4,False,0.16,0.13,echo_ms,31,2.02987
latency,herdr,idle,4,False,0.16,0.13,echo_ms,32,2.124018
latency,herdr,idle,4,False,0.16,0.13,echo_ms,33,1.966839
latency,herdr,idle,4,False,0.16,0.13,echo_ms,34,2.015594
latency,herdr,idle,4,False,0.16,0.13,echo_ms,35,2.066793
latency,herdr,idle,4,False,0.16,0.13,echo_ms,36,1.413445
latency,herdr,idle,4,False,0.16,0.13,echo_ms,37,2.09773
latency,herdr,idle,4,False,0.16,0.13,echo_ms,38,2.016327
latency,herdr,idle,4,False,0.16,0.13,echo_ms,39,2.191693
latency,herdr,idle,4,False,0.16,0.13,echo_ms,40,2.155264
latency,herdr,idle,4,False,0.16,0.13,echo_ms,41,2.092116
latency,herdr,idle,4,False,0.16,0.13,echo_ms,42,2.111161
latency,herdr,idle,4,False,0.16,0.13,echo_ms,43,2.10881
latency,herdr,idle,4,False,0.16,0.13,echo_ms,44,1.919076
latency,herdr,idle,4,False,0.16,0.13,echo_ms,45,2.14346
latency,herdr,idle,4,False,0.16,0.13,echo_ms,46,2.175399
latency,herdr,idle,4,False,0.16,0.13,echo_ms,47,2.06525
latency,herdr,idle,4,False,0.16,0.13,echo_ms,48,2.080515
latency,herdr,idle,4,False,0.16,0.13,echo_ms,49,2.090203
latency,herdr,idle,4,False,0.16,0.13,echo_ms,50,2.178418
latency,herdr,idle,4,False,0.16,0.13,echo_ms,51,2.030235
latency,herdr,idle,4,False,0.16,0.13,echo_ms,52,2.065648
latency,herdr,idle,4,False,0.16,0.13,echo_ms,53,1.931927
latency,herdr,idle,4,False,0.16,0.13,echo_ms,54,2.03729
latency,herdr,idle,4,False,0.16,0.13,echo_ms,55,1.894913
latency,herdr,idle,4,False,0.16,0.13,echo_ms,56,2.083313
latency,herdr,idle,4,False,0.16,0.13,echo_ms,57,2.113095
latency,herdr,idle,4,False,0.16,0.13,echo_ms,58,2.08161
latency,herdr,idle,4,False,0.16,0.13,echo_ms,59,2.105494
latency,herdr,idle,4,False,0.16,0.13,echo_ms,60,2.269833
latency,herdr,idle,4,False,0.16,0.13,echo_ms,61,2.052479
latency,herdr,idle,4,False,0.16,0.13,echo_ms,62,1.86364
latency,herdr,idle,4,False,0.16,0.13,echo_ms,63,2.326693
latency,herdr,idle,4,False,0.16,0.13,echo_ms,64,2.064365
latency,herdr,idle,4,False,0.16,0.13,echo_ms,65,2.237192
latency,herdr,idle,4,False,0.16,0.13,echo_ms,66,2.103141
latency,herdr,idle,4,False,0.16,0.13,echo_ms,67,2.108236
latency,herdr,idle,4,False,0.16,0.13,echo_ms,68,2.024947
latency,herdr,idle,4,False,0.16,0.13,echo_ms,69,2.062967
latency,herdr,idle,4,False,0.16,0.13,echo_ms,70,4.105372
latency,herdr,idle,4,False,0.16,0.13,echo_ms,71,2.122076
latency,herdr,idle,4,False,0.16,0.13,echo_ms,72,2.293241
latency,herdr,idle,4,False,0.16,0.13,echo_ms,73,2.087558
latency,herdr,idle,4,False,0.16,0.13,echo_ms,74,2.097442
latency,herdr,idle,4,False,0.16,0.13,echo_ms,75,2.134416
latency,herdr,idle,4,False,0.16,0.13,echo_ms,76,2.223231
latency,herdr,idle,4,False,0.16,0.13,echo_ms,77,2.19865
latency,herdr,idle,4,False,0.16,0.13,echo_ms,78,1.915301
latency,herdr,idle,4,False,0.16,0.13,echo_ms,79,2.172083
latency,herdr,idle,4,False,0.16,0.13,echo_ms,80,2.088907
latency,herdr,idle,4,False,0.16,0.13,echo_ms,81,2.144432
latency,herdr,idle,4,False,0.16,0.13,echo_ms,82,1.978423
latency,herdr,idle,4,False,0.16,0.13,echo_ms,83,2.247344
latency,herdr,idle,4,False,0.16,0.13,echo_ms,84,2.327867
latency,herdr,idle,4,False,0.16,0.13,echo_ms,85,2.137089
latency,herdr,idle,4,False,0.16,0.13,echo_ms,86,2.120153
latency,herdr,idle,4,False,0.16,0.13,echo_ms,87,2.027161
latency,herdr,idle,4,False,0.16,0.13,echo_ms,88,1.904518
latency,herdr,idle,4,False,0.16,0.13,echo_ms,89,2.237987
latency,herdr,idle,4,False,0.16,0.13,echo_ms,90,1.575756
latency,herdr,idle,4,False,0.16,0.13,echo_ms,91,2.245233
latency,herdr,idle,4,False,0.16,0.13,echo_ms,92,2.226354
latency,herdr,idle,4,False,0.16,0.13,echo_ms,93,2.033116
latency,herdr,idle,4,False,0.16,0.13,echo_ms,94,1.996775
latency,herdr,idle,4,False,0.16,0.13,echo_ms,95,2.242601
latency,herdr,idle,4,False,0.16,0.13,echo_ms,96,1.498335
latency,herdr,idle,4,False,0.16,0.13,echo_ms,97,1.977031
latency,herdr,idle,4,False,0.16,0.13,echo_ms,98,1.999867
latency,herdr,idle,4,False,0.16,0.13,echo_ms,99,2.064785
latency,herdr,idle,4,False,0.16,0.13,timeouts,,0
latency,thurbox,idle,4,False,0.13,0.11,echo_ms,0,4.424887
latency,thurbox,idle,4,False,0.13,0.11,echo_ms,1,48.035022
latency,thurbox,idle,4,False,0.13,0.11,echo_ms,2,13.621688
latency,thurbox,idle,4,False,0.13,0.11,echo_ms,3,14.642632
latency,thurbox,idle,4,False,0.13,0.11,echo_ms,4,13.590242
latency,thurbox,idle,4,False,0.13,0.11,echo_ms,5,4.133638
latency,thurbox,idle,4,False,0.13,0.11,echo_ms,6,47.733623
latency,thurbox,idle,4,False,0.13,0.11,echo_ms,7,13.56469
latency,thurbox,idle,4,False,0.13,0.11,echo_ms,8,46.987815
latency,thurbox,idle,4,False,0.13,0.11,echo_ms,9,48.797308
latency,thurbox,idle,4,False,0.13,0.11,echo_ms,10,13.545369
latency,thurbox,idle,4,False,0.13,0.11,echo_ms,11,23.994416
latency,thurbox,idle,4,False,0.13,0.11,echo_ms,12,4.227144
latency,thurbox,idle,4,False,0.13,0.11,echo_ms,13,4.175748
latency,thurbox,idle,4,False,0.13,0.11,echo_ms,14,49.509404
latency,thurbox,idle,4,False,0.13,0.11,echo_ms,15,13.608612
latency,thurbox,idle,4,False,0.13,0.11,echo_ms,16,4.13453
latency,thurbox,idle,4,False,0.13,0.11,echo_ms,17,48.459628
latency,thurbox,idle,4,False,0.13,0.11,echo_ms,18,47.000871
latency,thurbox,idle,4,False,0.13,0.11,echo_ms,19,48.010077
latency,thurbox,idle,4,False,0.13,0.11,echo_ms,20,4.799922
latency,thurbox,idle,4,False,0.13,0.11,echo_ms,21,4.463571
latency,thurbox,idle,4,False,0.13,0.11,echo_ms,22,47.815894
latency,thurbox,idle,4,False,0.13,0.11,echo_ms,23,13.570867
latency,thurbox,idle,4,False,0.13,0.11,echo_ms,24,45.313865
latency,thurbox,idle,4,False,0.13,0.11,echo_ms,25,2.30288
latency,thurbox,idle,4,False,0.13,0.11,echo_ms,26,47.893229
latency,thurbox,idle,4,False,0.13,0.11,echo_ms,27,16.535775
latency,thurbox,idle,4,False,0.13,0.11,echo_ms,28,4.181528
latency,thurbox,idle,4,False,0.13,0.11,echo_ms,29,48.006835
latency,thurbox,idle,4,False,0.13,0.11,echo_ms,30,47.42035
latency,thurbox,idle,4,False,0.13,0.11,echo_ms,31,23.504199
latency,thurbox,idle,4,False,0.13,0.11,echo_ms,32,13.624319
latency,thurbox,idle,4,False,0.13,0.11,echo_ms,33,47.302089
latency,thurbox,idle,4,False,0.13,0.11,echo_ms,34,23.870516
latency,thurbox,idle,4,False,0.13,0.11,echo_ms,35,48.005619
latency,thurbox,idle,4,False,0.13,0.11,echo_ms,36,46.962842
latency,thurbox,idle,4,False,0.13,0.11,echo_ms,37,4.083309
latency,thurbox,idle,4,False,0.13,0.11,echo_ms,38,4.152393
latency,thurbox,idle,4,False,0.13,0.11,echo_ms,39,13.435398
latency,thurbox,idle,4,False,0.13,0.11,echo_ms,40,13.549512
latency,thurbox,idle,4,False,0.13,0.11,echo_ms,41,48.034667
latency,thurbox,idle,4,False,0.13,0.11,echo_ms,42,4.554889
latency,thurbox,idle,4,False,0.13,0.11,echo_ms,43,14.476965
latency,thurbox,idle,4,False,0.13,0.11,echo_ms,44,4.994762
latency,thurbox,idle,4,False,0.13,0.11,echo_ms,45,23.979617
latency,thurbox,idle,4,False,0.13,0.11,echo_ms,46,25.052472
latency,thurbox,idle,4,False,0.13,0.11,echo_ms,47,13.560554
latency,thurbox,idle,4,False,0.13,0.11,echo_ms,48,46.961441
latency,thurbox,idle,4,False,0.13,0.11,echo_ms,49,13.587468
latency,thurbox,idle,4,False,0.13,0.11,echo_ms,50,48.867718
latency,thurbox,idle,4,False,0.13,0.11,echo_ms,51,4.457381
latency,thurbox,idle,4,False,0.13,0.11,echo_ms,52,4.160973
latency,thurbox,idle,4,False,0.13,0.11,echo_ms,53,48.3157
latency,thurbox,idle,4,False,0.13,0.11,echo_ms,54,43.919908
latency,thurbox,idle,4,False,0.13,0.11,echo_ms,55,48.082908
latency,thurbox,idle,4,False,0.13,0.11,echo_ms,56,24.060599
latency,thurbox,idle,4,False,0.13,0.11,echo_ms,57,5.456214
latency,thurbox,idle,4,False,0.13,0.11,echo_ms,58,47.953982
latency,thurbox,idle,4,False,0.13,0.11,echo_ms,59,27.015832
latency,thurbox,idle,4,False,0.13,0.11,echo_ms,60,23.862102
latency,thurbox,idle,4,False,0.13,0.11,echo_ms,61,47.955276
latency,thurbox,idle,4,False,0.13,0.11,echo_ms,62,46.950654
latency,thurbox,idle,4,False,0.13,0.11,echo_ms,63,48.279798
latency,thurbox,idle,4,False,0.13,0.11,echo_ms,64,2.47138
latency,thurbox,idle,4,False,0.13,0.11,echo_ms,65,13.536262
latency,thurbox,idle,4,False,0.13,0.11,echo_ms,66,15.000398
latency,thurbox,idle,4,False,0.13,0.11,echo_ms,67,13.544977
latency,thurbox,idle,4,False,0.13,0.11,echo_ms,68,14.562653
latency,thurbox,idle,4,False,0.13,0.11,echo_ms,69,6.128629
latency,thurbox,idle,4,False,0.13,0.11,echo_ms,70,46.341008
latency,thurbox,idle,4,False,0.13,0.11,echo_ms,71,4.140578
latency,thurbox,idle,4,False,0.13,0.11,echo_ms,72,47.981501
latency,thurbox,idle,4,False,0.13,0.11,echo_ms,73,13.541032
latency,thurbox,idle,4,False,0.13,0.11,echo_ms,74,4.095763
latency,thurbox,idle,4,False,0.13,0.11,echo_ms,75,47.745894
latency,thurbox,idle,4,False,0.13,0.11,echo_ms,76,14.534615
latency,thurbox,idle,4,False,0.13,0.11,echo_ms,77,46.757002
latency,thurbox,idle,4,False,0.13,0.11,echo_ms,78,47.930512
latency,thurbox,idle,4,False,0.13,0.11,echo_ms,79,24.74627
latency,thurbox,idle,4,False,0.13,0.11,echo_ms,80,13.347959
latency,thurbox,idle,4,False,0.13,0.11,echo_ms,81,46.806719
latency,thurbox,idle,4,False,0.13,0.11,echo_ms,82,45.949068
latency,thurbox,idle,4,False,0.13,0.11,echo_ms,83,4.063501
latency,thurbox,idle,4,False,0.13,0.11,echo_ms,84,2.416476
latency,thurbox,idle,4,False,0.13,0.11,echo_ms,85,4.197117
latency,thurbox,idle,4,False,0.13,0.11,echo_ms,86,48.268349
latency,thurbox,idle,4,False,0.13,0.11,echo_ms,87,23.979208
latency,thurbox,idle,4,False,0.13,0.11,echo_ms,88,4.089047
latency,thurbox,idle,4,False,0.13,0.11,echo_ms,89,27.670715
latency,thurbox,idle,4,False,0.13,0.11,echo_ms,90,46.902549
latency,thurbox,idle,4,False,0.13,0.11,echo_ms,91,4.09071
latency,thurbox,idle,4,False,0.13,0.11,echo_ms,92,48.253023
latency,thurbox,idle,4,False,0.13,0.11,echo_ms,93,46.809586
latency,thurbox,idle,4,False,0.13,0.11,echo_ms,94,4.771999
latency,thurbox,idle,4,False,0.13,0.11,echo_ms,95,47.894391
latency,thurbox,idle,4,False,0.13,0.11,echo_ms,96,47.094122
latency,thurbox,idle,4,False,0.13,0.11,echo_ms,97,47.906831
latency,thurbox,idle,4,False,0.13,0.11,echo_ms,98,13.521221
latency,thurbox,idle,4,False,0.13,0.11,echo_ms,99,4.877732
latency,thurbox,idle,4,False,0.13,0.11,timeouts,,0
latency,tmux,idle,5,False,0.11,0.1,echo_ms,0,0.977406
latency,tmux,idle,5,False,0.11,0.1,echo_ms,1,1.008355
latency,tmux,idle,5,False,0.11,0.1,echo_ms,2,0.981822
latency,tmux,idle,5,False,0.11,0.1,echo_ms,3,0.982087
latency,tmux,idle,5,False,0.11,0.1,echo_ms,4,1.013833
latency,tmux,idle,5,False,0.11,0.1,echo_ms,5,0.964683
latency,tmux,idle,5,False,0.11,0.1,echo_ms,6,0.983819
latency,tmux,idle,5,False,0.11,0.1,echo_ms,7,0.980378
latency,tmux,idle,5,False,0.11,0.1,echo_ms,8,0.876944
latency,tmux,idle,5,False,0.11,0.1,echo_ms,9,1.037703
latency,tmux,idle,5,False,0.11,0.1,echo_ms,10,0.91027
latency,tmux,idle,5,False,0.11,0.1,echo_ms,11,0.934849
latency,tmux,idle,5,False,0.11,0.1,echo_ms,12,0.96341
latency,tmux,idle,5,False,0.11,0.1,echo_ms,13,0.937187
latency,tmux,idle,5,False,0.11,0.1,echo_ms,14,0.980421
latency,tmux,idle,5,False,0.11,0.1,echo_ms,15,0.705126
latency,tmux,idle,5,False,0.11,0.1,echo_ms,16,0.931421
latency,tmux,idle,5,False,0.11,0.1,echo_ms,17,0.912739
latency,tmux,idle,5,False,0.11,0.1,echo_ms,18,0.752264
latency,tmux,idle,5,False,0.11,0.1,echo_ms,19,0.951894
latency,tmux,idle,5,False,0.11,0.1,echo_ms,20,0.997388
latency,tmux,idle,5,False,0.11,0.1,echo_ms,21,1.02587
latency,tmux,idle,5,False,0.11,0.1,echo_ms,22,0.96961
latency,tmux,idle,5,False,0.11,0.1,echo_ms,23,0.964737
latency,tmux,idle,5,False,0.11,0.1,echo_ms,24,1.002578
latency,tmux,idle,5,False,0.11,0.1,echo_ms,25,1.083222
latency,tmux,idle,5,False,0.11,0.1,echo_ms,26,0.978102
latency,tmux,idle,5,False,0.11,0.1,echo_ms,27,1.000156
latency,tmux,idle,5,False,0.11,0.1,echo_ms,28,1.05659
latency,tmux,idle,5,False,0.11,0.1,echo_ms,29,0.998934
latency,tmux,idle,5,False,0.11,0.1,echo_ms,30,0.978419
latency,tmux,idle,5,False,0.11,0.1,echo_ms,31,1.008712
latency,tmux,idle,5,False,0.11,0.1,echo_ms,32,1.009599
latency,tmux,idle,5,False,0.11,0.1,echo_ms,33,0.993875
latency,tmux,idle,5,False,0.11,0.1,echo_ms,34,0.976485
latency,tmux,idle,5,False,0.11,0.1,echo_ms,35,0.658449
latency,tmux,idle,5,False,0.11,0.1,echo_ms,36,1.05758
latency,tmux,idle,5,False,0.11,0.1,echo_ms,37,0.972198
latency,tmux,idle,5,False,0.11,0.1,echo_ms,38,0.989321
latency,tmux,idle,5,False,0.11,0.1,echo_ms,39,1.04568
latency,tmux,idle,5,False,0.11,0.1,echo_ms,40,0.995925
latency,tmux,idle,5,False,0.11,0.1,echo_ms,41,1.010211
latency,tmux,idle,5,False,0.11,0.1,echo_ms,42,0.95912
latency,tmux,idle,5,False,0.11,0.1,echo_ms,43,0.963959
latency,tmux,idle,5,False,0.11,0.1,echo_ms,44,0.98058
latency,tmux,idle,5,False,0.11,0.1,echo_ms,45,1.001357
latency,tmux,idle,5,False,0.11,0.1,echo_ms,46,1.000629
latency,tmux,idle,5,False,0.11,0.1,echo_ms,47,0.969698
latency,tmux,idle,5,False,0.11,0.1,echo_ms,48,1.004465
latency,tmux,idle,5,False,0.11,0.1,echo_ms,49,0.993347
latency,tmux,idle,5,False,0.11,0.1,echo_ms,50,0.98349
latency,tmux,idle,5,False,0.11,0.1,echo_ms,51,0.986452
latency,tmux,idle,5,False,0.11,0.1,echo_ms,52,0.995857
latency,tmux,idle,5,False,0.11,0.1,echo_ms,53,1.003121
latency,tmux,idle,5,False,0.11,0.1,echo_ms,54,0.976388
latency,tmux,idle,5,False,0.11,0.1,echo_ms,55,1.030998
latency,tmux,idle,5,False,0.11,0.1,echo_ms,56,1.017674
latency,tmux,idle,5,False,0.11,0.1,echo_ms,57,1.007005
latency,tmux,idle,5,False,0.11,0.1,echo_ms,58,1.012972
latency,tmux,idle,5,False,0.11,0.1,echo_ms,59,0.983219
latency,tmux,idle,5,False,0.11,0.1,echo_ms,60,0.656374
latency,tmux,idle,5,False,0.11,0.1,echo_ms,61,1.00522
latency,tmux,idle,5,False,0.11,0.1,echo_ms,62,0.946376
latency,tmux,idle,5,False,0.11,0.1,echo_ms,63,0.981022
latency,tmux,idle,5,False,0.11,0.1,echo_ms,64,1.007051
latency,tmux,idle,5,False,0.11,0.1,echo_ms,65,0.957611
latency,tmux,idle,5,False,0.11,0.1,echo_ms,66,1.007906
latency,tmux,idle,5,False,0.11,0.1,echo_ms,67,1.009478
latency,tmux,idle,5,False,0.11,0.1,echo_ms,68,0.995284
latency,tmux,idle,5,False,0.11,0.1,echo_ms,69,0.983409
latency,tmux,idle,5,False,0.11,0.1,echo_ms,70,1.016443
latency,tmux,idle,5,False,0.11,0.1,echo_ms,71,0.986226
latency,tmux,idle,5,False,0.11,0.1,echo_ms,72,1.006519
latency,tmux,idle,5,False,0.11,0.1,echo_ms,73,1.005415
latency,tmux,idle,5,False,0.11,0.1,echo_ms,74,0.956591
latency,tmux,idle,5,False,0.11,0.1,echo_ms,75,0.946421
latency,tmux,idle,5,False,0.11,0.1,echo_ms,76,0.993074
latency,tmux,idle,5,False,0.11,0.1,echo_ms,77,1.023658
latency,tmux,idle,5,False,0.11,0.1,echo_ms,78,0.989362
latency,tmux,idle,5,False,0.11,0.1,echo_ms,79,0.968397
latency,tmux,idle,5,False,0.11,0.1,echo_ms,80,1.03047
latency,tmux,idle,5,False,0.11,0.1,echo_ms,81,1.010675
latency,tmux,idle,5,False,0.11,0.1,echo_ms,82,0.987079
latency,tmux,idle,5,False,0.11,0.1,echo_ms,83,1.044266
latency,tmux,idle,5,False,0.11,0.1,echo_ms,84,0.981874
latency,tmux,idle,5,False,0.11,0.1,echo_ms,85,0.975194
latency,tmux,idle,5,False,0.11,0.1,echo_ms,86,0.91861
latency,tmux,idle,5,False,0.11,0.1,echo_ms,87,1.075051
latency,tmux,idle,5,False,0.11,0.1,echo_ms,88,1.083649
latency,tmux,idle,5,False,0.11,0.1,echo_ms,89,0.982258
latency,tmux,idle,5,False,0.11,0.1,echo_ms,90,0.970262
latency,tmux,idle,5,False,0.11,0.1,echo_ms,91,0.979089
latency,tmux,idle,5,False,0.11,0.1,echo_ms,92,0.989926
latency,tmux,idle,5,False,0.11,0.1,echo_ms,93,1.04373
latency,tmux,idle,5,False,0.11,0.1,echo_ms,94,0.996434
latency,tmux,idle,5,False,0.11,0.1,echo_ms,95,1.056367
latency,tmux,idle,5,False,0.11,0.1,echo_ms,96,1.005381
latency,tmux,idle,5,False,0.11,0.1,echo_ms,97,1.004914
latency,tmux,idle,5,False,0.11,0.1,echo_ms,98,0.981805
latency,tmux,idle,5,False,0.11,0.1,echo_ms,99,1.073338
latency,tmux,idle,5,False,0.11,0.1,timeouts,,0
latency,herdr,idle,5,False,0.1,0.09,echo_ms,0,2.095978
latency,herdr,idle,5,False,0.1,0.09,echo_ms,1,1.997015
latency,herdr,idle,5,False,0.1,0.09,echo_ms,2,2.177171
latency,herdr,idle,5,False,0.1,0.09,echo_ms,3,2.122281
latency,herdr,idle,5,False,0.1,0.09,echo_ms,4,2.123892
latency,herdr,idle,5,False,0.1,0.09,echo_ms,5,2.154455
latency,herdr,idle,5,False,0.1,0.09,echo_ms,6,2.060043
latency,herdr,idle,5,False,0.1,0.09,echo_ms,7,2.016144
latency,herdr,idle,5,False,0.1,0.09,echo_ms,8,2.069965
latency,herdr,idle,5,False,0.1,0.09,echo_ms,9,2.140882
latency,herdr,idle,5,False,0.1,0.09,echo_ms,10,1.99106
latency,herdr,idle,5,False,0.1,0.09,echo_ms,11,2.080444
latency,herdr,idle,5,False,0.1,0.09,echo_ms,12,2.171123
latency,herdr,idle,5,False,0.1,0.09,echo_ms,13,2.085846
latency,herdr,idle,5,False,0.1,0.09,echo_ms,14,2.123888
latency,herdr,idle,5,False,0.1,0.09,echo_ms,15,2.033655
latency,herdr,idle,5,False,0.1,0.09,echo_ms,16,2.157991
latency,herdr,idle,5,False,0.1,0.09,echo_ms,17,2.036782
latency,herdr,idle,5,False,0.1,0.09,echo_ms,18,2.095738
latency,herdr,idle,5,False,0.1,0.09,echo_ms,19,2.093974
latency,herdr,idle,5,False,0.1,0.09,echo_ms,20,2.217424
latency,herdr,idle,5,False,0.1,0.09,echo_ms,21,1.485597
latency,herdr,idle,5,False,0.1,0.09,echo_ms,22,2.203068
latency,herdr,idle,5,False,0.1,0.09,echo_ms,23,2.09289
latency,herdr,idle,5,False,0.1,0.09,echo_ms,24,2.052304
latency,herdr,idle,5,False,0.1,0.09,echo_ms,25,2.143298
latency,herdr,idle,5,False,0.1,0.09,echo_ms,26,2.186251
latency,herdr,idle,5,False,0.1,0.09,echo_ms,27,1.968147
latency,herdr,idle,5,False,0.1,0.09,echo_ms,28,2.270202
latency,herdr,idle,5,False,0.1,0.09,echo_ms,29,2.111062
latency,herdr,idle,5,False,0.1,0.09,echo_ms,30,2.044436
latency,herdr,idle,5,False,0.1,0.09,echo_ms,31,2.108646
latency,herdr,idle,5,False,0.1,0.09,echo_ms,32,2.127971
latency,herdr,idle,5,False,0.1,0.09,echo_ms,33,1.505359
latency,herdr,idle,5,False,0.1,0.09,echo_ms,34,2.079625
latency,herdr,idle,5,False,0.1,0.09,echo_ms,35,2.163977
latency,herdr,idle,5,False,0.1,0.09,echo_ms,36,2.098835
latency,herdr,idle,5,False,0.1,0.09,echo_ms,37,2.165501
latency,herdr,idle,5,False,0.1,0.09,echo_ms,38,2.103437
latency,herdr,idle,5,False,0.1,0.09,echo_ms,39,2.045698
latency,herdr,idle,5,False,0.1,0.09,echo_ms,40,2.238663
latency,herdr,idle,5,False,0.1,0.09,echo_ms,41,2.159033
latency,herdr,idle,5,False,0.1,0.09,echo_ms,42,2.078374
latency,herdr,idle,5,False,0.1,0.09,echo_ms,43,0.887472
latency,herdr,idle,5,False,0.1,0.09,echo_ms,44,1.294982
latency,herdr,idle,5,False,0.1,0.09,echo_ms,45,2.019872
latency,herdr,idle,5,False,0.1,0.09,echo_ms,46,2.07763
latency,herdr,idle,5,False,0.1,0.09,echo_ms,47,1.966518
latency,herdr,idle,5,False,0.1,0.09,echo_ms,48,2.27595
latency,herdr,idle,5,False,0.1,0.09,echo_ms,49,2.155049
latency,herdr,idle,5,False,0.1,0.09,echo_ms,50,2.072661
latency,herdr,idle,5,False,0.1,0.09,echo_ms,51,2.303412
latency,herdr,idle,5,False,0.1,0.09,echo_ms,52,1.933998
latency,herdr,idle,5,False,0.1,0.09,echo_ms,53,2.089373
latency,herdr,idle,5,False,0.1,0.09,echo_ms,54,1.985657
latency,herdr,idle,5,False,0.1,0.09,echo_ms,55,2.090064
latency,herdr,idle,5,False,0.1,0.09,echo_ms,56,2.01825
latency,herdr,idle,5,False,0.1,0.09,echo_ms,57,1.916078
latency,herdr,idle,5,False,0.1,0.09,echo_ms,58,1.888246
latency,herdr,idle,5,False,0.1,0.09,echo_ms,59,2.220137
latency,herdr,idle,5,False,0.1,0.09,echo_ms,60,2.017185
latency,herdr,idle,5,False,0.1,0.09,echo_ms,61,1.998375
latency,herdr,idle,5,False,0.1,0.09,echo_ms,62,2.021356
latency,herdr,idle,5,False,0.1,0.09,echo_ms,63,2.314483
latency,herdr,idle,5,False,0.1,0.09,echo_ms,64,2.011473
latency,herdr,idle,5,False,0.1,0.09,echo_ms,65,2.100564
latency,herdr,idle,5,False,0.1,0.09,echo_ms,66,2.211077
latency,herdr,idle,5,False,0.1,0.09,echo_ms,67,2.078337
latency,herdr,idle,5,False,0.1,0.09,echo_ms,68,2.053706
latency,herdr,idle,5,False,0.1,0.09,echo_ms,69,2.232098
latency,herdr,idle,5,False,0.1,0.09,echo_ms,70,2.239749
latency,herdr,idle,5,False,0.1,0.09,echo_ms,71,1.995973
latency,herdr,idle,5,False,0.1,0.09,echo_ms,72,2.218007
latency,herdr,idle,5,False,0.1,0.09,echo_ms,73,2.125868
latency,herdr,idle,5,False,0.1,0.09,echo_ms,74,2.064175
latency,herdr,idle,5,False,0.1,0.09,echo_ms,75,2.173356
latency,herdr,idle,5,False,0.1,0.09,echo_ms,76,1.990907
latency,herdr,idle,5,False,0.1,0.09,echo_ms,77,2.006376
latency,herdr,idle,5,False,0.1,0.09,echo_ms,78,2.099975
latency,herdr,idle,5,False,0.1,0.09,echo_ms,79,2.041295
latency,herdr,idle,5,False,0.1,0.09,echo_ms,80,2.160428
latency,herdr,idle,5,False,0.1,0.09,echo_ms,81,1.936494
latency,herdr,idle,5,False,0.1,0.09,echo_ms,82,1.960718
latency,herdr,idle,5,False,0.1,0.09,echo_ms,83,1.924841
latency,herdr,idle,5,False,0.1,0.09,echo_ms,84,1.961042
latency,herdr,idle,5,False,0.1,0.09,echo_ms,85,1.475923
latency,herdr,idle,5,False,0.1,0.09,echo_ms,86,1.923937
latency,herdr,idle,5,False,0.1,0.09,echo_ms,87,2.045967
latency,herdr,idle,5,False,0.1,0.09,echo_ms,88,2.115298
latency,herdr,idle,5,False,0.1,0.09,echo_ms,89,1.944917
latency,herdr,idle,5,False,0.1,0.09,echo_ms,90,2.097628
latency,herdr,idle,5,False,0.1,0.09,echo_ms,91,2.047816
latency,herdr,idle,5,False,0.1,0.09,echo_ms,92,2.1588
latency,herdr,idle,5,False,0.1,0.09,echo_ms,93,2.277964
latency,herdr,idle,5,False,0.1,0.09,echo_ms,94,2.049131
latency,herdr,idle,5,False,0.1,0.09,echo_ms,95,2.301598
latency,herdr,idle,5,False,0.1,0.09,echo_ms,96,2.066744
latency,herdr,idle,5,False,0.1,0.09,echo_ms,97,2.057502
latency,herdr,idle,5,False,0.1,0.09,echo_ms,98,2.15356
latency,herdr,idle,5,False,0.1,0.09,echo_ms,99,1.903893
latency,herdr,idle,5,False,0.1,0.09,timeouts,,0
latency,thurbox,idle,5,False,0.09,0.15,echo_ms,0,48.085996
latency,thurbox,idle,5,False,0.09,0.15,echo_ms,1,15.067984
latency,thurbox,idle,5,False,0.09,0.15,echo_ms,2,45.928501
latency,thurbox,idle,5,False,0.09,0.15,echo_ms,3,15.386042
latency,thurbox,idle,5,False,0.09,0.15,echo_ms,4,23.697678
latency,thurbox,idle,5,False,0.09,0.15,echo_ms,5,23.320439
latency,thurbox,idle,5,False,0.09,0.15,echo_ms,6,13.603889
latency,thurbox,idle,5,False,0.09,0.15,echo_ms,7,45.506407
latency,thurbox,idle,5,False,0.09,0.15,echo_ms,8,23.459999
latency,thurbox,idle,5,False,0.09,0.15,echo_ms,9,24.335151
latency,thurbox,idle,5,False,0.09,0.15,echo_ms,10,23.92551
latency,thurbox,idle,5,False,0.09,0.15,echo_ms,11,13.647119
latency,thurbox,idle,5,False,0.09,0.15,echo_ms,12,4.098665
latency,thurbox,idle,5,False,0.09,0.15,echo_ms,13,50.416511
latency,thurbox,idle,5,False,0.09,0.15,echo_ms,14,13.585233
latency,thurbox,idle,5,False,0.09,0.15,echo_ms,15,14.739286
latency,thurbox,idle,5,False,0.09,0.15,echo_ms,16,47.152237
latency,thurbox,idle,5,False,0.09,0.15,echo_ms,17,13.455539
latency,thurbox,idle,5,False,0.09,0.15,echo_ms,18,14.453597
latency,thurbox,idle,5,False,0.09,0.15,echo_ms,19,47.137935
latency,thurbox,idle,5,False,0.09,0.15,echo_ms,20,4.140028
latency,thurbox,idle,5,False,0.09,0.15,echo_ms,21,47.894866
latency,thurbox,idle,5,False,0.09,0.15,echo_ms,22,47.310879
latency,thurbox,idle,5,False,0.09,0.15,echo_ms,23,4.123519
latency,thurbox,idle,5,False,0.09,0.15,echo_ms,24,46.367817
latency,thurbox,idle,5,False,0.09,0.15,echo_ms,25,46.717279
latency,thurbox,idle,5,False,0.09,0.15,echo_ms,26,4.435369
latency,thurbox,idle,5,False,0.09,0.15,echo_ms,27,47.793368
latency,thurbox,idle,5,False,0.09,0.15,echo_ms,28,4.669367
latency,thurbox,idle,5,False,0.09,0.15,echo_ms,29,4.662572
latency,thurbox,idle,5,False,0.09,0.15,echo_ms,30,46.552756
latency,thurbox,idle,5,False,0.09,0.15,echo_ms,31,47.006522
latency,thurbox,idle,5,False,0.09,0.15,echo_ms,32,4.145916
latency,thurbox,idle,5,False,0.09,0.15,echo_ms,33,48.493225
latency,thurbox,idle,5,False,0.09,0.15,echo_ms,34,13.601601
latency,thurbox,idle,5,False,0.09,0.15,echo_ms,35,13.56624
latency,thurbox,idle,5,False,0.09,0.15,echo_ms,36,48.278493
latency,thurbox,idle,5,False,0.09,0.15,echo_ms,37,45.407927
latency,thurbox,idle,5,False,0.09,0.15,echo_ms,38,25.746577
latency,thurbox,idle,5,False,0.09,0.15,echo_ms,39,13.435853
latency,thurbox,idle,5,False,0.09,0.15,echo_ms,40,46.985411
latency,thurbox,idle,5,False,0.09,0.15,echo_ms,41,48.006511
latency,thurbox,idle,5,False,0.09,0.15,echo_ms,42,49.419681
latency,thurbox,idle,5,False,0.09,0.15,echo_ms,43,23.871908
latency,thurbox,idle,5,False,0.09,0.15,echo_ms,44,4.165291
latency,thurbox,idle,5,False,0.09,0.15,echo_ms,45,48.023482
latency,thurbox,idle,5,False,0.09,0.15,echo_ms,46,47.368563
latency,thurbox,idle,5,False,0.09,0.15,echo_ms,47,14.669809
latency,thurbox,idle,5,False,0.09,0.15,echo_ms,48,46.686584
latency,thurbox,idle,5,False,0.09,0.15,echo_ms,49,4.131972
latency,thurbox,idle,5,False,0.09,0.15,echo_ms,50,4.12466
latency,thurbox,idle,5,False,0.09,0.15,echo_ms,51,4.577437
latency,thurbox,idle,5,False,0.09,0.15,echo_ms,52,4.172195
latency,thurbox,idle,5,False,0.09,0.15,echo_ms,53,13.927464
latency,thurbox,idle,5,False,0.09,0.15,echo_ms,54,45.521352
latency,thurbox,idle,5,False,0.09,0.15,echo_ms,55,23.892461
latency,thurbox,idle,5,False,0.09,0.15,echo_ms,56,13.895531
latency,thurbox,idle,5,False,0.09,0.15,echo_ms,57,46.645327
latency,thurbox,idle,5,False,0.09,0.15,echo_ms,58,4.361098
latency,thurbox,idle,5,False,0.09,0.15,echo_ms,59,48.315944
latency,thurbox,idle,5,False,0.09,0.15,echo_ms,60,46.858161
latency,thurbox,idle,5,False,0.09,0.15,echo_ms,61,24.691681
latency,thurbox,idle,5,False,0.09,0.15,echo_ms,62,13.508152
latency,thurbox,idle,5,False,0.09,0.15,echo_ms,63,13.70296
latency,thurbox,idle,5,False,0.09,0.15,echo_ms,64,11.928961
latency,thurbox,idle,5,False,0.09,0.15,echo_ms,65,46.945203
latency,thurbox,idle,5,False,0.09,0.15,echo_ms,66,13.545483
latency,thurbox,idle,5,False,0.09,0.15,echo_ms,67,47.787925
latency,thurbox,idle,5,False,0.09,0.15,echo_ms,68,13.45164
latency,thurbox,idle,5,False,0.09,0.15,echo_ms,69,13.879345
latency,thurbox,idle,5,False,0.09,0.15,echo_ms,70,47.586435
latency,thurbox,idle,5,False,0.09,0.15,echo_ms,71,13.550238
latency,thurbox,idle,5,False,0.09,0.15,echo_ms,72,16.032451
latency,thurbox,idle,5,False,0.09,0.15,echo_ms,73,48.030239
latency,thurbox,idle,5,False,0.09,0.15,echo_ms,74,13.369872
latency,thurbox,idle,5,False,0.09,0.15,echo_ms,75,47.919476
latency,thurbox,idle,5,False,0.09,0.15,echo_ms,76,25.83338
latency,thurbox,idle,5,False,0.09,0.15,echo_ms,77,46.897079
latency,thurbox,idle,5,False,0.09,0.15,echo_ms,78,15.098725
latency,thurbox,idle,5,False,0.09,0.15,echo_ms,79,13.464745
latency,thurbox,idle,5,False,0.09,0.15,echo_ms,80,13.517621
latency,thurbox,idle,5,False,0.09,0.15,echo_ms,81,4.002142
latency,thurbox,idle,5,False,0.09,0.15,echo_ms,82,48.196499
latency,thurbox,idle,5,False,0.09,0.15,echo_ms,83,44.978283
latency,thurbox,idle,5,False,0.09,0.15,echo_ms,84,14.405831
latency,thurbox,idle,5,False,0.09,0.15,echo_ms,85,49.394325
latency,thurbox,idle,5,False,0.09,0.15,echo_ms,86,46.899932
latency,thurbox,idle,5,False,0.09,0.15,echo_ms,87,47.44258
latency,thurbox,idle,5,False,0.09,0.15,echo_ms,88,3.218681
latency,thurbox,idle,5,False,0.09,0.15,echo_ms,89,13.519326
latency,thurbox,idle,5,False,0.09,0.15,echo_ms,90,47.913802
latency,thurbox,idle,5,False,0.09,0.15,echo_ms,91,46.294203
latency,thurbox,idle,5,False,0.09,0.15,echo_ms,92,4.102911
latency,thurbox,idle,5,False,0.09,0.15,echo_ms,93,47.939746
latency,thurbox,idle,5,False,0.09,0.15,echo_ms,94,46.89333
latency,thurbox,idle,5,False,0.09,0.15,echo_ms,95,24.246004
latency,thurbox,idle,5,False,0.09,0.15,echo_ms,96,23.718425
latency,thurbox,idle,5,False,0.09,0.15,echo_ms,97,25.603381
latency,thurbox,idle,5,False,0.09,0.15,echo_ms,98,47.96961
latency,thurbox,idle,5,False,0.09,0.15,echo_ms,99,13.471308
latency,thurbox,idle,5,False,0.09,0.15,timeouts,,0
latency,tmux,other-busy,0,True,0.15,0.28,echo_ms,0,0.736443
latency,tmux,other-busy,0,True,0.15,0.28,echo_ms,1,0.79358
latency,tmux,other-busy,0,True,0.15,0.28,echo_ms,2,0.601006
latency,tmux,other-busy,0,True,0.15,0.28,echo_ms,3,0.914032
latency,tmux,other-busy,0,True,0.15,0.28,echo_ms,4,0.723841
latency,tmux,other-busy,0,True,0.15,0.28,echo_ms,5,0.70159
latency,tmux,other-busy,0,True,0.15,0.28,echo_ms,6,0.781726
latency,tmux,other-busy,0,True,0.15,0.28,echo_ms,7,0.703144
latency,tmux,other-busy,0,True,0.15,0.28,echo_ms,8,0.897745
latency,tmux,other-busy,0,True,0.15,0.28,echo_ms,9,0.718298
latency,tmux,other-busy,0,True,0.15,0.28,echo_ms,10,0.789309
latency,tmux,other-busy,0,True,0.15,0.28,echo_ms,11,0.953993
latency,tmux,other-busy,0,True,0.15,0.28,echo_ms,12,0.645478
latency,tmux,other-busy,0,True,0.15,0.28,echo_ms,13,0.892209
latency,tmux,other-busy,0,True,0.15,0.28,echo_ms,14,0.599438
latency,tmux,other-busy,0,True,0.15,0.28,echo_ms,15,1.026264
latency,tmux,other-busy,0,True,0.15,0.28,echo_ms,16,1.131461
latency,tmux,other-busy,0,True,0.15,0.28,echo_ms,17,0.680297
latency,tmux,other-busy,0,True,0.15,0.28,echo_ms,18,0.686383
latency,tmux,other-busy,0,True,0.15,0.28,echo_ms,19,0.802363
latency,tmux,other-busy,0,True,0.15,0.28,echo_ms,20,0.861039
latency,tmux,other-busy,0,True,0.15,0.28,echo_ms,21,0.638126
latency,tmux,other-busy,0,True,0.15,0.28,echo_ms,22,0.681247
latency,tmux,other-busy,0,True,0.15,0.28,echo_ms,23,1.079555
latency,tmux,other-busy,0,True,0.15,0.28,echo_ms,24,0.724882
latency,tmux,other-busy,0,True,0.15,0.28,echo_ms,25,0.781897
latency,tmux,other-busy,0,True,0.15,0.28,echo_ms,26,0.654374
latency,tmux,other-busy,0,True,0.15,0.28,echo_ms,27,0.676008
latency,tmux,other-busy,0,True,0.15,0.28,echo_ms,28,0.808995
latency,tmux,other-busy,0,True,0.15,0.28,echo_ms,29,0.724485
latency,tmux,other-busy,0,True,0.15,0.28,echo_ms,30,0.797781
latency,tmux,other-busy,0,True,0.15,0.28,echo_ms,31,0.81368
latency,tmux,other-busy,0,True,0.15,0.28,echo_ms,32,0.852425
latency,tmux,other-busy,0,True,0.15,0.28,echo_ms,33,0.837407
latency,tmux,other-busy,0,True,0.15,0.28,echo_ms,34,0.776838
latency,tmux,other-busy,0,True,0.15,0.28,echo_ms,35,0.766892
latency,tmux,other-busy,0,True,0.15,0.28,echo_ms,36,0.66997
latency,tmux,other-busy,0,True,0.15,0.28,echo_ms,37,0.981171
latency,tmux,other-busy,0,True,0.15,0.28,echo_ms,38,0.65916
latency,tmux,other-busy,0,True,0.15,0.28,echo_ms,39,0.827546
latency,tmux,other-busy,0,True,0.15,0.28,echo_ms,40,0.296219
latency,tmux,other-busy,0,True,0.15,0.28,echo_ms,41,0.675646
latency,tmux,other-busy,0,True,0.15,0.28,echo_ms,42,0.562113
latency,tmux,other-busy,0,True,0.15,0.28,echo_ms,43,0.753262
latency,tmux,other-busy,0,True,0.15,0.28,echo_ms,44,0.675371
latency,tmux,other-busy,0,True,0.15,0.28,echo_ms,45,0.813135
latency,tmux,other-busy,0,True,0.15,0.28,echo_ms,46,0.725238
latency,tmux,other-busy,0,True,0.15,0.28,echo_ms,47,0.69586
latency,tmux,other-busy,0,True,0.15,0.28,echo_ms,48,0.565433
latency,tmux,other-busy,0,True,0.15,0.28,echo_ms,49,0.680885
latency,tmux,other-busy,0,True,0.15,0.28,echo_ms,50,0.761373
latency,tmux,other-busy,0,True,0.15,0.28,echo_ms,51,0.62862
latency,tmux,other-busy,0,True,0.15,0.28,echo_ms,52,0.785861
latency,tmux,other-busy,0,True,0.15,0.28,echo_ms,53,0.72913
latency,tmux,other-busy,0,True,0.15,0.28,echo_ms,54,0.730231
latency,tmux,other-busy,0,True,0.15,0.28,echo_ms,55,0.725244
latency,tmux,other-busy,0,True,0.15,0.28,echo_ms,56,0.734653
latency,tmux,other-busy,0,True,0.15,0.28,echo_ms,57,0.897419
latency,tmux,other-busy,0,True,0.15,0.28,echo_ms,58,0.939532
latency,tmux,other-busy,0,True,0.15,0.28,echo_ms,59,1.547189
latency,tmux,other-busy,0,True,0.15,0.28,echo_ms,60,0.868992
latency,tmux,other-busy,0,True,0.15,0.28,echo_ms,61,1.000216
latency,tmux,other-busy,0,True,0.15,0.28,echo_ms,62,0.739884
latency,tmux,other-busy,0,True,0.15,0.28,echo_ms,63,0.498112
latency,tmux,other-busy,0,True,0.15,0.28,echo_ms,64,0.66482
latency,tmux,other-busy,0,True,0.15,0.28,echo_ms,65,0.639444
latency,tmux,other-busy,0,True,0.15,0.28,echo_ms,66,1.016573
latency,tmux,other-busy,0,True,0.15,0.28,echo_ms,67,0.694479
latency,tmux,other-busy,0,True,0.15,0.28,echo_ms,68,0.651687
latency,tmux,other-busy,0,True,0.15,0.28,echo_ms,69,0.885569
latency,tmux,other-busy,0,True,0.15,0.28,echo_ms,70,0.827271
latency,tmux,other-busy,0,True,0.15,0.28,echo_ms,71,0.794675
latency,tmux,other-busy,0,True,0.15,0.28,echo_ms,72,0.654929
latency,tmux,other-busy,0,True,0.15,0.28,echo_ms,73,0.810081
latency,tmux,other-busy,0,True,0.15,0.28,echo_ms,74,0.789168
latency,tmux,other-busy,0,True,0.15,0.28,echo_ms,75,0.793301
latency,tmux,other-busy,0,True,0.15,0.28,echo_ms,76,0.838319
latency,tmux,other-busy,0,True,0.15,0.28,echo_ms,77,0.609015
latency,tmux,other-busy,0,True,0.15,0.28,echo_ms,78,0.79725
latency,tmux,other-busy,0,True,0.15,0.28,echo_ms,79,0.825128
latency,tmux,other-busy,0,True,0.15,0.28,echo_ms,80,0.711612
latency,tmux,other-busy,0,True,0.15,0.28,echo_ms,81,0.901137
latency,tmux,other-busy,0,True,0.15,0.28,echo_ms,82,0.890625
latency,tmux,other-busy,0,True,0.15,0.28,echo_ms,83,0.689366
latency,tmux,other-busy,0,True,0.15,0.28,echo_ms,84,0.822759
latency,tmux,other-busy,0,True,0.15,0.28,echo_ms,85,0.74484
latency,tmux,other-busy,0,True,0.15,0.28,echo_ms,86,0.572683
latency,tmux,other-busy,0,True,0.15,0.28,echo_ms,87,0.805393
latency,tmux,other-busy,0,True,0.15,0.28,echo_ms,88,0.813471
latency,tmux,other-busy,0,True,0.15,0.28,echo_ms,89,0.563117
latency,tmux,other-busy,0,True,0.15,0.28,echo_ms,90,0.846513
latency,tmux,other-busy,0,True,0.15,0.28,echo_ms,91,0.58696
latency,tmux,other-busy,0,True,0.15,0.28,echo_ms,92,0.900948
latency,tmux,other-busy,0,True,0.15,0.28,echo_ms,93,0.745266
latency,tmux,other-busy,0,True,0.15,0.28,echo_ms,94,0.666416
latency,tmux,other-busy,0,True,0.15,0.28,echo_ms,95,0.743073
latency,tmux,other-busy,0,True,0.15,0.28,echo_ms,96,0.950114
latency,tmux,other-busy,0,True,0.15,0.28,echo_ms,97,0.789413
latency,tmux,other-busy,0,True,0.15,0.28,echo_ms,98,0.989514
latency,tmux,other-busy,0,True,0.15,0.28,echo_ms,99,0.893682
latency,tmux,other-busy,0,True,0.15,0.28,timeouts,,0
latency,herdr,other-busy,0,True,0.28,0.4,echo_ms,0,0.518392
latency,herdr,other-busy,0,True,0.28,0.4,echo_ms,1,1.030558
latency,herdr,other-busy,0,True,0.28,0.4,echo_ms,2,0.422784
latency,herdr,other-busy,0,True,0.28,0.4,echo_ms,3,0.436725
latency,herdr,other-busy,0,True,0.28,0.4,echo_ms,4,0.417349
latency,herdr,other-busy,0,True,0.28,0.4,echo_ms,5,0.43122
latency,herdr,other-busy,0,True,0.28,0.4,echo_ms,6,0.474343
latency,herdr,other-busy,0,True,0.28,0.4,echo_ms,7,0.452506
latency,herdr,other-busy,0,True,0.28,0.4,echo_ms,8,0.471585
latency,herdr,other-busy,0,True,0.28,0.4,echo_ms,9,0.413544
latency,herdr,other-busy,0,True,0.28,0.4,echo_ms,10,0.56456
latency,herdr,other-busy,0,True,0.28,0.4,echo_ms,11,0.50808
latency,herdr,other-busy,0,True,0.28,0.4,echo_ms,12,0.467897
latency,herdr,other-busy,0,True,0.28,0.4,echo_ms,13,0.485921
latency,herdr,other-busy,0,True,0.28,0.4,echo_ms,14,0.470662
latency,herdr,other-busy,0,True,0.28,0.4,echo_ms,15,0.411864
latency,herdr,other-busy,0,True,0.28,0.4,echo_ms,16,0.528567
latency,herdr,other-busy,0,True,0.28,0.4,echo_ms,17,0.420863
latency,herdr,other-busy,0,True,0.28,0.4,echo_ms,18,0.497232
latency,herdr,other-busy,0,True,0.28,0.4,echo_ms,19,0.518516
latency,herdr,other-busy,0,True,0.28,0.4,echo_ms,20,0.520729
latency,herdr,other-busy,0,True,0.28,0.4,echo_ms,21,0.560901
latency,herdr,other-busy,0,True,0.28,0.4,echo_ms,22,0.47444
latency,herdr,other-busy,0,True,0.28,0.4,echo_ms,23,0.507093
latency,herdr,other-busy,0,True,0.28,0.4,echo_ms,24,0.450084
latency,herdr,other-busy,0,True,0.28,0.4,echo_ms,25,0.507201
latency,herdr,other-busy,0,True,0.28,0.4,echo_ms,26,0.453701
latency,herdr,other-busy,0,True,0.28,0.4,echo_ms,27,0.481183
latency,herdr,other-busy,0,True,0.28,0.4,echo_ms,28,0.471303
latency,herdr,other-busy,0,True,0.28,0.4,echo_ms,29,0.427135
latency,herdr,other-busy,0,True,0.28,0.4,echo_ms,30,0.469141
latency,herdr,other-busy,0,True,0.28,0.4,echo_ms,31,0.438054
latency,herdr,other-busy,0,True,0.28,0.4,echo_ms,32,0.455024
latency,herdr,other-busy,0,True,0.28,0.4,echo_ms,33,0.427826
latency,herdr,other-busy,0,True,0.28,0.4,echo_ms,34,0.448205
latency,herdr,other-busy,0,True,0.28,0.4,echo_ms,35,0.441912
latency,herdr,other-busy,0,True,0.28,0.4,echo_ms,36,0.509282
latency,herdr,other-busy,0,True,0.28,0.4,echo_ms,37,0.448282
latency,herdr,other-busy,0,True,0.28,0.4,echo_ms,38,0.460957
latency,herdr,other-busy,0,True,0.28,0.4,echo_ms,39,0.540958
latency,herdr,other-busy,0,True,0.28,0.4,echo_ms,40,0.570409
latency,herdr,other-busy,0,True,0.28,0.4,echo_ms,41,0.425598
latency,herdr,other-busy,0,True,0.28,0.4,echo_ms,42,0.534247
latency,herdr,other-busy,0,True,0.28,0.4,echo_ms,43,0.408401
latency,herdr,other-busy,0,True,0.28,0.4,echo_ms,44,0.460922
latency,herdr,other-busy,0,True,0.28,0.4,echo_ms,45,1.268472
latency,herdr,other-busy,0,True,0.28,0.4,echo_ms,46,0.473547
latency,herdr,other-busy,0,True,0.28,0.4,echo_ms,47,0.542844
latency,herdr,other-busy,0,True,0.28,0.4,echo_ms,48,0.485172
latency,herdr,other-busy,0,True,0.28,0.4,echo_ms,49,0.453758
latency,herdr,other-busy,0,True,0.28,0.4,echo_ms,50,0.45274
latency,herdr,other-busy,0,True,0.28,0.4,echo_ms,51,0.434491
latency,herdr,other-busy,0,True,0.28,0.4,echo_ms,52,0.449722
latency,herdr,other-busy,0,True,0.28,0.4,echo_ms,53,0.417987
latency,herdr,other-busy,0,True,0.28,0.4,echo_ms,54,0.470504
latency,herdr,other-busy,0,True,0.28,0.4,echo_ms,55,0.521674
latency,herdr,other-busy,0,True,0.28,0.4,echo_ms,56,0.456305
latency,herdr,other-busy,0,True,0.28,0.4,echo_ms,57,0.434803
latency,herdr,other-busy,0,True,0.28,0.4,echo_ms,58,0.445965
latency,herdr,other-busy,0,True,0.28,0.4,echo_ms,59,0.538747
latency,herdr,other-busy,0,True,0.28,0.4,echo_ms,60,0.972835
latency,herdr,other-busy,0,True,0.28,0.4,echo_ms,61,0.451244
latency,herdr,other-busy,0,True,0.28,0.4,echo_ms,62,0.448858
latency,herdr,other-busy,0,True,0.28,0.4,echo_ms,63,0.439337
latency,herdr,other-busy,0,True,0.28,0.4,echo_ms,64,0.521301
latency,herdr,other-busy,0,True,0.28,0.4,echo_ms,65,0.443135
latency,herdr,other-busy,0,True,0.28,0.4,echo_ms,66,0.474587
latency,herdr,other-busy,0,True,0.28,0.4,echo_ms,67,0.471573
latency,herdr,other-busy,0,True,0.28,0.4,echo_ms,68,0.474939
latency,herdr,other-busy,0,True,0.28,0.4,echo_ms,69,0.435404
latency,herdr,other-busy,0,True,0.28,0.4,echo_ms,70,2.608487
latency,herdr,other-busy,0,True,0.28,0.4,echo_ms,71,0.506825
latency,herdr,other-busy,0,True,0.28,0.4,echo_ms,72,0.527008
latency,herdr,other-busy,0,True,0.28,0.4,echo_ms,73,0.438063
latency,herdr,other-busy,0,True,0.28,0.4,echo_ms,74,0.481074
latency,herdr,other-busy,0,True,0.28,0.4,echo_ms,75,0.449659
latency,herdr,other-busy,0,True,0.28,0.4,echo_ms,76,0.452954
latency,herdr,other-busy,0,True,0.28,0.4,echo_ms,77,0.419069
latency,herdr,other-busy,0,True,0.28,0.4,echo_ms,78,0.476469
latency,herdr,other-busy,0,True,0.28,0.4,echo_ms,79,0.682787
latency,herdr,other-busy,0,True,0.28,0.4,echo_ms,80,0.529873
latency,herdr,other-busy,0,True,0.28,0.4,echo_ms,81,0.412945
latency,herdr,other-busy,0,True,0.28,0.4,echo_ms,82,0.51136
latency,herdr,other-busy,0,True,0.28,0.4,echo_ms,83,0.447763
latency,herdr,other-busy,0,True,0.28,0.4,echo_ms,84,0.453952
latency,herdr,other-busy,0,True,0.28,0.4,echo_ms,85,0.490746
latency,herdr,other-busy,0,True,0.28,0.4,echo_ms,86,0.425723
latency,herdr,other-busy,0,True,0.28,0.4,echo_ms,87,0.428802
latency,herdr,other-busy,0,True,0.28,0.4,echo_ms,88,0.434005
latency,herdr,other-busy,0,True,0.28,0.4,echo_ms,89,0.411381
latency,herdr,other-busy,0,True,0.28,0.4,echo_ms,90,0.460474
latency,herdr,other-busy,0,True,0.28,0.4,echo_ms,91,0.439235
latency,herdr,other-busy,0,True,0.28,0.4,echo_ms,92,0.482908
latency,herdr,other-busy,0,True,0.28,0.4,echo_ms,93,0.493809
latency,herdr,other-busy,0,True,0.28,0.4,echo_ms,94,0.68045
latency,herdr,other-busy,0,True,0.28,0.4,echo_ms,95,0.425218
latency,herdr,other-busy,0,True,0.28,0.4,echo_ms,96,0.433394
latency,herdr,other-busy,0,True,0.28,0.4,echo_ms,97,0.434777
latency,herdr,other-busy,0,True,0.28,0.4,echo_ms,98,0.559646
latency,herdr,other-busy,0,True,0.28,0.4,echo_ms,99,0.422226
latency,herdr,other-busy,0,True,0.28,0.4,timeouts,,0
latency,thurbox,other-busy,0,True,0.4,0.81,echo_ms,0,42.700132
latency,thurbox,other-busy,0,True,0.4,0.81,echo_ms,1,42.121165
latency,thurbox,other-busy,0,True,0.4,0.81,echo_ms,2,42.410877
latency,thurbox,other-busy,0,True,0.4,0.81,echo_ms,3,42.513799
latency,thurbox,other-busy,0,True,0.4,0.81,echo_ms,4,43.456206
latency,thurbox,other-busy,0,True,0.4,0.81,echo_ms,5,42.317762
latency,thurbox,other-busy,0,True,0.4,0.81,echo_ms,6,42.424708
latency,thurbox,other-busy,0,True,0.4,0.81,echo_ms,7,11.127005
latency,thurbox,other-busy,0,True,0.4,0.81,echo_ms,8,21.197059
latency,thurbox,other-busy,0,True,0.4,0.81,echo_ms,9,12.051528
latency,thurbox,other-busy,0,True,0.4,0.81,echo_ms,10,42.774166
latency,thurbox,other-busy,0,True,0.4,0.81,echo_ms,11,21.278317
latency,thurbox,other-busy,0,True,0.4,0.81,echo_ms,12,21.642202
latency,thurbox,other-busy,0,True,0.4,0.81,echo_ms,13,43.333128
latency,thurbox,other-busy,0,True,0.4,0.81,echo_ms,14,42.206628
latency,thurbox,other-busy,0,True,0.4,0.81,echo_ms,15,11.236251
latency,thurbox,other-busy,0,True,0.4,0.81,echo_ms,16,42.862813
latency,thurbox,other-busy,0,True,0.4,0.81,echo_ms,17,42.12661
latency,thurbox,other-busy,0,True,0.4,0.81,echo_ms,18,43.181977
latency,thurbox,other-busy,0,True,0.4,0.81,echo_ms,19,11.14603
latency,thurbox,other-busy,0,True,0.4,0.81,echo_ms,20,42.267872
latency,thurbox,other-busy,0,True,0.4,0.81,echo_ms,21,42.689971
latency,thurbox,other-busy,0,True,0.4,0.81,echo_ms,22,21.473321
latency,thurbox,other-busy,0,True,0.4,0.81,echo_ms,23,11.122072
latency,thurbox,other-busy,0,True,0.4,0.81,echo_ms,24,11.494638
latency,thurbox,other-busy,0,True,0.4,0.81,echo_ms,25,42.158303
latency,thurbox,other-busy,0,True,0.4,0.81,echo_ms,26,22.649481
latency,thurbox,other-busy,0,True,0.4,0.81,echo_ms,27,11.556714
latency,thurbox,other-busy,0,True,0.4,0.81,echo_ms,28,11.275522
latency,thurbox,other-busy,0,True,0.4,0.81,echo_ms,29,11.489593
latency,thurbox,other-busy,0,True,0.4,0.81,echo_ms,30,21.164691
latency,thurbox,other-busy,0,True,0.4,0.81,echo_ms,31,21.206223
latency,thurbox,other-busy,0,True,0.4,0.81,echo_ms,32,42.559061
latency,thurbox,other-busy,0,True,0.4,0.81,echo_ms,33,1.162151
latency,thurbox,other-busy,0,True,0.4,0.81,echo_ms,34,42.686997
latency,thurbox,other-busy,0,True,0.4,0.81,echo_ms,35,11.403912
latency,thurbox,other-busy,0,True,0.4,0.81,echo_ms,36,42.291201
latency,thurbox,other-busy,0,True,0.4,0.81,echo_ms,37,42.486262
latency,thurbox,other-busy,0,True,0.4,0.81,echo_ms,38,21.152896
latency,thurbox,other-busy,0,True,0.4,0.81,echo_ms,39,42.761834
latency,thurbox,other-busy,0,True,0.4,0.81,echo_ms,40,42.776947
latency,thurbox,other-busy,0,True,0.4,0.81,echo_ms,41,42.694636
latency,thurbox,other-busy,0,True,0.4,0.81,echo_ms,42,42.38808
latency,thurbox,other-busy,0,True,0.4,0.81,echo_ms,43,22.12813
latency,thurbox,other-busy,0,True,0.4,0.81,echo_ms,44,11.096558
latency,thurbox,other-busy,0,True,0.4,0.81,echo_ms,45,42.503762
latency,thurbox,other-busy,0,True,0.4,0.81,echo_ms,46,42.623466
latency,thurbox,other-busy,0,True,0.4,0.81,echo_ms,47,42.334841
latency,thurbox,other-busy,0,True,0.4,0.81,echo_ms,48,42.621934
latency,thurbox,other-busy,0,True,0.4,0.81,echo_ms,49,42.895407
latency,thurbox,other-busy,0,True,0.4,0.81,echo_ms,50,11.186013
latency,thurbox,other-busy,0,True,0.4,0.81,echo_ms,51,24.237603
latency,thurbox,other-busy,0,True,0.4,0.81,echo_ms,52,11.106672
latency,thurbox,other-busy,0,True,0.4,0.81,echo_ms,53,42.062896
latency,thurbox,other-busy,0,True,0.4,0.81,echo_ms,54,42.798416
latency,thurbox,other-busy,0,True,0.4,0.81,echo_ms,55,21.22855
latency,thurbox,other-busy,0,True,0.4,0.81,echo_ms,56,11.105091
latency,thurbox,other-busy,0,True,0.4,0.81,echo_ms,57,42.74754
latency,thurbox,other-busy,0,True,0.4,0.81,echo_ms,58,42.329188
latency,thurbox,other-busy,0,True,0.4,0.81,echo_ms,59,44.075002
latency,thurbox,other-busy,0,True,0.4,0.81,echo_ms,60,21.158663
latency,thurbox,other-busy,0,True,0.4,0.81,echo_ms,61,42.241843
latency,thurbox,other-busy,0,True,0.4,0.81,echo_ms,62,21.196184
latency,thurbox,other-busy,0,True,0.4,0.81,echo_ms,63,11.117732
latency,thurbox,other-busy,0,True,0.4,0.81,echo_ms,64,11.139595
latency,thurbox,other-busy,0,True,0.4,0.81,echo_ms,65,11.066982
latency,thurbox,other-busy,0,True,0.4,0.81,echo_ms,66,42.725713
latency,thurbox,other-busy,0,True,0.4,0.81,echo_ms,67,21.241144
latency,thurbox,other-busy,0,True,0.4,0.81,echo_ms,68,11.432383
latency,thurbox,other-busy,0,True,0.4,0.81,echo_ms,69,11.129409
latency,thurbox,other-busy,0,True,0.4,0.81,echo_ms,70,12.021039
latency,thurbox,other-busy,0,True,0.4,0.81,echo_ms,71,21.602435
latency,thurbox,other-busy,0,True,0.4,0.81,echo_ms,72,42.154868
latency,thurbox,other-busy,0,True,0.4,0.81,echo_ms,73,11.083079
latency,thurbox,other-busy,0,True,0.4,0.81,echo_ms,74,42.628635
latency,thurbox,other-busy,0,True,0.4,0.81,echo_ms,75,11.364366
latency,thurbox,other-busy,0,True,0.4,0.81,echo_ms,76,42.606962
latency,thurbox,other-busy,0,True,0.4,0.81,echo_ms,77,42.526535
latency,thurbox,other-busy,0,True,0.4,0.81,echo_ms,78,42.152274
latency,thurbox,other-busy,0,True,0.4,0.81,echo_ms,79,42.57889
latency,thurbox,other-busy,0,True,0.4,0.81,echo_ms,80,42.785911
latency,thurbox,other-busy,0,True,0.4,0.81,echo_ms,81,42.52555
latency,thurbox,other-busy,0,True,0.4,0.81,echo_ms,82,11.036347
latency,thurbox,other-busy,0,True,0.4,0.81,echo_ms,83,42.752261
latency,thurbox,other-busy,0,True,0.4,0.81,echo_ms,84,22.206583
latency,thurbox,other-busy,0,True,0.4,0.81,echo_ms,85,42.348841
latency,thurbox,other-busy,0,True,0.4,0.81,echo_ms,86,42.760916
latency,thurbox,other-busy,0,True,0.4,0.81,echo_ms,87,42.517347
latency,thurbox,other-busy,0,True,0.4,0.81,echo_ms,88,11.177974
latency,thurbox,other-busy,0,True,0.4,0.81,echo_ms,89,42.725731
latency,thurbox,other-busy,0,True,0.4,0.81,echo_ms,90,11.480861
latency,thurbox,other-busy,0,True,0.4,0.81,echo_ms,91,42.316118
latency,thurbox,other-busy,0,True,0.4,0.81,echo_ms,92,42.639267
latency,thurbox,other-busy,0,True,0.4,0.81,echo_ms,93,43.019076
latency,thurbox,other-busy,0,True,0.4,0.81,echo_ms,94,42.37977
latency,thurbox,other-busy,0,True,0.4,0.81,echo_ms,95,42.688025
latency,thurbox,other-busy,0,True,0.4,0.81,echo_ms,96,11.19752
latency,thurbox,other-busy,0,True,0.4,0.81,echo_ms,97,42.286724
latency,thurbox,other-busy,0,True,0.4,0.81,echo_ms,98,22.206844
latency,thurbox,other-busy,0,True,0.4,0.81,echo_ms,99,21.129203
latency,thurbox,other-busy,0,True,0.4,0.81,timeouts,,0
latency,tmux,other-busy,1,False,0.81,0.92,echo_ms,0,0.801834
latency,tmux,other-busy,1,False,0.81,0.92,echo_ms,1,0.886533
latency,tmux,other-busy,1,False,0.81,0.92,echo_ms,2,0.76
latency,tmux,other-busy,1,False,0.81,0.92,echo_ms,3,0.945816
latency,tmux,other-busy,1,False,0.81,0.92,echo_ms,4,0.888504
latency,tmux,other-busy,1,False,0.81,0.92,echo_ms,5,0.606111
latency,tmux,other-busy,1,False,0.81,0.92,echo_ms,6,0.799693
latency,tmux,other-busy,1,False,0.81,0.92,echo_ms,7,0.915018
latency,tmux,other-busy,1,False,0.81,0.92,echo_ms,8,0.769929
latency,tmux,other-busy,1,False,0.81,0.92,echo_ms,9,0.882901
latency,tmux,other-busy,1,False,0.81,0.92,echo_ms,10,0.661552
latency,tmux,other-busy,1,False,0.81,0.92,echo_ms,11,0.895991
latency,tmux,other-busy,1,False,0.81,0.92,echo_ms,12,1.000163
latency,tmux,other-busy,1,False,0.81,0.92,echo_ms,13,0.873934
latency,tmux,other-busy,1,False,0.81,0.92,echo_ms,14,0.643713
latency,tmux,other-busy,1,False,0.81,0.92,echo_ms,15,0.585212
latency,tmux,other-busy,1,False,0.81,0.92,echo_ms,16,0.76294
latency,tmux,other-busy,1,False,0.81,0.92,echo_ms,17,0.66874
latency,tmux,other-busy,1,False,0.81,0.92,echo_ms,18,0.854407
latency,tmux,other-busy,1,False,0.81,0.92,echo_ms,19,0.628666
latency,tmux,other-busy,1,False,0.81,0.92,echo_ms,20,0.939012
latency,tmux,other-busy,1,False,0.81,0.92,echo_ms,21,0.771063
latency,tmux,other-busy,1,False,0.81,0.92,echo_ms,22,0.648192
latency,tmux,other-busy,1,False,0.81,0.92,echo_ms,23,0.807637
latency,tmux,other-busy,1,False,0.81,0.92,echo_ms,24,0.693439
latency,tmux,other-busy,1,False,0.81,0.92,echo_ms,25,0.676486
latency,tmux,other-busy,1,False,0.81,0.92,echo_ms,26,0.634967
latency,tmux,other-busy,1,False,0.81,0.92,echo_ms,27,0.78549
latency,tmux,other-busy,1,False,0.81,0.92,echo_ms,28,0.768223
latency,tmux,other-busy,1,False,0.81,0.92,echo_ms,29,0.803717
latency,tmux,other-busy,1,False,0.81,0.92,echo_ms,30,0.921371
latency,tmux,other-busy,1,False,0.81,0.92,echo_ms,31,0.706247
latency,tmux,other-busy,1,False,0.81,0.92,echo_ms,32,0.976758
latency,tmux,other-busy,1,False,0.81,0.92,echo_ms,33,0.831832
latency,tmux,other-busy,1,False,0.81,0.92,echo_ms,34,0.847911
latency,tmux,other-busy,1,False,0.81,0.92,echo_ms,35,0.777732
latency,tmux,other-busy,1,False,0.81,0.92,echo_ms,36,0.779865
latency,tmux,other-busy,1,False,0.81,0.92,echo_ms,37,0.692051
latency,tmux,other-busy,1,False,0.81,0.92,echo_ms,38,0.666412
latency,tmux,other-busy,1,False,0.81,0.92,echo_ms,39,0.906973
latency,tmux,other-busy,1,False,0.81,0.92,echo_ms,40,0.677923
latency,tmux,other-busy,1,False,0.81,0.92,echo_ms,41,0.620775
latency,tmux,other-busy,1,False,0.81,0.92,echo_ms,42,0.73712
latency,tmux,other-busy,1,False,0.81,0.92,echo_ms,43,0.809474
latency,tmux,other-busy,1,False,0.81,0.92,echo_ms,44,0.919574
latency,tmux,other-busy,1,False,0.81,0.92,echo_ms,45,0.712231
latency,tmux,other-busy,1,False,0.81,0.92,echo_ms,46,0.599819
latency,tmux,other-busy,1,False,0.81,0.92,echo_ms,47,0.694946
latency,tmux,other-busy,1,False,0.81,0.92,echo_ms,48,0.771101
latency,tmux,other-busy,1,False,0.81,0.92,echo_ms,49,0.914365
latency,tmux,other-busy,1,False,0.81,0.92,echo_ms,50,0.755366
latency,tmux,other-busy,1,False,0.81,0.92,echo_ms,51,0.618356
latency,tmux,other-busy,1,False,0.81,0.92,echo_ms,52,0.877621
latency,tmux,other-busy,1,False,0.81,0.92,echo_ms,53,0.828925
latency,tmux,other-busy,1,False,0.81,0.92,echo_ms,54,0.755205
latency,tmux,other-busy,1,False,0.81,0.92,echo_ms,55,0.603578
latency,tmux,other-busy,1,False,0.81,0.92,echo_ms,56,0.752153
latency,tmux,other-busy,1,False,0.81,0.92,echo_ms,57,0.637277
latency,tmux,other-busy,1,False,0.81,0.92,echo_ms,58,0.612282
latency,tmux,other-busy,1,False,0.81,0.92,echo_ms,59,0.614984
latency,tmux,other-busy,1,False,0.81,0.92,echo_ms,60,0.97017
latency,tmux,other-busy,1,False,0.81,0.92,echo_ms,61,0.854213
latency,tmux,other-busy,1,False,0.81,0.92,echo_ms,62,1.076687
latency,tmux,other-busy,1,False,0.81,0.92,echo_ms,63,0.607735
latency,tmux,other-busy,1,False,0.81,0.92,echo_ms,64,0.901613
latency,tmux,other-busy,1,False,0.81,0.92,echo_ms,65,0.59057
latency,tmux,other-busy,1,False,0.81,0.92,echo_ms,66,0.889596
latency,tmux,other-busy,1,False,0.81,0.92,echo_ms,67,0.745423
latency,tmux,other-busy,1,False,0.81,0.92,echo_ms,68,0.696299
latency,tmux,other-busy,1,False,0.81,0.92,echo_ms,69,0.83171
latency,tmux,other-busy,1,False,0.81,0.92,echo_ms,70,0.633273
latency,tmux,other-busy,1,False,0.81,0.92,echo_ms,71,0.906038
latency,tmux,other-busy,1,False,0.81,0.92,echo_ms,72,0.91318
latency,tmux,other-busy,1,False,0.81,0.92,echo_ms,73,0.94931
latency,tmux,other-busy,1,False,0.81,0.92,echo_ms,74,0.180332
latency,tmux,other-busy,1,False,0.81,0.92,echo_ms,75,0.846158
latency,tmux,other-busy,1,False,0.81,0.92,echo_ms,76,0.871926
latency,tmux,other-busy,1,False,0.81,0.92,echo_ms,77,1.015867
latency,tmux,other-busy,1,False,0.81,0.92,echo_ms,78,0.828554
latency,tmux,other-busy,1,False,0.81,0.92,echo_ms,79,0.873686
latency,tmux,other-busy,1,False,0.81,0.92,echo_ms,80,0.653391
latency,tmux,other-busy,1,False,0.81,0.92,echo_ms,81,0.872803
latency,tmux,other-busy,1,False,0.81,0.92,echo_ms,82,0.869791
latency,tmux,other-busy,1,False,0.81,0.92,echo_ms,83,0.826554
latency,tmux,other-busy,1,False,0.81,0.92,echo_ms,84,0.863822
latency,tmux,other-busy,1,False,0.81,0.92,echo_ms,85,0.832087
latency,tmux,other-busy,1,False,0.81,0.92,echo_ms,86,0.68714
latency,tmux,other-busy,1,False,0.81,0.92,echo_ms,87,0.717745
latency,tmux,other-busy,1,False,0.81,0.92,echo_ms,88,0.669017
latency,tmux,other-busy,1,False,0.81,0.92,echo_ms,89,0.929051
latency,tmux,other-busy,1,False,0.81,0.92,echo_ms,90,0.920493
latency,tmux,other-busy,1,False,0.81,0.92,echo_ms,91,0.671946
latency,tmux,other-busy,1,False,0.81,0.92,echo_ms,92,0.964391
latency,tmux,other-busy,1,False,0.81,0.92,echo_ms,93,0.766888
latency,tmux,other-busy,1,False,0.81,0.92,echo_ms,94,0.570641
latency,tmux,other-busy,1,False,0.81,0.92,echo_ms,95,0.556746
latency,tmux,other-busy,1,False,0.81,0.92,echo_ms,96,0.808214
latency,tmux,other-busy,1,False,0.81,0.92,echo_ms,97,0.771886
latency,tmux,other-busy,1,False,0.81,0.92,echo_ms,98,0.857846
latency,tmux,other-busy,1,False,0.81,0.92,echo_ms,99,0.662688
latency,tmux,other-busy,1,False,0.81,0.92,timeouts,,0
latency,herdr,other-busy,1,False,0.92,1.01,echo_ms,0,0.421884
latency,herdr,other-busy,1,False,0.92,1.01,echo_ms,1,0.520918
latency,herdr,other-busy,1,False,0.92,1.01,echo_ms,2,0.456907
latency,herdr,other-busy,1,False,0.92,1.01,echo_ms,3,0.434257
latency,herdr,other-busy,1,False,0.92,1.01,echo_ms,4,0.463647
latency,herdr,other-busy,1,False,0.92,1.01,echo_ms,5,0.500446
latency,herdr,other-busy,1,False,0.92,1.01,echo_ms,6,0.467078
latency,herdr,other-busy,1,False,0.92,1.01,echo_ms,7,0.458381
latency,herdr,other-busy,1,False,0.92,1.01,echo_ms,8,0.494517
latency,herdr,other-busy,1,False,0.92,1.01,echo_ms,9,0.414861
latency,herdr,other-busy,1,False,0.92,1.01,echo_ms,10,0.471273
latency,herdr,other-busy,1,False,0.92,1.01,echo_ms,11,0.417591
latency,herdr,other-busy,1,False,0.92,1.01,echo_ms,12,0.41452
latency,herdr,other-busy,1,False,0.92,1.01,echo_ms,13,0.390927
latency,herdr,other-busy,1,False,0.92,1.01,echo_ms,14,0.439915
latency,herdr,other-busy,1,False,0.92,1.01,echo_ms,15,0.421541
latency,herdr,other-busy,1,False,0.92,1.01,echo_ms,16,0.410955
latency,herdr,other-busy,1,False,0.92,1.01,echo_ms,17,0.561309
latency,herdr,other-busy,1,False,0.92,1.01,echo_ms,18,0.461936
latency,herdr,other-busy,1,False,0.92,1.01,echo_ms,19,0.434724
latency,herdr,other-busy,1,False,0.92,1.01,echo_ms,20,0.456283
latency,herdr,other-busy,1,False,0.92,1.01,echo_ms,21,0.594608
latency,herdr,other-busy,1,False,0.92,1.01,echo_ms,22,0.588058
latency,herdr,other-busy,1,False,0.92,1.01,echo_ms,23,0.648792
latency,herdr,other-busy,1,False,0.92,1.01,echo_ms,24,0.49225
latency,herdr,other-busy,1,False,0.92,1.01,echo_ms,25,0.459708
latency,herdr,other-busy,1,False,0.92,1.01,echo_ms,26,0.573738
latency,herdr,other-busy,1,False,0.92,1.01,echo_ms,27,0.455282
latency,herdr,other-busy,1,False,0.92,1.01,echo_ms,28,0.473938
latency,herdr,other-busy,1,False,0.92,1.01,echo_ms,29,0.470074
latency,herdr,other-busy,1,False,0.92,1.01,echo_ms,30,0.548029
latency,herdr,other-busy,1,False,0.92,1.01,echo_ms,31,0.406042
latency,herdr,other-busy,1,False,0.92,1.01,echo_ms,32,0.472269
latency,herdr,other-busy,1,False,0.92,1.01,echo_ms,33,0.427783
latency,herdr,other-busy,1,False,0.92,1.01,echo_ms,34,0.44483
latency,herdr,other-busy,1,False,0.92,1.01,echo_ms,35,0.528491
latency,herdr,other-busy,1,False,0.92,1.01,echo_ms,36,0.427428
latency,herdr,other-busy,1,False,0.92,1.01,echo_ms,37,0.451628
latency,herdr,other-busy,1,False,0.92,1.01,echo_ms,38,0.434135
latency,herdr,other-busy,1,False,0.92,1.01,echo_ms,39,0.444558
latency,herdr,other-busy,1,False,0.92,1.01,echo_ms,40,0.438438
latency,herdr,other-busy,1,False,0.92,1.01,echo_ms,41,0.411482
latency,herdr,other-busy,1,False,0.92,1.01,echo_ms,42,0.493013
latency,herdr,other-busy,1,False,0.92,1.01,echo_ms,43,0.443292
latency,herdr,other-busy,1,False,0.92,1.01,echo_ms,44,0.547178
latency,herdr,other-busy,1,False,0.92,1.01,echo_ms,45,0.425665
latency,herdr,other-busy,1,False,0.92,1.01,echo_ms,46,0.442343
latency,herdr,other-busy,1,False,0.92,1.01,echo_ms,47,0.444205
latency,herdr,other-busy,1,False,0.92,1.01,echo_ms,48,0.430069
latency,herdr,other-busy,1,False,0.92,1.01,echo_ms,49,0.441903
latency,herdr,other-busy,1,False,0.92,1.01,echo_ms,50,0.44011
latency,herdr,other-busy,1,False,0.92,1.01,echo_ms,51,0.474635
latency,herdr,other-busy,1,False,0.92,1.01,echo_ms,52,0.506365
latency,herdr,other-busy,1,False,0.92,1.01,echo_ms,53,0.426894
latency,herdr,other-busy,1,False,0.92,1.01,echo_ms,54,0.458505
latency,herdr,other-busy,1,False,0.92,1.01,echo_ms,55,0.459009
latency,herdr,other-busy,1,False,0.92,1.01,echo_ms,56,0.485649
latency,herdr,other-busy,1,False,0.92,1.01,echo_ms,57,0.489917
latency,herdr,other-busy,1,False,0.92,1.01,echo_ms,58,0.452325
latency,herdr,other-busy,1,False,0.92,1.01,echo_ms,59,0.455892
latency,herdr,other-busy,1,False,0.92,1.01,echo_ms,60,0.452515
latency,herdr,other-busy,1,False,0.92,1.01,echo_ms,61,0.41239
latency,herdr,other-busy,1,False,0.92,1.01,echo_ms,62,0.469349
latency,herdr,other-busy,1,False,0.92,1.01,echo_ms,63,0.435049
latency,herdr,other-busy,1,False,0.92,1.01,echo_ms,64,0.443629
latency,herdr,other-busy,1,False,0.92,1.01,echo_ms,65,0.475883
latency,herdr,other-busy,1,False,0.92,1.01,echo_ms,66,0.529206
latency,herdr,other-busy,1,False,0.92,1.01,echo_ms,67,0.420712
latency,herdr,other-busy,1,False,0.92,1.01,echo_ms,68,0.414477
latency,herdr,other-busy,1,False,0.92,1.01,echo_ms,69,0.46966
latency,herdr,other-busy,1,False,0.92,1.01,echo_ms,70,0.509682
latency,herdr,other-busy,1,False,0.92,1.01,echo_ms,71,0.551236
latency,herdr,other-busy,1,False,0.92,1.01,echo_ms,72,0.423358
latency,herdr,other-busy,1,False,0.92,1.01,echo_ms,73,0.425722
latency,herdr,other-busy,1,False,0.92,1.01,echo_ms,74,0.503982
latency,herdr,other-busy,1,False,0.92,1.01,echo_ms,75,0.41778
latency,herdr,other-busy,1,False,0.92,1.01,echo_ms,76,0.509413
latency,herdr,other-busy,1,False,0.92,1.01,echo_ms,77,0.435695
latency,herdr,other-busy,1,False,0.92,1.01,echo_ms,78,0.503147
latency,herdr,other-busy,1,False,0.92,1.01,echo_ms,79,0.453733
latency,herdr,other-busy,1,False,0.92,1.01,echo_ms,80,0.434652
latency,herdr,other-busy,1,False,0.92,1.01,echo_ms,81,0.48292
latency,herdr,other-busy,1,False,0.92,1.01,echo_ms,82,0.430093
latency,herdr,other-busy,1,False,0.92,1.01,echo_ms,83,0.454291
latency,herdr,other-busy,1,False,0.92,1.01,echo_ms,84,0.56361
latency,herdr,other-busy,1,False,0.92,1.01,echo_ms,85,0.452627
latency,herdr,other-busy,1,False,0.92,1.01,echo_ms,86,0.430709
latency,herdr,other-busy,1,False,0.92,1.01,echo_ms,87,0.519589
latency,herdr,other-busy,1,False,0.92,1.01,echo_ms,88,0.453654
latency,herdr,other-busy,1,False,0.92,1.01,echo_ms,89,0.845557
latency,herdr,other-busy,1,False,0.92,1.01,echo_ms,90,0.463107
latency,herdr,other-busy,1,False,0.92,1.01,echo_ms,91,0.423887
latency,herdr,other-busy,1,False,0.92,1.01,echo_ms,92,0.438923
latency,herdr,other-busy,1,False,0.92,1.01,echo_ms,93,0.471391
latency,herdr,other-busy,1,False,0.92,1.01,echo_ms,94,0.482598
latency,herdr,other-busy,1,False,0.92,1.01,echo_ms,95,0.45194
latency,herdr,other-busy,1,False,0.92,1.01,echo_ms,96,0.416614
latency,herdr,other-busy,1,False,0.92,1.01,echo_ms,97,0.466908
latency,herdr,other-busy,1,False,0.92,1.01,echo_ms,98,0.475689
latency,herdr,other-busy,1,False,0.92,1.01,echo_ms,99,0.530922
latency,herdr,other-busy,1,False,0.92,1.01,timeouts,,0
latency,thurbox,other-busy,1,False,1.01,1.16,echo_ms,0,21.735973
latency,thurbox,other-busy,1,False,1.01,1.16,echo_ms,1,42.252552
latency,thurbox,other-busy,1,False,1.01,1.16,echo_ms,2,42.517729
latency,thurbox,other-busy,1,False,1.01,1.16,echo_ms,3,42.394508
latency,thurbox,other-busy,1,False,1.01,1.16,echo_ms,4,42.523645
latency,thurbox,other-busy,1,False,1.01,1.16,echo_ms,5,11.241808
latency,thurbox,other-busy,1,False,1.01,1.16,echo_ms,6,11.104759
latency,thurbox,other-busy,1,False,1.01,1.16,echo_ms,7,42.492191
latency,thurbox,other-busy,1,False,1.01,1.16,echo_ms,8,42.283038
latency,thurbox,other-busy,1,False,1.01,1.16,echo_ms,9,42.698233
latency,thurbox,other-busy,1,False,1.01,1.16,echo_ms,10,42.07011
latency,thurbox,other-busy,1,False,1.01,1.16,echo_ms,11,42.452757
latency,thurbox,other-busy,1,False,1.01,1.16,echo_ms,12,42.710045
latency,thurbox,other-busy,1,False,1.01,1.16,echo_ms,13,11.114526
latency,thurbox,other-busy,1,False,1.01,1.16,echo_ms,14,1.786165
latency,thurbox,other-busy,1,False,1.01,1.16,echo_ms,15,43.247084
latency,thurbox,other-busy,1,False,1.01,1.16,echo_ms,16,42.143066
latency,thurbox,other-busy,1,False,1.01,1.16,echo_ms,17,42.540036
latency,thurbox,other-busy,1,False,1.01,1.16,echo_ms,18,42.249929
latency,thurbox,other-busy,1,False,1.01,1.16,echo_ms,19,42.745602
latency,thurbox,other-busy,1,False,1.01,1.16,echo_ms,20,11.611332
latency,thurbox,other-busy,1,False,1.01,1.16,echo_ms,21,11.149561
latency,thurbox,other-busy,1,False,1.01,1.16,echo_ms,22,11.580258
latency,thurbox,other-busy,1,False,1.01,1.16,echo_ms,23,11.091565
latency,thurbox,other-busy,1,False,1.01,1.16,echo_ms,24,1.594872
latency,thurbox,other-busy,1,False,1.01,1.16,echo_ms,25,43.634401
latency,thurbox,other-busy,1,False,1.01,1.16,echo_ms,26,1.625816
latency,thurbox,other-busy,1,False,1.01,1.16,echo_ms,27,11.443344
latency,thurbox,other-busy,1,False,1.01,1.16,echo_ms,28,42.667262
latency,thurbox,other-busy,1,False,1.01,1.16,echo_ms,29,21.578728
latency,thurbox,other-busy,1,False,1.01,1.16,echo_ms,30,42.639784
latency,thurbox,other-busy,1,False,1.01,1.16,echo_ms,31,11.139532
latency,thurbox,other-busy,1,False,1.01,1.16,echo_ms,32,11.070774
latency,thurbox,other-busy,1,False,1.01,1.16,echo_ms,33,42.858614
latency,thurbox,other-busy,1,False,1.01,1.16,echo_ms,34,42.195597
latency,thurbox,other-busy,1,False,1.01,1.16,echo_ms,35,42.514122
latency,thurbox,other-busy,1,False,1.01,1.16,echo_ms,36,42.611951
latency,thurbox,other-busy,1,False,1.01,1.16,echo_ms,37,42.188552
latency,thurbox,other-busy,1,False,1.01,1.16,echo_ms,38,42.526953
latency,thurbox,other-busy,1,False,1.01,1.16,echo_ms,39,42.074743
latency,thurbox,other-busy,1,False,1.01,1.16,echo_ms,40,21.853366
latency,thurbox,other-busy,1,False,1.01,1.16,echo_ms,41,42.42931
latency,thurbox,other-busy,1,False,1.01,1.16,echo_ms,42,11.241255
latency,thurbox,other-busy,1,False,1.01,1.16,echo_ms,43,11.346309
latency,thurbox,other-busy,1,False,1.01,1.16,echo_ms,44,43.290444
latency,thurbox,other-busy,1,False,1.01,1.16,echo_ms,45,42.343866
latency,thurbox,other-busy,1,False,1.01,1.16,echo_ms,46,42.945651
latency,thurbox,other-busy,1,False,1.01,1.16,echo_ms,47,42.671485
latency,thurbox,other-busy,1,False,1.01,1.16,echo_ms,48,42.042343
latency,thurbox,other-busy,1,False,1.01,1.16,echo_ms,49,42.742333
latency,thurbox,other-busy,1,False,1.01,1.16,echo_ms,50,42.485314
latency,thurbox,other-busy,1,False,1.01,1.16,echo_ms,51,1.670583
latency,thurbox,other-busy,1,False,1.01,1.16,echo_ms,52,11.108003
latency,thurbox,other-busy,1,False,1.01,1.16,echo_ms,53,22.32439
latency,thurbox,other-busy,1,False,1.01,1.16,echo_ms,54,42.610606
latency,thurbox,other-busy,1,False,1.01,1.16,echo_ms,55,12.008089
latency,thurbox,other-busy,1,False,1.01,1.16,echo_ms,56,21.288999
latency,thurbox,other-busy,1,False,1.01,1.16,echo_ms,57,22.312915
latency,thurbox,other-busy,1,False,1.01,1.16,echo_ms,58,42.230815
latency,thurbox,other-busy,1,False,1.01,1.16,echo_ms,59,43.093329
latency,thurbox,other-busy,1,False,1.01,1.16,echo_ms,60,42.619869
latency,thurbox,other-busy,1,False,1.01,1.16,echo_ms,61,11.248789
latency,thurbox,other-busy,1,False,1.01,1.16,echo_ms,62,42.66122
latency,thurbox,other-busy,1,False,1.01,1.16,echo_ms,63,11.132731
latency,thurbox,other-busy,1,False,1.01,1.16,echo_ms,64,21.207148
latency,thurbox,other-busy,1,False,1.01,1.16,echo_ms,65,23.519896
latency,thurbox,other-busy,1,False,1.01,1.16,echo_ms,66,42.599352
latency,thurbox,other-busy,1,False,1.01,1.16,echo_ms,67,11.10069
latency,thurbox,other-busy,1,False,1.01,1.16,echo_ms,68,11.108545
latency,thurbox,other-busy,1,False,1.01,1.16,echo_ms,69,42.439335
latency,thurbox,other-busy,1,False,1.01,1.16,echo_ms,70,42.21151
latency,thurbox,other-busy,1,False,1.01,1.16,echo_ms,71,42.413334
latency,thurbox,other-busy,1,False,1.01,1.16,echo_ms,72,42.387553
latency,thurbox,other-busy,1,False,1.01,1.16,echo_ms,73,11.783662
latency,thurbox,other-busy,1,False,1.01,1.16,echo_ms,74,42.018088
latency,thurbox,other-busy,1,False,1.01,1.16,echo_ms,75,11.725493
latency,thurbox,other-busy,1,False,1.01,1.16,echo_ms,76,42.174235
latency,thurbox,other-busy,1,False,1.01,1.16,echo_ms,77,11.670448
latency,thurbox,other-busy,1,False,1.01,1.16,echo_ms,78,42.529647
latency,thurbox,other-busy,1,False,1.01,1.16,echo_ms,79,42.53674
latency,thurbox,other-busy,1,False,1.01,1.16,echo_ms,80,42.094676
latency,thurbox,other-busy,1,False,1.01,1.16,echo_ms,81,42.476739
latency,thurbox,other-busy,1,False,1.01,1.16,echo_ms,82,21.245209
latency,thurbox,other-busy,1,False,1.01,1.16,echo_ms,83,21.158572
latency,thurbox,other-busy,1,False,1.01,1.16,echo_ms,84,42.449756
latency,thurbox,other-busy,1,False,1.01,1.16,echo_ms,85,21.619407
latency,thurbox,other-busy,1,False,1.01,1.16,echo_ms,86,42.537032
latency,thurbox,other-busy,1,False,1.01,1.16,echo_ms,87,43.211249
latency,thurbox,other-busy,1,False,1.01,1.16,echo_ms,88,42.201392
latency,thurbox,other-busy,1,False,1.01,1.16,echo_ms,89,22.814331
latency,thurbox,other-busy,1,False,1.01,1.16,echo_ms,90,42.728948
latency,thurbox,other-busy,1,False,1.01,1.16,echo_ms,91,11.239735
latency,thurbox,other-busy,1,False,1.01,1.16,echo_ms,92,21.153976
latency,thurbox,other-busy,1,False,1.01,1.16,echo_ms,93,42.510444
latency,thurbox,other-busy,1,False,1.01,1.16,echo_ms,94,11.333991
latency,thurbox,other-busy,1,False,1.01,1.16,echo_ms,95,21.187282
latency,thurbox,other-busy,1,False,1.01,1.16,echo_ms,96,42.644501
latency,thurbox,other-busy,1,False,1.01,1.16,echo_ms,97,42.333111
latency,thurbox,other-busy,1,False,1.01,1.16,echo_ms,98,11.205401
latency,thurbox,other-busy,1,False,1.01,1.16,echo_ms,99,43.291549
latency,thurbox,other-busy,1,False,1.01,1.16,timeouts,,0
latency,tmux,other-busy,2,False,1.16,1.14,echo_ms,0,0.80125
latency,tmux,other-busy,2,False,1.16,1.14,echo_ms,1,0.709476
latency,tmux,other-busy,2,False,1.16,1.14,echo_ms,2,0.689821
latency,tmux,other-busy,2,False,1.16,1.14,echo_ms,3,0.775132
latency,tmux,other-busy,2,False,1.16,1.14,echo_ms,4,0.774415
latency,tmux,other-busy,2,False,1.16,1.14,echo_ms,5,0.645074
latency,tmux,other-busy,2,False,1.16,1.14,echo_ms,6,0.868091
latency,tmux,other-busy,2,False,1.16,1.14,echo_ms,7,0.77877
latency,tmux,other-busy,2,False,1.16,1.14,echo_ms,8,0.745805
latency,tmux,other-busy,2,False,1.16,1.14,echo_ms,9,0.848451
latency,tmux,other-busy,2,False,1.16,1.14,echo_ms,10,0.826219
latency,tmux,other-busy,2,False,1.16,1.14,echo_ms,11,0.711762
latency,tmux,other-busy,2,False,1.16,1.14,echo_ms,12,0.811648
latency,tmux,other-busy,2,False,1.16,1.14,echo_ms,13,0.219292
latency,tmux,other-busy,2,False,1.16,1.14,echo_ms,14,0.713595
latency,tmux,other-busy,2,False,1.16,1.14,echo_ms,15,0.8762
latency,tmux,other-busy,2,False,1.16,1.14,echo_ms,16,0.780955
latency,tmux,other-busy,2,False,1.16,1.14,echo_ms,17,0.788652
latency,tmux,other-busy,2,False,1.16,1.14,echo_ms,18,0.365034
latency,tmux,other-busy,2,False,1.16,1.14,echo_ms,19,0.853185
latency,tmux,other-busy,2,False,1.16,1.14,echo_ms,20,0.726045
latency,tmux,other-busy,2,False,1.16,1.14,echo_ms,21,0.810706
latency,tmux,other-busy,2,False,1.16,1.14,echo_ms,22,0.763071
latency,tmux,other-busy,2,False,1.16,1.14,echo_ms,23,0.651961
latency,tmux,other-busy,2,False,1.16,1.14,echo_ms,24,0.809902
latency,tmux,other-busy,2,False,1.16,1.14,echo_ms,25,0.751493
latency,tmux,other-busy,2,False,1.16,1.14,echo_ms,26,0.608134
latency,tmux,other-busy,2,False,1.16,1.14,echo_ms,27,0.645401
latency,tmux,other-busy,2,False,1.16,1.14,echo_ms,28,0.82665
latency,tmux,other-busy,2,False,1.16,1.14,echo_ms,29,0.844106
latency,tmux,other-busy,2,False,1.16,1.14,echo_ms,30,0.702983
latency,tmux,other-busy,2,False,1.16,1.14,echo_ms,31,0.55426
latency,tmux,other-busy,2,False,1.16,1.14,echo_ms,32,0.854557
latency,tmux,other-busy,2,False,1.16,1.14,echo_ms,33,0.859111
latency,tmux,other-busy,2,False,1.16,1.14,echo_ms,34,0.889246
latency,tmux,other-busy,2,False,1.16,1.14,echo_ms,35,0.662344
latency,tmux,other-busy,2,False,1.16,1.14,echo_ms,36,0.826173
latency,tmux,other-busy,2,False,1.16,1.14,echo_ms,37,0.729147
latency,tmux,other-busy,2,False,1.16,1.14,echo_ms,38,0.694247
latency,tmux,other-busy,2,False,1.16,1.14,echo_ms,39,0.830159
latency,tmux,other-busy,2,False,1.16,1.14,echo_ms,40,0.830691
latency,tmux,other-busy,2,False,1.16,1.14,echo_ms,41,0.645675
latency,tmux,other-busy,2,False,1.16,1.14,echo_ms,42,0.97663
latency,tmux,other-busy,2,False,1.16,1.14,echo_ms,43,0.612686
latency,tmux,other-busy,2,False,1.16,1.14,echo_ms,44,0.78107
latency,tmux,other-busy,2,False,1.16,1.14,echo_ms,45,0.688793
latency,tmux,other-busy,2,False,1.16,1.14,echo_ms,46,1.003099
latency,tmux,other-busy,2,False,1.16,1.14,echo_ms,47,0.737027
latency,tmux,other-busy,2,False,1.16,1.14,echo_ms,48,0.57375
latency,tmux,other-busy,2,False,1.16,1.14,echo_ms,49,0.766894
latency,tmux,other-busy,2,False,1.16,1.14,echo_ms,50,0.589124
latency,tmux,other-busy,2,False,1.16,1.14,echo_ms,51,0.784096
latency,tmux,other-busy,2,False,1.16,1.14,echo_ms,52,0.579616
latency,tmux,other-busy,2,False,1.16,1.14,echo_ms,53,0.67124
latency,tmux,other-busy,2,False,1.16,1.14,echo_ms,54,0.677303
latency,tmux,other-busy,2,False,1.16,1.14,echo_ms,55,0.707815
latency,tmux,other-busy,2,False,1.16,1.14,echo_ms,56,1.001221
latency,tmux,other-busy,2,False,1.16,1.14,echo_ms,57,0.702964
latency,tmux,other-busy,2,False,1.16,1.14,echo_ms,58,1.10038
latency,tmux,other-busy,2,False,1.16,1.14,echo_ms,59,0.729276
latency,tmux,other-busy,2,False,1.16,1.14,echo_ms,60,0.689986
latency,tmux,other-busy,2,False,1.16,1.14,echo_ms,61,0.87128
latency,tmux,other-busy,2,False,1.16,1.14,echo_ms,62,0.798645
latency,tmux,other-busy,2,False,1.16,1.14,echo_ms,63,0.59145
latency,tmux,other-busy,2,False,1.16,1.14,echo_ms,64,0.760261
latency,tmux,other-busy,2,False,1.16,1.14,echo_ms,65,0.722534
latency,tmux,other-busy,2,False,1.16,1.14,echo_ms,66,0.659128
latency,tmux,other-busy,2,False,1.16,1.14,echo_ms,67,0.620138
latency,tmux,other-busy,2,False,1.16,1.14,echo_ms,68,0.630925
latency,tmux,other-busy,2,False,1.16,1.14,echo_ms,69,0.537435
latency,tmux,other-busy,2,False,1.16,1.14,echo_ms,70,0.716506
latency,tmux,other-busy,2,False,1.16,1.14,echo_ms,71,0.807056
latency,tmux,other-busy,2,False,1.16,1.14,echo_ms,72,0.651674
latency,tmux,other-busy,2,False,1.16,1.14,echo_ms,73,0.908308
latency,tmux,other-busy,2,False,1.16,1.14,echo_ms,74,0.765684
latency,tmux,other-busy,2,False,1.16,1.14,echo_ms,75,0.897449
latency,tmux,other-busy,2,False,1.16,1.14,echo_ms,76,0.762372
latency,tmux,other-busy,2,False,1.16,1.14,echo_ms,77,0.988191
latency,tmux,other-busy,2,False,1.16,1.14,echo_ms,78,0.705874
latency,tmux,other-busy,2,False,1.16,1.14,echo_ms,79,0.925981
latency,tmux,other-busy,2,False,1.16,1.14,echo_ms,80,0.665444
latency,tmux,other-busy,2,False,1.16,1.14,echo_ms,81,0.749307
latency,tmux,other-busy,2,False,1.16,1.14,echo_ms,82,0.907702
latency,tmux,other-busy,2,False,1.16,1.14,echo_ms,83,0.614039
latency,tmux,other-busy,2,False,1.16,1.14,echo_ms,84,0.625707
latency,tmux,other-busy,2,False,1.16,1.14,echo_ms,85,0.796987
latency,tmux,other-busy,2,False,1.16,1.14,echo_ms,86,0.703769
latency,tmux,other-busy,2,False,1.16,1.14,echo_ms,87,0.580342
latency,tmux,other-busy,2,False,1.16,1.14,echo_ms,88,0.208418
latency,tmux,other-busy,2,False,1.16,1.14,echo_ms,89,0.834057
latency,tmux,other-busy,2,False,1.16,1.14,echo_ms,90,0.722654
latency,tmux,other-busy,2,False,1.16,1.14,echo_ms,91,0.75748
latency,tmux,other-busy,2,False,1.16,1.14,echo_ms,92,0.704051
latency,tmux,other-busy,2,False,1.16,1.14,echo_ms,93,0.734323
latency,tmux,other-busy,2,False,1.16,1.14,echo_ms,94,1.018406
latency,tmux,other-busy,2,False,1.16,1.14,echo_ms,95,0.723361
latency,tmux,other-busy,2,False,1.16,1.14,echo_ms,96,0.811481
latency,tmux,other-busy,2,False,1.16,1.14,echo_ms,97,0.751627
latency,tmux,other-busy,2,False,1.16,1.14,echo_ms,98,0.825125
latency,tmux,other-busy,2,False,1.16,1.14,echo_ms,99,0.78909
latency,tmux,other-busy,2,False,1.16,1.14,timeouts,,0
latency,herdr,other-busy,2,False,1.14,1.12,echo_ms,0,0.612559
latency,herdr,other-busy,2,False,1.14,1.12,echo_ms,1,0.435986
latency,herdr,other-busy,2,False,1.14,1.12,echo_ms,2,0.541651
latency,herdr,other-busy,2,False,1.14,1.12,echo_ms,3,0.430647
latency,herdr,other-busy,2,False,1.14,1.12,echo_ms,4,0.47951
latency,herdr,other-busy,2,False,1.14,1.12,echo_ms,5,0.446216
latency,herdr,other-busy,2,False,1.14,1.12,echo_ms,6,0.446863
latency,herdr,other-busy,2,False,1.14,1.12,echo_ms,7,0.431441
latency,herdr,other-busy,2,False,1.14,1.12,echo_ms,8,0.532836
latency,herdr,other-busy,2,False,1.14,1.12,echo_ms,9,0.485175
latency,herdr,other-busy,2,False,1.14,1.12,echo_ms,10,0.418384
latency,herdr,other-busy,2,False,1.14,1.12,echo_ms,11,0.447042
latency,herdr,other-busy,2,False,1.14,1.12,echo_ms,12,0.555079
latency,herdr,other-busy,2,False,1.14,1.12,echo_ms,13,0.425477
latency,herdr,other-busy,2,False,1.14,1.12,echo_ms,14,0.419236
latency,herdr,other-busy,2,False,1.14,1.12,echo_ms,15,0.549257
latency,herdr,other-busy,2,False,1.14,1.12,echo_ms,16,0.453383
latency,herdr,other-busy,2,False,1.14,1.12,echo_ms,17,0.485851
latency,herdr,other-busy,2,False,1.14,1.12,echo_ms,18,0.456713
latency,herdr,other-busy,2,False,1.14,1.12,echo_ms,19,0.505364
latency,herdr,other-busy,2,False,1.14,1.12,echo_ms,20,0.485341
latency,herdr,other-busy,2,False,1.14,1.12,echo_ms,21,0.553169
latency,herdr,other-busy,2,False,1.14,1.12,echo_ms,22,0.522702
latency,herdr,other-busy,2,False,1.14,1.12,echo_ms,23,0.434811
latency,herdr,other-busy,2,False,1.14,1.12,echo_ms,24,0.454049
latency,herdr,other-busy,2,False,1.14,1.12,echo_ms,25,0.40389
latency,herdr,other-busy,2,False,1.14,1.12,echo_ms,26,0.434369
latency,herdr,other-busy,2,False,1.14,1.12,echo_ms,27,0.464754
latency,herdr,other-busy,2,False,1.14,1.12,echo_ms,28,0.557298
latency,herdr,other-busy,2,False,1.14,1.12,echo_ms,29,0.4762
latency,herdr,other-busy,2,False,1.14,1.12,echo_ms,30,0.463363
latency,herdr,other-busy,2,False,1.14,1.12,echo_ms,31,0.458055
latency,herdr,other-busy,2,False,1.14,1.12,echo_ms,32,0.458789
latency,herdr,other-busy,2,False,1.14,1.12,echo_ms,33,0.453418
latency,herdr,other-busy,2,False,1.14,1.12,echo_ms,34,0.446842
latency,herdr,other-busy,2,False,1.14,1.12,echo_ms,35,0.409323
latency,herdr,other-busy,2,False,1.14,1.12,echo_ms,36,0.553781
latency,herdr,other-busy,2,False,1.14,1.12,echo_ms,37,0.406706
latency,herdr,other-busy,2,False,1.14,1.12,echo_ms,38,0.421207
latency,herdr,other-busy,2,False,1.14,1.12,echo_ms,39,0.451372
latency,herdr,other-busy,2,False,1.14,1.12,echo_ms,40,0.474283
latency,herdr,other-busy,2,False,1.14,1.12,echo_ms,41,0.556157
latency,herdr,other-busy,2,False,1.14,1.12,echo_ms,42,0.50288
latency,herdr,other-busy,2,False,1.14,1.12,echo_ms,43,0.469855
latency,herdr,other-busy,2,False,1.14,1.12,echo_ms,44,0.543773
latency,herdr,other-busy,2,False,1.14,1.12,echo_ms,45,0.846018
latency,herdr,other-busy,2,False,1.14,1.12,echo_ms,46,0.495622
latency,herdr,other-busy,2,False,1.14,1.12,echo_ms,47,0.430679
latency,herdr,other-busy,2,False,1.14,1.12,echo_ms,48,0.428687
latency,herdr,other-busy,2,False,1.14,1.12,echo_ms,49,0.42964
latency,herdr,other-busy,2,False,1.14,1.12,echo_ms,50,0.438107
latency,herdr,other-busy,2,False,1.14,1.12,echo_ms,51,0.476597
latency,herdr,other-busy,2,False,1.14,1.12,echo_ms,52,0.451083
latency,herdr,other-busy,2,False,1.14,1.12,echo_ms,53,0.472006
latency,herdr,other-busy,2,False,1.14,1.12,echo_ms,54,0.446486
latency,herdr,other-busy,2,False,1.14,1.12,echo_ms,55,0.460657
latency,herdr,other-busy,2,False,1.14,1.12,echo_ms,56,0.455073
latency,herdr,other-busy,2,False,1.14,1.12,echo_ms,57,0.488589
latency,herdr,other-busy,2,False,1.14,1.12,echo_ms,58,0.425658
latency,herdr,other-busy,2,False,1.14,1.12,echo_ms,59,0.527654
latency,herdr,other-busy,2,False,1.14,1.12,echo_ms,60,0.463703
latency,herdr,other-busy,2,False,1.14,1.12,echo_ms,61,0.537348
latency,herdr,other-busy,2,False,1.14,1.12,echo_ms,62,0.477091
latency,herdr,other-busy,2,False,1.14,1.12,echo_ms,63,0.435441
latency,herdr,other-busy,2,False,1.14,1.12,echo_ms,64,0.437885
latency,herdr,other-busy,2,False,1.14,1.12,echo_ms,65,0.437627
latency,herdr,other-busy,2,False,1.14,1.12,echo_ms,66,0.440072
latency,herdr,other-busy,2,False,1.14,1.12,echo_ms,67,0.436896
latency,herdr,other-busy,2,False,1.14,1.12,echo_ms,68,0.431886
latency,herdr,other-busy,2,False,1.14,1.12,echo_ms,69,0.456189
latency,herdr,other-busy,2,False,1.14,1.12,echo_ms,70,0.654974
latency,herdr,other-busy,2,False,1.14,1.12,echo_ms,71,0.485564
latency,herdr,other-busy,2,False,1.14,1.12,echo_ms,72,0.485115
latency,herdr,other-busy,2,False,1.14,1.12,echo_ms,73,0.492104
latency,herdr,other-busy,2,False,1.14,1.12,echo_ms,74,0.421463
latency,herdr,other-busy,2,False,1.14,1.12,echo_ms,75,0.411405
latency,herdr,other-busy,2,False,1.14,1.12,echo_ms,76,0.396092
latency,herdr,other-busy,2,False,1.14,1.12,echo_ms,77,0.451199
latency,herdr,other-busy,2,False,1.14,1.12,echo_ms,78,0.455883
latency,herdr,other-busy,2,False,1.14,1.12,echo_ms,79,0.473318
latency,herdr,other-busy,2,False,1.14,1.12,echo_ms,80,0.429123
latency,herdr,other-busy,2,False,1.14,1.12,echo_ms,81,0.468693
latency,herdr,other-busy,2,False,1.14,1.12,echo_ms,82,0.44721
latency,herdr,other-busy,2,False,1.14,1.12,echo_ms,83,0.440743
latency,herdr,other-busy,2,False,1.14,1.12,echo_ms,84,0.420461
latency,herdr,other-busy,2,False,1.14,1.12,echo_ms,85,0.500295
latency,herdr,other-busy,2,False,1.14,1.12,echo_ms,86,0.446074
latency,herdr,other-busy,2,False,1.14,1.12,echo_ms,87,0.47824
latency,herdr,other-busy,2,False,1.14,1.12,echo_ms,88,0.411718
latency,herdr,other-busy,2,False,1.14,1.12,echo_ms,89,0.498781
latency,herdr,other-busy,2,False,1.14,1.12,echo_ms,90,0.564409
latency,herdr,other-busy,2,False,1.14,1.12,echo_ms,91,0.427014
latency,herdr,other-busy,2,False,1.14,1.12,echo_ms,92,0.437062
latency,herdr,other-busy,2,False,1.14,1.12,echo_ms,93,0.464169
latency,herdr,other-busy,2,False,1.14,1.12,echo_ms,94,0.422486
latency,herdr,other-busy,2,False,1.14,1.12,echo_ms,95,0.444345
latency,herdr,other-busy,2,False,1.14,1.12,echo_ms,96,0.435167
latency,herdr,other-busy,2,False,1.14,1.12,echo_ms,97,0.457131
latency,herdr,other-busy,2,False,1.14,1.12,echo_ms,98,0.467799
latency,herdr,other-busy,2,False,1.14,1.12,echo_ms,99,0.536746
latency,herdr,other-busy,2,False,1.14,1.12,timeouts,,0
latency,thurbox,other-busy,2,False,1.12,1.26,echo_ms,0,22.906502
latency,thurbox,other-busy,2,False,1.12,1.26,echo_ms,1,21.279715
latency,thurbox,other-busy,2,False,1.12,1.26,echo_ms,2,42.852285
latency,thurbox,other-busy,2,False,1.12,1.26,echo_ms,3,21.171325
latency,thurbox,other-busy,2,False,1.12,1.26,echo_ms,4,42.471916
latency,thurbox,other-busy,2,False,1.12,1.26,echo_ms,5,11.157044
latency,thurbox,other-busy,2,False,1.12,1.26,echo_ms,6,42.44815
latency,thurbox,other-busy,2,False,1.12,1.26,echo_ms,7,21.198095
latency,thurbox,other-busy,2,False,1.12,1.26,echo_ms,8,42.261831
latency,thurbox,other-busy,2,False,1.12,1.26,echo_ms,9,42.552864
latency,thurbox,other-busy,2,False,1.12,1.26,echo_ms,10,11.249222
latency,thurbox,other-busy,2,False,1.12,1.26,echo_ms,11,42.581131
latency,thurbox,other-busy,2,False,1.12,1.26,echo_ms,12,33.800047
latency,thurbox,other-busy,2,False,1.12,1.26,echo_ms,13,42.172222
latency,thurbox,other-busy,2,False,1.12,1.26,echo_ms,14,42.738141
latency,thurbox,other-busy,2,False,1.12,1.26,echo_ms,15,42.476733
latency,thurbox,other-busy,2,False,1.12,1.26,echo_ms,16,11.173849
latency,thurbox,other-busy,2,False,1.12,1.26,echo_ms,17,21.307697
latency,thurbox,other-busy,2,False,1.12,1.26,echo_ms,18,42.102643
latency,thurbox,other-busy,2,False,1.12,1.26,echo_ms,19,42.545883
latency,thurbox,other-busy,2,False,1.12,1.26,echo_ms,20,21.306426
latency,thurbox,other-busy,2,False,1.12,1.26,echo_ms,21,42.294451
latency,thurbox,other-busy,2,False,1.12,1.26,echo_ms,22,11.604889
latency,thurbox,other-busy,2,False,1.12,1.26,echo_ms,23,42.181679
latency,thurbox,other-busy,2,False,1.12,1.26,echo_ms,24,22.937126
latency,thurbox,other-busy,2,False,1.12,1.26,echo_ms,25,24.239313
latency,thurbox,other-busy,2,False,1.12,1.26,echo_ms,26,43.158024
latency,thurbox,other-busy,2,False,1.12,1.26,echo_ms,27,21.245297
latency,thurbox,other-busy,2,False,1.12,1.26,echo_ms,28,22.346075
latency,thurbox,other-busy,2,False,1.12,1.26,echo_ms,29,42.261525
latency,thurbox,other-busy,2,False,1.12,1.26,echo_ms,30,42.679773
latency,thurbox,other-busy,2,False,1.12,1.26,echo_ms,31,42.556011
latency,thurbox,other-busy,2,False,1.12,1.26,echo_ms,32,42.408175
latency,thurbox,other-busy,2,False,1.12,1.26,echo_ms,33,42.56132
latency,thurbox,other-busy,2,False,1.12,1.26,echo_ms,34,42.472615
latency,thurbox,other-busy,2,False,1.12,1.26,echo_ms,35,21.587127
latency,thurbox,other-busy,2,False,1.12,1.26,echo_ms,36,42.65871
latency,thurbox,other-busy,2,False,1.12,1.26,echo_ms,37,23.047338
latency,thurbox,other-busy,2,False,1.12,1.26,echo_ms,38,42.404047
latency,thurbox,other-busy,2,False,1.12,1.26,echo_ms,39,42.656686
latency,thurbox,other-busy,2,False,1.12,1.26,echo_ms,40,11.251349
latency,thurbox,other-busy,2,False,1.12,1.26,echo_ms,41,11.210549
latency,thurbox,other-busy,2,False,1.12,1.26,echo_ms,42,11.144626
latency,thurbox,other-busy,2,False,1.12,1.26,echo_ms,43,22.145712
latency,thurbox,other-busy,2,False,1.12,1.26,echo_ms,44,21.18166
latency,thurbox,other-busy,2,False,1.12,1.26,echo_ms,45,22.195711
latency,thurbox,other-busy,2,False,1.12,1.26,echo_ms,46,42.702021
latency,thurbox,other-busy,2,False,1.12,1.26,echo_ms,47,42.312355
latency,thurbox,other-busy,2,False,1.12,1.26,echo_ms,48,42.527059
latency,thurbox,other-busy,2,False,1.12,1.26,echo_ms,49,11.137684
latency,thurbox,other-busy,2,False,1.12,1.26,echo_ms,50,11.209424
latency,thurbox,other-busy,2,False,1.12,1.26,echo_ms,51,42.506356
latency,thurbox,other-busy,2,False,1.12,1.26,echo_ms,52,11.044255
latency,thurbox,other-busy,2,False,1.12,1.26,echo_ms,53,21.397162
latency,thurbox,other-busy,2,False,1.12,1.26,echo_ms,54,42.987687
latency,thurbox,other-busy,2,False,1.12,1.26,echo_ms,55,11.461364
latency,thurbox,other-busy,2,False,1.12,1.26,echo_ms,56,11.094959
latency,thurbox,other-busy,2,False,1.12,1.26,echo_ms,57,42.825029
latency,thurbox,other-busy,2,False,1.12,1.26,echo_ms,58,11.061579
latency,thurbox,other-busy,2,False,1.12,1.26,echo_ms,59,21.189278
latency,thurbox,other-busy,2,False,1.12,1.26,echo_ms,60,21.137702
latency,thurbox,other-busy,2,False,1.12,1.26,echo_ms,61,42.67476
latency,thurbox,other-busy,2,False,1.12,1.26,echo_ms,62,21.834115
latency,thurbox,other-busy,2,False,1.12,1.26,echo_ms,63,42.373267
latency,thurbox,other-busy,2,False,1.12,1.26,echo_ms,64,11.07328
latency,thurbox,other-busy,2,False,1.12,1.26,echo_ms,65,42.110487
latency,thurbox,other-busy,2,False,1.12,1.26,echo_ms,66,42.556736
latency,thurbox,other-busy,2,False,1.12,1.26,echo_ms,67,11.432146
latency,thurbox,other-busy,2,False,1.12,1.26,echo_ms,68,21.31824
latency,thurbox,other-busy,2,False,1.12,1.26,echo_ms,69,42.377294
latency,thurbox,other-busy,2,False,1.12,1.26,echo_ms,70,42.61405
latency,thurbox,other-busy,2,False,1.12,1.26,echo_ms,71,42.052804
latency,thurbox,other-busy,2,False,1.12,1.26,echo_ms,72,22.192927
latency,thurbox,other-busy,2,False,1.12,1.26,echo_ms,73,21.358092
latency,thurbox,other-busy,2,False,1.12,1.26,echo_ms,74,21.490483
latency,thurbox,other-busy,2,False,1.12,1.26,echo_ms,75,21.52808
latency,thurbox,other-busy,2,False,1.12,1.26,echo_ms,76,21.811151
latency,thurbox,other-busy,2,False,1.12,1.26,echo_ms,77,11.453114
latency,thurbox,other-busy,2,False,1.12,1.26,echo_ms,78,42.048251
latency,thurbox,other-busy,2,False,1.12,1.26,echo_ms,79,11.204133
latency,thurbox,other-busy,2,False,1.12,1.26,echo_ms,80,21.126466
latency,thurbox,other-busy,2,False,1.12,1.26,echo_ms,81,42.47067
latency,thurbox,other-busy,2,False,1.12,1.26,echo_ms,82,42.621894
latency,thurbox,other-busy,2,False,1.12,1.26,echo_ms,83,43.14584
latency,thurbox,other-busy,2,False,1.12,1.26,echo_ms,84,11.079817
latency,thurbox,other-busy,2,False,1.12,1.26,echo_ms,85,11.138867
latency,thurbox,other-busy,2,False,1.12,1.26,echo_ms,86,42.546447
latency,thurbox,other-busy,2,False,1.12,1.26,echo_ms,87,42.898826
latency,thurbox,other-busy,2,False,1.12,1.26,echo_ms,88,42.531301
latency,thurbox,other-busy,2,False,1.12,1.26,echo_ms,89,11.126003
latency,thurbox,other-busy,2,False,1.12,1.26,echo_ms,90,21.565701
latency,thurbox,other-busy,2,False,1.12,1.26,echo_ms,91,11.057099
latency,thurbox,other-busy,2,False,1.12,1.26,echo_ms,92,42.559692
latency,thurbox,other-busy,2,False,1.12,1.26,echo_ms,93,42.490948
latency,thurbox,other-busy,2,False,1.12,1.26,echo_ms,94,43.037782
latency,thurbox,other-busy,2,False,1.12,1.26,echo_ms,95,21.153385
latency,thurbox,other-busy,2,False,1.12,1.26,echo_ms,96,11.342775
latency,thurbox,other-busy,2,False,1.12,1.26,echo_ms,97,42.682916
latency,thurbox,other-busy,2,False,1.12,1.26,echo_ms,98,12.103165
latency,thurbox,other-busy,2,False,1.12,1.26,echo_ms,99,11.396912
latency,thurbox,other-busy,2,False,1.12,1.26,timeouts,,0
latency,tmux,other-busy,3,False,1.26,1.38,echo_ms,0,0.824749
latency,tmux,other-busy,3,False,1.26,1.38,echo_ms,1,0.707026
latency,tmux,other-busy,3,False,1.26,1.38,echo_ms,2,0.666992
latency,tmux,other-busy,3,False,1.26,1.38,echo_ms,3,0.857789
latency,tmux,other-busy,3,False,1.26,1.38,echo_ms,4,0.722992
latency,tmux,other-busy,3,False,1.26,1.38,echo_ms,5,0.718278
latency,tmux,other-busy,3,False,1.26,1.38,echo_ms,6,0.795865
latency,tmux,other-busy,3,False,1.26,1.38,echo_ms,7,0.717405
latency,tmux,other-busy,3,False,1.26,1.38,echo_ms,8,0.965903
latency,tmux,other-busy,3,False,1.26,1.38,echo_ms,9,0.881883
latency,tmux,other-busy,3,False,1.26,1.38,echo_ms,10,0.796584
latency,tmux,other-busy,3,False,1.26,1.38,echo_ms,11,0.620246
latency,tmux,other-busy,3,False,1.26,1.38,echo_ms,12,0.892991
latency,tmux,other-busy,3,False,1.26,1.38,echo_ms,13,0.922354
latency,tmux,other-busy,3,False,1.26,1.38,echo_ms,14,0.790522
latency,tmux,other-busy,3,False,1.26,1.38,echo_ms,15,0.748497
latency,tmux,other-busy,3,False,1.26,1.38,echo_ms,16,0.862698
latency,tmux,other-busy,3,False,1.26,1.38,echo_ms,17,0.696762
latency,tmux,other-busy,3,False,1.26,1.38,echo_ms,18,0.8141
latency,tmux,other-busy,3,False,1.26,1.38,echo_ms,19,0.770143
latency,tmux,other-busy,3,False,1.26,1.38,echo_ms,20,0.746394
latency,tmux,other-busy,3,False,1.26,1.38,echo_ms,21,0.759073
latency,tmux,other-busy,3,False,1.26,1.38,echo_ms,22,0.732334
latency,tmux,other-busy,3,False,1.26,1.38,echo_ms,23,0.681746
latency,tmux,other-busy,3,False,1.26,1.38,echo_ms,24,0.912077
latency,tmux,other-busy,3,False,1.26,1.38,echo_ms,25,0.666029
latency,tmux,other-busy,3,False,1.26,1.38,echo_ms,26,0.653737
latency,tmux,other-busy,3,False,1.26,1.38,echo_ms,27,0.671891
latency,tmux,other-busy,3,False,1.26,1.38,echo_ms,28,0.817191
latency,tmux,other-busy,3,False,1.26,1.38,echo_ms,29,0.722864
latency,tmux,other-busy,3,False,1.26,1.38,echo_ms,30,0.84003
latency,tmux,other-busy,3,False,1.26,1.38,echo_ms,31,0.629822
latency,tmux,other-busy,3,False,1.26,1.38,echo_ms,32,0.792985
latency,tmux,other-busy,3,False,1.26,1.38,echo_ms,33,0.770157
latency,tmux,other-busy,3,False,1.26,1.38,echo_ms,34,0.565625
latency,tmux,other-busy,3,False,1.26,1.38,echo_ms,35,0.609
latency,tmux,other-busy,3,False,1.26,1.38,echo_ms,36,0.957075
latency,tmux,other-busy,3,False,1.26,1.38,echo_ms,37,0.731492
latency,tmux,other-busy,3,False,1.26,1.38,echo_ms,38,0.831275
latency,tmux,other-busy,3,False,1.26,1.38,echo_ms,39,0.91954
latency,tmux,other-busy,3,False,1.26,1.38,echo_ms,40,0.646851
latency,tmux,other-busy,3,False,1.26,1.38,echo_ms,41,0.825845
latency,tmux,other-busy,3,False,1.26,1.38,echo_ms,42,0.738724
latency,tmux,other-busy,3,False,1.26,1.38,echo_ms,43,0.937637
latency,tmux,other-busy,3,False,1.26,1.38,echo_ms,44,0.679301
latency,tmux,other-busy,3,False,1.26,1.38,echo_ms,45,0.425454
latency,tmux,other-busy,3,False,1.26,1.38,echo_ms,46,0.565404
latency,tmux,other-busy,3,False,1.26,1.38,echo_ms,47,0.705657
latency,tmux,other-busy,3,False,1.26,1.38,echo_ms,48,0.825487
latency,tmux,other-busy,3,False,1.26,1.38,echo_ms,49,0.843663
latency,tmux,other-busy,3,False,1.26,1.38,echo_ms,50,0.501011
latency,tmux,other-busy,3,False,1.26,1.38,echo_ms,51,1.00915
latency,tmux,other-busy,3,False,1.26,1.38,echo_ms,52,0.835915
latency,tmux,other-busy,3,False,1.26,1.38,echo_ms,53,0.796836
latency,tmux,other-busy,3,False,1.26,1.38,echo_ms,54,0.704355
latency,tmux,other-busy,3,False,1.26,1.38,echo_ms,55,0.853593
latency,tmux,other-busy,3,False,1.26,1.38,echo_ms,56,0.875908
latency,tmux,other-busy,3,False,1.26,1.38,echo_ms,57,0.76333
latency,tmux,other-busy,3,False,1.26,1.38,echo_ms,58,0.623746
latency,tmux,other-busy,3,False,1.26,1.38,echo_ms,59,0.671506
latency,tmux,other-busy,3,False,1.26,1.38,echo_ms,60,0.845775
latency,tmux,other-busy,3,False,1.26,1.38,echo_ms,61,0.807923
latency,tmux,other-busy,3,False,1.26,1.38,echo_ms,62,0.880489
latency,tmux,other-busy,3,False,1.26,1.38,echo_ms,63,0.707818
latency,tmux,other-busy,3,False,1.26,1.38,echo_ms,64,0.764243
latency,tmux,other-busy,3,False,1.26,1.38,echo_ms,65,0.561498
latency,tmux,other-busy,3,False,1.26,1.38,echo_ms,66,0.818201
latency,tmux,other-busy,3,False,1.26,1.38,echo_ms,67,0.65261
latency,tmux,other-busy,3,False,1.26,1.38,echo_ms,68,0.63549
latency,tmux,other-busy,3,False,1.26,1.38,echo_ms,69,0.263133
latency,tmux,other-busy,3,False,1.26,1.38,echo_ms,70,0.680165
latency,tmux,other-busy,3,False,1.26,1.38,echo_ms,71,0.626282
latency,tmux,other-busy,3,False,1.26,1.38,echo_ms,72,0.555652
latency,tmux,other-busy,3,False,1.26,1.38,echo_ms,73,0.648121
latency,tmux,other-busy,3,False,1.26,1.38,echo_ms,74,0.291465
latency,tmux,other-busy,3,False,1.26,1.38,echo_ms,75,0.67448
latency,tmux,other-busy,3,False,1.26,1.38,echo_ms,76,0.752915
latency,tmux,other-busy,3,False,1.26,1.38,echo_ms,77,1.02084
latency,tmux,other-busy,3,False,1.26,1.38,echo_ms,78,0.672948
latency,tmux,other-busy,3,False,1.26,1.38,echo_ms,79,0.747731
latency,tmux,other-busy,3,False,1.26,1.38,echo_ms,80,0.616499
latency,tmux,other-busy,3,False,1.26,1.38,echo_ms,81,0.826951
latency,tmux,other-busy,3,False,1.26,1.38,echo_ms,82,0.830176
latency,tmux,other-busy,3,False,1.26,1.38,echo_ms,83,0.58152
latency,tmux,other-busy,3,False,1.26,1.38,echo_ms,84,0.787159
latency,tmux,other-busy,3,False,1.26,1.38,echo_ms,85,0.632014
latency,tmux,other-busy,3,False,1.26,1.38,echo_ms,86,0.720403
latency,tmux,other-busy,3,False,1.26,1.38,echo_ms,87,0.847461
latency,tmux,other-busy,3,False,1.26,1.38,echo_ms,88,0.793518
latency,tmux,other-busy,3,False,1.26,1.38,echo_ms,89,0.750742
latency,tmux,other-busy,3,False,1.26,1.38,echo_ms,90,0.809576
latency,tmux,other-busy,3,False,1.26,1.38,echo_ms,91,0.850894
latency,tmux,other-busy,3,False,1.26,1.38,echo_ms,92,0.909069
latency,tmux,other-busy,3,False,1.26,1.38,echo_ms,93,0.633227
latency,tmux,other-busy,3,False,1.26,1.38,echo_ms,94,0.827341
latency,tmux,other-busy,3,False,1.26,1.38,echo_ms,95,0.21429
latency,tmux,other-busy,3,False,1.26,1.38,echo_ms,96,0.679611
latency,tmux,other-busy,3,False,1.26,1.38,echo_ms,97,0.612935
latency,tmux,other-busy,3,False,1.26,1.38,echo_ms,98,0.784144
latency,tmux,other-busy,3,False,1.26,1.38,echo_ms,99,0.678798
latency,tmux,other-busy,3,False,1.26,1.38,timeouts,,0
latency,herdr,other-busy,3,False,1.38,1.4,echo_ms,0,0.438115
latency,herdr,other-busy,3,False,1.38,1.4,echo_ms,1,0.494623
latency,herdr,other-busy,3,False,1.38,1.4,echo_ms,2,0.430799
latency,herdr,other-busy,3,False,1.38,1.4,echo_ms,3,0.40491
latency,herdr,other-busy,3,False,1.38,1.4,echo_ms,4,0.441816
latency,herdr,other-busy,3,False,1.38,1.4,echo_ms,5,0.478111
latency,herdr,other-busy,3,False,1.38,1.4,echo_ms,6,0.518879
latency,herdr,other-busy,3,False,1.38,1.4,echo_ms,7,0.476405
latency,herdr,other-busy,3,False,1.38,1.4,echo_ms,8,0.480362
latency,herdr,other-busy,3,False,1.38,1.4,echo_ms,9,0.442422
latency,herdr,other-busy,3,False,1.38,1.4,echo_ms,10,0.444967
latency,herdr,other-busy,3,False,1.38,1.4,echo_ms,11,0.568068
latency,herdr,other-busy,3,False,1.38,1.4,echo_ms,12,0.428035
latency,herdr,other-busy,3,False,1.38,1.4,echo_ms,13,0.533372
latency,herdr,other-busy,3,False,1.38,1.4,echo_ms,14,0.480703
latency,herdr,other-busy,3,False,1.38,1.4,echo_ms,15,0.51014
latency,herdr,other-busy,3,False,1.38,1.4,echo_ms,16,0.475157
latency,herdr,other-busy,3,False,1.38,1.4,echo_ms,17,0.510074
latency,herdr,other-busy,3,False,1.38,1.4,echo_ms,18,0.458552
latency,herdr,other-busy,3,False,1.38,1.4,echo_ms,19,0.45941
latency,herdr,other-busy,3,False,1.38,1.4,echo_ms,20,0.463477
latency,herdr,other-busy,3,False,1.38,1.4,echo_ms,21,0.418418
latency,herdr,other-busy,3,False,1.38,1.4,echo_ms,22,0.434902
latency,herdr,other-busy,3,False,1.38,1.4,echo_ms,23,0.565951
latency,herdr,other-busy,3,False,1.38,1.4,echo_ms,24,0.473853
latency,herdr,other-busy,3,False,1.38,1.4,echo_ms,25,0.488293
latency,herdr,other-busy,3,False,1.38,1.4,echo_ms,26,0.430456
latency,herdr,other-busy,3,False,1.38,1.4,echo_ms,27,0.561477
latency,herdr,other-busy,3,False,1.38,1.4,echo_ms,28,0.404305
latency,herdr,other-busy,3,False,1.38,1.4,echo_ms,29,0.541264
latency,herdr,other-busy,3,False,1.38,1.4,echo_ms,30,0.438716
latency,herdr,other-busy,3,False,1.38,1.4,echo_ms,31,0.549578
latency,herdr,other-busy,3,False,1.38,1.4,echo_ms,32,0.447774
latency,herdr,other-busy,3,False,1.38,1.4,echo_ms,33,0.455651
latency,herdr,other-busy,3,False,1.38,1.4,echo_ms,34,0.415088
latency,herdr,other-busy,3,False,1.38,1.4,echo_ms,35,0.439972
latency,herdr,other-busy,3,False,1.38,1.4,echo_ms,36,0.489386
latency,herdr,other-busy,3,False,1.38,1.4,echo_ms,37,0.453956
latency,herdr,other-busy,3,False,1.38,1.4,echo_ms,38,0.674101
latency,herdr,other-busy,3,False,1.38,1.4,echo_ms,39,0.453749
latency,herdr,other-busy,3,False,1.38,1.4,echo_ms,40,0.457304
latency,herdr,other-busy,3,False,1.38,1.4,echo_ms,41,0.416998
latency,herdr,other-busy,3,False,1.38,1.4,echo_ms,42,0.449569
latency,herdr,other-busy,3,False,1.38,1.4,echo_ms,43,0.4768
latency,herdr,other-busy,3,False,1.38,1.4,echo_ms,44,0.450588
latency,herdr,other-busy,3,False,1.38,1.4,echo_ms,45,0.517473
latency,herdr,other-busy,3,False,1.38,1.4,echo_ms,46,0.47197
latency,herdr,other-busy,3,False,1.38,1.4,echo_ms,47,0.488319
latency,herdr,other-busy,3,False,1.38,1.4,echo_ms,48,0.459751
latency,herdr,other-busy,3,False,1.38,1.4,echo_ms,49,0.528025
latency,herdr,other-busy,3,False,1.38,1.4,echo_ms,50,0.446369
latency,herdr,other-busy,3,False,1.38,1.4,echo_ms,51,0.444107
latency,herdr,other-busy,3,False,1.38,1.4,echo_ms,52,0.439102
latency,herdr,other-busy,3,False,1.38,1.4,echo_ms,53,0.48767
latency,herdr,other-busy,3,False,1.38,1.4,echo_ms,54,0.734606
latency,herdr,other-busy,3,False,1.38,1.4,echo_ms,55,0.492288
latency,herdr,other-busy,3,False,1.38,1.4,echo_ms,56,0.549088
latency,herdr,other-busy,3,False,1.38,1.4,echo_ms,57,0.608883
latency,herdr,other-busy,3,False,1.38,1.4,echo_ms,58,0.455732
latency,herdr,other-busy,3,False,1.38,1.4,echo_ms,59,0.451198
latency,herdr,other-busy,3,False,1.38,1.4,echo_ms,60,0.449426
latency,herdr,other-busy,3,False,1.38,1.4,echo_ms,61,0.437733
latency,herdr,other-busy,3,False,1.38,1.4,echo_ms,62,0.40811
latency,herdr,other-busy,3,False,1.38,1.4,echo_ms,63,0.4215
latency,herdr,other-busy,3,False,1.38,1.4,echo_ms,64,0.440773
latency,herdr,other-busy,3,False,1.38,1.4,echo_ms,65,0.431131
latency,herdr,other-busy,3,False,1.38,1.4,echo_ms,66,0.432978
latency,herdr,other-busy,3,False,1.38,1.4,echo_ms,67,0.444095
latency,herdr,other-busy,3,False,1.38,1.4,echo_ms,68,0.457452
latency,herdr,other-busy,3,False,1.38,1.4,echo_ms,69,0.421351
latency,herdr,other-busy,3,False,1.38,1.4,echo_ms,70,0.417152
latency,herdr,other-busy,3,False,1.38,1.4,echo_ms,71,0.419864
latency,herdr,other-busy,3,False,1.38,1.4,echo_ms,72,0.437756
latency,herdr,other-busy,3,False,1.38,1.4,echo_ms,73,0.410105
latency,herdr,other-busy,3,False,1.38,1.4,echo_ms,74,0.455753
latency,herdr,other-busy,3,False,1.38,1.4,echo_ms,75,0.470372
latency,herdr,other-busy,3,False,1.38,1.4,echo_ms,76,0.425256
latency,herdr,other-busy,3,False,1.38,1.4,echo_ms,77,0.5187
latency,herdr,other-busy,3,False,1.38,1.4,echo_ms,78,0.440372
latency,herdr,other-busy,3,False,1.38,1.4,echo_ms,79,0.43515
latency,herdr,other-busy,3,False,1.38,1.4,echo_ms,80,0.452298
latency,herdr,other-busy,3,False,1.38,1.4,echo_ms,81,0.434291
latency,herdr,other-busy,3,False,1.38,1.4,echo_ms,82,0.401024
latency,herdr,other-busy,3,False,1.38,1.4,echo_ms,83,0.432918
latency,herdr,other-busy,3,False,1.38,1.4,echo_ms,84,0.45779
latency,herdr,other-busy,3,False,1.38,1.4,echo_ms,85,0.468249
latency,herdr,other-busy,3,False,1.38,1.4,echo_ms,86,0.414561
latency,herdr,other-busy,3,False,1.38,1.4,echo_ms,87,0.462562
latency,herdr,other-busy,3,False,1.38,1.4,echo_ms,88,0.427546
latency,herdr,other-busy,3,False,1.38,1.4,echo_ms,89,0.507918
latency,herdr,other-busy,3,False,1.38,1.4,echo_ms,90,0.422203
latency,herdr,other-busy,3,False,1.38,1.4,echo_ms,91,0.426941
latency,herdr,other-busy,3,False,1.38,1.4,echo_ms,92,0.40948
latency,herdr,other-busy,3,False,1.38,1.4,echo_ms,93,0.3948
latency,herdr,other-busy,3,False,1.38,1.4,echo_ms,94,0.424717
latency,herdr,other-busy,3,False,1.38,1.4,echo_ms,95,0.422117
latency,herdr,other-busy,3,False,1.38,1.4,echo_ms,96,0.436818
latency,herdr,other-busy,3,False,1.38,1.4,echo_ms,97,0.452289
latency,herdr,other-busy,3,False,1.38,1.4,echo_ms,98,0.46907
latency,herdr,other-busy,3,False,1.38,1.4,echo_ms,99,0.44284
latency,herdr,other-busy,3,False,1.38,1.4,timeouts,,0
latency,thurbox,other-busy,3,False,1.4,1.57,echo_ms,0,42.541365
latency,thurbox,other-busy,3,False,1.4,1.57,echo_ms,1,21.246685
latency,thurbox,other-busy,3,False,1.4,1.57,echo_ms,2,42.677005
latency,thurbox,other-busy,3,False,1.4,1.57,echo_ms,3,11.192541
latency,thurbox,other-busy,3,False,1.4,1.57,echo_ms,4,43.104566
latency,thurbox,other-busy,3,False,1.4,1.57,echo_ms,5,42.52641
latency,thurbox,other-busy,3,False,1.4,1.57,echo_ms,6,42.333454
latency,thurbox,other-busy,3,False,1.4,1.57,echo_ms,7,11.139914
latency,thurbox,other-busy,3,False,1.4,1.57,echo_ms,8,11.347131
latency,thurbox,other-busy,3,False,1.4,1.57,echo_ms,9,42.362961
latency,thurbox,other-busy,3,False,1.4,1.57,echo_ms,10,42.700092
latency,thurbox,other-busy,3,False,1.4,1.57,echo_ms,11,21.175295
latency,thurbox,other-busy,3,False,1.4,1.57,echo_ms,12,42.299431
latency,thurbox,other-busy,3,False,1.4,1.57,echo_ms,13,44.090669
latency,thurbox,other-busy,3,False,1.4,1.57,echo_ms,14,42.194782
latency,thurbox,other-busy,3,False,1.4,1.57,echo_ms,15,42.731843
latency,thurbox,other-busy,3,False,1.4,1.57,echo_ms,16,42.840353
latency,thurbox,other-busy,3,False,1.4,1.57,echo_ms,17,42.151877
latency,thurbox,other-busy,3,False,1.4,1.57,echo_ms,18,42.59802
latency,thurbox,other-busy,3,False,1.4,1.57,echo_ms,19,42.234035
latency,thurbox,other-busy,3,False,1.4,1.57,echo_ms,20,43.884092
latency,thurbox,other-busy,3,False,1.4,1.57,echo_ms,21,21.259759
latency,thurbox,other-busy,3,False,1.4,1.57,echo_ms,22,42.245039
latency,thurbox,other-busy,3,False,1.4,1.57,echo_ms,23,42.493794
latency,thurbox,other-busy,3,False,1.4,1.57,echo_ms,24,44.21458
latency,thurbox,other-busy,3,False,1.4,1.57,echo_ms,25,21.959676
latency,thurbox,other-busy,3,False,1.4,1.57,echo_ms,26,11.079675
latency,thurbox,other-busy,3,False,1.4,1.57,echo_ms,27,43.421971
latency,thurbox,other-busy,3,False,1.4,1.57,echo_ms,28,11.936747
latency,thurbox,other-busy,3,False,1.4,1.57,echo_ms,29,42.628158
latency,thurbox,other-busy,3,False,1.4,1.57,echo_ms,30,11.131395
latency,thurbox,other-busy,3,False,1.4,1.57,echo_ms,31,42.324532
latency,thurbox,other-busy,3,False,1.4,1.57,echo_ms,32,11.118014
latency,thurbox,other-busy,3,False,1.4,1.57,echo_ms,33,42.643181
latency,thurbox,other-busy,3,False,1.4,1.57,echo_ms,34,11.121582
latency,thurbox,other-busy,3,False,1.4,1.57,echo_ms,35,44.349029
latency,thurbox,other-busy,3,False,1.4,1.57,echo_ms,36,42.682059
latency,thurbox,other-busy,3,False,1.4,1.57,echo_ms,37,42.139798
latency,thurbox,other-busy,3,False,1.4,1.57,echo_ms,38,11.517459
latency,thurbox,other-busy,3,False,1.4,1.57,echo_ms,39,42.735208
latency,thurbox,other-busy,3,False,1.4,1.57,echo_ms,40,42.618791
latency,thurbox,other-busy,3,False,1.4,1.57,echo_ms,41,22.671731
latency,thurbox,other-busy,3,False,1.4,1.57,echo_ms,42,21.224291
latency,thurbox,other-busy,3,False,1.4,1.57,echo_ms,43,21.737243
latency,thurbox,other-busy,3,False,1.4,1.57,echo_ms,44,11.126026
latency,thurbox,other-busy,3,False,1.4,1.57,echo_ms,45,42.635102
latency,thurbox,other-busy,3,False,1.4,1.57,echo_ms,46,42.600428
latency,thurbox,other-busy,3,False,1.4,1.57,echo_ms,47,11.107807
latency,thurbox,other-busy,3,False,1.4,1.57,echo_ms,48,11.502948
latency,thurbox,other-busy,3,False,1.4,1.57,echo_ms,49,42.261145
latency,thurbox,other-busy,3,False,1.4,1.57,echo_ms,50,42.754144
latency,thurbox,other-busy,3,False,1.4,1.57,echo_ms,51,21.175744
latency,thurbox,other-busy,3,False,1.4,1.57,echo_ms,52,43.502275
latency,thurbox,other-busy,3,False,1.4,1.57,echo_ms,53,11.137262
latency,thurbox,other-busy,3,False,1.4,1.57,echo_ms,54,22.197656
latency,thurbox,other-busy,3,False,1.4,1.57,echo_ms,55,42.741229
latency,thurbox,other-busy,3,False,1.4,1.57,echo_ms,56,42.457609
latency,thurbox,other-busy,3,False,1.4,1.57,echo_ms,57,42.964689
latency,thurbox,other-busy,3,False,1.4,1.57,echo_ms,58,21.131157
latency,thurbox,other-busy,3,False,1.4,1.57,echo_ms,59,42.831309
latency,thurbox,other-busy,3,False,1.4,1.57,echo_ms,60,42.712168
latency,thurbox,other-busy,3,False,1.4,1.57,echo_ms,61,42.177352
latency,thurbox,other-busy,3,False,1.4,1.57,echo_ms,62,42.629688
latency,thurbox,other-busy,3,False,1.4,1.57,echo_ms,63,11.290805
latency,thurbox,other-busy,3,False,1.4,1.57,echo_ms,64,11.07389
latency,thurbox,other-busy,3,False,1.4,1.57,echo_ms,65,21.51078
latency,thurbox,other-busy,3,False,1.4,1.57,echo_ms,66,42.262537
latency,thurbox,other-busy,3,False,1.4,1.57,echo_ms,67,11.028376
latency,thurbox,other-busy,3,False,1.4,1.57,echo_ms,68,42.521635
latency,thurbox,other-busy,3,False,1.4,1.57,echo_ms,69,21.759544
latency,thurbox,other-busy,3,False,1.4,1.57,echo_ms,70,21.223266
latency,thurbox,other-busy,3,False,1.4,1.57,echo_ms,71,42.596852
latency,thurbox,other-busy,3,False,1.4,1.57,echo_ms,72,42.261048
latency,thurbox,other-busy,3,False,1.4,1.57,echo_ms,73,21.257308
latency,thurbox,other-busy,3,False,1.4,1.57,echo_ms,74,21.20847
latency,thurbox,other-busy,3,False,1.4,1.57,echo_ms,75,11.076199
latency,thurbox,other-busy,3,False,1.4,1.57,echo_ms,76,42.591977
latency,thurbox,other-busy,3,False,1.4,1.57,echo_ms,77,21.203501
latency,thurbox,other-busy,3,False,1.4,1.57,echo_ms,78,45.094267
latency,thurbox,other-busy,3,False,1.4,1.57,echo_ms,79,42.444249
latency,thurbox,other-busy,3,False,1.4,1.57,echo_ms,80,42.408831
latency,thurbox,other-busy,3,False,1.4,1.57,echo_ms,81,42.650814
latency,thurbox,other-busy,3,False,1.4,1.57,echo_ms,82,42.134509
latency,thurbox,other-busy,3,False,1.4,1.57,echo_ms,83,11.108586
latency,thurbox,other-busy,3,False,1.4,1.57,echo_ms,84,21.416289
latency,thurbox,other-busy,3,False,1.4,1.57,echo_ms,85,12.635013
latency,thurbox,other-busy,3,False,1.4,1.57,echo_ms,86,21.195796
latency,thurbox,other-busy,3,False,1.4,1.57,echo_ms,87,42.344536
latency,thurbox,other-busy,3,False,1.4,1.57,echo_ms,88,42.553284
latency,thurbox,other-busy,3,False,1.4,1.57,echo_ms,89,42.731177
latency,thurbox,other-busy,3,False,1.4,1.57,echo_ms,90,21.290704
latency,thurbox,other-busy,3,False,1.4,1.57,echo_ms,91,42.767738
latency,thurbox,other-busy,3,False,1.4,1.57,echo_ms,92,42.080199
latency,thurbox,other-busy,3,False,1.4,1.57,echo_ms,93,13.788323
latency,thurbox,other-busy,3,False,1.4,1.57,echo_ms,94,42.741386
latency,thurbox,other-busy,3,False,1.4,1.57,echo_ms,95,42.062036
latency,thurbox,other-busy,3,False,1.4,1.57,echo_ms,96,42.631841
latency,thurbox,other-busy,3,False,1.4,1.57,echo_ms,97,11.072517
latency,thurbox,other-busy,3,False,1.4,1.57,echo_ms,98,11.627865
latency,thurbox,other-busy,3,False,1.4,1.57,echo_ms,99,42.143194
latency,thurbox,other-busy,3,False,1.4,1.57,timeouts,,0
latency,tmux,other-busy,4,False,1.57,1.48,echo_ms,0,0.839215
latency,tmux,other-busy,4,False,1.57,1.48,echo_ms,1,0.852805
latency,tmux,other-busy,4,False,1.57,1.48,echo_ms,2,0.865919
latency,tmux,other-busy,4,False,1.57,1.48,echo_ms,3,0.817167
latency,tmux,other-busy,4,False,1.57,1.48,echo_ms,4,0.716539
latency,tmux,other-busy,4,False,1.57,1.48,echo_ms,5,0.847725
latency,tmux,other-busy,4,False,1.57,1.48,echo_ms,6,0.788625
latency,tmux,other-busy,4,False,1.57,1.48,echo_ms,7,0.852639
latency,tmux,other-busy,4,False,1.57,1.48,echo_ms,8,0.916493
latency,tmux,other-busy,4,False,1.57,1.48,echo_ms,9,0.830517
latency,tmux,other-busy,4,False,1.57,1.48,echo_ms,10,0.823843
latency,tmux,other-busy,4,False,1.57,1.48,echo_ms,11,0.806203
latency,tmux,other-busy,4,False,1.57,1.48,echo_ms,12,0.649599
latency,tmux,other-busy,4,False,1.57,1.48,echo_ms,13,0.867626
latency,tmux,other-busy,4,False,1.57,1.48,echo_ms,14,0.929405
latency,tmux,other-busy,4,False,1.57,1.48,echo_ms,15,0.744395
latency,tmux,other-busy,4,False,1.57,1.48,echo_ms,16,0.634452
latency,tmux,other-busy,4,False,1.57,1.48,echo_ms,17,0.676382
latency,tmux,other-busy,4,False,1.57,1.48,echo_ms,18,0.871556
latency,tmux,other-busy,4,False,1.57,1.48,echo_ms,19,0.844814
latency,tmux,other-busy,4,False,1.57,1.48,echo_ms,20,0.753543
latency,tmux,other-busy,4,False,1.57,1.48,echo_ms,21,0.593018
latency,tmux,other-busy,4,False,1.57,1.48,echo_ms,22,0.994902
latency,tmux,other-busy,4,False,1.57,1.48,echo_ms,23,0.711642
latency,tmux,other-busy,4,False,1.57,1.48,echo_ms,24,0.924246
latency,tmux,other-busy,4,False,1.57,1.48,echo_ms,25,0.66092
latency,tmux,other-busy,4,False,1.57,1.48,echo_ms,26,0.818347
latency,tmux,other-busy,4,False,1.57,1.48,echo_ms,27,0.769716
latency,tmux,other-busy,4,False,1.57,1.48,echo_ms,28,0.573347
latency,tmux,other-busy,4,False,1.57,1.48,echo_ms,29,0.900967
latency,tmux,other-busy,4,False,1.57,1.48,echo_ms,30,1.008826
latency,tmux,other-busy,4,False,1.57,1.48,echo_ms,31,0.549688
latency,tmux,other-busy,4,False,1.57,1.48,echo_ms,32,0.639492
latency,tmux,other-busy,4,False,1.57,1.48,echo_ms,33,0.643128
latency,tmux,other-busy,4,False,1.57,1.48,echo_ms,34,0.703121
latency,tmux,other-busy,4,False,1.57,1.48,echo_ms,35,0.719915
latency,tmux,other-busy,4,False,1.57,1.48,echo_ms,36,0.634777
latency,tmux,other-busy,4,False,1.57,1.48,echo_ms,37,0.838998
latency,tmux,other-busy,4,False,1.57,1.48,echo_ms,38,0.564831
latency,tmux,other-busy,4,False,1.57,1.48,echo_ms,39,0.766315
latency,tmux,other-busy,4,False,1.57,1.48,echo_ms,40,0.717607
latency,tmux,other-busy,4,False,1.57,1.48,echo_ms,41,0.754889
latency,tmux,other-busy,4,False,1.57,1.48,echo_ms,42,0.828983
latency,tmux,other-busy,4,False,1.57,1.48,echo_ms,43,0.91916
latency,tmux,other-busy,4,False,1.57,1.48,echo_ms,44,0.849168
latency,tmux,other-busy,4,False,1.57,1.48,echo_ms,45,0.848384
latency,tmux,other-busy,4,False,1.57,1.48,echo_ms,46,0.629709
latency,tmux,other-busy,4,False,1.57,1.48,echo_ms,47,0.872294
latency,tmux,other-busy,4,False,1.57,1.48,echo_ms,48,0.743193
latency,tmux,other-busy,4,False,1.57,1.48,echo_ms,49,0.714481
latency,tmux,other-busy,4,False,1.57,1.48,echo_ms,50,0.871162
latency,tmux,other-busy,4,False,1.57,1.48,echo_ms,51,0.757676
latency,tmux,other-busy,4,False,1.57,1.48,echo_ms,52,0.741673
latency,tmux,other-busy,4,False,1.57,1.48,echo_ms,53,0.795083
latency,tmux,other-busy,4,False,1.57,1.48,echo_ms,54,0.697002
latency,tmux,other-busy,4,False,1.57,1.48,echo_ms,55,0.768788
latency,tmux,other-busy,4,False,1.57,1.48,echo_ms,56,0.828646
latency,tmux,other-busy,4,False,1.57,1.48,echo_ms,57,0.70782
latency,tmux,other-busy,4,False,1.57,1.48,echo_ms,58,0.709015
latency,tmux,other-busy,4,False,1.57,1.48,echo_ms,59,0.572118
latency,tmux,other-busy,4,False,1.57,1.48,echo_ms,60,0.623393
latency,tmux,other-busy,4,False,1.57,1.48,echo_ms,61,0.744445
latency,tmux,other-busy,4,False,1.57,1.48,echo_ms,62,0.891085
latency,tmux,other-busy,4,False,1.57,1.48,echo_ms,63,0.615387
latency,tmux,other-busy,4,False,1.57,1.48,echo_ms,64,0.721238
latency,tmux,other-busy,4,False,1.57,1.48,echo_ms,65,0.813197
latency,tmux,other-busy,4,False,1.57,1.48,echo_ms,66,0.826553
latency,tmux,other-busy,4,False,1.57,1.48,echo_ms,67,0.600765
latency,tmux,other-busy,4,False,1.57,1.48,echo_ms,68,0.727042
latency,tmux,other-busy,4,False,1.57,1.48,echo_ms,69,0.687108
latency,tmux,other-busy,4,False,1.57,1.48,echo_ms,70,0.776668
latency,tmux,other-busy,4,False,1.57,1.48,echo_ms,71,0.714938
latency,tmux,other-busy,4,False,1.57,1.48,echo_ms,72,0.641807
latency,tmux,other-busy,4,False,1.57,1.48,echo_ms,73,0.749659
latency,tmux,other-busy,4,False,1.57,1.48,echo_ms,74,0.811215
latency,tmux,other-busy,4,False,1.57,1.48,echo_ms,75,0.626728
latency,tmux,other-busy,4,False,1.57,1.48,echo_ms,76,0.677846
latency,tmux,other-busy,4,False,1.57,1.48,echo_ms,77,0.660945
latency,tmux,other-busy,4,False,1.57,1.48,echo_ms,78,0.637801
latency,tmux,other-busy,4,False,1.57,1.48,echo_ms,79,0.860154
latency,tmux,other-busy,4,False,1.57,1.48,echo_ms,80,1.010403
latency,tmux,other-busy,4,False,1.57,1.48,echo_ms,81,0.604312
latency,tmux,other-busy,4,False,1.57,1.48,echo_ms,82,0.747511
latency,tmux,other-busy,4,False,1.57,1.48,echo_ms,83,0.692042
latency,tmux,other-busy,4,False,1.57,1.48,echo_ms,84,0.721266
latency,tmux,other-busy,4,False,1.57,1.48,echo_ms,85,0.713512
latency,tmux,other-busy,4,False,1.57,1.48,echo_ms,86,0.892399
latency,tmux,other-busy,4,False,1.57,1.48,echo_ms,87,0.818976
latency,tmux,other-busy,4,False,1.57,1.48,echo_ms,88,0.757929
latency,tmux,other-busy,4,False,1.57,1.48,echo_ms,89,0.844778
latency,tmux,other-busy,4,False,1.57,1.48,echo_ms,90,0.736792
latency,tmux,other-busy,4,False,1.57,1.48,echo_ms,91,0.625016
latency,tmux,other-busy,4,False,1.57,1.48,echo_ms,92,0.561187
latency,tmux,other-busy,4,False,1.57,1.48,echo_ms,93,0.754675
latency,tmux,other-busy,4,False,1.57,1.48,echo_ms,94,0.838425
latency,tmux,other-busy,4,False,1.57,1.48,echo_ms,95,0.6129
latency,tmux,other-busy,4,False,1.57,1.48,echo_ms,96,0.602757
latency,tmux,other-busy,4,False,1.57,1.48,echo_ms,97,0.683079
latency,tmux,other-busy,4,False,1.57,1.48,echo_ms,98,0.643376
latency,tmux,other-busy,4,False,1.57,1.48,echo_ms,99,0.648173
latency,tmux,other-busy,4,False,1.57,1.48,timeouts,,0
latency,herdr,other-busy,4,False,1.48,1.41,echo_ms,0,0.446038
latency,herdr,other-busy,4,False,1.48,1.41,echo_ms,1,0.615662
latency,herdr,other-busy,4,False,1.48,1.41,echo_ms,2,0.395411
latency,herdr,other-busy,4,False,1.48,1.41,echo_ms,3,0.48599
latency,herdr,other-busy,4,False,1.48,1.41,echo_ms,4,0.452387
latency,herdr,other-busy,4,False,1.48,1.41,echo_ms,5,0.472897
latency,herdr,other-busy,4,False,1.48,1.41,echo_ms,6,0.489729
latency,herdr,other-busy,4,False,1.48,1.41,echo_ms,7,0.440169
latency,herdr,other-busy,4,False,1.48,1.41,echo_ms,8,0.412694
latency,herdr,other-busy,4,False,1.48,1.41,echo_ms,9,0.438462
latency,herdr,other-busy,4,False,1.48,1.41,echo_ms,10,0.413815
latency,herdr,other-busy,4,False,1.48,1.41,echo_ms,11,0.477784
latency,herdr,other-busy,4,False,1.48,1.41,echo_ms,12,0.432414
latency,herdr,other-busy,4,False,1.48,1.41,echo_ms,13,0.477222
latency,herdr,other-busy,4,False,1.48,1.41,echo_ms,14,0.46433
latency,herdr,other-busy,4,False,1.48,1.41,echo_ms,15,0.429684
latency,herdr,other-busy,4,False,1.48,1.41,echo_ms,16,0.412517
latency,herdr,other-busy,4,False,1.48,1.41,echo_ms,17,0.422967
latency,herdr,other-busy,4,False,1.48,1.41,echo_ms,18,0.479882
latency,herdr,other-busy,4,False,1.48,1.41,echo_ms,19,0.660157
latency,herdr,other-busy,4,False,1.48,1.41,echo_ms,20,1.194318
latency,herdr,other-busy,4,False,1.48,1.41,echo_ms,21,0.493042
latency,herdr,other-busy,4,False,1.48,1.41,echo_ms,22,0.456039
latency,herdr,other-busy,4,False,1.48,1.41,echo_ms,23,0.457413
latency,herdr,other-busy,4,False,1.48,1.41,echo_ms,24,0.452007
latency,herdr,other-busy,4,False,1.48,1.41,echo_ms,25,0.518412
latency,herdr,other-busy,4,False,1.48,1.41,echo_ms,26,0.434137
latency,herdr,other-busy,4,False,1.48,1.41,echo_ms,27,0.545745
latency,herdr,other-busy,4,False,1.48,1.41,echo_ms,28,0.447393
latency,herdr,other-busy,4,False,1.48,1.41,echo_ms,29,0.543393
latency,herdr,other-busy,4,False,1.48,1.41,echo_ms,30,0.462307
latency,herdr,other-busy,4,False,1.48,1.41,echo_ms,31,0.438323
latency,herdr,other-busy,4,False,1.48,1.41,echo_ms,32,0.441653
latency,herdr,other-busy,4,False,1.48,1.41,echo_ms,33,0.511871
latency,herdr,other-busy,4,False,1.48,1.41,echo_ms,34,0.453571
latency,herdr,other-busy,4,False,1.48,1.41,echo_ms,35,0.507456
latency,herdr,other-busy,4,False,1.48,1.41,echo_ms,36,0.410641
latency,herdr,other-busy,4,False,1.48,1.41,echo_ms,37,0.415328
latency,herdr,other-busy,4,False,1.48,1.41,echo_ms,38,0.407857
latency,herdr,other-busy,4,False,1.48,1.41,echo_ms,39,0.431574
latency,herdr,other-busy,4,False,1.48,1.41,echo_ms,40,0.457569
latency,herdr,other-busy,4,False,1.48,1.41,echo_ms,41,0.446458
latency,herdr,other-busy,4,False,1.48,1.41,echo_ms,42,0.43921
latency,herdr,other-busy,4,False,1.48,1.41,echo_ms,43,0.493158
latency,herdr,other-busy,4,False,1.48,1.41,echo_ms,44,0.444547
latency,herdr,other-busy,4,False,1.48,1.41,echo_ms,45,0.508949
latency,herdr,other-busy,4,False,1.48,1.41,echo_ms,46,0.452031
latency,herdr,other-busy,4,False,1.48,1.41,echo_ms,47,0.472288
latency,herdr,other-busy,4,False,1.48,1.41,echo_ms,48,0.399992
latency,herdr,other-busy,4,False,1.48,1.41,echo_ms,49,0.472178
latency,herdr,other-busy,4,False,1.48,1.41,echo_ms,50,0.470007
latency,herdr,other-busy,4,False,1.48,1.41,echo_ms,51,0.438434
latency,herdr,other-busy,4,False,1.48,1.41,echo_ms,52,0.470029
latency,herdr,other-busy,4,False,1.48,1.41,echo_ms,53,0.467594
latency,herdr,other-busy,4,False,1.48,1.41,echo_ms,54,0.46693
latency,herdr,other-busy,4,False,1.48,1.41,echo_ms,55,0.437319
latency,herdr,other-busy,4,False,1.48,1.41,echo_ms,56,0.502015
latency,herdr,other-busy,4,False,1.48,1.41,echo_ms,57,0.42591
latency,herdr,other-busy,4,False,1.48,1.41,echo_ms,58,0.469388
latency,herdr,other-busy,4,False,1.48,1.41,echo_ms,59,0.448542
latency,herdr,other-busy,4,False,1.48,1.41,echo_ms,60,0.510668
latency,herdr,other-busy,4,False,1.48,1.41,echo_ms,61,0.426905
latency,herdr,other-busy,4,False,1.48,1.41,echo_ms,62,0.465376
latency,herdr,other-busy,4,False,1.48,1.41,echo_ms,63,0.441025
latency,herdr,other-busy,4,False,1.48,1.41,echo_ms,64,0.467465
latency,herdr,other-busy,4,False,1.48,1.41,echo_ms,65,0.424699
latency,herdr,other-busy,4,False,1.48,1.41,echo_ms,66,0.44332
latency,herdr,other-busy,4,False,1.48,1.41,echo_ms,67,0.455226
latency,herdr,other-busy,4,False,1.48,1.41,echo_ms,68,0.480696
latency,herdr,other-busy,4,False,1.48,1.41,echo_ms,69,0.463127
latency,herdr,other-busy,4,False,1.48,1.41,echo_ms,70,0.485685
latency,herdr,other-busy,4,False,1.48,1.41,echo_ms,71,0.438374
latency,herdr,other-busy,4,False,1.48,1.41,echo_ms,72,0.481745
latency,herdr,other-busy,4,False,1.48,1.41,echo_ms,73,0.463232
latency,herdr,other-busy,4,False,1.48,1.41,echo_ms,74,0.454124
latency,herdr,other-busy,4,False,1.48,1.41,echo_ms,75,0.490888
latency,herdr,other-busy,4,False,1.48,1.41,echo_ms,76,0.43185
latency,herdr,other-busy,4,False,1.48,1.41,echo_ms,77,0.570421
latency,herdr,other-busy,4,False,1.48,1.41,echo_ms,78,0.444781
latency,herdr,other-busy,4,False,1.48,1.41,echo_ms,79,0.445337
latency,herdr,other-busy,4,False,1.48,1.41,echo_ms,80,0.441966
latency,herdr,other-busy,4,False,1.48,1.41,echo_ms,81,2.045282
latency,herdr,other-busy,4,False,1.48,1.41,echo_ms,82,0.667908
latency,herdr,other-busy,4,False,1.48,1.41,echo_ms,83,0.452913
latency,herdr,other-busy,4,False,1.48,1.41,echo_ms,84,0.442355
latency,herdr,other-busy,4,False,1.48,1.41,echo_ms,85,0.459014
latency,herdr,other-busy,4,False,1.48,1.41,echo_ms,86,0.444103
latency,herdr,other-busy,4,False,1.48,1.41,echo_ms,87,0.454872
latency,herdr,other-busy,4,False,1.48,1.41,echo_ms,88,0.45083
latency,herdr,other-busy,4,False,1.48,1.41,echo_ms,89,0.466795
latency,herdr,other-busy,4,False,1.48,1.41,echo_ms,90,0.483393
latency,herdr,other-busy,4,False,1.48,1.41,echo_ms,91,1.409295
latency,herdr,other-busy,4,False,1.48,1.41,echo_ms,92,0.461382
latency,herdr,other-busy,4,False,1.48,1.41,echo_ms,93,0.49324
latency,herdr,other-busy,4,False,1.48,1.41,echo_ms,94,0.462546
latency,herdr,other-busy,4,False,1.48,1.41,echo_ms,95,0.438111
latency,herdr,other-busy,4,False,1.48,1.41,echo_ms,96,0.424967
latency,herdr,other-busy,4,False,1.48,1.41,echo_ms,97,0.435433
latency,herdr,other-busy,4,False,1.48,1.41,echo_ms,98,0.441653
latency,herdr,other-busy,4,False,1.48,1.41,echo_ms,99,0.499374
latency,herdr,other-busy,4,False,1.48,1.41,timeouts,,0
latency,thurbox,other-busy,4,False,1.41,1.58,echo_ms,0,42.106763
latency,thurbox,other-busy,4,False,1.41,1.58,echo_ms,1,22.528117
latency,thurbox,other-busy,4,False,1.41,1.58,echo_ms,2,21.142744
latency,thurbox,other-busy,4,False,1.41,1.58,echo_ms,3,11.174815
latency,thurbox,other-busy,4,False,1.41,1.58,echo_ms,4,43.09407
latency,thurbox,other-busy,4,False,1.41,1.58,echo_ms,5,42.351825
latency,thurbox,other-busy,4,False,1.41,1.58,echo_ms,6,42.593387
latency,thurbox,other-busy,4,False,1.41,1.58,echo_ms,7,42.173361
latency,thurbox,other-busy,4,False,1.41,1.58,echo_ms,8,11.082657
latency,thurbox,other-busy,4,False,1.41,1.58,echo_ms,9,11.101233
latency,thurbox,other-busy,4,False,1.41,1.58,echo_ms,10,42.242003
latency,thurbox,other-busy,4,False,1.41,1.58,echo_ms,11,11.141592
latency,thurbox,other-busy,4,False,1.41,1.58,echo_ms,12,42.549988
latency,thurbox,other-busy,4,False,1.41,1.58,echo_ms,13,11.141495
latency,thurbox,other-busy,4,False,1.41,1.58,echo_ms,14,12.393283
latency,thurbox,other-busy,4,False,1.41,1.58,echo_ms,15,42.498933
latency,thurbox,other-busy,4,False,1.41,1.58,echo_ms,16,42.346142
latency,thurbox,other-busy,4,False,1.41,1.58,echo_ms,17,11.469308
latency,thurbox,other-busy,4,False,1.41,1.58,echo_ms,18,42.085817
latency,thurbox,other-busy,4,False,1.41,1.58,echo_ms,19,21.271124
latency,thurbox,other-busy,4,False,1.41,1.58,echo_ms,20,42.630492
latency,thurbox,other-busy,4,False,1.41,1.58,echo_ms,21,11.110221
latency,thurbox,other-busy,4,False,1.41,1.58,echo_ms,22,21.264605
latency,thurbox,other-busy,4,False,1.41,1.58,echo_ms,23,11.169903
latency,thurbox,other-busy,4,False,1.41,1.58,echo_ms,24,21.59871
latency,thurbox,other-busy,4,False,1.41,1.58,echo_ms,25,42.117152
latency,thurbox,other-busy,4,False,1.41,1.58,echo_ms,26,23.155839
latency,thurbox,other-busy,4,False,1.41,1.58,echo_ms,27,11.283953
latency,thurbox,other-busy,4,False,1.41,1.58,echo_ms,28,11.121602
latency,thurbox,other-busy,4,False,1.41,1.58,echo_ms,29,21.567698
latency,thurbox,other-busy,4,False,1.41,1.58,echo_ms,30,11.292186
latency,thurbox,other-busy,4,False,1.41,1.58,echo_ms,31,42.587835
latency,thurbox,other-busy,4,False,1.41,1.58,echo_ms,32,42.1152
latency,thurbox,other-busy,4,False,1.41,1.58,echo_ms,33,11.375613
latency,thurbox,other-busy,4,False,1.41,1.58,echo_ms,34,42.957672
latency,thurbox,other-busy,4,False,1.41,1.58,echo_ms,35,42.265913
latency,thurbox,other-busy,4,False,1.41,1.58,echo_ms,36,11.113475
latency,thurbox,other-busy,4,False,1.41,1.58,echo_ms,37,42.534217
latency,thurbox,other-busy,4,False,1.41,1.58,echo_ms,38,11.124148
latency,thurbox,other-busy,4,False,1.41,1.58,echo_ms,39,21.146464
latency,thurbox,other-busy,4,False,1.41,1.58,echo_ms,40,11.462019
latency,thurbox,other-busy,4,False,1.41,1.58,echo_ms,41,42.749678
latency,thurbox,other-busy,4,False,1.41,1.58,echo_ms,42,11.118586
latency,thurbox,other-busy,4,False,1.41,1.58,echo_ms,43,11.207229
latency,thurbox,other-busy,4,False,1.41,1.58,echo_ms,44,11.092197
latency,thurbox,other-busy,4,False,1.41,1.58,echo_ms,45,21.331291
latency,thurbox,other-busy,4,False,1.41,1.58,echo_ms,46,42.782792
latency,thurbox,other-busy,4,False,1.41,1.58,echo_ms,47,11.244701
latency,thurbox,other-busy,4,False,1.41,1.58,echo_ms,48,42.424728
latency,thurbox,other-busy,4,False,1.41,1.58,echo_ms,49,42.656911
latency,thurbox,other-busy,4,False,1.41,1.58,echo_ms,50,43.016287
latency,thurbox,other-busy,4,False,1.41,1.58,echo_ms,51,25.742872
latency,thurbox,other-busy,4,False,1.41,1.58,echo_ms,52,42.503088
latency,thurbox,other-busy,4,False,1.41,1.58,echo_ms,53,42.624034
latency,thurbox,other-busy,4,False,1.41,1.58,echo_ms,54,43.501771
latency,thurbox,other-busy,4,False,1.41,1.58,echo_ms,55,43.220992
latency,thurbox,other-busy,4,False,1.41,1.58,echo_ms,56,42.278071
latency,thurbox,other-busy,4,False,1.41,1.58,echo_ms,57,42.52941
latency,thurbox,other-busy,4,False,1.41,1.58,echo_ms,58,21.201321
latency,thurbox,other-busy,4,False,1.41,1.58,echo_ms,59,21.120834
latency,thurbox,other-busy,4,False,1.41,1.58,echo_ms,60,42.871223
latency,thurbox,other-busy,4,False,1.41,1.58,echo_ms,61,42.090637
latency,thurbox,other-busy,4,False,1.41,1.58,echo_ms,62,11.305793
latency,thurbox,other-busy,4,False,1.41,1.58,echo_ms,63,42.778048
latency,thurbox,other-busy,4,False,1.41,1.58,echo_ms,64,22.639555
latency,thurbox,other-busy,4,False,1.41,1.58,echo_ms,65,42.647114
latency,thurbox,other-busy,4,False,1.41,1.58,echo_ms,66,42.179261
latency,thurbox,other-busy,4,False,1.41,1.58,echo_ms,67,42.579168
latency,thurbox,other-busy,4,False,1.41,1.58,echo_ms,68,21.192792
latency,thurbox,other-busy,4,False,1.41,1.58,echo_ms,69,42.12036
latency,thurbox,other-busy,4,False,1.41,1.58,echo_ms,70,43.083263
latency,thurbox,other-busy,4,False,1.41,1.58,echo_ms,71,21.213347
latency,thurbox,other-busy,4,False,1.41,1.58,echo_ms,72,42.209116
latency,thurbox,other-busy,4,False,1.41,1.58,echo_ms,73,42.640062
latency,thurbox,other-busy,4,False,1.41,1.58,echo_ms,74,21.836871
latency,thurbox,other-busy,4,False,1.41,1.58,echo_ms,75,22.681029
latency,thurbox,other-busy,4,False,1.41,1.58,echo_ms,76,42.806538
latency,thurbox,other-busy,4,False,1.41,1.58,echo_ms,77,32.590526
latency,thurbox,other-busy,4,False,1.41,1.58,echo_ms,78,11.429121
latency,thurbox,other-busy,4,False,1.41,1.58,echo_ms,79,21.200929
latency,thurbox,other-busy,4,False,1.41,1.58,echo_ms,80,42.278519
latency,thurbox,other-busy,4,False,1.41,1.58,echo_ms,81,42.605543
latency,thurbox,other-busy,4,False,1.41,1.58,echo_ms,82,21.800265
latency,thurbox,other-busy,4,False,1.41,1.58,echo_ms,83,11.045321
latency,thurbox,other-busy,4,False,1.41,1.58,echo_ms,84,43.277045
latency,thurbox,other-busy,4,False,1.41,1.58,echo_ms,85,42.352768
latency,thurbox,other-busy,4,False,1.41,1.58,echo_ms,86,42.563263
latency,thurbox,other-busy,4,False,1.41,1.58,echo_ms,87,11.144379
latency,thurbox,other-busy,4,False,1.41,1.58,echo_ms,88,42.206167
latency,thurbox,other-busy,4,False,1.41,1.58,echo_ms,89,11.156204
latency,thurbox,other-busy,4,False,1.41,1.58,echo_ms,90,11.472904
latency,thurbox,other-busy,4,False,1.41,1.58,echo_ms,91,42.186107
latency,thurbox,other-busy,4,False,1.41,1.58,echo_ms,92,42.389658
latency,thurbox,other-busy,4,False,1.41,1.58,echo_ms,93,42.358278
latency,thurbox,other-busy,4,False,1.41,1.58,echo_ms,94,42.391309
latency,thurbox,other-busy,4,False,1.41,1.58,echo_ms,95,42.510614
latency,thurbox,other-busy,4,False,1.41,1.58,echo_ms,96,42.699423
latency,thurbox,other-busy,4,False,1.41,1.58,echo_ms,97,21.254228
latency,thurbox,other-busy,4,False,1.41,1.58,echo_ms,98,1.357183
latency,thurbox,other-busy,4,False,1.41,1.58,echo_ms,99,45.104008
latency,thurbox,other-busy,4,False,1.41,1.58,timeouts,,0
latency,tmux,other-busy,5,False,1.58,1.49,echo_ms,0,0.819759
latency,tmux,other-busy,5,False,1.58,1.49,echo_ms,1,0.555484
latency,tmux,other-busy,5,False,1.58,1.49,echo_ms,2,0.877919
latency,tmux,other-busy,5,False,1.58,1.49,echo_ms,3,0.70447
latency,tmux,other-busy,5,False,1.58,1.49,echo_ms,4,0.734203
latency,tmux,other-busy,5,False,1.58,1.49,echo_ms,5,0.615242
latency,tmux,other-busy,5,False,1.58,1.49,echo_ms,6,0.59982
latency,tmux,other-busy,5,False,1.58,1.49,echo_ms,7,0.801996
latency,tmux,other-busy,5,False,1.58,1.49,echo_ms,8,0.645223
latency,tmux,other-busy,5,False,1.58,1.49,echo_ms,9,0.805275
latency,tmux,other-busy,5,False,1.58,1.49,echo_ms,10,0.765893
latency,tmux,other-busy,5,False,1.58,1.49,echo_ms,11,0.707268
latency,tmux,other-busy,5,False,1.58,1.49,echo_ms,12,0.738956
latency,tmux,other-busy,5,False,1.58,1.49,echo_ms,13,0.695915
latency,tmux,other-busy,5,False,1.58,1.49,echo_ms,14,0.5591
latency,tmux,other-busy,5,False,1.58,1.49,echo_ms,15,0.654384
latency,tmux,other-busy,5,False,1.58,1.49,echo_ms,16,0.830878
latency,tmux,other-busy,5,False,1.58,1.49,echo_ms,17,0.871674
latency,tmux,other-busy,5,False,1.58,1.49,echo_ms,18,1.018812
latency,tmux,other-busy,5,False,1.58,1.49,echo_ms,19,0.788721
latency,tmux,other-busy,5,False,1.58,1.49,echo_ms,20,0.805399
latency,tmux,other-busy,5,False,1.58,1.49,echo_ms,21,0.584801
latency,tmux,other-busy,5,False,1.58,1.49,echo_ms,22,0.876541
latency,tmux,other-busy,5,False,1.58,1.49,echo_ms,23,0.897142
latency,tmux,other-busy,5,False,1.58,1.49,echo_ms,24,0.79886
latency,tmux,other-busy,5,False,1.58,1.49,echo_ms,25,0.673955
latency,tmux,other-busy,5,False,1.58,1.49,echo_ms,26,0.794615
latency,tmux,other-busy,5,False,1.58,1.49,echo_ms,27,0.891139
latency,tmux,other-busy,5,False,1.58,1.49,echo_ms,28,0.667968
latency,tmux,other-busy,5,False,1.58,1.49,echo_ms,29,1.043171
latency,tmux,other-busy,5,False,1.58,1.49,echo_ms,30,0.792728
latency,tmux,other-busy,5,False,1.58,1.49,echo_ms,31,0.732677
latency,tmux,other-busy,5,False,1.58,1.49,echo_ms,32,0.728332
latency,tmux,other-busy,5,False,1.58,1.49,echo_ms,33,0.784233
latency,tmux,other-busy,5,False,1.58,1.49,echo_ms,34,0.617566
latency,tmux,other-busy,5,False,1.58,1.49,echo_ms,35,0.789567
latency,tmux,other-busy,5,False,1.58,1.49,echo_ms,36,0.799768
latency,tmux,other-busy,5,False,1.58,1.49,echo_ms,37,0.620802
latency,tmux,other-busy,5,False,1.58,1.49,echo_ms,38,0.772423
latency,tmux,other-busy,5,False,1.58,1.49,echo_ms,39,0.859468
latency,tmux,other-busy,5,False,1.58,1.49,echo_ms,40,0.6396
latency,tmux,other-busy,5,False,1.58,1.49,echo_ms,41,0.865186
latency,tmux,other-busy,5,False,1.58,1.49,echo_ms,42,0.577498
latency,tmux,other-busy,5,False,1.58,1.49,echo_ms,43,0.596512
latency,tmux,other-busy,5,False,1.58,1.49,echo_ms,44,0.930764
latency,tmux,other-busy,5,False,1.58,1.49,echo_ms,45,0.785926
latency,tmux,other-busy,5,False,1.58,1.49,echo_ms,46,0.765629
latency,tmux,other-busy,5,False,1.58,1.49,echo_ms,47,0.736263
latency,tmux,other-busy,5,False,1.58,1.49,echo_ms,48,0.542692
latency,tmux,other-busy,5,False,1.58,1.49,echo_ms,49,0.657683
latency,tmux,other-busy,5,False,1.58,1.49,echo_ms,50,0.694549
latency,tmux,other-busy,5,False,1.58,1.49,echo_ms,51,0.550078
latency,tmux,other-busy,5,False,1.58,1.49,echo_ms,52,0.55509
latency,tmux,other-busy,5,False,1.58,1.49,echo_ms,53,0.6117
latency,tmux,other-busy,5,False,1.58,1.49,echo_ms,54,0.918033
latency,tmux,other-busy,5,False,1.58,1.49,echo_ms,55,0.744852
latency,tmux,other-busy,5,False,1.58,1.49,echo_ms,56,0.760875
latency,tmux,other-busy,5,False,1.58,1.49,echo_ms,57,0.836761
latency,tmux,other-busy,5,False,1.58,1.49,echo_ms,58,0.654983
latency,tmux,other-busy,5,False,1.58,1.49,echo_ms,59,0.905676
latency,tmux,other-busy,5,False,1.58,1.49,echo_ms,60,0.933107
latency,tmux,other-busy,5,False,1.58,1.49,echo_ms,61,0.866489
latency,tmux,other-busy,5,False,1.58,1.49,echo_ms,62,0.873853
latency,tmux,other-busy,5,False,1.58,1.49,echo_ms,63,0.609303
latency,tmux,other-busy,5,False,1.58,1.49,echo_ms,64,0.819423
latency,tmux,other-busy,5,False,1.58,1.49,echo_ms,65,0.662073
latency,tmux,other-busy,5,False,1.58,1.49,echo_ms,66,0.761339
latency,tmux,other-busy,5,False,1.58,1.49,echo_ms,67,0.664067
latency,tmux,other-busy,5,False,1.58,1.49,echo_ms,68,0.853621
latency,tmux,other-busy,5,False,1.58,1.49,echo_ms,69,0.734335
latency,tmux,other-busy,5,False,1.58,1.49,echo_ms,70,0.861287
latency,tmux,other-busy,5,False,1.58,1.49,echo_ms,71,0.812784
latency,tmux,other-busy,5,False,1.58,1.49,echo_ms,72,0.590255
latency,tmux,other-busy,5,False,1.58,1.49,echo_ms,73,0.757571
latency,tmux,other-busy,5,False,1.58,1.49,echo_ms,74,0.827154
latency,tmux,other-busy,5,False,1.58,1.49,echo_ms,75,0.581929
latency,tmux,other-busy,5,False,1.58,1.49,echo_ms,76,0.676952
latency,tmux,other-busy,5,False,1.58,1.49,echo_ms,77,0.811446
latency,tmux,other-busy,5,False,1.58,1.49,echo_ms,78,0.836477
latency,tmux,other-busy,5,False,1.58,1.49,echo_ms,79,0.75462
latency,tmux,other-busy,5,False,1.58,1.49,echo_ms,80,0.576673
latency,tmux,other-busy,5,False,1.58,1.49,echo_ms,81,0.667456
latency,tmux,other-busy,5,False,1.58,1.49,echo_ms,82,0.810771
latency,tmux,other-busy,5,False,1.58,1.49,echo_ms,83,0.711799
latency,tmux,other-busy,5,False,1.58,1.49,echo_ms,84,0.803124
latency,tmux,other-busy,5,False,1.58,1.49,echo_ms,85,0.588454
latency,tmux,other-busy,5,False,1.58,1.49,echo_ms,86,1.042195
latency,tmux,other-busy,5,False,1.58,1.49,echo_ms,87,0.929066
latency,tmux,other-busy,5,False,1.58,1.49,echo_ms,88,0.644654
latency,tmux,other-busy,5,False,1.58,1.49,echo_ms,89,0.838223
latency,tmux,other-busy,5,False,1.58,1.49,echo_ms,90,0.789535
latency,tmux,other-busy,5,False,1.58,1.49,echo_ms,91,0.664584
latency,tmux,other-busy,5,False,1.58,1.49,echo_ms,92,0.6769
latency,tmux,other-busy,5,False,1.58,1.49,echo_ms,93,1.266421
latency,tmux,other-busy,5,False,1.58,1.49,echo_ms,94,0.835259
latency,tmux,other-busy,5,False,1.58,1.49,echo_ms,95,0.636584
latency,tmux,other-busy,5,False,1.58,1.49,echo_ms,96,0.759625
latency,tmux,other-busy,5,False,1.58,1.49,echo_ms,97,0.605483
latency,tmux,other-busy,5,False,1.58,1.49,echo_ms,98,0.855969
latency,tmux,other-busy,5,False,1.58,1.49,echo_ms,99,0.784577
latency,tmux,other-busy,5,False,1.58,1.49,timeouts,,0
latency,herdr,other-busy,5,False,1.49,1.42,echo_ms,0,0.438026
latency,herdr,other-busy,5,False,1.49,1.42,echo_ms,1,0.465876
latency,herdr,other-busy,5,False,1.49,1.42,echo_ms,2,0.476833
latency,herdr,other-busy,5,False,1.49,1.42,echo_ms,3,0.616581
latency,herdr,other-busy,5,False,1.49,1.42,echo_ms,4,0.45015
latency,herdr,other-busy,5,False,1.49,1.42,echo_ms,5,0.421588
latency,herdr,other-busy,5,False,1.49,1.42,echo_ms,6,0.46692
latency,herdr,other-busy,5,False,1.49,1.42,echo_ms,7,0.408365
latency,herdr,other-busy,5,False,1.49,1.42,echo_ms,8,0.412714
latency,herdr,other-busy,5,False,1.49,1.42,echo_ms,9,0.550639
latency,herdr,other-busy,5,False,1.49,1.42,echo_ms,10,0.458097
latency,herdr,other-busy,5,False,1.49,1.42,echo_ms,11,0.458942
latency,herdr,other-busy,5,False,1.49,1.42,echo_ms,12,0.420368
latency,herdr,other-busy,5,False,1.49,1.42,echo_ms,13,0.513497
latency,herdr,other-busy,5,False,1.49,1.42,echo_ms,14,0.411136
latency,herdr,other-busy,5,False,1.49,1.42,echo_ms,15,0.43646
latency,herdr,other-busy,5,False,1.49,1.42,echo_ms,16,0.451739
latency,herdr,other-busy,5,False,1.49,1.42,echo_ms,17,0.446303
latency,herdr,other-busy,5,False,1.49,1.42,echo_ms,18,0.448638
latency,herdr,other-busy,5,False,1.49,1.42,echo_ms,19,0.507952
latency,herdr,other-busy,5,False,1.49,1.42,echo_ms,20,0.501692
latency,herdr,other-busy,5,False,1.49,1.42,echo_ms,21,0.488146
latency,herdr,other-busy,5,False,1.49,1.42,echo_ms,22,0.629212
latency,herdr,other-busy,5,False,1.49,1.42,echo_ms,23,0.485983
latency,herdr,other-busy,5,False,1.49,1.42,echo_ms,24,0.425317
latency,herdr,other-busy,5,False,1.49,1.42,echo_ms,25,0.454623
latency,herdr,other-busy,5,False,1.49,1.42,echo_ms,26,0.451747
latency,herdr,other-busy,5,False,1.49,1.42,echo_ms,27,0.442483
latency,herdr,other-busy,5,False,1.49,1.42,echo_ms,28,0.424627
latency,herdr,other-busy,5,False,1.49,1.42,echo_ms,29,0.418527
latency,herdr,other-busy,5,False,1.49,1.42,echo_ms,30,0.524777
latency,herdr,other-busy,5,False,1.49,1.42,echo_ms,31,0.525615
latency,herdr,other-busy,5,False,1.49,1.42,echo_ms,32,0.487213
latency,herdr,other-busy,5,False,1.49,1.42,echo_ms,33,0.522172
latency,herdr,other-busy,5,False,1.49,1.42,echo_ms,34,0.471938
latency,herdr,other-busy,5,False,1.49,1.42,echo_ms,35,0.48564
latency,herdr,other-busy,5,False,1.49,1.42,echo_ms,36,0.487851
latency,herdr,other-busy,5,False,1.49,1.42,echo_ms,37,0.464307
latency,herdr,other-busy,5,False,1.49,1.42,echo_ms,38,0.430702
latency,herdr,other-busy,5,False,1.49,1.42,echo_ms,39,0.447112
latency,herdr,other-busy,5,False,1.49,1.42,echo_ms,40,0.525483
latency,herdr,other-busy,5,False,1.49,1.42,echo_ms,41,0.445921
latency,herdr,other-busy,5,False,1.49,1.42,echo_ms,42,0.437454
latency,herdr,other-busy,5,False,1.49,1.42,echo_ms,43,0.486795
latency,herdr,other-busy,5,False,1.49,1.42,echo_ms,44,0.41146
latency,herdr,other-busy,5,False,1.49,1.42,echo_ms,45,0.461091
latency,herdr,other-busy,5,False,1.49,1.42,echo_ms,46,0.421359
latency,herdr,other-busy,5,False,1.49,1.42,echo_ms,47,0.662509
latency,herdr,other-busy,5,False,1.49,1.42,echo_ms,48,0.516571
latency,herdr,other-busy,5,False,1.49,1.42,echo_ms,49,0.498895
latency,herdr,other-busy,5,False,1.49,1.42,echo_ms,50,0.483285
latency,herdr,other-busy,5,False,1.49,1.42,echo_ms,51,0.501583
latency,herdr,other-busy,5,False,1.49,1.42,echo_ms,52,0.435887
latency,herdr,other-busy,5,False,1.49,1.42,echo_ms,53,0.502417
latency,herdr,other-busy,5,False,1.49,1.42,echo_ms,54,0.449598
latency,herdr,other-busy,5,False,1.49,1.42,echo_ms,55,0.931211
latency,herdr,other-busy,5,False,1.49,1.42,echo_ms,56,0.439974
latency,herdr,other-busy,5,False,1.49,1.42,echo_ms,57,0.429084
latency,herdr,other-busy,5,False,1.49,1.42,echo_ms,58,0.474921
latency,herdr,other-busy,5,False,1.49,1.42,echo_ms,59,0.447662
latency,herdr,other-busy,5,False,1.49,1.42,echo_ms,60,0.728682
latency,herdr,other-busy,5,False,1.49,1.42,echo_ms,61,0.513143
latency,herdr,other-busy,5,False,1.49,1.42,echo_ms,62,0.442814
latency,herdr,other-busy,5,False,1.49,1.42,echo_ms,63,0.460726
latency,herdr,other-busy,5,False,1.49,1.42,echo_ms,64,1.369291
latency,herdr,other-busy,5,False,1.49,1.42,echo_ms,65,0.43977
latency,herdr,other-busy,5,False,1.49,1.42,echo_ms,66,0.558258
latency,herdr,other-busy,5,False,1.49,1.42,echo_ms,67,0.535118
latency,herdr,other-busy,5,False,1.49,1.42,echo_ms,68,0.454502
latency,herdr,other-busy,5,False,1.49,1.42,echo_ms,69,0.529247
latency,herdr,other-busy,5,False,1.49,1.42,echo_ms,70,0.433981
latency,herdr,other-busy,5,False,1.49,1.42,echo_ms,71,0.436432
latency,herdr,other-busy,5,False,1.49,1.42,echo_ms,72,0.438561
latency,herdr,other-busy,5,False,1.49,1.42,echo_ms,73,0.454341
latency,herdr,other-busy,5,False,1.49,1.42,echo_ms,74,0.485442
latency,herdr,other-busy,5,False,1.49,1.42,echo_ms,75,0.452765
latency,herdr,other-busy,5,False,1.49,1.42,echo_ms,76,0.408392
latency,herdr,other-busy,5,False,1.49,1.42,echo_ms,77,1.274011
latency,herdr,other-busy,5,False,1.49,1.42,echo_ms,78,0.600715
latency,herdr,other-busy,5,False,1.49,1.42,echo_ms,79,0.486287
latency,herdr,other-busy,5,False,1.49,1.42,echo_ms,80,0.453521
latency,herdr,other-busy,5,False,1.49,1.42,echo_ms,81,0.476045
latency,herdr,other-busy,5,False,1.49,1.42,echo_ms,82,0.51882
latency,herdr,other-busy,5,False,1.49,1.42,echo_ms,83,0.482516
latency,herdr,other-busy,5,False,1.49,1.42,echo_ms,84,0.450247
latency,herdr,other-busy,5,False,1.49,1.42,echo_ms,85,0.470627
latency,herdr,other-busy,5,False,1.49,1.42,echo_ms,86,0.456772
latency,herdr,other-busy,5,False,1.49,1.42,echo_ms,87,0.523549
latency,herdr,other-busy,5,False,1.49,1.42,echo_ms,88,0.470561
latency,herdr,other-busy,5,False,1.49,1.42,echo_ms,89,0.573466
latency,herdr,other-busy,5,False,1.49,1.42,echo_ms,90,0.526788
latency,herdr,other-busy,5,False,1.49,1.42,echo_ms,91,0.467436
latency,herdr,other-busy,5,False,1.49,1.42,echo_ms,92,0.470359
latency,herdr,other-busy,5,False,1.49,1.42,echo_ms,93,0.45301
latency,herdr,other-busy,5,False,1.49,1.42,echo_ms,94,0.457988
latency,herdr,other-busy,5,False,1.49,1.42,echo_ms,95,0.451512
latency,herdr,other-busy,5,False,1.49,1.42,echo_ms,96,0.433389
latency,herdr,other-busy,5,False,1.49,1.42,echo_ms,97,0.45515
latency,herdr,other-busy,5,False,1.49,1.42,echo_ms,98,0.448915
latency,herdr,other-busy,5,False,1.49,1.42,echo_ms,99,0.425207
latency,herdr,other-busy,5,False,1.49,1.42,timeouts,,0
latency,thurbox,other-busy,5,False,1.42,1.58,echo_ms,0,11.134744
latency,thurbox,other-busy,5,False,1.42,1.58,echo_ms,1,42.190047
latency,thurbox,other-busy,5,False,1.42,1.58,echo_ms,2,42.775014
latency,thurbox,other-busy,5,False,1.42,1.58,echo_ms,3,42.263598
latency,thurbox,other-busy,5,False,1.42,1.58,echo_ms,4,11.129334
latency,thurbox,other-busy,5,False,1.42,1.58,echo_ms,5,42.611378
latency,thurbox,other-busy,5,False,1.42,1.58,echo_ms,6,42.172398
latency,thurbox,other-busy,5,False,1.42,1.58,echo_ms,7,11.155301
latency,thurbox,other-busy,5,False,1.42,1.58,echo_ms,8,1.649475
latency,thurbox,other-busy,5,False,1.42,1.58,echo_ms,9,42.592781
latency,thurbox,other-busy,5,False,1.42,1.58,echo_ms,10,42.548021
latency,thurbox,other-busy,5,False,1.42,1.58,echo_ms,11,21.174928
latency,thurbox,other-busy,5,False,1.42,1.58,echo_ms,12,42.528747
latency,thurbox,other-busy,5,False,1.42,1.58,echo_ms,13,23.063533
latency,thurbox,other-busy,5,False,1.42,1.58,echo_ms,14,11.101349
latency,thurbox,other-busy,5,False,1.42,1.58,echo_ms,15,42.128925
latency,thurbox,other-busy,5,False,1.42,1.58,echo_ms,16,42.625626
latency,thurbox,other-busy,5,False,1.42,1.58,echo_ms,17,11.278366
latency,thurbox,other-busy,5,False,1.42,1.58,echo_ms,18,11.08581
latency,thurbox,other-busy,5,False,1.42,1.58,echo_ms,19,42.543425
latency,thurbox,other-busy,5,False,1.42,1.58,echo_ms,20,42.443909
latency,thurbox,other-busy,5,False,1.42,1.58,echo_ms,21,42.534742
latency,thurbox,other-busy,5,False,1.42,1.58,echo_ms,22,11.04895
latency,thurbox,other-busy,5,False,1.42,1.58,echo_ms,23,42.238214
latency,thurbox,other-busy,5,False,1.42,1.58,echo_ms,24,43.759299
latency,thurbox,other-busy,5,False,1.42,1.58,echo_ms,25,21.619948
latency,thurbox,other-busy,5,False,1.42,1.58,echo_ms,26,2.169975
latency,thurbox,other-busy,5,False,1.42,1.58,echo_ms,27,11.234551
latency,thurbox,other-busy,5,False,1.42,1.58,echo_ms,28,42.156812
latency,thurbox,other-busy,5,False,1.42,1.58,echo_ms,29,21.180476
latency,thurbox,other-busy,5,False,1.42,1.58,echo_ms,30,11.47757
latency,thurbox,other-busy,5,False,1.42,1.58,echo_ms,31,42.314816
latency,thurbox,other-busy,5,False,1.42,1.58,echo_ms,32,42.694283
latency,thurbox,other-busy,5,False,1.42,1.58,echo_ms,33,21.138335
latency,thurbox,other-busy,5,False,1.42,1.58,echo_ms,34,11.097147
latency,thurbox,other-busy,5,False,1.42,1.58,echo_ms,35,21.206799
latency,thurbox,other-busy,5,False,1.42,1.58,echo_ms,36,11.111658
latency,thurbox,other-busy,5,False,1.42,1.58,echo_ms,37,42.260614
latency,thurbox,other-busy,5,False,1.42,1.58,echo_ms,38,42.674586
latency,thurbox,other-busy,5,False,1.42,1.58,echo_ms,39,42.172421
latency,thurbox,other-busy,5,False,1.42,1.58,echo_ms,40,43.273455
latency,thurbox,other-busy,5,False,1.42,1.58,echo_ms,41,21.189084
latency,thurbox,other-busy,5,False,1.42,1.58,echo_ms,42,42.120347
latency,thurbox,other-busy,5,False,1.42,1.58,echo_ms,43,42.75851
latency,thurbox,other-busy,5,False,1.42,1.58,echo_ms,44,43.254441
latency,thurbox,other-busy,5,False,1.42,1.58,echo_ms,45,43.920753
latency,thurbox,other-busy,5,False,1.42,1.58,echo_ms,46,42.731913
latency,thurbox,other-busy,5,False,1.42,1.58,echo_ms,47,21.504232
latency,thurbox,other-busy,5,False,1.42,1.58,echo_ms,48,42.519101
latency,thurbox,other-busy,5,False,1.42,1.58,echo_ms,49,42.658364
latency,thurbox,other-busy,5,False,1.42,1.58,echo_ms,50,42.527206
latency,thurbox,other-busy,5,False,1.42,1.58,echo_ms,51,11.686744
latency,thurbox,other-busy,5,False,1.42,1.58,echo_ms,52,42.737544
latency,thurbox,other-busy,5,False,1.42,1.58,echo_ms,53,21.140238
latency,thurbox,other-busy,5,False,1.42,1.58,echo_ms,54,22.433649
latency,thurbox,other-busy,5,False,1.42,1.58,echo_ms,55,43.150605
latency,thurbox,other-busy,5,False,1.42,1.58,echo_ms,56,42.149104
latency,thurbox,other-busy,5,False,1.42,1.58,echo_ms,57,21.155195
latency,thurbox,other-busy,5,False,1.42,1.58,echo_ms,58,21.204747
latency,thurbox,other-busy,5,False,1.42,1.58,echo_ms,59,43.198738
latency,thurbox,other-busy,5,False,1.42,1.58,echo_ms,60,42.42684
latency,thurbox,other-busy,5,False,1.42,1.58,echo_ms,61,42.158899
latency,thurbox,other-busy,5,False,1.42,1.58,echo_ms,62,42.730465
latency,thurbox,other-busy,5,False,1.42,1.58,echo_ms,63,11.111401
latency,thurbox,other-busy,5,False,1.42,1.58,echo_ms,64,33.339625
latency,thurbox,other-busy,5,False,1.42,1.58,echo_ms,65,1.582277
latency,thurbox,other-busy,5,False,1.42,1.58,echo_ms,66,42.37721
latency,thurbox,other-busy,5,False,1.42,1.58,echo_ms,67,42.682314
latency,thurbox,other-busy,5,False,1.42,1.58,echo_ms,68,21.150016
latency,thurbox,other-busy,5,False,1.42,1.58,echo_ms,69,42.084276
latency,thurbox,other-busy,5,False,1.42,1.58,echo_ms,70,44.034693
latency,thurbox,other-busy,5,False,1.42,1.58,echo_ms,71,11.07707
latency,thurbox,other-busy,5,False,1.42,1.58,echo_ms,72,21.196356
latency,thurbox,other-busy,5,False,1.42,1.58,echo_ms,73,11.163246
latency,thurbox,other-busy,5,False,1.42,1.58,echo_ms,74,42.763223
latency,thurbox,other-busy,5,False,1.42,1.58,echo_ms,75,42.090497
latency,thurbox,other-busy,5,False,1.42,1.58,echo_ms,76,11.12841
latency,thurbox,other-busy,5,False,1.42,1.58,echo_ms,77,11.215338
latency,thurbox,other-busy,5,False,1.42,1.58,echo_ms,78,11.205151
latency,thurbox,other-busy,5,False,1.42,1.58,echo_ms,79,11.334357
latency,thurbox,other-busy,5,False,1.42,1.58,echo_ms,80,42.36795
latency,thurbox,other-busy,5,False,1.42,1.58,echo_ms,81,42.608823
latency,thurbox,other-busy,5,False,1.42,1.58,echo_ms,82,11.06054
latency,thurbox,other-busy,5,False,1.42,1.58,echo_ms,83,42.101128
latency,thurbox,other-busy,5,False,1.42,1.58,echo_ms,84,42.782111
latency,thurbox,other-busy,5,False,1.42,1.58,echo_ms,85,46.324817
latency,thurbox,other-busy,5,False,1.42,1.58,echo_ms,86,42.483844
latency,thurbox,other-busy,5,False,1.42,1.58,echo_ms,87,42.720578
latency,thurbox,other-busy,5,False,1.42,1.58,echo_ms,88,11.104972
latency,thurbox,other-busy,5,False,1.42,1.58,echo_ms,89,43.274676
latency,thurbox,other-busy,5,False,1.42,1.58,echo_ms,90,42.829841
latency,thurbox,other-busy,5,False,1.42,1.58,echo_ms,91,11.120133
latency,thurbox,other-busy,5,False,1.42,1.58,echo_ms,92,42.508712
latency,thurbox,other-busy,5,False,1.42,1.58,echo_ms,93,21.256185
latency,thurbox,other-busy,5,False,1.42,1.58,echo_ms,94,42.096492
latency,thurbox,other-busy,5,False,1.42,1.58,echo_ms,95,42.826225
latency,thurbox,other-busy,5,False,1.42,1.58,echo_ms,96,42.431007
latency,thurbox,other-busy,5,False,1.42,1.58,echo_ms,97,42.614859
latency,thurbox,other-busy,5,False,1.42,1.58,echo_ms,98,42.583301
latency,thurbox,other-busy,5,False,1.42,1.58,echo_ms,99,21.143947
latency,thurbox,other-busy,5,False,1.42,1.58,timeouts,,0
survival,tmux,crash,0,True,1.58,1.45,alive_after_client_kill,,3
survival,tmux,crash,0,True,1.58,1.45,alive_after_server_kill,,0
survival,tmux,restart,0,True,1.45,0.88,commands_back,,0
survival,tmux,restart,0,True,1.45,0.88,forced_shutdown,,False
survival,tmux,restart,0,True,1.45,0.88,restore_ms,,
survival,tmux,restart,0,True,1.45,0.88,listed,,0
survival,herdr,crash,0,True,0.88,0.88,alive_after_client_kill,,3
survival,herdr,crash,0,True,0.88,0.88,alive_after_server_kill,,0
survival,herdr,restart,0,True,0.88,0.63,commands_back,,0
survival,herdr,restart,0,True,0.88,0.63,forced_shutdown,,False
survival,herdr,restart,0,True,0.88,0.63,restore_ms,,
survival,herdr,restart,0,True,0.88,0.63,listed,,3
survival,thurbox,crash,0,True,0.63,0.58,alive_after_client_kill,,3
survival,thurbox,crash,0,True,0.63,0.58,alive_after_server_kill,,0
survival,thurbox,restart,0,True,0.58,0.58,commands_back,,3
survival,thurbox,restart,0,True,0.58,0.58,forced_shutdown,,False
survival,thurbox,restart,0,True,0.58,0.58,restore_ms,,245.241397
survival,thurbox,restart,0,True,0.58,0.58,listed,,3
survival,tmux,crash,1,False,0.58,0.54,alive_after_client_kill,,3
survival,tmux,crash,1,False,0.58,0.54,alive_after_server_kill,,0
survival,tmux,restart,1,False,0.54,0.39,commands_back,,0
survival,tmux,restart,1,False,0.54,0.39,forced_shutdown,,False
survival,tmux,restart,1,False,0.54,0.39,restore_ms,,
survival,tmux,restart,1,False,0.54,0.39,listed,,0
survival,herdr,crash,1,False,0.39,0.36,alive_after_client_kill,,3
survival,herdr,crash,1,False,0.39,0.36,alive_after_server_kill,,0
survival,herdr,restart,1,False,0.36,0.42,commands_back,,0
survival,herdr,restart,1,False,0.36,0.42,forced_shutdown,,False
survival,herdr,restart,1,False,0.36,0.42,restore_ms,,
survival,herdr,restart,1,False,0.36,0.42,listed,,3
survival,thurbox,crash,1,False,0.42,0.38,alive_after_client_kill,,3
survival,thurbox,crash,1,False,0.42,0.38,alive_after_server_kill,,0
survival,thurbox,restart,1,False,0.38,0.38,commands_back,,3
survival,thurbox,restart,1,False,0.38,0.38,forced_shutdown,,False
survival,thurbox,restart,1,False,0.38,0.38,restore_ms,,237.279565
survival,thurbox,restart,1,False,0.38,0.38,listed,,3
survival,tmux,crash,2,False,0.38,0.35,alive_after_client_kill,,3
survival,tmux,crash,2,False,0.38,0.35,alive_after_server_kill,,0
survival,tmux,restart,2,False,0.35,0.21,commands_back,,0
survival,tmux,restart,2,False,0.35,0.21,forced_shutdown,,False
survival,tmux,restart,2,False,0.35,0.21,restore_ms,,
survival,tmux,restart,2,False,0.35,0.21,listed,,0
survival,herdr,crash,2,False,0.21,0.2,alive_after_client_kill,,3
survival,herdr,crash,2,False,0.21,0.2,alive_after_server_kill,,0
survival,herdr,restart,2,False,0.2,0.12,commands_back,,0
survival,herdr,restart,2,False,0.2,0.12,forced_shutdown,,False
survival,herdr,restart,2,False,0.2,0.12,restore_ms,,
survival,herdr,restart,2,False,0.2,0.12,listed,,3
survival,thurbox,crash,2,False,0.12,0.11,alive_after_client_kill,,3
survival,thurbox,crash,2,False,0.12,0.11,alive_after_server_kill,,0
survival,thurbox,restart,2,False,0.11,0.11,commands_back,,3
survival,thurbox,restart,2,False,0.11,0.11,forced_shutdown,,False
survival,thurbox,restart,2,False,0.11,0.11,restore_ms,,219.737701
survival,thurbox,restart,2,False,0.11,0.11,listed,,3
survival,tmux,crash,3,False,0.11,0.1,alive_after_client_kill,,3
survival,tmux,crash,3,False,0.11,0.1,alive_after_server_kill,,0
survival,tmux,restart,3,False,0.1,0.06,commands_back,,0
survival,tmux,restart,3,False,0.1,0.06,forced_shutdown,,False
survival,tmux,restart,3,False,0.1,0.06,restore_ms,,
survival,tmux,restart,3,False,0.1,0.06,listed,,0
survival,herdr,crash,3,False,0.06,0.05,alive_after_client_kill,,3
survival,herdr,crash,3,False,0.06,0.05,alive_after_server_kill,,0
survival,herdr,restart,3,False,0.05,0.03,commands_back,,0
survival,herdr,restart,3,False,0.05,0.03,forced_shutdown,,False
survival,herdr,restart,3,False,0.05,0.03,restore_ms,,
survival,herdr,restart,3,False,0.05,0.03,listed,,3
survival,thurbox,crash,3,False,0.03,0.03,alive_after_client_kill,,3
survival,thurbox,crash,3,False,0.03,0.03,alive_after_server_kill,,0
survival,thurbox,restart,3,False,0.03,0.03,commands_back,,3
survival,thurbox,restart,3,False,0.03,0.03,forced_shutdown,,False
survival,thurbox,restart,3,False,0.03,0.03,restore_ms,,230.544015
survival,thurbox,restart,3,False,0.03,0.03,listed,,3
survival,tmux,crash,4,False,0.03,0.03,alive_after_client_kill,,3
survival,tmux,crash,4,False,0.03,0.03,alive_after_server_kill,,0
survival,tmux,restart,4,False,0.03,0.02,commands_back,,0
survival,tmux,restart,4,False,0.03,0.02,forced_shutdown,,False
survival,tmux,restart,4,False,0.03,0.02,restore_ms,,
survival,tmux,restart,4,False,0.03,0.02,listed,,0
survival,herdr,crash,4,False,0.02,0.01,alive_after_client_kill,,3
survival,herdr,crash,4,False,0.02,0.01,alive_after_server_kill,,0
survival,herdr,restart,4,False,0.01,0.01,commands_back,,0
survival,herdr,restart,4,False,0.01,0.01,forced_shutdown,,False
survival,herdr,restart,4,False,0.01,0.01,restore_ms,,
survival,herdr,restart,4,False,0.01,0.01,listed,,3
survival,thurbox,crash,4,False,0.01,0.01,alive_after_client_kill,,3
survival,thurbox,crash,4,False,0.01,0.01,alive_after_server_kill,,0
survival,thurbox,restart,4,False,0.01,0.01,commands_back,,3
survival,thurbox,restart,4,False,0.01,0.01,forced_shutdown,,False
survival,thurbox,restart,4,False,0.01,0.01,restore_ms,,224.336093
survival,thurbox,restart,4,False,0.01,0.01,listed,,3
survival,tmux,crash,5,False,0.01,0.25,alive_after_client_kill,,3
survival,tmux,crash,5,False,0.01,0.25,alive_after_server_kill,,0
survival,tmux,restart,5,False,0.25,0.15,commands_back,,0
survival,tmux,restart,5,False,0.25,0.15,forced_shutdown,,False
survival,tmux,restart,5,False,0.25,0.15,restore_ms,,
survival,tmux,restart,5,False,0.25,0.15,listed,,0
survival,herdr,crash,5,False,0.15,0.14,alive_after_client_kill,,3
survival,herdr,crash,5,False,0.15,0.14,alive_after_server_kill,,0
survival,herdr,restart,5,False,0.14,0.08,commands_back,,0
survival,herdr,restart,5,False,0.14,0.08,forced_shutdown,,False
survival,herdr,restart,5,False,0.14,0.08,restore_ms,,
survival,herdr,restart,5,False,0.14,0.08,listed,,3
survival,thurbox,crash,5,False,0.08,0.23,alive_after_client_kill,,3
survival,thurbox,crash,5,False,0.08,0.23,alive_after_server_kill,,0
survival,thurbox,restart,5,False,0.23,0.22,commands_back,,3
survival,thurbox,restart,5,False,0.23,0.22,forced_shutdown,,False
survival,thurbox,restart,5,False,0.23,0.22,restore_ms,,242.066519
survival,thurbox,restart,5,False,0.23,0.22,listed,,3
