scenario,host,variant,rep,warmup,load1,load1_end,metric,sample,value
resources,tmux,N=1 headless idle,0,True,1.29,1.09,pss_mib,,5.2158203125
resources,tmux,N=1 headless idle,0,True,1.29,1.09,rss_mib,,8.30078125
resources,tmux,N=1 headless idle,0,True,1.29,1.09,cpu_pct,,0.0
resources,tmux,N=1 headless output,0,True,1.29,1.01,pss_mib,,5.2158203125
resources,tmux,N=1 headless output,0,True,1.29,1.01,rss_mib,,8.30078125
resources,tmux,N=1 headless output,0,True,1.29,1.01,cpu_pct,,0.2999957364606081
resources,tmux,N=1 attached idle,0,True,1.29,0.93,first_view_stale,,False
resources,tmux,N=1 attached idle,0,True,1.29,0.93,pss_mib,,10.744140625
resources,tmux,N=1 attached idle,0,True,1.29,0.93,rss_mib,,18.81640625
resources,tmux,N=1 attached idle,0,True,1.29,0.93,cpu_pct,,0.0
resources,tmux,N=1 attached output,0,True,1.29,0.79,pss_mib,,10.744140625
resources,tmux,N=1 attached output,0,True,1.29,0.79,rss_mib,,18.81640625
resources,tmux,N=1 attached output,0,True,1.29,0.79,cpu_pct,,0.2995961577114271
resources,herdr,N=1 headless idle,0,True,0.79,0.61,pss_mib,,19.66796875
resources,herdr,N=1 headless idle,0,True,0.79,0.61,rss_mib,,19.671875
resources,herdr,N=1 headless idle,0,True,0.79,0.61,cpu_pct,,0.6999939522622574
resources,herdr,N=1 headless output,0,True,0.79,0.52,pss_mib,,19.6953125
resources,herdr,N=1 headless output,0,True,0.79,0.52,rss_mib,,19.69921875
resources,herdr,N=1 headless output,0,True,0.79,0.52,cpu_pct,,0.999966645412568
resources,herdr,N=1 attached idle,0,True,0.79,0.48,first_view_stale,,False
resources,herdr,N=1 attached idle,0,True,0.79,0.48,pss_mib,,26.5859375
resources,herdr,N=1 attached idle,0,True,0.79,0.48,rss_mib,,36.65625
resources,herdr,N=1 attached idle,0,True,0.79,0.48,cpu_pct,,1.094845971423309
resources,herdr,N=1 attached output,0,True,0.79,0.48,pss_mib,,28.25390625
resources,herdr,N=1 attached output,0,True,0.79,0.48,rss_mib,,38.32421875
resources,herdr,N=1 attached output,0,True,0.79,0.48,cpu_pct,,8.68608737571926
resources,thurbox,N=1 headless idle,0,True,0.48,0.41,pss_mib,,5.9189453125
resources,thurbox,N=1 headless idle,0,True,0.48,0.41,rss_mib,,13.59375
resources,thurbox,N=1 headless idle,0,True,0.48,0.41,cpu_pct,,0.0
resources,thurbox,N=1 headless output,0,True,0.48,0.35,pss_mib,,5.9189453125
resources,thurbox,N=1 headless output,0,True,0.48,0.35,rss_mib,,13.59375
resources,thurbox,N=1 headless output,0,True,0.48,0.35,cpu_pct,,0.2999912256766356
resources,thurbox,N=1 attached idle,0,True,0.48,0.27,first_view_stale,,False
resources,thurbox,N=1 attached idle,0,True,0.48,0.27,pss_mib,,28.6845703125
resources,thurbox,N=1 attached idle,0,True,0.48,0.27,rss_mib,,43.234375
resources,thurbox,N=1 attached idle,0,True,0.48,0.27,cpu_pct,,3.0948666696873843
resources,thurbox,N=1 attached output,0,True,0.48,0.31,pss_mib,,29.1455078125
resources,thurbox,N=1 attached output,0,True,0.48,0.31,rss_mib,,43.6953125
resources,thurbox,N=1 attached output,0,True,0.48,0.31,cpu_pct,,7.877288938633848
resources,tmux,N=1 headless idle,1,False,0.31,0.24,pss_mib,,5.1904296875
resources,tmux,N=1 headless idle,1,False,0.31,0.24,rss_mib,,8.09765625
resources,tmux,N=1 headless idle,1,False,0.31,0.24,cpu_pct,,0.0
resources,tmux,N=1 headless output,1,False,0.31,0.35,pss_mib,,5.1904296875
resources,tmux,N=1 headless output,1,False,0.31,0.35,rss_mib,,8.09765625
resources,tmux,N=1 headless output,1,False,0.31,0.35,cpu_pct,,0.19999396594202276
resources,tmux,N=1 attached idle,1,False,0.31,0.27,first_view_stale,,False
resources,tmux,N=1 attached idle,1,False,0.31,0.27,pss_mib,,10.740234375
resources,tmux,N=1 attached idle,1,False,0.31,0.27,rss_mib,,18.390625
resources,tmux,N=1 attached idle,1,False,0.31,0.27,cpu_pct,,0.0
resources,tmux,N=1 attached output,1,False,0.31,0.23,pss_mib,,10.740234375
resources,tmux,N=1 attached output,1,False,0.31,0.23,rss_mib,,18.390625
resources,tmux,N=1 attached output,1,False,0.31,0.23,cpu_pct,,0.2994984677427598
resources,herdr,N=1 headless idle,1,False,0.23,0.19,pss_mib,,19.66015625
resources,herdr,N=1 headless idle,1,False,0.23,0.19,rss_mib,,19.6640625
resources,herdr,N=1 headless idle,1,False,0.23,0.19,cpu_pct,,0.5999799151323046
resources,herdr,N=1 headless output,1,False,0.23,0.16,pss_mib,,19.6875
resources,herdr,N=1 headless output,1,False,0.23,0.16,rss_mib,,19.69140625
resources,herdr,N=1 headless output,1,False,0.23,0.16,cpu_pct,,0.8999689167835153
resources,herdr,N=1 attached idle,1,False,0.23,0.19,first_view_stale,,False
resources,herdr,N=1 attached idle,1,False,0.23,0.19,pss_mib,,24.60546875
resources,herdr,N=1 attached idle,1,False,0.23,0.19,rss_mib,,34.67578125
resources,herdr,N=1 attached idle,1,False,0.23,0.19,cpu_pct,,1.2940749016802564
resources,herdr,N=1 attached output,1,False,0.23,0.16,pss_mib,,24.62109375
resources,herdr,N=1 attached output,1,False,0.23,0.16,rss_mib,,34.69140625
resources,herdr,N=1 attached output,1,False,0.23,0.16,cpu_pct,,8.391277419005924
resources,thurbox,N=1 headless idle,1,False,0.16,0.2,pss_mib,,5.9736328125
resources,thurbox,N=1 headless idle,1,False,0.16,0.2,rss_mib,,13.83203125
resources,thurbox,N=1 headless idle,1,False,0.16,0.2,cpu_pct,,0.0
resources,thurbox,N=1 headless output,1,False,0.16,0.33,pss_mib,,5.9736328125
resources,thurbox,N=1 headless output,1,False,0.16,0.33,rss_mib,,13.83203125
resources,thurbox,N=1 headless output,1,False,0.16,0.33,cpu_pct,,0.19999352132988624
resources,thurbox,N=1 attached idle,1,False,0.16,0.25,first_view_stale,,False
resources,thurbox,N=1 attached idle,1,False,0.16,0.25,pss_mib,,28.8369140625
resources,thurbox,N=1 attached idle,1,False,0.16,0.25,rss_mib,,43.6875
resources,thurbox,N=1 attached idle,1,False,0.16,0.25,cpu_pct,,3.1906390625439665
resources,thurbox,N=1 attached output,1,False,0.16,0.21,pss_mib,,29.3251953125
resources,thurbox,N=1 attached output,1,False,0.16,0.21,rss_mib,,44.17578125
resources,thurbox,N=1 attached output,1,False,0.16,0.21,cpu_pct,,8.182643718310013
resources,tmux,N=1 headless idle,2,False,0.21,0.18,pss_mib,,5.19140625
resources,tmux,N=1 headless idle,2,False,0.21,0.18,rss_mib,,8.234375
resources,tmux,N=1 headless idle,2,False,0.21,0.18,cpu_pct,,0.0
resources,tmux,N=1 headless output,2,False,0.21,0.15,pss_mib,,5.20703125
resources,tmux,N=1 headless output,2,False,0.21,0.15,rss_mib,,8.25
resources,tmux,N=1 headless output,2,False,0.21,0.15,cpu_pct,,0.099996803982152
resources,tmux,N=1 attached idle,2,False,0.21,0.12,first_view_stale,,False
resources,tmux,N=1 attached idle,2,False,0.21,0.12,pss_mib,,10.7421875
resources,tmux,N=1 attached idle,2,False,0.21,0.12,rss_mib,,18.61328125
resources,tmux,N=1 attached idle,2,False,0.21,0.12,cpu_pct,,0.0
resources,tmux,N=1 attached output,2,False,0.21,0.17,pss_mib,,10.7421875
resources,tmux,N=1 attached output,2,False,0.21,0.17,rss_mib,,18.61328125
resources,tmux,N=1 attached output,2,False,0.21,0.17,cpu_pct,,0.29961056106939016
resources,herdr,N=1 headless idle,2,False,0.17,0.15,pss_mib,,19.66015625
resources,herdr,N=1 headless idle,2,False,0.17,0.15,rss_mib,,19.6640625
resources,herdr,N=1 headless idle,2,False,0.17,0.15,cpu_pct,,0.4999828679869537
resources,herdr,N=1 headless output,2,False,0.17,0.19,pss_mib,,19.6875
resources,herdr,N=1 headless output,2,False,0.17,0.19,rss_mib,,19.69140625
resources,herdr,N=1 headless output,2,False,0.17,0.19,cpu_pct,,0.9999741397688187
resources,herdr,N=1 attached idle,2,False,0.17,0.16,first_view_stale,,False
resources,herdr,N=1 attached idle,2,False,0.17,0.16,pss_mib,,26.58984375
resources,herdr,N=1 attached idle,2,False,0.17,0.16,rss_mib,,36.66015625
resources,herdr,N=1 attached idle,2,False,0.17,0.16,cpu_pct,,1.2937498911705363
resources,herdr,N=1 attached output,2,False,0.17,0.14,pss_mib,,26.60546875
resources,herdr,N=1 attached output,2,False,0.17,0.14,rss_mib,,36.67578125
resources,herdr,N=1 attached output,2,False,0.17,0.14,cpu_pct,,8.585736726785214
resources,thurbox,N=1 headless idle,2,False,0.14,0.11,pss_mib,,5.9814453125
resources,thurbox,N=1 headless idle,2,False,0.14,0.11,rss_mib,,13.8828125
resources,thurbox,N=1 headless idle,2,False,0.14,0.11,cpu_pct,,0.0
resources,thurbox,N=1 headless output,2,False,0.14,0.09,pss_mib,,6.0126953125
resources,thurbox,N=1 headless output,2,False,0.14,0.09,rss_mib,,13.9140625
resources,thurbox,N=1 headless output,2,False,0.14,0.09,cpu_pct,,0.299989774368571
resources,thurbox,N=1 attached idle,2,False,0.14,0.07,first_view_stale,,False
resources,thurbox,N=1 attached idle,2,False,0.14,0.07,pss_mib,,28.75
resources,thurbox,N=1 attached idle,2,False,0.14,0.07,rss_mib,,43.5859375
resources,thurbox,N=1 attached idle,2,False,0.14,0.07,cpu_pct,,2.9998233440029116
resources,thurbox,N=1 attached output,2,False,0.14,0.13,pss_mib,,29.17578125
resources,thurbox,N=1 attached output,2,False,0.14,0.13,rss_mib,,44.01171875
resources,thurbox,N=1 attached output,2,False,0.14,0.13,cpu_pct,,7.595381528762432
resources,tmux,N=1 headless idle,3,False,0.13,0.11,pss_mib,,5.30078125
resources,tmux,N=1 headless idle,3,False,0.13,0.11,rss_mib,,8.15625
resources,tmux,N=1 headless idle,3,False,0.13,0.11,cpu_pct,,0.0
resources,tmux,N=1 headless output,3,False,0.13,0.09,pss_mib,,5.30078125
resources,tmux,N=1 headless output,3,False,0.13,0.09,rss_mib,,8.15625
resources,tmux,N=1 headless output,3,False,0.13,0.09,cpu_pct,,0.09999863553862313
resources,tmux,N=1 attached idle,3,False,0.13,0.07,first_view_stale,,False
resources,tmux,N=1 attached idle,3,False,0.13,0.07,pss_mib,,11.1396484375
resources,tmux,N=1 attached idle,3,False,0.13,0.07,rss_mib,,18.55859375
resources,tmux,N=1 attached idle,3,False,0.13,0.07,cpu_pct,,0.0
resources,tmux,N=1 attached output,3,False,0.13,0.06,pss_mib,,11.1396484375
resources,tmux,N=1 attached output,3,False,0.13,0.06,rss_mib,,18.55859375
resources,tmux,N=1 attached output,3,False,0.13,0.06,cpu_pct,,0.2997779246932402
resources,herdr,N=1 headless idle,3,False,0.06,0.12,pss_mib,,19.66015625
resources,herdr,N=1 headless idle,3,False,0.06,0.12,rss_mib,,19.6640625
resources,herdr,N=1 headless idle,3,False,0.06,0.12,cpu_pct,,0.5999898370120694
resources,herdr,N=1 headless output,3,False,0.06,0.1,pss_mib,,19.6875
resources,herdr,N=1 headless output,3,False,0.06,0.1,rss_mib,,19.69140625
resources,herdr,N=1 headless output,3,False,0.06,0.1,cpu_pct,,0.8999699750217224
resources,herdr,N=1 attached idle,3,False,0.06,0.08,first_view_stale,,False
resources,herdr,N=1 attached idle,3,False,0.06,0.08,pss_mib,,27.94921875
resources,herdr,N=1 attached idle,3,False,0.06,0.08,rss_mib,,38.01953125
resources,herdr,N=1 attached idle,3,False,0.06,0.08,cpu_pct,,1.0946530520098523
resources,herdr,N=1 attached output,3,False,0.06,0.14,pss_mib,,27.96484375
resources,herdr,N=1 attached output,3,False,0.06,0.14,rss_mib,,38.03515625
resources,herdr,N=1 attached output,3,False,0.06,0.14,cpu_pct,,8.585759945318616
resources,thurbox,N=1 headless idle,3,False,0.14,0.12,pss_mib,,6.0439453125
resources,thurbox,N=1 headless idle,3,False,0.14,0.12,rss_mib,,13.56640625
resources,thurbox,N=1 headless idle,3,False,0.14,0.12,cpu_pct,,0.0
resources,thurbox,N=1 headless output,3,False,0.14,0.1,pss_mib,,6.0439453125
resources,thurbox,N=1 headless output,3,False,0.14,0.1,rss_mib,,13.56640625
resources,thurbox,N=1 headless output,3,False,0.14,0.1,cpu_pct,,0.19999321213034776
resources,thurbox,N=1 attached idle,3,False,0.14,0.15,first_view_stale,,False
resources,thurbox,N=1 attached idle,3,False,0.14,0.15,pss_mib,,28.9990234375
resources,thurbox,N=1 attached idle,3,False,0.14,0.15,rss_mib,,43.1875
resources,thurbox,N=1 attached idle,3,False,0.14,0.15,cpu_pct,,2.9936247229046424
resources,thurbox,N=1 attached output,3,False,0.14,0.27,pss_mib,,29.5576171875
resources,thurbox,N=1 attached output,3,False,0.14,0.27,rss_mib,,43.74609375
resources,thurbox,N=1 attached output,3,False,0.14,0.27,cpu_pct,,8.267779147604907
resources,tmux,N=1 headless idle,4,False,0.27,0.28,pss_mib,,5.353515625
resources,tmux,N=1 headless idle,4,False,0.27,0.28,rss_mib,,8.3046875
resources,tmux,N=1 headless idle,4,False,0.27,0.28,cpu_pct,,0.0
resources,tmux,N=1 headless output,4,False,0.27,0.39,pss_mib,,5.353515625
resources,tmux,N=1 headless output,4,False,0.27,0.39,rss_mib,,8.3046875
resources,tmux,N=1 headless output,4,False,0.27,0.39,cpu_pct,,0.09999874654571174
resources,tmux,N=1 attached idle,4,False,0.27,0.33,first_view_stale,,False
resources,tmux,N=1 attached idle,4,False,0.27,0.33,pss_mib,,11.173828125
resources,tmux,N=1 attached idle,4,False,0.27,0.33,rss_mib,,18.68359375
resources,tmux,N=1 attached idle,4,False,0.27,0.33,cpu_pct,,0.0
resources,tmux,N=1 attached output,4,False,0.27,0.36,pss_mib,,11.173828125
resources,tmux,N=1 attached output,4,False,0.27,0.36,rss_mib,,18.68359375
resources,tmux,N=1 attached output,4,False,0.27,0.36,cpu_pct,,0.2994930691362546
resources,herdr,N=1 headless idle,4,False,0.36,0.36,pss_mib,,19.66796875
resources,herdr,N=1 headless idle,4,False,0.36,0.36,rss_mib,,19.671875
resources,herdr,N=1 headless idle,4,False,0.36,0.36,cpu_pct,,0.5999802707287389
resources,herdr,N=1 headless output,4,False,0.36,0.3,pss_mib,,19.6953125
resources,herdr,N=1 headless output,4,False,0.36,0.3,rss_mib,,19.69921875
resources,herdr,N=1 headless output,4,False,0.36,0.3,cpu_pct,,0.9999663801303676
resources,herdr,N=1 attached idle,4,False,0.36,0.31,first_view_stale,,False
resources,herdr,N=1 attached idle,4,False,0.36,0.31,pss_mib,,26.59375
resources,herdr,N=1 attached idle,4,False,0.36,0.31,rss_mib,,36.6640625
resources,herdr,N=1 attached idle,4,False,0.36,0.31,cpu_pct,,0.9954126735427071
resources,herdr,N=1 attached output,4,False,0.36,0.26,pss_mib,,26.61328125
resources,herdr,N=1 attached output,4,False,0.36,0.26,rss_mib,,36.68359375
resources,herdr,N=1 attached output,4,False,0.36,0.26,cpu_pct,,8.58741231512392
resources,thurbox,N=1 headless idle,4,False,0.26,0.38,pss_mib,,5.9482421875
resources,thurbox,N=1 headless idle,4,False,0.26,0.38,rss_mib,,13.375
resources,thurbox,N=1 headless idle,4,False,0.26,0.38,cpu_pct,,0.0
resources,thurbox,N=1 headless output,4,False,0.26,0.3,pss_mib,,5.9482421875
resources,thurbox,N=1 headless output,4,False,0.26,0.3,rss_mib,,13.375
resources,thurbox,N=1 headless output,4,False,0.26,0.3,cpu_pct,,0.19999309395847953
resources,thurbox,N=1 attached idle,4,False,0.26,0.25,first_view_stale,,False
resources,thurbox,N=1 attached idle,4,False,0.26,0.25,pss_mib,,29.0546875
resources,thurbox,N=1 attached idle,4,False,0.26,0.25,rss_mib,,43.06640625
resources,thurbox,N=1 attached idle,4,False,0.26,0.25,cpu_pct,,3.085415700942917
resources,thurbox,N=1 attached output,4,False,0.26,0.21,pss_mib,,29.6015625
resources,thurbox,N=1 attached output,4,False,0.26,0.21,rss_mib,,43.61328125
resources,thurbox,N=1 attached output,4,False,0.26,0.21,cpu_pct,,8.369325518087948
resources,tmux,N=1 headless idle,5,False,0.21,0.23,pss_mib,,5.25390625
resources,tmux,N=1 headless idle,5,False,0.21,0.23,rss_mib,,8.13671875
resources,tmux,N=1 headless idle,5,False,0.21,0.23,cpu_pct,,0.0
resources,tmux,N=1 headless output,5,False,0.21,0.2,pss_mib,,5.25390625
resources,tmux,N=1 headless output,5,False,0.21,0.2,rss_mib,,8.13671875
resources,tmux,N=1 headless output,5,False,0.21,0.2,cpu_pct,,0.1999927843203535
resources,tmux,N=1 attached idle,5,False,0.21,0.3,first_view_stale,,False
resources,tmux,N=1 attached idle,5,False,0.21,0.3,pss_mib,,11.1025390625
resources,tmux,N=1 attached idle,5,False,0.21,0.3,rss_mib,,18.38671875
resources,tmux,N=1 attached idle,5,False,0.21,0.3,cpu_pct,,0.0
resources,tmux,N=1 attached output,5,False,0.21,0.25,pss_mib,,11.1025390625
resources,tmux,N=1 attached output,5,False,0.21,0.25,rss_mib,,18.38671875
resources,tmux,N=1 attached output,5,False,0.21,0.25,cpu_pct,,0.29955970552721223
resources,herdr,N=1 headless idle,5,False,0.25,0.21,pss_mib,,19.6640625
resources,herdr,N=1 headless idle,5,False,0.25,0.21,rss_mib,,19.66796875
resources,herdr,N=1 headless idle,5,False,0.25,0.21,cpu_pct,,0.4999826521018968
resources,herdr,N=1 headless output,5,False,0.25,0.18,pss_mib,,19.69140625
resources,herdr,N=1 headless output,5,False,0.25,0.18,rss_mib,,19.6953125
resources,herdr,N=1 headless output,5,False,0.25,0.18,cpu_pct,,0.9999690927551905
resources,herdr,N=1 attached idle,5,False,0.25,0.21,first_view_stale,,False
resources,herdr,N=1 attached idle,5,False,0.25,0.21,pss_mib,,24.6484375
resources,herdr,N=1 attached idle,5,False,0.25,0.21,rss_mib,,34.71875
resources,herdr,N=1 attached idle,5,False,0.25,0.21,cpu_pct,,0.9998354447828544
resources,herdr,N=1 attached output,5,False,0.25,0.18,pss_mib,,28.171875
resources,herdr,N=1 attached output,5,False,0.25,0.18,rss_mib,,38.2421875
resources,herdr,N=1 attached output,5,False,0.25,0.18,cpu_pct,,8.688320696232838
resources,thurbox,N=1 headless idle,5,False,0.18,0.14,pss_mib,,5.966796875
resources,thurbox,N=1 headless idle,5,False,0.18,0.14,rss_mib,,13.5078125
resources,thurbox,N=1 headless idle,5,False,0.18,0.14,cpu_pct,,0.0
resources,thurbox,N=1 headless output,5,False,0.18,0.11,pss_mib,,5.966796875
resources,thurbox,N=1 headless output,5,False,0.18,0.11,rss_mib,,13.5078125
resources,thurbox,N=1 headless output,5,False,0.18,0.11,cpu_pct,,0.29998992702822286
resources,thurbox,N=1 attached idle,5,False,0.18,0.09,first_view_stale,,False
resources,thurbox,N=1 attached idle,5,False,0.18,0.09,pss_mib,,29.2763671875
resources,thurbox,N=1 attached idle,5,False,0.18,0.09,rss_mib,,43.515625
resources,thurbox,N=1 attached idle,5,False,0.18,0.09,cpu_pct,,3.091509026086606
resources,thurbox,N=1 attached output,5,False,0.18,0.07,pss_mib,,29.599609375
resources,thurbox,N=1 attached output,5,False,0.18,0.07,rss_mib,,43.859375
resources,thurbox,N=1 attached output,5,False,0.18,0.07,cpu_pct,,8.266797401081044
resources,tmux,N=20 headless idle,0,True,0.07,0.06,pss_mib,,5.23828125
resources,tmux,N=20 headless idle,0,True,0.07,0.06,rss_mib,,8.23828125
resources,tmux,N=20 headless idle,0,True,0.07,0.06,cpu_pct,,0.0
resources,tmux,N=20 headless output,0,True,0.07,0.05,pss_mib,,5.25390625
resources,tmux,N=20 headless output,0,True,0.07,0.05,rss_mib,,8.25390625
resources,tmux,N=20 headless output,0,True,0.07,0.05,cpu_pct,,3.1998856437666685
resources,tmux,N=20 attached idle,0,True,0.07,0.04,first_view_stale,,False
resources,tmux,N=20 attached idle,0,True,0.07,0.04,pss_mib,,13.619140625
resources,tmux,N=20 attached idle,0,True,0.07,0.04,rss_mib,,21.3046875
resources,tmux,N=20 attached idle,0,True,0.07,0.04,cpu_pct,,0.0
resources,tmux,N=20 attached output,0,True,0.07,0.11,pss_mib,,13.619140625
resources,tmux,N=20 attached output,0,True,0.07,0.11,rss_mib,,21.3046875
resources,tmux,N=20 attached output,0,True,0.07,0.11,cpu_pct,,2.3981528194334407
resources,herdr,N=20 headless idle,0,True,0.11,0.08,pss_mib,,28.60546875
resources,herdr,N=20 headless idle,0,True,0.11,0.08,rss_mib,,28.609375
resources,herdr,N=20 headless idle,0,True,0.11,0.08,cpu_pct,,9.099708779290662
resources,herdr,N=20 headless output,0,True,0.11,0.14,pss_mib,,34.2890625
resources,herdr,N=20 headless output,0,True,0.11,0.14,rss_mib,,34.29296875
resources,herdr,N=20 headless output,0,True,0.11,0.14,cpu_pct,,17.89947430854823
resources,herdr,N=20 attached idle,0,True,0.11,0.19,first_view_stale,,False
resources,herdr,N=20 attached idle,0,True,0.11,0.19,pss_mib,,48.8828125
resources,herdr,N=20 attached idle,0,True,0.11,0.19,rss_mib,,58.890625
resources,herdr,N=20 attached idle,0,True,0.11,0.19,cpu_pct,,21.209196652788652
resources,herdr,N=20 attached output,0,True,0.11,0.46,pss_mib,,53.453125
resources,herdr,N=20 attached output,0,True,0.11,0.46,rss_mib,,63.4609375
resources,herdr,N=20 attached output,0,True,0.11,0.46,cpu_pct,,32.307646395863
resources,thurbox,N=20 headless idle,0,True,0.46,0.49,pss_mib,,5.9892578125
resources,thurbox,N=20 headless idle,0,True,0.46,0.49,rss_mib,,13.67578125
resources,thurbox,N=20 headless idle,0,True,0.46,0.49,cpu_pct,,0.0
resources,thurbox,N=20 headless output,0,True,0.46,0.42,pss_mib,,5.9111328125
resources,thurbox,N=20 headless output,0,True,0.46,0.42,rss_mib,,13.59765625
resources,thurbox,N=20 headless output,0,True,0.46,0.42,cpu_pct,,4.499846405392872
resources,thurbox,N=20 attached idle,0,True,0.46,1.52,first_view_stale,,False
resources,thurbox,N=20 attached idle,0,True,0.46,1.52,pss_mib,,36.7646484375
resources,thurbox,N=20 attached idle,0,True,0.46,1.52,rss_mib,,51.12109375
resources,thurbox,N=20 attached idle,0,True,0.46,1.52,cpu_pct,,6.36965399191374
resources,thurbox,N=20 attached output,0,True,0.46,1.37,pss_mib,,36.8427734375
resources,thurbox,N=20 attached output,0,True,0.46,1.37,rss_mib,,51.19921875
resources,thurbox,N=20 attached output,0,True,0.46,1.37,cpu_pct,,19.83462341906974
resources,tmux,N=20 headless idle,1,False,1.37,1.16,pss_mib,,5.2763671875
resources,tmux,N=20 headless idle,1,False,1.37,1.16,rss_mib,,8.26953125
resources,tmux,N=20 headless idle,1,False,1.37,1.16,cpu_pct,,0.0
resources,tmux,N=20 headless output,1,False,1.37,0.98,pss_mib,,5.2998046875
resources,tmux,N=20 headless output,1,False,1.37,0.98,rss_mib,,8.29296875
resources,tmux,N=20 headless output,1,False,1.37,0.98,cpu_pct,,3.7998726411887156
resources,tmux,N=20 attached idle,1,False,1.37,0.76,first_view_stale,,False
resources,tmux,N=20 attached idle,1,False,1.37,0.76,pss_mib,,13.62890625
resources,tmux,N=20 attached idle,1,False,1.37,0.76,rss_mib,,21.3203125
resources,tmux,N=20 attached idle,1,False,1.37,0.76,cpu_pct,,0.0
resources,tmux,N=20 attached output,1,False,1.37,0.65,pss_mib,,13.6396484375
resources,tmux,N=20 attached output,1,False,1.37,0.65,rss_mib,,21.3203125
resources,tmux,N=20 attached output,1,False,1.37,0.65,cpu_pct,,3.397793550677852
resources,herdr,N=20 headless idle,1,False,0.65,0.5,pss_mib,,28.60546875
resources,herdr,N=20 headless idle,1,False,0.65,0.5,rss_mib,,28.609375
resources,herdr,N=20 headless idle,1,False,0.65,0.5,cpu_pct,,8.799891180545574
resources,herdr,N=20 headless output,1,False,0.65,0.42,pss_mib,,28.93359375
resources,herdr,N=20 headless output,1,False,0.65,0.42,rss_mib,,28.9375
resources,herdr,N=20 headless output,1,False,0.65,0.42,cpu_pct,,22.599813501816033
resources,herdr,N=20 attached idle,1,False,0.65,0.6,first_view_stale,,False
resources,herdr,N=20 attached idle,1,False,0.65,0.6,pss_mib,,43.9296875
resources,herdr,N=20 attached idle,1,False,0.65,0.6,rss_mib,,53.9375
resources,herdr,N=20 attached idle,1,False,0.65,0.6,cpu_pct,,23.89232558162765
resources,herdr,N=20 attached output,1,False,0.65,0.53,pss_mib,,48.6640625
resources,herdr,N=20 attached output,1,False,0.65,0.53,rss_mib,,58.671875
resources,herdr,N=20 attached output,1,False,0.65,0.53,cpu_pct,,36.47720820392725
resources,thurbox,N=20 headless idle,1,False,0.53,0.42,pss_mib,,5.9140625
resources,thurbox,N=20 headless idle,1,False,0.53,0.42,rss_mib,,13.68359375
resources,thurbox,N=20 headless idle,1,False,0.53,0.42,cpu_pct,,0.0
resources,thurbox,N=20 headless output,1,False,0.53,0.35,pss_mib,,5.83984375
resources,thurbox,N=20 headless output,1,False,0.53,0.35,rss_mib,,13.609375
resources,thurbox,N=20 headless output,1,False,0.53,0.35,cpu_pct,,5.199908879396796
resources,thurbox,N=20 attached idle,1,False,0.53,2.41,first_view_stale,,False
resources,thurbox,N=20 attached idle,1,False,0.53,2.41,pss_mib,,36.296875
resources,thurbox,N=20 attached idle,1,False,0.53,2.41,rss_mib,,50.7109375
resources,thurbox,N=20 attached idle,1,False,0.53,2.41,cpu_pct,,6.1990294948200555
resources,thurbox,N=20 attached output,1,False,0.53,2.11,pss_mib,,36.1875
resources,thurbox,N=20 attached output,1,False,0.53,2.11,rss_mib,,50.6015625
resources,thurbox,N=20 attached output,1,False,0.53,2.11,cpu_pct,,21.16675275279945
resources,tmux,N=20 headless idle,2,False,2.11,1.78,pss_mib,,5.2470703125
resources,tmux,N=20 headless idle,2,False,2.11,1.78,rss_mib,,8.13671875
resources,tmux,N=20 headless idle,2,False,2.11,1.78,cpu_pct,,0.0
resources,tmux,N=20 headless output,2,False,2.11,1.51,pss_mib,,5.2626953125
resources,tmux,N=20 headless output,2,False,2.11,1.51,rss_mib,,8.15234375
resources,tmux,N=20 headless output,2,False,2.11,1.51,cpu_pct,,3.7998710027386116
resources,tmux,N=20 attached idle,2,False,2.11,1.17,first_view_stale,,False
resources,tmux,N=20 attached idle,2,False,2.11,1.17,pss_mib,,13.6015625
resources,tmux,N=20 attached idle,2,False,2.11,1.17,rss_mib,,21.12890625
resources,tmux,N=20 attached idle,2,False,2.11,1.17,cpu_pct,,0.0
resources,tmux,N=20 attached output,2,False,2.11,0.99,pss_mib,,13.6015625
resources,tmux,N=20 attached output,2,False,2.11,0.99,rss_mib,,21.12890625
resources,tmux,N=20 attached output,2,False,2.11,0.99,cpu_pct,,4.3825598410856115
resources,herdr,N=20 headless idle,2,False,0.99,0.77,pss_mib,,28.609375
resources,herdr,N=20 headless idle,2,False,0.99,0.77,rss_mib,,28.61328125
resources,herdr,N=20 headless idle,2,False,0.99,0.77,cpu_pct,,8.999699650322082
resources,herdr,N=20 headless output,2,False,0.99,0.65,pss_mib,,34.2890625
resources,herdr,N=20 headless output,2,False,0.99,0.65,rss_mib,,34.29296875
resources,herdr,N=20 headless output,2,False,0.99,0.65,cpu_pct,,17.699787119350393
resources,herdr,N=20 attached idle,2,False,0.99,0.97,first_view_stale,,False
resources,herdr,N=20 attached idle,2,False,0.99,0.97,pss_mib,,59.4921875
resources,herdr,N=20 attached idle,2,False,0.99,0.97,rss_mib,,69.5
resources,herdr,N=20 attached idle,2,False,0.99,0.97,cpu_pct,,16.42729939962901
resources,herdr,N=20 attached output,2,False,0.99,1.12,pss_mib,,59.52734375
resources,herdr,N=20 attached output,2,False,0.99,1.12,rss_mib,,69.53515625
resources,herdr,N=20 attached output,2,False,0.99,1.12,cpu_pct,,32.11611326775338
resources,thurbox,N=20 headless idle,2,False,1.12,0.95,pss_mib,,5.9111328125
resources,thurbox,N=20 headless idle,2,False,1.12,0.95,rss_mib,,13.47265625
resources,thurbox,N=20 headless idle,2,False,1.12,0.95,cpu_pct,,0.0
resources,thurbox,N=20 headless output,2,False,1.12,0.96,pss_mib,,5.9345703125
resources,thurbox,N=20 headless output,2,False,1.12,0.96,rss_mib,,13.49609375
resources,thurbox,N=20 headless output,2,False,1.12,0.96,cpu_pct,,4.899831449227749
resources,thurbox,N=20 attached idle,2,False,1.12,2.3,first_view_stale,,False
resources,thurbox,N=20 attached idle,2,False,1.12,2.3,pss_mib,,36.4736328125
resources,thurbox,N=20 attached idle,2,False,1.12,2.3,rss_mib,,50.73046875
resources,thurbox,N=20 attached idle,2,False,1.12,2.3,cpu_pct,,6.174955661755846
resources,thurbox,N=20 attached output,2,False,1.12,1.95,pss_mib,,36.6650390625
resources,thurbox,N=20 attached output,2,False,1.12,1.95,rss_mib,,50.921875
resources,thurbox,N=20 attached output,2,False,1.12,1.95,cpu_pct,,20.815435542529737
resources,tmux,N=20 headless idle,3,False,1.95,1.65,pss_mib,,5.2802734375
resources,tmux,N=20 headless idle,3,False,1.95,1.65,rss_mib,,8.21875
resources,tmux,N=20 headless idle,3,False,1.95,1.65,cpu_pct,,0.0
resources,tmux,N=20 headless output,3,False,1.95,1.4,pss_mib,,5.3115234375
resources,tmux,N=20 headless output,3,False,1.95,1.4,rss_mib,,8.25
resources,tmux,N=20 headless output,3,False,1.95,1.4,cpu_pct,,3.699964251315388
resources,tmux,N=20 attached idle,3,False,1.95,1.09,first_view_stale,,False
resources,tmux,N=20 attached idle,3,False,1.95,1.09,pss_mib,,13.5810546875
resources,tmux,N=20 attached idle,3,False,1.95,1.09,rss_mib,,21.203125
resources,tmux,N=20 attached idle,3,False,1.95,1.09,cpu_pct,,0.0
resources,tmux,N=20 attached output,3,False,1.95,0.92,pss_mib,,13.5810546875
resources,tmux,N=20 attached output,3,False,1.95,0.92,rss_mib,,21.203125
resources,tmux,N=20 attached output,3,False,1.95,0.92,cpu_pct,,4.5955427573448
resources,herdr,N=20 headless idle,3,False,0.92,0.78,pss_mib,,28.61328125
resources,herdr,N=20 headless idle,3,False,0.92,0.78,rss_mib,,28.6171875
resources,herdr,N=20 headless idle,3,False,0.92,0.78,cpu_pct,,8.999689561107528
resources,herdr,N=20 headless output,3,False,0.92,0.66,pss_mib,,28.9296875
resources,herdr,N=20 headless output,3,False,0.92,0.66,rss_mib,,28.93359375
resources,herdr,N=20 headless output,3,False,0.92,0.66,cpu_pct,,25.79971484864849
resources,herdr,N=20 attached idle,3,False,0.92,0.56,first_view_stale,,False
resources,herdr,N=20 attached idle,3,False,0.92,0.56,pss_mib,,40.6875
resources,herdr,N=20 attached idle,3,False,0.92,0.56,rss_mib,,50.6953125
resources,herdr,N=20 attached idle,3,False,0.92,0.56,cpu_pct,,17.3311535419597
resources,herdr,N=20 attached output,3,False,0.92,0.57,pss_mib,,46.6953125
resources,herdr,N=20 attached output,3,False,0.92,0.57,rss_mib,,56.703125
resources,herdr,N=20 attached output,3,False,0.92,0.57,cpu_pct,,29.21528961625262
resources,thurbox,N=20 headless idle,3,False,0.57,0.52,pss_mib,,5.9677734375
resources,thurbox,N=20 headless idle,3,False,0.57,0.52,rss_mib,,13.6796875
resources,thurbox,N=20 headless idle,3,False,0.57,0.52,cpu_pct,,0.0
resources,thurbox,N=20 headless output,3,False,0.57,0.44,pss_mib,,5.9990234375
resources,thurbox,N=20 headless output,3,False,0.57,0.44,rss_mib,,13.7109375
resources,thurbox,N=20 headless output,3,False,0.57,0.44,cpu_pct,,3.499905299562482
resources,thurbox,N=20 attached idle,3,False,0.57,0.34,first_view_stale,,False
resources,thurbox,N=20 attached idle,3,False,0.57,0.34,pss_mib,,36.5087890625
resources,thurbox,N=20 attached idle,3,False,0.57,0.34,rss_mib,,50.91796875
resources,thurbox,N=20 attached idle,3,False,0.57,0.34,cpu_pct,,5.9777460863235445
resources,thurbox,N=20 attached output,3,False,0.57,0.36,pss_mib,,35.9697265625
resources,thurbox,N=20 attached output,3,False,0.57,0.36,rss_mib,,50.37890625
resources,thurbox,N=20 attached output,3,False,0.57,0.36,cpu_pct,,20.188630816971447
resources,tmux,N=20 headless idle,4,False,0.36,0.31,pss_mib,,5.263671875
resources,tmux,N=20 headless idle,4,False,0.36,0.31,rss_mib,,8.140625
resources,tmux,N=20 headless idle,4,False,0.36,0.31,cpu_pct,,0.0
resources,tmux,N=20 headless output,4,False,0.36,0.26,pss_mib,,5.294921875
resources,tmux,N=20 headless output,4,False,0.36,0.26,rss_mib,,8.171875
resources,tmux,N=20 headless output,4,False,0.36,0.26,cpu_pct,,3.999966398282377
resources,tmux,N=20 attached idle,4,False,0.36,0.36,first_view_stale,,False
resources,tmux,N=20 attached idle,4,False,0.36,0.36,pss_mib,,13.6103515625
resources,tmux,N=20 attached idle,4,False,0.36,0.36,rss_mib,,20.94921875
resources,tmux,N=20 attached idle,4,False,0.36,0.36,cpu_pct,,0.0
resources,tmux,N=20 attached output,4,False,0.36,0.38,pss_mib,,13.6103515625
resources,tmux,N=20 attached output,4,False,0.36,0.38,rss_mib,,20.94921875
resources,tmux,N=20 attached output,4,False,0.36,0.38,cpu_pct,,3.395793603635999
resources,herdr,N=20 headless idle,4,False,0.38,0.39,pss_mib,,28.60546875
resources,herdr,N=20 headless idle,4,False,0.38,0.39,rss_mib,,28.609375
resources,herdr,N=20 headless idle,4,False,0.38,0.39,cpu_pct,,8.999766946534685
resources,herdr,N=20 headless output,4,False,0.38,0.37,pss_mib,,28.91015625
resources,herdr,N=20 headless output,4,False,0.38,0.37,rss_mib,,28.9140625
resources,herdr,N=20 headless output,4,False,0.38,0.37,cpu_pct,,21.399305832197797
resources,herdr,N=20 attached idle,4,False,0.38,0.47,first_view_stale,,False
resources,herdr,N=20 attached idle,4,False,0.38,0.47,pss_mib,,38.69140625
resources,herdr,N=20 attached idle,4,False,0.38,0.47,rss_mib,,48.69921875
resources,herdr,N=20 attached idle,4,False,0.38,0.47,cpu_pct,,13.743450540094623
resources,herdr,N=20 attached output,4,False,0.38,0.36,pss_mib,,45.40625
resources,herdr,N=20 attached output,4,False,0.38,0.36,rss_mib,,55.4140625
resources,herdr,N=20 attached output,4,False,0.38,0.36,cpu_pct,,27.213248813527013
resources,thurbox,N=20 headless idle,4,False,0.36,0.28,pss_mib,,5.9716796875
resources,thurbox,N=20 headless idle,4,False,0.36,0.28,rss_mib,,13.765625
resources,thurbox,N=20 headless idle,4,False,0.36,0.28,cpu_pct,,0.0
resources,thurbox,N=20 headless output,4,False,0.36,0.24,pss_mib,,5.9990234375
resources,thurbox,N=20 headless output,4,False,0.36,0.24,rss_mib,,13.79296875
resources,thurbox,N=20 headless output,4,False,0.36,0.24,cpu_pct,,4.699928282854477
resources,thurbox,N=20 attached idle,4,False,0.36,3.06,first_view_stale,,False
resources,thurbox,N=20 attached idle,4,False,0.36,3.06,pss_mib,,36.751953125
resources,thurbox,N=20 attached idle,4,False,0.36,3.06,rss_mib,,51.2734375
resources,thurbox,N=20 attached idle,4,False,0.36,3.06,cpu_pct,,6.290709895354006
resources,thurbox,N=20 attached output,4,False,0.36,2.67,pss_mib,,36.462890625
resources,thurbox,N=20 attached output,4,False,0.36,2.67,rss_mib,,50.984375
resources,thurbox,N=20 attached output,4,False,0.36,2.67,cpu_pct,,20.959205752263113
resources,tmux,N=20 headless idle,5,False,2.67,2.26,pss_mib,,5.275390625
resources,tmux,N=20 headless idle,5,False,2.67,2.26,rss_mib,,8.1484375
resources,tmux,N=20 headless idle,5,False,2.67,2.26,cpu_pct,,0.0
resources,tmux,N=20 headless output,5,False,2.67,1.91,pss_mib,,5.291015625
resources,tmux,N=20 headless output,5,False,2.67,1.91,rss_mib,,8.1640625
resources,tmux,N=20 headless output,5,False,2.67,1.91,cpu_pct,,3.999869107483388
resources,tmux,N=20 attached idle,5,False,2.67,1.49,first_view_stale,,False
resources,tmux,N=20 attached idle,5,False,2.67,1.49,pss_mib,,13.587890625
resources,tmux,N=20 attached idle,5,False,2.67,1.49,rss_mib,,20.98828125
resources,tmux,N=20 attached idle,5,False,2.67,1.49,cpu_pct,,0.0
resources,tmux,N=20 attached output,5,False,2.67,1.26,pss_mib,,13.587890625
resources,tmux,N=20 attached output,5,False,2.67,1.26,rss_mib,,20.98828125
resources,tmux,N=20 attached output,5,False,2.67,1.26,cpu_pct,,3.2878745848489066
resources,herdr,N=20 headless idle,5,False,1.26,0.98,pss_mib,,28.61328125
resources,herdr,N=20 headless idle,5,False,1.26,0.98,rss_mib,,28.6171875
resources,herdr,N=20 headless idle,5,False,1.26,0.98,cpu_pct,,8.999687906121915
resources,herdr,N=20 headless output,5,False,1.26,0.83,pss_mib,,28.94140625
resources,herdr,N=20 headless output,5,False,1.26,0.83,rss_mib,,28.9453125
resources,herdr,N=20 headless output,5,False,1.26,0.83,cpu_pct,,17.59971948335078
resources,herdr,N=20 attached idle,5,False,1.26,0.72,first_view_stale,,False
resources,herdr,N=20 attached idle,5,False,1.26,0.72,pss_mib,,38.6953125
resources,herdr,N=20 attached idle,5,False,1.26,0.72,rss_mib,,48.703125
resources,herdr,N=20 attached idle,5,False,1.26,0.72,cpu_pct,,19.318558028542213
resources,herdr,N=20 attached output,5,False,1.26,0.61,pss_mib,,45.0234375
resources,herdr,N=20 attached output,5,False,1.26,0.61,rss_mib,,55.03125
resources,herdr,N=20 attached output,5,False,1.26,0.61,cpu_pct,,32.866558341862884
resources,thurbox,N=20 headless idle,5,False,0.61,0.56,pss_mib,,5.9453125
resources,thurbox,N=20 headless idle,5,False,0.61,0.56,rss_mib,,13.515625
resources,thurbox,N=20 headless idle,5,False,0.61,0.56,cpu_pct,,0.0
resources,thurbox,N=20 headless output,5,False,0.61,0.47,pss_mib,,5.859375
resources,thurbox,N=20 headless output,5,False,0.61,0.47,rss_mib,,13.4296875
resources,thurbox,N=20 headless output,5,False,0.61,0.47,cpu_pct,,4.199960939103247
resources,thurbox,N=20 attached idle,5,False,0.61,0.43,first_view_stale,,False
resources,thurbox,N=20 attached idle,5,False,0.61,0.43,pss_mib,,36.6748046875
resources,thurbox,N=20 attached idle,5,False,0.61,0.43,rss_mib,,50.953125
resources,thurbox,N=20 attached idle,5,False,0.61,0.43,cpu_pct,,6.187657715523262
resources,thurbox,N=20 attached output,5,False,0.61,2.29,pss_mib,,36.6552734375
resources,thurbox,N=20 attached output,5,False,0.61,2.29,rss_mib,,50.93359375
resources,thurbox,N=20 attached output,5,False,0.61,2.29,cpu_pct,,19.292227504938577
resources,tmux,N=50 headless idle,0,True,2.29,1.94,pss_mib,,5.3359375
resources,tmux,N=50 headless idle,0,True,2.29,1.94,rss_mib,,8.3125
resources,tmux,N=50 headless idle,0,True,2.29,1.94,cpu_pct,,0.0
resources,tmux,N=50 headless output,0,True,2.29,1.64,pss_mib,,5.3671875
resources,tmux,N=50 headless output,0,True,2.29,1.64,rss_mib,,8.34375
resources,tmux,N=50 headless output,0,True,2.29,1.64,cpu_pct,,10.699843171329427
resources,tmux,N=50 attached idle,0,True,2.29,1.27,first_view_stale,,False
resources,tmux,N=50 attached idle,0,True,2.29,1.27,pss_mib,,16.4892578125
resources,tmux,N=50 attached idle,0,True,2.29,1.27,rss_mib,,24.08984375
resources,tmux,N=50 attached idle,0,True,2.29,1.27,cpu_pct,,0.0
resources,tmux,N=50 attached output,0,True,2.29,1.08,pss_mib,,16.5947265625
resources,tmux,N=50 attached output,0,True,2.29,1.08,rss_mib,,24.1953125
resources,tmux,N=50 attached output,0,True,2.29,1.08,cpu_pct,,7.08343395105979
resources,herdr,N=50 headless idle,0,True,1.08,0.91,pss_mib,,42.5234375
resources,herdr,N=50 headless idle,0,True,1.08,0.91,rss_mib,,42.52734375
resources,herdr,N=50 headless idle,0,True,1.08,0.91,cpu_pct,,22.999698036963654
resources,herdr,N=50 headless output,0,True,1.08,0.77,pss_mib,,43.328125
resources,herdr,N=50 headless output,0,True,1.08,0.77,rss_mib,,43.33203125
resources,herdr,N=50 headless output,0,True,1.08,0.77,cpu_pct,,50.39953542716612
resources,herdr,N=50 attached idle,0,True,1.08,0.74,first_view_stale,,False
resources,herdr,N=50 attached idle,0,True,1.08,0.74,pss_mib,,60.76953125
resources,herdr,N=50 attached idle,0,True,1.08,0.74,rss_mib,,70.77734375
resources,herdr,N=50 attached idle,0,True,1.08,0.74,cpu_pct,,34.885396515234085
resources,herdr,N=50 attached output,0,True,1.08,0.63,pss_mib,,62.36328125
resources,herdr,N=50 attached output,0,True,1.08,0.63,rss_mib,,72.37109375
resources,herdr,N=50 attached output,0,True,1.08,0.63,cpu_pct,,90.63489943093946
resources,thurbox,N=50 headless idle,0,True,0.63,0.57,pss_mib,,5.82421875
resources,thurbox,N=50 headless idle,0,True,0.63,0.57,rss_mib,,13.72265625
resources,thurbox,N=50 headless idle,0,True,0.63,0.57,cpu_pct,,0.0
resources,thurbox,N=50 headless output,0,True,0.63,0.48,pss_mib,,5.86328125
resources,thurbox,N=50 headless output,0,True,0.63,0.48,rss_mib,,13.76171875
resources,thurbox,N=50 headless output,0,True,0.63,0.48,cpu_pct,,10.399843217163054
resources,thurbox,N=50 attached idle,0,True,0.63,0.44,first_view_stale,,False
resources,thurbox,N=50 attached idle,0,True,0.63,0.44,pss_mib,,54.2373046875
resources,thurbox,N=50 attached idle,0,True,0.63,0.44,rss_mib,,84.5859375
resources,thurbox,N=50 attached idle,0,True,0.63,0.44,cpu_pct,,11.258436323196687
resources,thurbox,N=50 attached output,0,True,0.63,0.38,pss_mib,,46.7509765625
resources,thurbox,N=50 attached output,0,True,0.63,0.38,rss_mib,,61.265625
resources,thurbox,N=50 attached output,0,True,0.63,0.38,cpu_pct,,38.04144014286739
resources,tmux,N=50 headless idle,1,False,0.38,0.4,pss_mib,,5.1884765625
resources,tmux,N=50 headless idle,1,False,0.38,0.4,rss_mib,,8.0234375
resources,tmux,N=50 headless idle,1,False,0.38,0.4,cpu_pct,,0.0
resources,tmux,N=50 headless output,1,False,0.38,0.39,pss_mib,,5.2353515625
resources,tmux,N=50 headless output,1,False,0.38,0.39,rss_mib,,8.0703125
resources,tmux,N=50 headless output,1,False,0.38,0.39,cpu_pct,,9.299856569241138
resources,tmux,N=50 attached idle,1,False,0.38,0.33,first_view_stale,,False
resources,tmux,N=50 attached idle,1,False,0.38,0.33,pss_mib,,16.4541015625
resources,tmux,N=50 attached idle,1,False,0.38,0.33,rss_mib,,23.97265625
resources,tmux,N=50 attached idle,1,False,0.38,0.33,cpu_pct,,0.0
resources,tmux,N=50 attached output,1,False,0.38,0.28,pss_mib,,16.5634765625
resources,tmux,N=50 attached output,1,False,0.38,0.28,rss_mib,,24.08203125
resources,tmux,N=50 attached output,1,False,0.38,0.28,cpu_pct,,6.6756185934847005
resources,herdr,N=50 headless idle,1,False,0.28,0.57,pss_mib,,49.51953125
resources,herdr,N=50 headless idle,1,False,0.28,0.57,rss_mib,,49.5234375
resources,herdr,N=50 headless idle,1,False,0.28,0.57,cpu_pct,,22.39985345567814
resources,herdr,N=50 headless output,1,False,0.28,0.48,pss_mib,,50.35546875
resources,herdr,N=50 headless output,1,False,0.28,0.48,rss_mib,,50.359375
resources,herdr,N=50 headless output,1,False,0.28,0.48,cpu_pct,,55.69833209673319
resources,herdr,N=50 attached idle,1,False,0.28,0.52,first_view_stale,,False
resources,herdr,N=50 attached idle,1,False,0.28,0.52,pss_mib,,72.640625
resources,herdr,N=50 attached idle,1,False,0.28,0.52,rss_mib,,82.6484375
resources,herdr,N=50 attached idle,1,False,0.28,0.52,cpu_pct,,58.52087574698189
resources,herdr,N=50 attached output,1,False,0.28,0.44,pss_mib,,80.53515625
resources,herdr,N=50 attached output,1,False,0.28,0.44,rss_mib,,90.54296875
resources,herdr,N=50 attached output,1,False,0.28,0.44,cpu_pct,,101.69726461986534
resources,thurbox,N=50 headless idle,1,False,0.44,0.51,pss_mib,,5.8701171875
resources,thurbox,N=50 headless idle,1,False,0.44,0.51,rss_mib,,13.59765625
resources,thurbox,N=50 headless idle,1,False,0.44,0.51,cpu_pct,,0.0
resources,thurbox,N=50 headless output,1,False,0.44,0.59,pss_mib,,5.9208984375
resources,thurbox,N=50 headless output,1,False,0.44,0.59,rss_mib,,13.6484375
resources,thurbox,N=50 headless output,1,False,0.44,0.59,cpu_pct,,12.099797785759728
resources,thurbox,N=50 attached idle,1,False,0.44,0.46,first_view_stale,,False
resources,thurbox,N=50 attached idle,1,False,0.44,0.46,pss_mib,,87.4248046875
resources,thurbox,N=50 attached idle,1,False,0.44,0.46,rss_mib,,150.0703125
resources,thurbox,N=50 attached idle,1,False,0.44,0.46,cpu_pct,,11.79383420588469
resources,thurbox,N=50 attached output,1,False,0.44,0.54,pss_mib,,48.958984375
resources,thurbox,N=50 attached output,1,False,0.44,0.54,rss_mib,,63.2265625
resources,thurbox,N=50 attached output,1,False,0.44,0.54,cpu_pct,,38.00187732106576
resources,tmux,N=50 headless idle,2,False,0.54,0.62,pss_mib,,5.2548828125
resources,tmux,N=50 headless idle,2,False,0.54,0.62,rss_mib,,8.2265625
resources,tmux,N=50 headless idle,2,False,0.54,0.62,cpu_pct,,0.0
resources,tmux,N=50 headless output,2,False,0.54,0.48,pss_mib,,5.2744140625
resources,tmux,N=50 headless output,2,False,0.54,0.48,rss_mib,,8.24609375
resources,tmux,N=50 headless output,2,False,0.54,0.48,cpu_pct,,10.399644849007965
resources,tmux,N=50 attached idle,2,False,0.54,0.41,first_view_stale,,False
resources,tmux,N=50 attached idle,2,False,0.54,0.41,pss_mib,,16.45703125
resources,tmux,N=50 attached idle,2,False,0.54,0.41,rss_mib,,24.0234375
resources,tmux,N=50 attached idle,2,False,0.54,0.41,cpu_pct,,0.0
resources,tmux,N=50 attached output,2,False,0.54,0.34,pss_mib,,16.42578125
resources,tmux,N=50 attached output,2,False,0.54,0.34,rss_mib,,23.9921875
resources,tmux,N=50 attached output,2,False,0.54,0.34,cpu_pct,,9.358433422083083
resources,herdr,N=50 headless idle,2,False,0.34,0.33,pss_mib,,45.921875
resources,herdr,N=50 headless idle,2,False,0.34,0.33,rss_mib,,45.92578125
resources,herdr,N=50 headless idle,2,False,0.34,0.33,cpu_pct,,22.39925741533804
resources,herdr,N=50 headless output,2,False,0.34,0.44,pss_mib,,50.1875
resources,herdr,N=50 headless output,2,False,0.34,0.44,rss_mib,,50.19140625
resources,herdr,N=50 headless output,2,False,0.34,0.44,cpu_pct,,68.79890241671991
resources,herdr,N=50 attached idle,2,False,0.34,0.34,first_view_stale,,False
resources,herdr,N=50 attached idle,2,False,0.34,0.34,pss_mib,,70.9921875
resources,herdr,N=50 attached idle,2,False,0.34,0.34,rss_mib,,81.0
resources,herdr,N=50 attached idle,2,False,0.34,0.34,cpu_pct,,70.4535049983877
resources,herdr,N=50 attached output,2,False,0.34,0.29,pss_mib,,82.68359375
resources,herdr,N=50 attached output,2,False,0.34,0.29,rss_mib,,92.69140625
resources,herdr,N=50 attached output,2,False,0.34,0.29,cpu_pct,,85.18136745808106
resources,thurbox,N=50 headless idle,2,False,0.27,0.28,pss_mib,,5.8701171875
resources,thurbox,N=50 headless idle,2,False,0.27,0.28,rss_mib,,13.6875
resources,thurbox,N=50 headless idle,2,False,0.27,0.28,cpu_pct,,0.0
resources,thurbox,N=50 headless output,2,False,0.27,0.31,pss_mib,,5.9052734375
resources,thurbox,N=50 headless output,2,False,0.27,0.31,rss_mib,,13.72265625
resources,thurbox,N=50 headless output,2,False,0.27,0.31,cpu_pct,,11.999832119950584
resources,thurbox,N=50 attached idle,2,False,0.27,0.24,first_view_stale,,False
resources,thurbox,N=50 attached idle,2,False,0.27,0.24,pss_mib,,47.73046875
resources,thurbox,N=50 attached idle,2,False,0.27,0.24,rss_mib,,62.56640625
resources,thurbox,N=50 attached idle,2,False,0.27,0.24,cpu_pct,,11.09032773147921
resources,thurbox,N=50 attached output,2,False,0.27,0.28,pss_mib,,46.9052734375
resources,thurbox,N=50 attached output,2,False,0.27,0.28,rss_mib,,61.390625
resources,thurbox,N=50 attached output,2,False,0.27,0.28,cpu_pct,,38.7315077632797
resources,tmux,N=50 headless idle,3,False,0.28,0.22,pss_mib,,5.2841796875
resources,tmux,N=50 headless idle,3,False,0.28,0.22,rss_mib,,8.1484375
resources,tmux,N=50 headless idle,3,False,0.28,0.22,cpu_pct,,0.0
resources,tmux,N=50 headless output,3,False,0.28,0.26,pss_mib,,5.2998046875
resources,tmux,N=50 headless output,3,False,0.28,0.26,rss_mib,,8.1640625
resources,tmux,N=50 headless output,3,False,0.28,0.26,cpu_pct,,10.799857421361903
resources,tmux,N=50 attached idle,3,False,0.28,0.27,first_view_stale,,False
resources,tmux,N=50 attached idle,3,False,0.28,0.27,pss_mib,,16.431640625
resources,tmux,N=50 attached idle,3,False,0.28,0.27,rss_mib,,23.96484375
resources,tmux,N=50 attached idle,3,False,0.28,0.27,cpu_pct,,0.0
resources,tmux,N=50 attached output,3,False,0.28,0.31,pss_mib,,16.501953125
resources,tmux,N=50 attached output,3,False,0.28,0.31,rss_mib,,24.03515625
resources,tmux,N=50 attached output,3,False,0.28,0.31,cpu_pct,,9.97287382408865
resources,herdr,N=50 headless idle,3,False,0.31,0.64,pss_mib,,44.49609375
resources,herdr,N=50 headless idle,3,False,0.31,0.64,rss_mib,,44.5
resources,herdr,N=50 headless idle,3,False,0.31,0.64,cpu_pct,,22.299691925296926
resources,herdr,N=50 headless output,3,False,0.31,1.02,pss_mib,,50.73046875
resources,herdr,N=50 headless output,3,False,0.31,1.02,rss_mib,,50.734375
resources,herdr,N=50 headless output,3,False,0.31,1.02,cpu_pct,,55.399334016907794
resources,herdr,N=50 attached idle,3,False,0.31,1.09,first_view_stale,,False
resources,herdr,N=50 attached idle,3,False,0.31,1.09,pss_mib,,73.796875
resources,herdr,N=50 attached idle,3,False,0.31,1.09,rss_mib,,83.8046875
resources,herdr,N=50 attached idle,3,False,0.31,1.09,cpu_pct,,70.14385886595916
resources,herdr,N=50 attached output,3,False,0.31,0.85,pss_mib,,73.89453125
resources,herdr,N=50 attached output,3,False,0.31,0.85,rss_mib,,83.90234375
resources,herdr,N=50 attached output,3,False,0.31,0.85,cpu_pct,,101.76526700378034
resources,thurbox,N=50 headless idle,3,False,0.85,0.87,pss_mib,,5.8681640625
resources,thurbox,N=50 headless idle,3,False,0.85,0.87,rss_mib,,13.66015625
resources,thurbox,N=50 headless idle,3,False,0.85,0.87,cpu_pct,,0.0
resources,thurbox,N=50 headless output,3,False,0.85,0.68,pss_mib,,5.8720703125
resources,thurbox,N=50 headless output,3,False,0.85,0.68,rss_mib,,13.6640625
resources,thurbox,N=50 headless output,3,False,0.85,0.68,cpu_pct,,11.899839186763069
resources,thurbox,N=50 attached idle,3,False,0.85,0.57,first_view_stale,,False
resources,thurbox,N=50 attached idle,3,False,0.85,0.57,pss_mib,,48.1728515625
resources,thurbox,N=50 attached idle,3,False,0.85,0.57,rss_mib,,62.65625
resources,thurbox,N=50 attached idle,3,False,0.85,0.57,cpu_pct,,11.175429570910042
resources,thurbox,N=50 attached output,3,False,0.85,0.51,pss_mib,,46.9072265625
resources,thurbox,N=50 attached output,3,False,0.85,0.51,rss_mib,,61.390625
resources,thurbox,N=50 attached output,3,False,0.85,0.51,cpu_pct,,38.07983423930042
resources,tmux,N=50 headless idle,4,False,0.51,0.51,pss_mib,,5.2958984375
resources,tmux,N=50 headless idle,4,False,0.51,0.51,rss_mib,,8.296875
resources,tmux,N=50 headless idle,4,False,0.51,0.51,cpu_pct,,0.0
resources,tmux,N=50 headless output,4,False,0.51,0.43,pss_mib,,5.3115234375
resources,tmux,N=50 headless output,4,False,0.51,0.43,rss_mib,,8.3125
resources,tmux,N=50 headless output,4,False,0.51,0.43,cpu_pct,,11.499839615187037
resources,tmux,N=50 attached idle,4,False,0.51,0.33,first_view_stale,,False
resources,tmux,N=50 attached idle,4,False,0.51,0.33,pss_mib,,16.490234375
resources,tmux,N=50 attached idle,4,False,0.51,0.33,rss_mib,,24.125
resources,tmux,N=50 attached idle,4,False,0.51,0.33,cpu_pct,,0.0
resources,tmux,N=50 attached output,4,False,0.51,0.36,pss_mib,,16.623046875
resources,tmux,N=50 attached output,4,False,0.51,0.36,rss_mib,,24.2578125
resources,tmux,N=50 attached output,4,False,0.51,0.36,cpu_pct,,9.079913359370428
resources,herdr,N=50 headless idle,4,False,0.36,0.28,pss_mib,,46.48828125
resources,herdr,N=50 headless idle,4,False,0.36,0.28,rss_mib,,46.4921875
resources,herdr,N=50 headless idle,4,False,0.36,0.28,cpu_pct,,22.599400087623227
resources,herdr,N=50 headless output,4,False,0.36,0.24,pss_mib,,59.11328125
resources,herdr,N=50 headless output,4,False,0.36,0.24,rss_mib,,59.1171875
resources,herdr,N=50 headless output,4,False,0.36,0.24,cpu_pct,,67.99945675914256
resources,herdr,N=50 attached idle,4,False,0.36,0.62,first_view_stale,,False
resources,herdr,N=50 attached idle,4,False,0.36,0.62,pss_mib,,86.68359375
resources,herdr,N=50 attached idle,4,False,0.36,0.62,rss_mib,,96.69140625
resources,herdr,N=50 attached idle,4,False,0.36,0.62,cpu_pct,,73.18027854637285
resources,herdr,N=50 attached output,4,False,0.36,0.6,pss_mib,,95.5859375
resources,herdr,N=50 attached output,4,False,0.36,0.6,rss_mib,,105.59375
resources,herdr,N=50 attached output,4,False,0.36,0.6,cpu_pct,,72.7104259685467
resources,thurbox,N=50 headless idle,4,False,0.6,0.43,pss_mib,,5.849609375
resources,thurbox,N=50 headless idle,4,False,0.6,0.43,rss_mib,,13.6953125
resources,thurbox,N=50 headless idle,4,False,0.6,0.43,cpu_pct,,0.0
resources,thurbox,N=50 headless output,4,False,0.6,0.36,pss_mib,,5.931640625
resources,thurbox,N=50 headless output,4,False,0.6,0.36,rss_mib,,13.77734375
resources,thurbox,N=50 headless output,4,False,0.6,0.36,cpu_pct,,11.499674754698582
resources,thurbox,N=50 attached idle,4,False,0.6,0.35,first_view_stale,,False
resources,thurbox,N=50 attached idle,4,False,0.6,0.35,pss_mib,,52.638671875
resources,thurbox,N=50 attached idle,4,False,0.6,0.35,rss_mib,,72.4453125
resources,thurbox,N=50 attached idle,4,False,0.6,0.35,cpu_pct,,11.650582938671207
resources,thurbox,N=50 attached output,4,False,0.6,0.3,pss_mib,,48.47265625
resources,thurbox,N=50 attached output,4,False,0.6,0.3,rss_mib,,63.1171875
resources,thurbox,N=50 attached output,4,False,0.6,0.3,cpu_pct,,38.65192391375099
resources,tmux,N=50 headless idle,5,False,0.3,0.25,pss_mib,,5.2607421875
resources,tmux,N=50 headless idle,5,False,0.3,0.25,rss_mib,,8.2421875
resources,tmux,N=50 headless idle,5,False,0.3,0.25,cpu_pct,,0.0
resources,tmux,N=50 headless output,5,False,0.3,0.19,pss_mib,,5.2880859375
resources,tmux,N=50 headless output,5,False,0.3,0.19,rss_mib,,8.26953125
resources,tmux,N=50 headless output,5,False,0.3,0.19,cpu_pct,,10.399677550718497
resources,tmux,N=50 attached idle,5,False,0.3,0.16,first_view_stale,,False
resources,tmux,N=50 attached idle,5,False,0.3,0.16,pss_mib,,16.4482421875
resources,tmux,N=50 attached idle,5,False,0.3,0.16,rss_mib,,24.0546875
resources,tmux,N=50 attached idle,5,False,0.3,0.16,cpu_pct,,0.0
resources,tmux,N=50 attached output,5,False,0.3,0.21,pss_mib,,17.5302734375
resources,tmux,N=50 attached output,5,False,0.3,0.21,rss_mib,,24.12890625
resources,tmux,N=50 attached output,5,False,0.3,0.21,cpu_pct,,9.675112190326383
resources,herdr,N=50 headless idle,5,False,0.21,0.24,pss_mib,,42.5078125
resources,herdr,N=50 headless idle,5,False,0.21,0.24,rss_mib,,42.51171875
resources,herdr,N=50 headless idle,5,False,0.21,0.24,cpu_pct,,22.199248772985435
resources,herdr,N=50 headless output,5,False,0.21,0.2,pss_mib,,46.515625
resources,herdr,N=50 headless output,5,False,0.21,0.2,rss_mib,,46.51953125
resources,herdr,N=50 headless output,5,False,0.21,0.2,cpu_pct,,53.799150479139804
resources,herdr,N=50 attached idle,5,False,0.21,0.16,first_view_stale,,False
resources,herdr,N=50 attached idle,5,False,0.21,0.16,pss_mib,,66.515625
resources,herdr,N=50 attached idle,5,False,0.21,0.16,rss_mib,,76.5234375
resources,herdr,N=50 attached idle,5,False,0.21,0.16,cpu_pct,,67.16684616263453
resources,herdr,N=50 attached output,5,False,0.21,0.21,pss_mib,,77.30078125
resources,herdr,N=50 attached output,5,False,0.21,0.21,rss_mib,,87.30859375
resources,herdr,N=50 attached output,5,False,0.21,0.21,cpu_pct,,80.450507033119
resources,thurbox,N=50 headless idle,5,False,0.21,0.41,pss_mib,,5.7763671875
resources,thurbox,N=50 headless idle,5,False,0.21,0.41,rss_mib,,13.671875
resources,thurbox,N=50 headless idle,5,False,0.21,0.41,cpu_pct,,0.0
resources,thurbox,N=50 headless output,5,False,0.21,0.42,pss_mib,,5.8623046875
resources,thurbox,N=50 headless output,5,False,0.21,0.42,rss_mib,,13.7578125
resources,thurbox,N=50 headless output,5,False,0.21,0.42,cpu_pct,,10.599645866890905
resources,thurbox,N=50 attached idle,5,False,0.21,0.33,first_view_stale,,False
resources,thurbox,N=50 attached idle,5,False,0.21,0.33,pss_mib,,48.3447265625
resources,thurbox,N=50 attached idle,5,False,0.21,0.33,rss_mib,,62.859375
resources,thurbox,N=50 attached idle,5,False,0.21,0.33,cpu_pct,,11.48691285220981
resources,thurbox,N=50 attached output,5,False,0.21,1.82,pss_mib,,46.6689453125
resources,thurbox,N=50 attached output,5,False,0.21,1.82,rss_mib,,61.18359375
resources,thurbox,N=50 attached output,5,False,0.21,1.82,cpu_pct,,39.708240026903326
latency,tmux,idle,0,True,1.82,1.62,echo_ms,0,0.732461
latency,tmux,idle,0,True,1.82,1.62,echo_ms,1,0.993173
latency,tmux,idle,0,True,1.82,1.62,echo_ms,2,0.99874
latency,tmux,idle,0,True,1.82,1.62,echo_ms,3,0.666447
latency,tmux,idle,0,True,1.82,1.62,echo_ms,4,1.024782
latency,tmux,idle,0,True,1.82,1.62,echo_ms,5,0.897607
latency,tmux,idle,0,True,1.82,1.62,echo_ms,6,0.929049
latency,tmux,idle,0,True,1.82,1.62,echo_ms,7,0.91872
latency,tmux,idle,0,True,1.82,1.62,echo_ms,8,1.000842
latency,tmux,idle,0,True,1.82,1.62,echo_ms,9,1.056697
latency,tmux,idle,0,True,1.82,1.62,echo_ms,10,0.765832
latency,tmux,idle,0,True,1.82,1.62,echo_ms,11,1.000605
latency,tmux,idle,0,True,1.82,1.62,echo_ms,12,0.83126
latency,tmux,idle,0,True,1.82,1.62,echo_ms,13,1.006266
latency,tmux,idle,0,True,1.82,1.62,echo_ms,14,1.037231
latency,tmux,idle,0,True,1.82,1.62,echo_ms,15,1.086853
latency,tmux,idle,0,True,1.82,1.62,echo_ms,16,1.027164
latency,tmux,idle,0,True,1.82,1.62,echo_ms,17,1.003915
latency,tmux,idle,0,True,1.82,1.62,echo_ms,18,1.000442
latency,tmux,idle,0,True,1.82,1.62,echo_ms,19,0.965936
latency,tmux,idle,0,True,1.82,1.62,echo_ms,20,1.02388
latency,tmux,idle,0,True,1.82,1.62,echo_ms,21,1.040281
latency,tmux,idle,0,True,1.82,1.62,echo_ms,22,1.016092
latency,tmux,idle,0,True,1.82,1.62,echo_ms,23,1.012885
latency,tmux,idle,0,True,1.82,1.62,echo_ms,24,0.967397
latency,tmux,idle,0,True,1.82,1.62,echo_ms,25,1.031353
latency,tmux,idle,0,True,1.82,1.62,echo_ms,26,0.992596
latency,tmux,idle,0,True,1.82,1.62,echo_ms,27,1.056355
latency,tmux,idle,0,True,1.82,1.62,echo_ms,28,1.03886
latency,tmux,idle,0,True,1.82,1.62,echo_ms,29,1.00099
latency,tmux,idle,0,True,1.82,1.62,echo_ms,30,0.996961
latency,tmux,idle,0,True,1.82,1.62,echo_ms,31,1.03076
latency,tmux,idle,0,True,1.82,1.62,echo_ms,32,0.430395
latency,tmux,idle,0,True,1.82,1.62,echo_ms,33,1.033683
latency,tmux,idle,0,True,1.82,1.62,echo_ms,34,0.779254
latency,tmux,idle,0,True,1.82,1.62,echo_ms,35,0.771589
latency,tmux,idle,0,True,1.82,1.62,echo_ms,36,1.022848
latency,tmux,idle,0,True,1.82,1.62,echo_ms,37,1.005655
latency,tmux,idle,0,True,1.82,1.62,echo_ms,38,0.980039
latency,tmux,idle,0,True,1.82,1.62,echo_ms,39,0.750558
latency,tmux,idle,0,True,1.82,1.62,echo_ms,40,1.001082
latency,tmux,idle,0,True,1.82,1.62,echo_ms,41,1.022764
latency,tmux,idle,0,True,1.82,1.62,echo_ms,42,0.945265
latency,tmux,idle,0,True,1.82,1.62,echo_ms,43,1.060039
latency,tmux,idle,0,True,1.82,1.62,echo_ms,44,1.027314
latency,tmux,idle,0,True,1.82,1.62,echo_ms,45,1.002657
latency,tmux,idle,0,True,1.82,1.62,echo_ms,46,1.003098
latency,tmux,idle,0,True,1.82,1.62,echo_ms,47,0.865631
latency,tmux,idle,0,True,1.82,1.62,echo_ms,48,0.966218
latency,tmux,idle,0,True,1.82,1.62,echo_ms,49,1.092844
latency,tmux,idle,0,True,1.82,1.62,echo_ms,50,1.068008
latency,tmux,idle,0,True,1.82,1.62,echo_ms,51,0.551847
latency,tmux,idle,0,True,1.82,1.62,echo_ms,52,0.738779
latency,tmux,idle,0,True,1.82,1.62,echo_ms,53,1.009316
latency,tmux,idle,0,True,1.82,1.62,echo_ms,54,1.010358
latency,tmux,idle,0,True,1.82,1.62,echo_ms,55,0.98276
latency,tmux,idle,0,True,1.82,1.62,echo_ms,56,0.971168
latency,tmux,idle,0,True,1.82,1.62,echo_ms,57,1.018029
latency,tmux,idle,0,True,1.82,1.62,echo_ms,58,0.996151
latency,tmux,idle,0,True,1.82,1.62,echo_ms,59,0.91332
latency,tmux,idle,0,True,1.82,1.62,echo_ms,60,1.032648
latency,tmux,idle,0,True,1.82,1.62,echo_ms,61,0.793784
latency,tmux,idle,0,True,1.82,1.62,echo_ms,62,1.01023
latency,tmux,idle,0,True,1.82,1.62,echo_ms,63,1.03743
latency,tmux,idle,0,True,1.82,1.62,echo_ms,64,1.004169
latency,tmux,idle,0,True,1.82,1.62,echo_ms,65,1.033213
latency,tmux,idle,0,True,1.82,1.62,echo_ms,66,1.043569
latency,tmux,idle,0,True,1.82,1.62,echo_ms,67,1.059964
latency,tmux,idle,0,True,1.82,1.62,echo_ms,68,1.036205
latency,tmux,idle,0,True,1.82,1.62,echo_ms,69,1.02576
latency,tmux,idle,0,True,1.82,1.62,echo_ms,70,1.034667
latency,tmux,idle,0,True,1.82,1.62,echo_ms,71,1.071897
latency,tmux,idle,0,True,1.82,1.62,echo_ms,72,0.985015
latency,tmux,idle,0,True,1.82,1.62,echo_ms,73,0.762275
latency,tmux,idle,0,True,1.82,1.62,echo_ms,74,1.011119
latency,tmux,idle,0,True,1.82,1.62,echo_ms,75,1.111648
latency,tmux,idle,0,True,1.82,1.62,echo_ms,76,1.030324
latency,tmux,idle,0,True,1.82,1.62,echo_ms,77,1.034871
latency,tmux,idle,0,True,1.82,1.62,echo_ms,78,0.996202
latency,tmux,idle,0,True,1.82,1.62,echo_ms,79,1.088688
latency,tmux,idle,0,True,1.82,1.62,echo_ms,80,0.827102
latency,tmux,idle,0,True,1.82,1.62,echo_ms,81,1.051261
latency,tmux,idle,0,True,1.82,1.62,echo_ms,82,1.037624
latency,tmux,idle,0,True,1.82,1.62,echo_ms,83,1.07111
latency,tmux,idle,0,True,1.82,1.62,echo_ms,84,1.102619
latency,tmux,idle,0,True,1.82,1.62,echo_ms,85,0.971142
latency,tmux,idle,0,True,1.82,1.62,echo_ms,86,0.952102
latency,tmux,idle,0,True,1.82,1.62,echo_ms,87,0.999223
latency,tmux,idle,0,True,1.82,1.62,echo_ms,88,1.068865
latency,tmux,idle,0,True,1.82,1.62,echo_ms,89,1.031647
latency,tmux,idle,0,True,1.82,1.62,echo_ms,90,1.044024
latency,tmux,idle,0,True,1.82,1.62,echo_ms,91,0.804166
latency,tmux,idle,0,True,1.82,1.62,echo_ms,92,1.020277
latency,tmux,idle,0,True,1.82,1.62,echo_ms,93,0.898605
latency,tmux,idle,0,True,1.82,1.62,echo_ms,94,1.000801
latency,tmux,idle,0,True,1.82,1.62,echo_ms,95,0.993044
latency,tmux,idle,0,True,1.82,1.62,echo_ms,96,1.028808
latency,tmux,idle,0,True,1.82,1.62,echo_ms,97,1.031237
latency,tmux,idle,0,True,1.82,1.62,echo_ms,98,0.968378
latency,tmux,idle,0,True,1.82,1.62,echo_ms,99,0.667274
latency,tmux,idle,0,True,1.82,1.62,timeouts,,0
latency,herdr,idle,0,True,1.62,1.37,echo_ms,0,2.246574
latency,herdr,idle,0,True,1.62,1.37,echo_ms,1,2.231453
latency,herdr,idle,0,True,1.62,1.37,echo_ms,2,2.16353
latency,herdr,idle,0,True,1.62,1.37,echo_ms,3,2.147011
latency,herdr,idle,0,True,1.62,1.37,echo_ms,4,2.058549
latency,herdr,idle,0,True,1.62,1.37,echo_ms,5,2.195149
latency,herdr,idle,0,True,1.62,1.37,echo_ms,6,2.277028
latency,herdr,idle,0,True,1.62,1.37,echo_ms,7,2.24419
latency,herdr,idle,0,True,1.62,1.37,echo_ms,8,2.146262
latency,herdr,idle,0,True,1.62,1.37,echo_ms,9,1.577492
latency,herdr,idle,0,True,1.62,1.37,echo_ms,10,2.037794
latency,herdr,idle,0,True,1.62,1.37,echo_ms,11,2.200441
latency,herdr,idle,0,True,1.62,1.37,echo_ms,12,2.214037
latency,herdr,idle,0,True,1.62,1.37,echo_ms,13,2.123568
latency,herdr,idle,0,True,1.62,1.37,echo_ms,14,2.082178
latency,herdr,idle,0,True,1.62,1.37,echo_ms,15,2.262649
latency,herdr,idle,0,True,1.62,1.37,echo_ms,16,2.17917
latency,herdr,idle,0,True,1.62,1.37,echo_ms,17,2.212495
latency,herdr,idle,0,True,1.62,1.37,echo_ms,18,2.26722
latency,herdr,idle,0,True,1.62,1.37,echo_ms,19,2.313931
latency,herdr,idle,0,True,1.62,1.37,echo_ms,20,1.828119
latency,herdr,idle,0,True,1.62,1.37,echo_ms,21,2.143344
latency,herdr,idle,0,True,1.62,1.37,echo_ms,22,2.158574
latency,herdr,idle,0,True,1.62,1.37,echo_ms,23,2.314404
latency,herdr,idle,0,True,1.62,1.37,echo_ms,24,2.343877
latency,herdr,idle,0,True,1.62,1.37,echo_ms,25,2.259053
latency,herdr,idle,0,True,1.62,1.37,echo_ms,26,2.301209
latency,herdr,idle,0,True,1.62,1.37,echo_ms,27,2.165834
latency,herdr,idle,0,True,1.62,1.37,echo_ms,28,2.154099
latency,herdr,idle,0,True,1.62,1.37,echo_ms,29,2.045345
latency,herdr,idle,0,True,1.62,1.37,echo_ms,30,2.163223
latency,herdr,idle,0,True,1.62,1.37,echo_ms,31,2.21149
latency,herdr,idle,0,True,1.62,1.37,echo_ms,32,2.295619
latency,herdr,idle,0,True,1.62,1.37,echo_ms,33,2.354162
latency,herdr,idle,0,True,1.62,1.37,echo_ms,34,2.320507
latency,herdr,idle,0,True,1.62,1.37,echo_ms,35,2.281439
latency,herdr,idle,0,True,1.62,1.37,echo_ms,36,1.823154
latency,herdr,idle,0,True,1.62,1.37,echo_ms,37,2.098732
latency,herdr,idle,0,True,1.62,1.37,echo_ms,38,2.259318
latency,herdr,idle,0,True,1.62,1.37,echo_ms,39,2.289004
latency,herdr,idle,0,True,1.62,1.37,echo_ms,40,2.217578
latency,herdr,idle,0,True,1.62,1.37,echo_ms,41,2.18118
latency,herdr,idle,0,True,1.62,1.37,echo_ms,42,2.230806
latency,herdr,idle,0,True,1.62,1.37,echo_ms,43,2.234309
latency,herdr,idle,0,True,1.62,1.37,echo_ms,44,1.459592
latency,herdr,idle,0,True,1.62,1.37,echo_ms,45,2.156119
latency,herdr,idle,0,True,1.62,1.37,echo_ms,46,2.226323
latency,herdr,idle,0,True,1.62,1.37,echo_ms,47,2.127803
latency,herdr,idle,0,True,1.62,1.37,echo_ms,48,1.416543
latency,herdr,idle,0,True,1.62,1.37,echo_ms,49,2.209755
latency,herdr,idle,0,True,1.62,1.37,echo_ms,50,2.10429
latency,herdr,idle,0,True,1.62,1.37,echo_ms,51,2.191271
latency,herdr,idle,0,True,1.62,1.37,echo_ms,52,2.172143
latency,herdr,idle,0,True,1.62,1.37,echo_ms,53,2.21402
latency,herdr,idle,0,True,1.62,1.37,echo_ms,54,2.217958
latency,herdr,idle,0,True,1.62,1.37,echo_ms,55,2.129549
latency,herdr,idle,0,True,1.62,1.37,echo_ms,56,2.11464
latency,herdr,idle,0,True,1.62,1.37,echo_ms,57,2.266846
latency,herdr,idle,0,True,1.62,1.37,echo_ms,58,2.300099
latency,herdr,idle,0,True,1.62,1.37,echo_ms,59,2.275384
latency,herdr,idle,0,True,1.62,1.37,echo_ms,60,2.050965
latency,herdr,idle,0,True,1.62,1.37,echo_ms,61,2.180248
latency,herdr,idle,0,True,1.62,1.37,echo_ms,62,2.15675
latency,herdr,idle,0,True,1.62,1.37,echo_ms,63,0.97289
latency,herdr,idle,0,True,1.62,1.37,echo_ms,64,2.154174
latency,herdr,idle,0,True,1.62,1.37,echo_ms,65,2.258631
latency,herdr,idle,0,True,1.62,1.37,echo_ms,66,2.112968
latency,herdr,idle,0,True,1.62,1.37,echo_ms,67,1.82826
latency,herdr,idle,0,True,1.62,1.37,echo_ms,68,2.229405
latency,herdr,idle,0,True,1.62,1.37,echo_ms,69,2.246344
latency,herdr,idle,0,True,1.62,1.37,echo_ms,70,2.290107
latency,herdr,idle,0,True,1.62,1.37,echo_ms,71,2.314188
latency,herdr,idle,0,True,1.62,1.37,echo_ms,72,2.217223
latency,herdr,idle,0,True,1.62,1.37,echo_ms,73,2.284068
latency,herdr,idle,0,True,1.62,1.37,echo_ms,74,2.203782
latency,herdr,idle,0,True,1.62,1.37,echo_ms,75,2.159021
latency,herdr,idle,0,True,1.62,1.37,echo_ms,76,2.202348
latency,herdr,idle,0,True,1.62,1.37,echo_ms,77,2.335652
latency,herdr,idle,0,True,1.62,1.37,echo_ms,78,2.210563
latency,herdr,idle,0,True,1.62,1.37,echo_ms,79,2.153366
latency,herdr,idle,0,True,1.62,1.37,echo_ms,80,2.167992
latency,herdr,idle,0,True,1.62,1.37,echo_ms,81,2.1986
latency,herdr,idle,0,True,1.62,1.37,echo_ms,82,2.082715
latency,herdr,idle,0,True,1.62,1.37,echo_ms,83,2.246734
latency,herdr,idle,0,True,1.62,1.37,echo_ms,84,2.045884
latency,herdr,idle,0,True,1.62,1.37,echo_ms,85,2.068933
latency,herdr,idle,0,True,1.62,1.37,echo_ms,86,1.528273
latency,herdr,idle,0,True,1.62,1.37,echo_ms,87,1.934963
latency,herdr,idle,0,True,1.62,1.37,echo_ms,88,2.296313
latency,herdr,idle,0,True,1.62,1.37,echo_ms,89,2.231427
latency,herdr,idle,0,True,1.62,1.37,echo_ms,90,2.271116
latency,herdr,idle,0,True,1.62,1.37,echo_ms,91,2.138738
latency,herdr,idle,0,True,1.62,1.37,echo_ms,92,2.132015
latency,herdr,idle,0,True,1.62,1.37,echo_ms,93,2.194803
latency,herdr,idle,0,True,1.62,1.37,echo_ms,94,1.958238
latency,herdr,idle,0,True,1.62,1.37,echo_ms,95,2.130469
latency,herdr,idle,0,True,1.62,1.37,echo_ms,96,2.212787
latency,herdr,idle,0,True,1.62,1.37,echo_ms,97,1.500543
latency,herdr,idle,0,True,1.62,1.37,echo_ms,98,1.923599
latency,herdr,idle,0,True,1.62,1.37,echo_ms,99,2.195571
latency,herdr,idle,0,True,1.62,1.37,timeouts,,0
latency,thurbox,idle,0,True,1.37,1.16,echo_ms,0,13.512617
latency,thurbox,idle,0,True,1.37,1.16,echo_ms,1,4.480896
latency,thurbox,idle,0,True,1.37,1.16,echo_ms,2,47.805028
latency,thurbox,idle,0,True,1.37,1.16,echo_ms,3,15.382845
latency,thurbox,idle,0,True,1.37,1.16,echo_ms,4,46.909949
latency,thurbox,idle,0,True,1.37,1.16,echo_ms,5,48.184401
latency,thurbox,idle,0,True,1.37,1.16,echo_ms,6,46.662711
latency,thurbox,idle,0,True,1.37,1.16,echo_ms,7,4.019758
latency,thurbox,idle,0,True,1.37,1.16,echo_ms,8,13.473666
latency,thurbox,idle,0,True,1.37,1.16,echo_ms,9,23.911197
latency,thurbox,idle,0,True,1.37,1.16,echo_ms,10,47.841904
latency,thurbox,idle,0,True,1.37,1.16,echo_ms,11,23.583616
latency,thurbox,idle,0,True,1.37,1.16,echo_ms,12,46.873636
latency,thurbox,idle,0,True,1.37,1.16,echo_ms,13,39.351613
latency,thurbox,idle,0,True,1.37,1.16,echo_ms,14,23.550931
latency,thurbox,idle,0,True,1.37,1.16,echo_ms,15,47.213399
latency,thurbox,idle,0,True,1.37,1.16,echo_ms,16,47.857214
latency,thurbox,idle,0,True,1.37,1.16,echo_ms,17,46.676666
latency,thurbox,idle,0,True,1.37,1.16,echo_ms,18,2.32843
latency,thurbox,idle,0,True,1.37,1.16,echo_ms,19,47.782874
latency,thurbox,idle,0,True,1.37,1.16,echo_ms,20,3.076443
latency,thurbox,idle,0,True,1.37,1.16,echo_ms,21,14.452452
latency,thurbox,idle,0,True,1.37,1.16,echo_ms,22,45.633999
latency,thurbox,idle,0,True,1.37,1.16,echo_ms,23,13.30416
latency,thurbox,idle,0,True,1.37,1.16,echo_ms,24,1.829905
latency,thurbox,idle,0,True,1.37,1.16,echo_ms,25,2.965552
latency,thurbox,idle,0,True,1.37,1.16,echo_ms,26,15.21996
latency,thurbox,idle,0,True,1.37,1.16,echo_ms,27,5.582714
latency,thurbox,idle,0,True,1.37,1.16,echo_ms,28,13.244099
latency,thurbox,idle,0,True,1.37,1.16,echo_ms,29,47.183234
latency,thurbox,idle,0,True,1.37,1.16,echo_ms,30,47.953606
latency,thurbox,idle,0,True,1.37,1.16,echo_ms,31,46.483804
latency,thurbox,idle,0,True,1.37,1.16,echo_ms,32,23.900845
latency,thurbox,idle,0,True,1.37,1.16,echo_ms,33,47.070846
latency,thurbox,idle,0,True,1.37,1.16,echo_ms,34,4.020578
latency,thurbox,idle,0,True,1.37,1.16,echo_ms,35,47.476942
latency,thurbox,idle,0,True,1.37,1.16,echo_ms,36,46.535665
latency,thurbox,idle,0,True,1.37,1.16,echo_ms,37,4.337682
latency,thurbox,idle,0,True,1.37,1.16,echo_ms,38,46.7856
latency,thurbox,idle,0,True,1.37,1.16,echo_ms,39,4.379011
latency,thurbox,idle,0,True,1.37,1.16,echo_ms,40,47.984279
latency,thurbox,idle,0,True,1.37,1.16,echo_ms,41,46.210008
latency,thurbox,idle,0,True,1.37,1.16,echo_ms,42,13.544111
latency,thurbox,idle,0,True,1.37,1.16,echo_ms,43,3.053218
latency,thurbox,idle,0,True,1.37,1.16,echo_ms,44,14.75328
latency,thurbox,idle,0,True,1.37,1.16,echo_ms,45,46.884504
latency,thurbox,idle,0,True,1.37,1.16,echo_ms,46,3.097912
latency,thurbox,idle,0,True,1.37,1.16,echo_ms,47,46.790922
latency,thurbox,idle,0,True,1.37,1.16,echo_ms,48,4.086316
latency,thurbox,idle,0,True,1.37,1.16,echo_ms,49,47.72518
latency,thurbox,idle,0,True,1.37,1.16,echo_ms,50,46.727601
latency,thurbox,idle,0,True,1.37,1.16,echo_ms,51,48.640715
latency,thurbox,idle,0,True,1.37,1.16,echo_ms,52,14.813717
latency,thurbox,idle,0,True,1.37,1.16,echo_ms,53,3.958699
latency,thurbox,idle,0,True,1.37,1.16,echo_ms,54,47.856587
latency,thurbox,idle,0,True,1.37,1.16,echo_ms,55,44.59613
latency,thurbox,idle,0,True,1.37,1.16,echo_ms,56,4.001474
latency,thurbox,idle,0,True,1.37,1.16,echo_ms,57,46.749105
latency,thurbox,idle,0,True,1.37,1.16,echo_ms,58,4.117604
latency,thurbox,idle,0,True,1.37,1.16,echo_ms,59,48.843437
latency,thurbox,idle,0,True,1.37,1.16,echo_ms,60,13.290557
latency,thurbox,idle,0,True,1.37,1.16,echo_ms,61,24.20928
latency,thurbox,idle,0,True,1.37,1.16,echo_ms,62,26.99646
latency,thurbox,idle,0,True,1.37,1.16,echo_ms,63,24.84948
latency,thurbox,idle,0,True,1.37,1.16,echo_ms,64,3.126978
latency,thurbox,idle,0,True,1.37,1.16,echo_ms,65,3.976015
latency,thurbox,idle,0,True,1.37,1.16,echo_ms,66,2.939055
latency,thurbox,idle,0,True,1.37,1.16,echo_ms,67,26.029513
latency,thurbox,idle,0,True,1.37,1.16,echo_ms,68,3.993864
latency,thurbox,idle,0,True,1.37,1.16,echo_ms,69,46.655168
latency,thurbox,idle,0,True,1.37,1.16,echo_ms,70,4.084861
latency,thurbox,idle,0,True,1.37,1.16,echo_ms,71,47.876481
latency,thurbox,idle,0,True,1.37,1.16,echo_ms,72,46.537451
latency,thurbox,idle,0,True,1.37,1.16,echo_ms,73,48.967067
latency,thurbox,idle,0,True,1.37,1.16,echo_ms,74,45.346944
latency,thurbox,idle,0,True,1.37,1.16,echo_ms,75,13.798585
latency,thurbox,idle,0,True,1.37,1.16,echo_ms,76,47.980653
latency,thurbox,idle,0,True,1.37,1.16,echo_ms,77,13.467209
latency,thurbox,idle,0,True,1.37,1.16,echo_ms,78,46.67023
latency,thurbox,idle,0,True,1.37,1.16,echo_ms,79,13.517331
latency,thurbox,idle,0,True,1.37,1.16,echo_ms,80,47.905169
latency,thurbox,idle,0,True,1.37,1.16,echo_ms,81,47.142644
latency,thurbox,idle,0,True,1.37,1.16,echo_ms,82,47.564222
latency,thurbox,idle,0,True,1.37,1.16,echo_ms,83,46.786414
latency,thurbox,idle,0,True,1.37,1.16,echo_ms,84,23.642099
latency,thurbox,idle,0,True,1.37,1.16,echo_ms,85,45.542878
latency,thurbox,idle,0,True,1.37,1.16,echo_ms,86,46.443557
latency,thurbox,idle,0,True,1.37,1.16,echo_ms,87,4.013535
latency,thurbox,idle,0,True,1.37,1.16,echo_ms,88,49.26244
latency,thurbox,idle,0,True,1.37,1.16,echo_ms,89,13.533853
latency,thurbox,idle,0,True,1.37,1.16,echo_ms,90,4.011753
latency,thurbox,idle,0,True,1.37,1.16,echo_ms,91,2.977552
latency,thurbox,idle,0,True,1.37,1.16,echo_ms,92,13.514071
latency,thurbox,idle,0,True,1.37,1.16,echo_ms,93,13.513716
latency,thurbox,idle,0,True,1.37,1.16,echo_ms,94,13.506788
latency,thurbox,idle,0,True,1.37,1.16,echo_ms,95,47.956714
latency,thurbox,idle,0,True,1.37,1.16,echo_ms,96,46.810345
latency,thurbox,idle,0,True,1.37,1.16,echo_ms,97,47.456884
latency,thurbox,idle,0,True,1.37,1.16,echo_ms,98,3.010852
latency,thurbox,idle,0,True,1.37,1.16,echo_ms,99,3.948278
latency,thurbox,idle,0,True,1.37,1.16,timeouts,,0
latency,tmux,idle,1,False,1.16,0.98,echo_ms,0,1.035813
latency,tmux,idle,1,False,1.16,0.98,echo_ms,1,1.026452
latency,tmux,idle,1,False,1.16,0.98,echo_ms,2,0.684107
latency,tmux,idle,1,False,1.16,0.98,echo_ms,3,1.020995
latency,tmux,idle,1,False,1.16,0.98,echo_ms,4,1.017734
latency,tmux,idle,1,False,1.16,0.98,echo_ms,5,1.057806
latency,tmux,idle,1,False,1.16,0.98,echo_ms,6,0.993205
latency,tmux,idle,1,False,1.16,0.98,echo_ms,7,1.044396
latency,tmux,idle,1,False,1.16,0.98,echo_ms,8,1.018547
latency,tmux,idle,1,False,1.16,0.98,echo_ms,9,0.986966
latency,tmux,idle,1,False,1.16,0.98,echo_ms,10,0.970915
latency,tmux,idle,1,False,1.16,0.98,echo_ms,11,0.695866
latency,tmux,idle,1,False,1.16,0.98,echo_ms,12,0.991617
latency,tmux,idle,1,False,1.16,0.98,echo_ms,13,0.854526
latency,tmux,idle,1,False,1.16,0.98,echo_ms,14,1.014703
latency,tmux,idle,1,False,1.16,0.98,echo_ms,15,0.977195
latency,tmux,idle,1,False,1.16,0.98,echo_ms,16,0.790515
latency,tmux,idle,1,False,1.16,0.98,echo_ms,17,0.997924
latency,tmux,idle,1,False,1.16,0.98,echo_ms,18,0.998559
latency,tmux,idle,1,False,1.16,0.98,echo_ms,19,0.983192
latency,tmux,idle,1,False,1.16,0.98,echo_ms,20,1.045468
latency,tmux,idle,1,False,1.16,0.98,echo_ms,21,1.001471
latency,tmux,idle,1,False,1.16,0.98,echo_ms,22,0.934394
latency,tmux,idle,1,False,1.16,0.98,echo_ms,23,1.098879
latency,tmux,idle,1,False,1.16,0.98,echo_ms,24,1.054683
latency,tmux,idle,1,False,1.16,0.98,echo_ms,25,1.027904
latency,tmux,idle,1,False,1.16,0.98,echo_ms,26,1.014272
latency,tmux,idle,1,False,1.16,0.98,echo_ms,27,1.047364
latency,tmux,idle,1,False,1.16,0.98,echo_ms,28,1.052406
latency,tmux,idle,1,False,1.16,0.98,echo_ms,29,1.021506
latency,tmux,idle,1,False,1.16,0.98,echo_ms,30,1.02291
latency,tmux,idle,1,False,1.16,0.98,echo_ms,31,1.037962
latency,tmux,idle,1,False,1.16,0.98,echo_ms,32,1.008631
latency,tmux,idle,1,False,1.16,0.98,echo_ms,33,1.062034
latency,tmux,idle,1,False,1.16,0.98,echo_ms,34,0.708567
latency,tmux,idle,1,False,1.16,0.98,echo_ms,35,0.710325
latency,tmux,idle,1,False,1.16,0.98,echo_ms,36,1.032644
latency,tmux,idle,1,False,1.16,0.98,echo_ms,37,1.046313
latency,tmux,idle,1,False,1.16,0.98,echo_ms,38,1.073755
latency,tmux,idle,1,False,1.16,0.98,echo_ms,39,1.01295
latency,tmux,idle,1,False,1.16,0.98,echo_ms,40,1.024886
latency,tmux,idle,1,False,1.16,0.98,echo_ms,41,0.632853
latency,tmux,idle,1,False,1.16,0.98,echo_ms,42,0.972019
latency,tmux,idle,1,False,1.16,0.98,echo_ms,43,1.061738
latency,tmux,idle,1,False,1.16,0.98,echo_ms,44,0.92739
latency,tmux,idle,1,False,1.16,0.98,echo_ms,45,0.725101
latency,tmux,idle,1,False,1.16,0.98,echo_ms,46,0.594645
latency,tmux,idle,1,False,1.16,0.98,echo_ms,47,0.679398
latency,tmux,idle,1,False,1.16,0.98,echo_ms,48,1.013964
latency,tmux,idle,1,False,1.16,0.98,echo_ms,49,1.074177
latency,tmux,idle,1,False,1.16,0.98,echo_ms,50,1.027456
latency,tmux,idle,1,False,1.16,0.98,echo_ms,51,1.029425
latency,tmux,idle,1,False,1.16,0.98,echo_ms,52,1.078168
latency,tmux,idle,1,False,1.16,0.98,echo_ms,53,1.098359
latency,tmux,idle,1,False,1.16,0.98,echo_ms,54,1.071491
latency,tmux,idle,1,False,1.16,0.98,echo_ms,55,1.055962
latency,tmux,idle,1,False,1.16,0.98,echo_ms,56,0.914298
latency,tmux,idle,1,False,1.16,0.98,echo_ms,57,1.033797
latency,tmux,idle,1,False,1.16,0.98,echo_ms,58,0.727022
latency,tmux,idle,1,False,1.16,0.98,echo_ms,59,0.676076
latency,tmux,idle,1,False,1.16,0.98,echo_ms,60,1.064036
latency,tmux,idle,1,False,1.16,0.98,echo_ms,61,1.043942
latency,tmux,idle,1,False,1.16,0.98,echo_ms,62,0.890976
latency,tmux,idle,1,False,1.16,0.98,echo_ms,63,0.996538
latency,tmux,idle,1,False,1.16,0.98,echo_ms,64,1.077543
latency,tmux,idle,1,False,1.16,0.98,echo_ms,65,0.99978
latency,tmux,idle,1,False,1.16,0.98,echo_ms,66,1.039282
latency,tmux,idle,1,False,1.16,0.98,echo_ms,67,1.007178
latency,tmux,idle,1,False,1.16,0.98,echo_ms,68,1.009162
latency,tmux,idle,1,False,1.16,0.98,echo_ms,69,1.033162
latency,tmux,idle,1,False,1.16,0.98,echo_ms,70,1.03953
latency,tmux,idle,1,False,1.16,0.98,echo_ms,71,0.576316
latency,tmux,idle,1,False,1.16,0.98,echo_ms,72,1.028834
latency,tmux,idle,1,False,1.16,0.98,echo_ms,73,1.069249
latency,tmux,idle,1,False,1.16,0.98,echo_ms,74,0.989415
latency,tmux,idle,1,False,1.16,0.98,echo_ms,75,1.043417
latency,tmux,idle,1,False,1.16,0.98,echo_ms,76,0.658361
latency,tmux,idle,1,False,1.16,0.98,echo_ms,77,1.023989
latency,tmux,idle,1,False,1.16,0.98,echo_ms,78,0.781921
latency,tmux,idle,1,False,1.16,0.98,echo_ms,79,0.95808
latency,tmux,idle,1,False,1.16,0.98,echo_ms,80,0.987909
latency,tmux,idle,1,False,1.16,0.98,echo_ms,81,0.901951
latency,tmux,idle,1,False,1.16,0.98,echo_ms,82,0.710555
latency,tmux,idle,1,False,1.16,0.98,echo_ms,83,1.067358
latency,tmux,idle,1,False,1.16,0.98,echo_ms,84,1.006349
latency,tmux,idle,1,False,1.16,0.98,echo_ms,85,0.998765
latency,tmux,idle,1,False,1.16,0.98,echo_ms,86,1.06768
latency,tmux,idle,1,False,1.16,0.98,echo_ms,87,0.990377
latency,tmux,idle,1,False,1.16,0.98,echo_ms,88,0.902005
latency,tmux,idle,1,False,1.16,0.98,echo_ms,89,1.046434
latency,tmux,idle,1,False,1.16,0.98,echo_ms,90,1.030872
latency,tmux,idle,1,False,1.16,0.98,echo_ms,91,0.991788
latency,tmux,idle,1,False,1.16,0.98,echo_ms,92,1.022775
latency,tmux,idle,1,False,1.16,0.98,echo_ms,93,0.975083
latency,tmux,idle,1,False,1.16,0.98,echo_ms,94,0.575306
latency,tmux,idle,1,False,1.16,0.98,echo_ms,95,1.006737
latency,tmux,idle,1,False,1.16,0.98,echo_ms,96,1.028656
latency,tmux,idle,1,False,1.16,0.98,echo_ms,97,1.043223
latency,tmux,idle,1,False,1.16,0.98,echo_ms,98,1.002617
latency,tmux,idle,1,False,1.16,0.98,echo_ms,99,1.049239
latency,tmux,idle,1,False,1.16,0.98,timeouts,,0
latency,herdr,idle,1,False,0.98,0.83,echo_ms,0,2.216046
latency,herdr,idle,1,False,0.98,0.83,echo_ms,1,2.113073
latency,herdr,idle,1,False,0.98,0.83,echo_ms,2,1.424312
latency,herdr,idle,1,False,0.98,0.83,echo_ms,3,2.305817
latency,herdr,idle,1,False,0.98,0.83,echo_ms,4,2.278037
latency,herdr,idle,1,False,0.98,0.83,echo_ms,5,2.192094
latency,herdr,idle,1,False,0.98,0.83,echo_ms,6,2.260363
latency,herdr,idle,1,False,0.98,0.83,echo_ms,7,2.169059
latency,herdr,idle,1,False,0.98,0.83,echo_ms,8,2.186792
latency,herdr,idle,1,False,0.98,0.83,echo_ms,9,2.315714
latency,herdr,idle,1,False,0.98,0.83,echo_ms,10,2.131246
latency,herdr,idle,1,False,0.98,0.83,echo_ms,11,2.006952
latency,herdr,idle,1,False,0.98,0.83,echo_ms,12,1.306691
latency,herdr,idle,1,False,0.98,0.83,echo_ms,13,2.774836
latency,herdr,idle,1,False,0.98,0.83,echo_ms,14,2.129173
latency,herdr,idle,1,False,0.98,0.83,echo_ms,15,2.275591
latency,herdr,idle,1,False,0.98,0.83,echo_ms,16,2.209789
latency,herdr,idle,1,False,0.98,0.83,echo_ms,17,1.504029
latency,herdr,idle,1,False,0.98,0.83,echo_ms,18,2.192275
latency,herdr,idle,1,False,0.98,0.83,echo_ms,19,2.042314
latency,herdr,idle,1,False,0.98,0.83,echo_ms,20,2.260851
latency,herdr,idle,1,False,0.98,0.83,echo_ms,21,1.907824
latency,herdr,idle,1,False,0.98,0.83,echo_ms,22,2.209516
latency,herdr,idle,1,False,0.98,0.83,echo_ms,23,2.245921
latency,herdr,idle,1,False,0.98,0.83,echo_ms,24,2.0699
latency,herdr,idle,1,False,0.98,0.83,echo_ms,25,2.176576
latency,herdr,idle,1,False,0.98,0.83,echo_ms,26,1.803429
latency,herdr,idle,1,False,0.98,0.83,echo_ms,27,1.879676
latency,herdr,idle,1,False,0.98,0.83,echo_ms,28,2.190715
latency,herdr,idle,1,False,0.98,0.83,echo_ms,29,2.215135
latency,herdr,idle,1,False,0.98,0.83,echo_ms,30,2.250082
latency,herdr,idle,1,False,0.98,0.83,echo_ms,31,2.162482
latency,herdr,idle,1,False,0.98,0.83,echo_ms,32,1.8716
latency,herdr,idle,1,False,0.98,0.83,echo_ms,33,1.522355
latency,herdr,idle,1,False,0.98,0.83,echo_ms,34,2.286564
latency,herdr,idle,1,False,0.98,0.83,echo_ms,35,2.16235
latency,herdr,idle,1,False,0.98,0.83,echo_ms,36,2.293505
latency,herdr,idle,1,False,0.98,0.83,echo_ms,37,2.242785
latency,herdr,idle,1,False,0.98,0.83,echo_ms,38,2.297836
latency,herdr,idle,1,False,0.98,0.83,echo_ms,39,4.033617
latency,herdr,idle,1,False,0.98,0.83,echo_ms,40,2.271552
latency,herdr,idle,1,False,0.98,0.83,echo_ms,41,2.235945
latency,herdr,idle,1,False,0.98,0.83,echo_ms,42,2.190951
latency,herdr,idle,1,False,0.98,0.83,echo_ms,43,2.232422
latency,herdr,idle,1,False,0.98,0.83,echo_ms,44,1.148781
latency,herdr,idle,1,False,0.98,0.83,echo_ms,45,2.183078
latency,herdr,idle,1,False,0.98,0.83,echo_ms,46,2.103254
latency,herdr,idle,1,False,0.98,0.83,echo_ms,47,2.2127
latency,herdr,idle,1,False,0.98,0.83,echo_ms,48,2.251692
latency,herdr,idle,1,False,0.98,0.83,echo_ms,49,2.210758
latency,herdr,idle,1,False,0.98,0.83,echo_ms,50,2.269054
latency,herdr,idle,1,False,0.98,0.83,echo_ms,51,2.16578
latency,herdr,idle,1,False,0.98,0.83,echo_ms,52,2.220451
latency,herdr,idle,1,False,0.98,0.83,echo_ms,53,2.211349
latency,herdr,idle,1,False,0.98,0.83,echo_ms,54,2.215729
latency,herdr,idle,1,False,0.98,0.83,echo_ms,55,2.214127
latency,herdr,idle,1,False,0.98,0.83,echo_ms,56,1.524486
latency,herdr,idle,1,False,0.98,0.83,echo_ms,57,2.24083
latency,herdr,idle,1,False,0.98,0.83,echo_ms,58,1.443591
latency,herdr,idle,1,False,0.98,0.83,echo_ms,59,2.091393
latency,herdr,idle,1,False,0.98,0.83,echo_ms,60,2.111837
latency,herdr,idle,1,False,0.98,0.83,echo_ms,61,1.727365
latency,herdr,idle,1,False,0.98,0.83,echo_ms,62,0.971056
latency,herdr,idle,1,False,0.98,0.83,echo_ms,63,2.26041
latency,herdr,idle,1,False,0.98,0.83,echo_ms,64,0.971998
latency,herdr,idle,1,False,0.98,0.83,echo_ms,65,2.317765
latency,herdr,idle,1,False,0.98,0.83,echo_ms,66,2.271411
latency,herdr,idle,1,False,0.98,0.83,echo_ms,67,2.297662
latency,herdr,idle,1,False,0.98,0.83,echo_ms,68,2.251259
latency,herdr,idle,1,False,0.98,0.83,echo_ms,69,1.762342
latency,herdr,idle,1,False,0.98,0.83,echo_ms,70,2.241873
latency,herdr,idle,1,False,0.98,0.83,echo_ms,71,2.320276
latency,herdr,idle,1,False,0.98,0.83,echo_ms,72,2.193159
latency,herdr,idle,1,False,0.98,0.83,echo_ms,73,2.304491
latency,herdr,idle,1,False,0.98,0.83,echo_ms,74,2.305581
latency,herdr,idle,1,False,0.98,0.83,echo_ms,75,2.253105
latency,herdr,idle,1,False,0.98,0.83,echo_ms,76,2.187534
latency,herdr,idle,1,False,0.98,0.83,echo_ms,77,2.308719
latency,herdr,idle,1,False,0.98,0.83,echo_ms,78,2.224017
latency,herdr,idle,1,False,0.98,0.83,echo_ms,79,2.306377
latency,herdr,idle,1,False,0.98,0.83,echo_ms,80,2.315961
latency,herdr,idle,1,False,0.98,0.83,echo_ms,81,2.125649
latency,herdr,idle,1,False,0.98,0.83,echo_ms,82,2.169337
latency,herdr,idle,1,False,0.98,0.83,echo_ms,83,2.233705
latency,herdr,idle,1,False,0.98,0.83,echo_ms,84,2.081428
latency,herdr,idle,1,False,0.98,0.83,echo_ms,85,2.125403
latency,herdr,idle,1,False,0.98,0.83,echo_ms,86,2.207389
latency,herdr,idle,1,False,0.98,0.83,echo_ms,87,2.268691
latency,herdr,idle,1,False,0.98,0.83,echo_ms,88,2.22562
latency,herdr,idle,1,False,0.98,0.83,echo_ms,89,2.14779
latency,herdr,idle,1,False,0.98,0.83,echo_ms,90,2.211836
latency,herdr,idle,1,False,0.98,0.83,echo_ms,91,2.197286
latency,herdr,idle,1,False,0.98,0.83,echo_ms,92,2.034784
latency,herdr,idle,1,False,0.98,0.83,echo_ms,93,2.271787
latency,herdr,idle,1,False,0.98,0.83,echo_ms,94,2.24071
latency,herdr,idle,1,False,0.98,0.83,echo_ms,95,2.086845
latency,herdr,idle,1,False,0.98,0.83,echo_ms,96,1.78846
latency,herdr,idle,1,False,0.98,0.83,echo_ms,97,2.121793
latency,herdr,idle,1,False,0.98,0.83,echo_ms,98,1.91393
latency,herdr,idle,1,False,0.98,0.83,echo_ms,99,2.15419
latency,herdr,idle,1,False,0.98,0.83,timeouts,,0
latency,thurbox,idle,1,False,0.83,0.85,echo_ms,0,48.534313
latency,thurbox,idle,1,False,0.83,0.85,echo_ms,1,23.849534
latency,thurbox,idle,1,False,0.83,0.85,echo_ms,2,13.560699
latency,thurbox,idle,1,False,0.83,0.85,echo_ms,3,4.628993
latency,thurbox,idle,1,False,0.83,0.85,echo_ms,4,13.519506
latency,thurbox,idle,1,False,0.83,0.85,echo_ms,5,48.248015
latency,thurbox,idle,1,False,0.83,0.85,echo_ms,6,25.238613
latency,thurbox,idle,1,False,0.83,0.85,echo_ms,7,13.549735
latency,thurbox,idle,1,False,0.83,0.85,echo_ms,8,47.677719
latency,thurbox,idle,1,False,0.83,0.85,echo_ms,9,46.960945
latency,thurbox,idle,1,False,0.83,0.85,echo_ms,10,14.42216
latency,thurbox,idle,1,False,0.83,0.85,echo_ms,11,47.854204
latency,thurbox,idle,1,False,0.83,0.85,echo_ms,12,13.841891
latency,thurbox,idle,1,False,0.83,0.85,echo_ms,13,6.342482
latency,thurbox,idle,1,False,0.83,0.85,echo_ms,14,47.709285
latency,thurbox,idle,1,False,0.83,0.85,echo_ms,15,47.090906
latency,thurbox,idle,1,False,0.83,0.85,echo_ms,16,4.054211
latency,thurbox,idle,1,False,0.83,0.85,echo_ms,17,47.723246
latency,thurbox,idle,1,False,0.83,0.85,echo_ms,18,46.956849
latency,thurbox,idle,1,False,0.83,0.85,echo_ms,19,23.86826
latency,thurbox,idle,1,False,0.83,0.85,echo_ms,20,23.918588
latency,thurbox,idle,1,False,0.83,0.85,echo_ms,21,4.101605
latency,thurbox,idle,1,False,0.83,0.85,echo_ms,22,47.7974
latency,thurbox,idle,1,False,0.83,0.85,echo_ms,23,45.004715
latency,thurbox,idle,1,False,0.83,0.85,echo_ms,24,2.314042
latency,thurbox,idle,1,False,0.83,0.85,echo_ms,25,47.758209
latency,thurbox,idle,1,False,0.83,0.85,echo_ms,26,4.546721
latency,thurbox,idle,1,False,0.83,0.85,echo_ms,27,4.379604
latency,thurbox,idle,1,False,0.83,0.85,echo_ms,28,49.881038
latency,thurbox,idle,1,False,0.83,0.85,echo_ms,29,47.082582
latency,thurbox,idle,1,False,0.83,0.85,echo_ms,30,23.761457
latency,thurbox,idle,1,False,0.83,0.85,echo_ms,31,23.857738
latency,thurbox,idle,1,False,0.83,0.85,echo_ms,32,47.113052
latency,thurbox,idle,1,False,0.83,0.85,echo_ms,33,4.109794
latency,thurbox,idle,1,False,0.83,0.85,echo_ms,34,44.124008
latency,thurbox,idle,1,False,0.83,0.85,echo_ms,35,46.90137
latency,thurbox,idle,1,False,0.83,0.85,echo_ms,36,24.799012
latency,thurbox,idle,1,False,0.83,0.85,echo_ms,37,47.870064
latency,thurbox,idle,1,False,0.83,0.85,echo_ms,38,23.788743
latency,thurbox,idle,1,False,0.83,0.85,echo_ms,39,25.133382
latency,thurbox,idle,1,False,0.83,0.85,echo_ms,40,47.804422
latency,thurbox,idle,1,False,0.83,0.85,echo_ms,41,25.726338
latency,thurbox,idle,1,False,0.83,0.85,echo_ms,42,4.319203
latency,thurbox,idle,1,False,0.83,0.85,echo_ms,43,13.56747
latency,thurbox,idle,1,False,0.83,0.85,echo_ms,44,46.754659
latency,thurbox,idle,1,False,0.83,0.85,echo_ms,45,4.103282
latency,thurbox,idle,1,False,0.83,0.85,echo_ms,46,47.877095
latency,thurbox,idle,1,False,0.83,0.85,echo_ms,47,45.442325
latency,thurbox,idle,1,False,0.83,0.85,echo_ms,48,24.741452
latency,thurbox,idle,1,False,0.83,0.85,echo_ms,49,48.515849
latency,thurbox,idle,1,False,0.83,0.85,echo_ms,50,4.4644
latency,thurbox,idle,1,False,0.83,0.85,echo_ms,51,3.036058
latency,thurbox,idle,1,False,0.83,0.85,echo_ms,52,46.766679
latency,thurbox,idle,1,False,0.83,0.85,echo_ms,53,15.250168
latency,thurbox,idle,1,False,0.83,0.85,echo_ms,54,46.989096
latency,thurbox,idle,1,False,0.83,0.85,echo_ms,55,13.506404
latency,thurbox,idle,1,False,0.83,0.85,echo_ms,56,46.409167
latency,thurbox,idle,1,False,0.83,0.85,echo_ms,57,5.484499
latency,thurbox,idle,1,False,0.83,0.85,echo_ms,58,47.579657
latency,thurbox,idle,1,False,0.83,0.85,echo_ms,59,47.046949
latency,thurbox,idle,1,False,0.83,0.85,echo_ms,60,47.860593
latency,thurbox,idle,1,False,0.83,0.85,echo_ms,61,46.757526
latency,thurbox,idle,1,False,0.83,0.85,echo_ms,62,25.385664
latency,thurbox,idle,1,False,0.83,0.85,echo_ms,63,25.245512
latency,thurbox,idle,1,False,0.83,0.85,echo_ms,64,46.576209
latency,thurbox,idle,1,False,0.83,0.85,echo_ms,65,47.541852
latency,thurbox,idle,1,False,0.83,0.85,echo_ms,66,25.767248
latency,thurbox,idle,1,False,0.83,0.85,echo_ms,67,46.809188
latency,thurbox,idle,1,False,0.83,0.85,echo_ms,68,47.171438
latency,thurbox,idle,1,False,0.83,0.85,echo_ms,69,47.002991
latency,thurbox,idle,1,False,0.83,0.85,echo_ms,70,5.365545
latency,thurbox,idle,1,False,0.83,0.85,echo_ms,71,47.448977
latency,thurbox,idle,1,False,0.83,0.85,echo_ms,72,46.746897
latency,thurbox,idle,1,False,0.83,0.85,echo_ms,73,48.001502
latency,thurbox,idle,1,False,0.83,0.85,echo_ms,74,13.613378
latency,thurbox,idle,1,False,0.83,0.85,echo_ms,75,3.028272
latency,thurbox,idle,1,False,0.83,0.85,echo_ms,76,47.605045
latency,thurbox,idle,1,False,0.83,0.85,echo_ms,77,46.756714
latency,thurbox,idle,1,False,0.83,0.85,echo_ms,78,13.22495
latency,thurbox,idle,1,False,0.83,0.85,echo_ms,79,2.910449
latency,thurbox,idle,1,False,0.83,0.85,echo_ms,80,23.911674
latency,thurbox,idle,1,False,0.83,0.85,echo_ms,81,4.030389
latency,thurbox,idle,1,False,0.83,0.85,echo_ms,82,47.176739
latency,thurbox,idle,1,False,0.83,0.85,echo_ms,83,47.13675
latency,thurbox,idle,1,False,0.83,0.85,echo_ms,84,21.85044
latency,thurbox,idle,1,False,0.83,0.85,echo_ms,85,23.763958
latency,thurbox,idle,1,False,0.83,0.85,echo_ms,86,46.444327
latency,thurbox,idle,1,False,0.83,0.85,echo_ms,87,48.15511
latency,thurbox,idle,1,False,0.83,0.85,echo_ms,88,4.431738
latency,thurbox,idle,1,False,0.83,0.85,echo_ms,89,4.832153
latency,thurbox,idle,1,False,0.83,0.85,echo_ms,90,2.903921
latency,thurbox,idle,1,False,0.83,0.85,echo_ms,91,3.92424
latency,thurbox,idle,1,False,0.83,0.85,echo_ms,92,47.56388
latency,thurbox,idle,1,False,0.83,0.85,echo_ms,93,23.767047
latency,thurbox,idle,1,False,0.83,0.85,echo_ms,94,14.260879
latency,thurbox,idle,1,False,0.83,0.85,echo_ms,95,47.187514
latency,thurbox,idle,1,False,0.83,0.85,echo_ms,96,46.722796
latency,thurbox,idle,1,False,0.83,0.85,echo_ms,97,26.240928
latency,thurbox,idle,1,False,0.83,0.85,echo_ms,98,23.869285
latency,thurbox,idle,1,False,0.83,0.85,echo_ms,99,46.457696
latency,thurbox,idle,1,False,0.83,0.85,timeouts,,0
latency,tmux,idle,2,False,0.85,0.72,echo_ms,0,1.056304
latency,tmux,idle,2,False,0.85,0.72,echo_ms,1,0.994556
latency,tmux,idle,2,False,0.85,0.72,echo_ms,2,0.812063
latency,tmux,idle,2,False,0.85,0.72,echo_ms,3,0.755452
latency,tmux,idle,2,False,0.85,0.72,echo_ms,4,1.042418
latency,tmux,idle,2,False,0.85,0.72,echo_ms,5,1.017436
latency,tmux,idle,2,False,0.85,0.72,echo_ms,6,0.987527
latency,tmux,idle,2,False,0.85,0.72,echo_ms,7,1.028024
latency,tmux,idle,2,False,0.85,0.72,echo_ms,8,0.863095
latency,tmux,idle,2,False,0.85,0.72,echo_ms,9,0.991391
latency,tmux,idle,2,False,0.85,0.72,echo_ms,10,0.900215
latency,tmux,idle,2,False,0.85,0.72,echo_ms,11,1.037146
latency,tmux,idle,2,False,0.85,0.72,echo_ms,12,1.025248
latency,tmux,idle,2,False,0.85,0.72,echo_ms,13,0.633423
latency,tmux,idle,2,False,0.85,0.72,echo_ms,14,0.950079
latency,tmux,idle,2,False,0.85,0.72,echo_ms,15,1.035881
latency,tmux,idle,2,False,0.85,0.72,echo_ms,16,0.979206
latency,tmux,idle,2,False,0.85,0.72,echo_ms,17,1.065226
latency,tmux,idle,2,False,0.85,0.72,echo_ms,18,1.00065
latency,tmux,idle,2,False,0.85,0.72,echo_ms,19,1.028948
latency,tmux,idle,2,False,0.85,0.72,echo_ms,20,1.106057
latency,tmux,idle,2,False,0.85,0.72,echo_ms,21,0.999354
latency,tmux,idle,2,False,0.85,0.72,echo_ms,22,0.714063
latency,tmux,idle,2,False,0.85,0.72,echo_ms,23,1.000153
latency,tmux,idle,2,False,0.85,0.72,echo_ms,24,1.058088
latency,tmux,idle,2,False,0.85,0.72,echo_ms,25,1.069611
latency,tmux,idle,2,False,0.85,0.72,echo_ms,26,1.044998
latency,tmux,idle,2,False,0.85,0.72,echo_ms,27,1.083088
latency,tmux,idle,2,False,0.85,0.72,echo_ms,28,1.034002
latency,tmux,idle,2,False,0.85,0.72,echo_ms,29,1.056285
latency,tmux,idle,2,False,0.85,0.72,echo_ms,30,1.115077
latency,tmux,idle,2,False,0.85,0.72,echo_ms,31,1.036457
latency,tmux,idle,2,False,0.85,0.72,echo_ms,32,1.096854
latency,tmux,idle,2,False,0.85,0.72,echo_ms,33,1.04838
latency,tmux,idle,2,False,0.85,0.72,echo_ms,34,1.068749
latency,tmux,idle,2,False,0.85,0.72,echo_ms,35,1.020964
latency,tmux,idle,2,False,0.85,0.72,echo_ms,36,1.015244
latency,tmux,idle,2,False,0.85,0.72,echo_ms,37,0.978947
latency,tmux,idle,2,False,0.85,0.72,echo_ms,38,0.409771
latency,tmux,idle,2,False,0.85,0.72,echo_ms,39,0.47992
latency,tmux,idle,2,False,0.85,0.72,echo_ms,40,1.064734
latency,tmux,idle,2,False,0.85,0.72,echo_ms,41,1.031328
latency,tmux,idle,2,False,0.85,0.72,echo_ms,42,0.971174
latency,tmux,idle,2,False,0.85,0.72,echo_ms,43,1.016725
latency,tmux,idle,2,False,0.85,0.72,echo_ms,44,1.083321
latency,tmux,idle,2,False,0.85,0.72,echo_ms,45,1.030218
latency,tmux,idle,2,False,0.85,0.72,echo_ms,46,0.927441
latency,tmux,idle,2,False,0.85,0.72,echo_ms,47,1.080532
latency,tmux,idle,2,False,0.85,0.72,echo_ms,48,0.660405
latency,tmux,idle,2,False,0.85,0.72,echo_ms,49,1.022375
latency,tmux,idle,2,False,0.85,0.72,echo_ms,50,1.018395
latency,tmux,idle,2,False,0.85,0.72,echo_ms,51,0.874826
latency,tmux,idle,2,False,0.85,0.72,echo_ms,52,0.821596
latency,tmux,idle,2,False,0.85,0.72,echo_ms,53,0.7889
latency,tmux,idle,2,False,0.85,0.72,echo_ms,54,1.038751
latency,tmux,idle,2,False,0.85,0.72,echo_ms,55,1.02953
latency,tmux,idle,2,False,0.85,0.72,echo_ms,56,0.876707
latency,tmux,idle,2,False,0.85,0.72,echo_ms,57,0.998288
latency,tmux,idle,2,False,0.85,0.72,echo_ms,58,1.025352
latency,tmux,idle,2,False,0.85,0.72,echo_ms,59,1.038623
latency,tmux,idle,2,False,0.85,0.72,echo_ms,60,1.001697
latency,tmux,idle,2,False,0.85,0.72,echo_ms,61,0.64696
latency,tmux,idle,2,False,0.85,0.72,echo_ms,62,0.712769
latency,tmux,idle,2,False,0.85,0.72,echo_ms,63,1.063016
latency,tmux,idle,2,False,0.85,0.72,echo_ms,64,1.006743
latency,tmux,idle,2,False,0.85,0.72,echo_ms,65,1.023325
latency,tmux,idle,2,False,0.85,0.72,echo_ms,66,1.076505
latency,tmux,idle,2,False,0.85,0.72,echo_ms,67,1.065653
latency,tmux,idle,2,False,0.85,0.72,echo_ms,68,1.03413
latency,tmux,idle,2,False,0.85,0.72,echo_ms,69,1.035303
latency,tmux,idle,2,False,0.85,0.72,echo_ms,70,1.036742
latency,tmux,idle,2,False,0.85,0.72,echo_ms,71,1.091637
latency,tmux,idle,2,False,0.85,0.72,echo_ms,72,0.994366
latency,tmux,idle,2,False,0.85,0.72,echo_ms,73,1.050976
latency,tmux,idle,2,False,0.85,0.72,echo_ms,74,1.123106
latency,tmux,idle,2,False,0.85,0.72,echo_ms,75,0.935203
latency,tmux,idle,2,False,0.85,0.72,echo_ms,76,1.00467
latency,tmux,idle,2,False,0.85,0.72,echo_ms,77,0.829994
latency,tmux,idle,2,False,0.85,0.72,echo_ms,78,0.947039
latency,tmux,idle,2,False,0.85,0.72,echo_ms,79,0.894412
latency,tmux,idle,2,False,0.85,0.72,echo_ms,80,1.002846
latency,tmux,idle,2,False,0.85,0.72,echo_ms,81,1.06202
latency,tmux,idle,2,False,0.85,0.72,echo_ms,82,1.03551
latency,tmux,idle,2,False,0.85,0.72,echo_ms,83,1.031806
latency,tmux,idle,2,False,0.85,0.72,echo_ms,84,0.990884
latency,tmux,idle,2,False,0.85,0.72,echo_ms,85,1.032528
latency,tmux,idle,2,False,0.85,0.72,echo_ms,86,1.01182
latency,tmux,idle,2,False,0.85,0.72,echo_ms,87,0.792732
latency,tmux,idle,2,False,0.85,0.72,echo_ms,88,1.009499
latency,tmux,idle,2,False,0.85,0.72,echo_ms,89,0.937735
latency,tmux,idle,2,False,0.85,0.72,echo_ms,90,0.774594
latency,tmux,idle,2,False,0.85,0.72,echo_ms,91,1.003198
latency,tmux,idle,2,False,0.85,0.72,echo_ms,92,0.658169
latency,tmux,idle,2,False,0.85,0.72,echo_ms,93,0.930301
latency,tmux,idle,2,False,0.85,0.72,echo_ms,94,0.932454
latency,tmux,idle,2,False,0.85,0.72,echo_ms,95,0.944304
latency,tmux,idle,2,False,0.85,0.72,echo_ms,96,1.044388
latency,tmux,idle,2,False,0.85,0.72,echo_ms,97,1.018428
latency,tmux,idle,2,False,0.85,0.72,echo_ms,98,0.940202
latency,tmux,idle,2,False,0.85,0.72,echo_ms,99,1.022917
latency,tmux,idle,2,False,0.85,0.72,timeouts,,0
latency,herdr,idle,2,False,0.72,0.61,echo_ms,0,2.197838
latency,herdr,idle,2,False,0.72,0.61,echo_ms,1,2.179989
latency,herdr,idle,2,False,0.72,0.61,echo_ms,2,2.048751
latency,herdr,idle,2,False,0.72,0.61,echo_ms,3,1.507693
latency,herdr,idle,2,False,0.72,0.61,echo_ms,4,1.299913
latency,herdr,idle,2,False,0.72,0.61,echo_ms,5,1.606953
latency,herdr,idle,2,False,0.72,0.61,echo_ms,6,2.199038
latency,herdr,idle,2,False,0.72,0.61,echo_ms,7,2.277984
latency,herdr,idle,2,False,0.72,0.61,echo_ms,8,2.259716
latency,herdr,idle,2,False,0.72,0.61,echo_ms,9,2.187876
latency,herdr,idle,2,False,0.72,0.61,echo_ms,10,2.292995
latency,herdr,idle,2,False,0.72,0.61,echo_ms,11,2.249718
latency,herdr,idle,2,False,0.72,0.61,echo_ms,12,2.167326
latency,herdr,idle,2,False,0.72,0.61,echo_ms,13,1.960039
latency,herdr,idle,2,False,0.72,0.61,echo_ms,14,2.235222
latency,herdr,idle,2,False,0.72,0.61,echo_ms,15,2.007043
latency,herdr,idle,2,False,0.72,0.61,echo_ms,16,1.987557
latency,herdr,idle,2,False,0.72,0.61,echo_ms,17,2.228552
latency,herdr,idle,2,False,0.72,0.61,echo_ms,18,2.265926
latency,herdr,idle,2,False,0.72,0.61,echo_ms,19,1.859178
latency,herdr,idle,2,False,0.72,0.61,echo_ms,20,2.267929
latency,herdr,idle,2,False,0.72,0.61,echo_ms,21,2.109087
latency,herdr,idle,2,False,0.72,0.61,echo_ms,22,1.76771
latency,herdr,idle,2,False,0.72,0.61,echo_ms,23,2.283542
latency,herdr,idle,2,False,0.72,0.61,echo_ms,24,1.555008
latency,herdr,idle,2,False,0.72,0.61,echo_ms,25,2.212395
latency,herdr,idle,2,False,0.72,0.61,echo_ms,26,2.15551
latency,herdr,idle,2,False,0.72,0.61,echo_ms,27,2.236588
latency,herdr,idle,2,False,0.72,0.61,echo_ms,28,2.196114
latency,herdr,idle,2,False,0.72,0.61,echo_ms,29,2.214823
latency,herdr,idle,2,False,0.72,0.61,echo_ms,30,2.248695
latency,herdr,idle,2,False,0.72,0.61,echo_ms,31,2.209519
latency,herdr,idle,2,False,0.72,0.61,echo_ms,32,1.483148
latency,herdr,idle,2,False,0.72,0.61,echo_ms,33,2.159788
latency,herdr,idle,2,False,0.72,0.61,echo_ms,34,2.299809
latency,herdr,idle,2,False,0.72,0.61,echo_ms,35,2.239295
latency,herdr,idle,2,False,0.72,0.61,echo_ms,36,2.264911
latency,herdr,idle,2,False,0.72,0.61,echo_ms,37,2.14817
latency,herdr,idle,2,False,0.72,0.61,echo_ms,38,1.915108
latency,herdr,idle,2,False,0.72,0.61,echo_ms,39,2.084899
latency,herdr,idle,2,False,0.72,0.61,echo_ms,40,2.197021
latency,herdr,idle,2,False,0.72,0.61,echo_ms,41,2.266866
latency,herdr,idle,2,False,0.72,0.61,echo_ms,42,2.273004
latency,herdr,idle,2,False,0.72,0.61,echo_ms,43,0.815407
latency,herdr,idle,2,False,0.72,0.61,echo_ms,44,1.657794
latency,herdr,idle,2,False,0.72,0.61,echo_ms,45,2.186833
latency,herdr,idle,2,False,0.72,0.61,echo_ms,46,2.269927
latency,herdr,idle,2,False,0.72,0.61,echo_ms,47,2.19341
latency,herdr,idle,2,False,0.72,0.61,echo_ms,48,2.261348
latency,herdr,idle,2,False,0.72,0.61,echo_ms,49,2.336548
latency,herdr,idle,2,False,0.72,0.61,echo_ms,50,2.030176
latency,herdr,idle,2,False,0.72,0.61,echo_ms,51,2.133914
latency,herdr,idle,2,False,0.72,0.61,echo_ms,52,1.658964
latency,herdr,idle,2,False,0.72,0.61,echo_ms,53,2.214632
latency,herdr,idle,2,False,0.72,0.61,echo_ms,54,2.263993
latency,herdr,idle,2,False,0.72,0.61,echo_ms,55,2.262137
latency,herdr,idle,2,False,0.72,0.61,echo_ms,56,2.183317
latency,herdr,idle,2,False,0.72,0.61,echo_ms,57,2.216383
latency,herdr,idle,2,False,0.72,0.61,echo_ms,58,2.165816
latency,herdr,idle,2,False,0.72,0.61,echo_ms,59,2.075103
latency,herdr,idle,2,False,0.72,0.61,echo_ms,60,2.196567
latency,herdr,idle,2,False,0.72,0.61,echo_ms,61,2.117649
latency,herdr,idle,2,False,0.72,0.61,echo_ms,62,2.229803
latency,herdr,idle,2,False,0.72,0.61,echo_ms,63,2.251885
latency,herdr,idle,2,False,0.72,0.61,echo_ms,64,2.221723
latency,herdr,idle,2,False,0.72,0.61,echo_ms,65,2.216343
latency,herdr,idle,2,False,0.72,0.61,echo_ms,66,2.274723
latency,herdr,idle,2,False,0.72,0.61,echo_ms,67,2.274908
latency,herdr,idle,2,False,0.72,0.61,echo_ms,68,2.294202
latency,herdr,idle,2,False,0.72,0.61,echo_ms,69,2.176062
latency,herdr,idle,2,False,0.72,0.61,echo_ms,70,2.26999
latency,herdr,idle,2,False,0.72,0.61,echo_ms,71,1.966699
latency,herdr,idle,2,False,0.72,0.61,echo_ms,72,2.244379
latency,herdr,idle,2,False,0.72,0.61,echo_ms,73,2.162641
latency,herdr,idle,2,False,0.72,0.61,echo_ms,74,2.293316
latency,herdr,idle,2,False,0.72,0.61,echo_ms,75,2.100679
latency,herdr,idle,2,False,0.72,0.61,echo_ms,76,2.239099
latency,herdr,idle,2,False,0.72,0.61,echo_ms,77,2.116035
latency,herdr,idle,2,False,0.72,0.61,echo_ms,78,2.127516
latency,herdr,idle,2,False,0.72,0.61,echo_ms,79,2.224717
latency,herdr,idle,2,False,0.72,0.61,echo_ms,80,2.238358
latency,herdr,idle,2,False,0.72,0.61,echo_ms,81,1.391009
latency,herdr,idle,2,False,0.72,0.61,echo_ms,82,2.222541
latency,herdr,idle,2,False,0.72,0.61,echo_ms,83,2.191048
latency,herdr,idle,2,False,0.72,0.61,echo_ms,84,2.255203
latency,herdr,idle,2,False,0.72,0.61,echo_ms,85,2.16769
latency,herdr,idle,2,False,0.72,0.61,echo_ms,86,2.180827
latency,herdr,idle,2,False,0.72,0.61,echo_ms,87,2.040201
latency,herdr,idle,2,False,0.72,0.61,echo_ms,88,1.856957
latency,herdr,idle,2,False,0.72,0.61,echo_ms,89,2.297892
latency,herdr,idle,2,False,0.72,0.61,echo_ms,90,2.294171
latency,herdr,idle,2,False,0.72,0.61,echo_ms,91,2.07067
latency,herdr,idle,2,False,0.72,0.61,echo_ms,92,2.328034
latency,herdr,idle,2,False,0.72,0.61,echo_ms,93,2.033821
latency,herdr,idle,2,False,0.72,0.61,echo_ms,94,2.327322
latency,herdr,idle,2,False,0.72,0.61,echo_ms,95,2.310047
latency,herdr,idle,2,False,0.72,0.61,echo_ms,96,2.107589
latency,herdr,idle,2,False,0.72,0.61,echo_ms,97,2.27353
latency,herdr,idle,2,False,0.72,0.61,echo_ms,98,2.242162
latency,herdr,idle,2,False,0.72,0.61,echo_ms,99,2.257966
latency,herdr,idle,2,False,0.72,0.61,timeouts,,0
latency,thurbox,idle,2,False,0.61,0.59,echo_ms,0,48.431623
latency,thurbox,idle,2,False,0.61,0.59,echo_ms,1,46.645431
latency,thurbox,idle,2,False,0.61,0.59,echo_ms,2,2.755331
latency,thurbox,idle,2,False,0.61,0.59,echo_ms,3,3.056189
latency,thurbox,idle,2,False,0.61,0.59,echo_ms,4,24.540369
latency,thurbox,idle,2,False,0.61,0.59,echo_ms,5,13.58191
latency,thurbox,idle,2,False,0.61,0.59,echo_ms,6,47.620995
latency,thurbox,idle,2,False,0.61,0.59,echo_ms,7,45.036616
latency,thurbox,idle,2,False,0.61,0.59,echo_ms,8,13.508101
latency,thurbox,idle,2,False,0.61,0.59,echo_ms,9,3.99721
latency,thurbox,idle,2,False,0.61,0.59,echo_ms,10,47.938388
latency,thurbox,idle,2,False,0.61,0.59,echo_ms,11,22.320173
latency,thurbox,idle,2,False,0.61,0.59,echo_ms,12,4.773499
latency,thurbox,idle,2,False,0.61,0.59,echo_ms,13,5.43798
latency,thurbox,idle,2,False,0.61,0.59,echo_ms,14,48.307324
latency,thurbox,idle,2,False,0.61,0.59,echo_ms,15,46.583546
latency,thurbox,idle,2,False,0.61,0.59,echo_ms,16,24.899269
latency,thurbox,idle,2,False,0.61,0.59,echo_ms,17,13.850529
latency,thurbox,idle,2,False,0.61,0.59,echo_ms,18,2.980333
latency,thurbox,idle,2,False,0.61,0.59,echo_ms,19,47.904367
latency,thurbox,idle,2,False,0.61,0.59,echo_ms,20,46.881716
latency,thurbox,idle,2,False,0.61,0.59,echo_ms,21,4.093099
latency,thurbox,idle,2,False,0.61,0.59,echo_ms,22,1.767011
latency,thurbox,idle,2,False,0.61,0.59,echo_ms,23,46.848916
latency,thurbox,idle,2,False,0.61,0.59,echo_ms,24,48.193676
latency,thurbox,idle,2,False,0.61,0.59,echo_ms,25,14.664833
latency,thurbox,idle,2,False,0.61,0.59,echo_ms,26,14.598545
latency,thurbox,idle,2,False,0.61,0.59,echo_ms,27,13.380525
latency,thurbox,idle,2,False,0.61,0.59,echo_ms,28,4.110784
latency,thurbox,idle,2,False,0.61,0.59,echo_ms,29,4.623343
latency,thurbox,idle,2,False,0.61,0.59,echo_ms,30,46.575147
latency,thurbox,idle,2,False,0.61,0.59,echo_ms,31,13.320786
latency,thurbox,idle,2,False,0.61,0.59,echo_ms,32,13.562202
latency,thurbox,idle,2,False,0.61,0.59,echo_ms,33,46.190461
latency,thurbox,idle,2,False,0.61,0.59,echo_ms,34,24.47772
latency,thurbox,idle,2,False,0.61,0.59,echo_ms,35,3.077032
latency,thurbox,idle,2,False,0.61,0.59,echo_ms,36,46.656191
latency,thurbox,idle,2,False,0.61,0.59,echo_ms,37,24.393429
latency,thurbox,idle,2,False,0.61,0.59,echo_ms,38,14.506293
latency,thurbox,idle,2,False,0.61,0.59,echo_ms,39,47.550257
latency,thurbox,idle,2,False,0.61,0.59,echo_ms,40,47.184785
latency,thurbox,idle,2,False,0.61,0.59,echo_ms,41,13.483642
latency,thurbox,idle,2,False,0.61,0.59,echo_ms,42,45.003572
latency,thurbox,idle,2,False,0.61,0.59,echo_ms,43,46.690242
latency,thurbox,idle,2,False,0.61,0.59,echo_ms,44,48.80878
latency,thurbox,idle,2,False,0.61,0.59,echo_ms,45,13.261947
latency,thurbox,idle,2,False,0.61,0.59,echo_ms,46,13.003468
latency,thurbox,idle,2,False,0.61,0.59,echo_ms,47,25.23929
latency,thurbox,idle,2,False,0.61,0.59,echo_ms,48,23.648032
latency,thurbox,idle,2,False,0.61,0.59,echo_ms,49,13.364839
latency,thurbox,idle,2,False,0.61,0.59,echo_ms,50,13.639941
latency,thurbox,idle,2,False,0.61,0.59,echo_ms,51,2.962612
latency,thurbox,idle,2,False,0.61,0.59,echo_ms,52,25.325663
latency,thurbox,idle,2,False,0.61,0.59,echo_ms,53,46.516574
latency,thurbox,idle,2,False,0.61,0.59,echo_ms,54,46.582675
latency,thurbox,idle,2,False,0.61,0.59,echo_ms,55,47.306687
latency,thurbox,idle,2,False,0.61,0.59,echo_ms,56,13.774271
latency,thurbox,idle,2,False,0.61,0.59,echo_ms,57,46.648502
latency,thurbox,idle,2,False,0.61,0.59,echo_ms,58,5.343124
latency,thurbox,idle,2,False,0.61,0.59,echo_ms,59,48.150417
latency,thurbox,idle,2,False,0.61,0.59,echo_ms,60,13.444556
latency,thurbox,idle,2,False,0.61,0.59,echo_ms,61,3.998763
latency,thurbox,idle,2,False,0.61,0.59,echo_ms,62,12.676128
latency,thurbox,idle,2,False,0.61,0.59,echo_ms,63,46.649441
latency,thurbox,idle,2,False,0.61,0.59,echo_ms,64,3.923326
latency,thurbox,idle,2,False,0.61,0.59,echo_ms,65,47.628184
latency,thurbox,idle,2,False,0.61,0.59,echo_ms,66,46.725461
latency,thurbox,idle,2,False,0.61,0.59,echo_ms,67,47.317409
latency,thurbox,idle,2,False,0.61,0.59,echo_ms,68,46.066463
latency,thurbox,idle,2,False,0.61,0.59,echo_ms,69,3.93845
latency,thurbox,idle,2,False,0.61,0.59,echo_ms,70,47.616672
latency,thurbox,idle,2,False,0.61,0.59,echo_ms,71,22.207317
latency,thurbox,idle,2,False,0.61,0.59,echo_ms,72,4.49273
latency,thurbox,idle,2,False,0.61,0.59,echo_ms,73,47.839234
latency,thurbox,idle,2,False,0.61,0.59,echo_ms,74,4.360172
latency,thurbox,idle,2,False,0.61,0.59,echo_ms,75,3.98269
latency,thurbox,idle,2,False,0.61,0.59,echo_ms,76,44.501663
latency,thurbox,idle,2,False,0.61,0.59,echo_ms,77,46.217716
latency,thurbox,idle,2,False,0.61,0.59,echo_ms,78,47.766582
latency,thurbox,idle,2,False,0.61,0.59,echo_ms,79,13.615846
latency,thurbox,idle,2,False,0.61,0.59,echo_ms,80,13.377053
latency,thurbox,idle,2,False,0.61,0.59,echo_ms,81,1.427089
latency,thurbox,idle,2,False,0.61,0.59,echo_ms,82,3.290917
latency,thurbox,idle,2,False,0.61,0.59,echo_ms,83,3.879875
latency,thurbox,idle,2,False,0.61,0.59,echo_ms,84,47.606496
latency,thurbox,idle,2,False,0.61,0.59,echo_ms,85,2.889505
latency,thurbox,idle,2,False,0.61,0.59,echo_ms,86,3.729153
latency,thurbox,idle,2,False,0.61,0.59,echo_ms,87,16.524802
latency,thurbox,idle,2,False,0.61,0.59,echo_ms,88,46.533257
latency,thurbox,idle,2,False,0.61,0.59,echo_ms,89,13.474654
latency,thurbox,idle,2,False,0.61,0.59,echo_ms,90,13.477
latency,thurbox,idle,2,False,0.61,0.59,echo_ms,91,46.52163
latency,thurbox,idle,2,False,0.61,0.59,echo_ms,92,11.851051
latency,thurbox,idle,2,False,0.61,0.59,echo_ms,93,47.626108
latency,thurbox,idle,2,False,0.61,0.59,echo_ms,94,46.520832
latency,thurbox,idle,2,False,0.61,0.59,echo_ms,95,24.234895
latency,thurbox,idle,2,False,0.61,0.59,echo_ms,96,13.487518
latency,thurbox,idle,2,False,0.61,0.59,echo_ms,97,4.56801
latency,thurbox,idle,2,False,0.61,0.59,echo_ms,98,14.514685
latency,thurbox,idle,2,False,0.61,0.59,echo_ms,99,2.239835
latency,thurbox,idle,2,False,0.61,0.59,timeouts,,0
latency,tmux,idle,3,False,0.59,0.54,echo_ms,0,1.094201
latency,tmux,idle,3,False,0.59,0.54,echo_ms,1,0.669946
latency,tmux,idle,3,False,0.59,0.54,echo_ms,2,1.015555
latency,tmux,idle,3,False,0.59,0.54,echo_ms,3,0.990299
latency,tmux,idle,3,False,0.59,0.54,echo_ms,4,0.977518
latency,tmux,idle,3,False,0.59,0.54,echo_ms,5,1.015059
latency,tmux,idle,3,False,0.59,0.54,echo_ms,6,0.848398
latency,tmux,idle,3,False,0.59,0.54,echo_ms,7,0.984896
latency,tmux,idle,3,False,0.59,0.54,echo_ms,8,0.848275
latency,tmux,idle,3,False,0.59,0.54,echo_ms,9,1.013256
latency,tmux,idle,3,False,0.59,0.54,echo_ms,10,1.048023
latency,tmux,idle,3,False,0.59,0.54,echo_ms,11,1.040112
latency,tmux,idle,3,False,0.59,0.54,echo_ms,12,0.987623
latency,tmux,idle,3,False,0.59,0.54,echo_ms,13,1.019356
latency,tmux,idle,3,False,0.59,0.54,echo_ms,14,0.927431
latency,tmux,idle,3,False,0.59,0.54,echo_ms,15,0.848038
latency,tmux,idle,3,False,0.59,0.54,echo_ms,16,0.679373
latency,tmux,idle,3,False,0.59,0.54,echo_ms,17,1.003894
latency,tmux,idle,3,False,0.59,0.54,echo_ms,18,0.982512
latency,tmux,idle,3,False,0.59,0.54,echo_ms,19,0.87192
latency,tmux,idle,3,False,0.59,0.54,echo_ms,20,1.062079
latency,tmux,idle,3,False,0.59,0.54,echo_ms,21,0.895717
latency,tmux,idle,3,False,0.59,0.54,echo_ms,22,0.834621
latency,tmux,idle,3,False,0.59,0.54,echo_ms,23,1.077366
latency,tmux,idle,3,False,0.59,0.54,echo_ms,24,0.987711
latency,tmux,idle,3,False,0.59,0.54,echo_ms,25,0.74105
latency,tmux,idle,3,False,0.59,0.54,echo_ms,26,1.054233
latency,tmux,idle,3,False,0.59,0.54,echo_ms,27,0.723185
latency,tmux,idle,3,False,0.59,0.54,echo_ms,28,1.001456
latency,tmux,idle,3,False,0.59,0.54,echo_ms,29,0.920805
latency,tmux,idle,3,False,0.59,0.54,echo_ms,30,1.015593
latency,tmux,idle,3,False,0.59,0.54,echo_ms,31,1.004389
latency,tmux,idle,3,False,0.59,0.54,echo_ms,32,1.050478
latency,tmux,idle,3,False,0.59,0.54,echo_ms,33,1.003103
latency,tmux,idle,3,False,0.59,0.54,echo_ms,34,0.813974
latency,tmux,idle,3,False,0.59,0.54,echo_ms,35,1.05764
latency,tmux,idle,3,False,0.59,0.54,echo_ms,36,0.890156
latency,tmux,idle,3,False,0.59,0.54,echo_ms,37,1.006016
latency,tmux,idle,3,False,0.59,0.54,echo_ms,38,1.0684
latency,tmux,idle,3,False,0.59,0.54,echo_ms,39,1.059316
latency,tmux,idle,3,False,0.59,0.54,echo_ms,40,1.029944
latency,tmux,idle,3,False,0.59,0.54,echo_ms,41,1.036189
latency,tmux,idle,3,False,0.59,0.54,echo_ms,42,0.926121
latency,tmux,idle,3,False,0.59,0.54,echo_ms,43,1.064449
latency,tmux,idle,3,False,0.59,0.54,echo_ms,44,0.785638
latency,tmux,idle,3,False,0.59,0.54,echo_ms,45,0.920894
latency,tmux,idle,3,False,0.59,0.54,echo_ms,46,0.790154
latency,tmux,idle,3,False,0.59,0.54,echo_ms,47,0.759776
latency,tmux,idle,3,False,0.59,0.54,echo_ms,48,1.101479
latency,tmux,idle,3,False,0.59,0.54,echo_ms,49,1.101104
latency,tmux,idle,3,False,0.59,0.54,echo_ms,50,1.001039
latency,tmux,idle,3,False,0.59,0.54,echo_ms,51,1.027746
latency,tmux,idle,3,False,0.59,0.54,echo_ms,52,1.034417
latency,tmux,idle,3,False,0.59,0.54,echo_ms,53,0.979421
latency,tmux,idle,3,False,0.59,0.54,echo_ms,54,0.994672
latency,tmux,idle,3,False,0.59,0.54,echo_ms,55,0.9619
latency,tmux,idle,3,False,0.59,0.54,echo_ms,56,1.019661
latency,tmux,idle,3,False,0.59,0.54,echo_ms,57,1.030444
latency,tmux,idle,3,False,0.59,0.54,echo_ms,58,0.914299
latency,tmux,idle,3,False,0.59,0.54,echo_ms,59,0.935256
latency,tmux,idle,3,False,0.59,0.54,echo_ms,60,1.03621
latency,tmux,idle,3,False,0.59,0.54,echo_ms,61,1.017333
latency,tmux,idle,3,False,0.59,0.54,echo_ms,62,0.890368
latency,tmux,idle,3,False,0.59,0.54,echo_ms,63,0.881566
latency,tmux,idle,3,False,0.59,0.54,echo_ms,64,0.8673
latency,tmux,idle,3,False,0.59,0.54,echo_ms,65,0.914502
latency,tmux,idle,3,False,0.59,0.54,echo_ms,66,0.972907
latency,tmux,idle,3,False,0.59,0.54,echo_ms,67,0.984465
latency,tmux,idle,3,False,0.59,0.54,echo_ms,68,1.02935
latency,tmux,idle,3,False,0.59,0.54,echo_ms,69,0.963956
latency,tmux,idle,3,False,0.59,0.54,echo_ms,70,0.92369
latency,tmux,idle,3,False,0.59,0.54,echo_ms,71,0.986709
latency,tmux,idle,3,False,0.59,0.54,echo_ms,72,0.839941
latency,tmux,idle,3,False,0.59,0.54,echo_ms,73,1.065877
latency,tmux,idle,3,False,0.59,0.54,echo_ms,74,0.899106
latency,tmux,idle,3,False,0.59,0.54,echo_ms,75,1.000709
latency,tmux,idle,3,False,0.59,0.54,echo_ms,76,0.861852
latency,tmux,idle,3,False,0.59,0.54,echo_ms,77,0.986737
latency,tmux,idle,3,False,0.59,0.54,echo_ms,78,0.751396
latency,tmux,idle,3,False,0.59,0.54,echo_ms,79,0.910762
latency,tmux,idle,3,False,0.59,0.54,echo_ms,80,0.990346
latency,tmux,idle,3,False,0.59,0.54,echo_ms,81,1.006643
latency,tmux,idle,3,False,0.59,0.54,echo_ms,82,0.853776
latency,tmux,idle,3,False,0.59,0.54,echo_ms,83,0.998593
latency,tmux,idle,3,False,0.59,0.54,echo_ms,84,1.051852
latency,tmux,idle,3,False,0.59,0.54,echo_ms,85,0.785838
latency,tmux,idle,3,False,0.59,0.54,echo_ms,86,1.025124
latency,tmux,idle,3,False,0.59,0.54,echo_ms,87,1.049839
latency,tmux,idle,3,False,0.59,0.54,echo_ms,88,0.952053
latency,tmux,idle,3,False,0.59,0.54,echo_ms,89,0.936533
latency,tmux,idle,3,False,0.59,0.54,echo_ms,90,1.024303
latency,tmux,idle,3,False,0.59,0.54,echo_ms,91,0.932888
latency,tmux,idle,3,False,0.59,0.54,echo_ms,92,1.063385
latency,tmux,idle,3,False,0.59,0.54,echo_ms,93,0.930478
latency,tmux,idle,3,False,0.59,0.54,echo_ms,94,0.970953
latency,tmux,idle,3,False,0.59,0.54,echo_ms,95,1.017843
latency,tmux,idle,3,False,0.59,0.54,echo_ms,96,1.022712
latency,tmux,idle,3,False,0.59,0.54,echo_ms,97,0.979584
latency,tmux,idle,3,False,0.59,0.54,echo_ms,98,0.928792
latency,tmux,idle,3,False,0.59,0.54,echo_ms,99,0.982146
latency,tmux,idle,3,False,0.59,0.54,timeouts,,0
latency,herdr,idle,3,False,0.54,0.46,echo_ms,0,2.031446
latency,herdr,idle,3,False,0.54,0.46,echo_ms,1,2.102124
latency,herdr,idle,3,False,0.54,0.46,echo_ms,2,2.264776
latency,herdr,idle,3,False,0.54,0.46,echo_ms,3,2.080255
latency,herdr,idle,3,False,0.54,0.46,echo_ms,4,1.9397
latency,herdr,idle,3,False,0.54,0.46,echo_ms,5,2.041808
latency,herdr,idle,3,False,0.54,0.46,echo_ms,6,2.174569
latency,herdr,idle,3,False,0.54,0.46,echo_ms,7,2.291724
latency,herdr,idle,3,False,0.54,0.46,echo_ms,8,1.521637
latency,herdr,idle,3,False,0.54,0.46,echo_ms,9,2.223762
latency,herdr,idle,3,False,0.54,0.46,echo_ms,10,1.962501
latency,herdr,idle,3,False,0.54,0.46,echo_ms,11,2.308435
latency,herdr,idle,3,False,0.54,0.46,echo_ms,12,2.226177
latency,herdr,idle,3,False,0.54,0.46,echo_ms,13,2.159454
latency,herdr,idle,3,False,0.54,0.46,echo_ms,14,2.067301
latency,herdr,idle,3,False,0.54,0.46,echo_ms,15,2.150895
latency,herdr,idle,3,False,0.54,0.46,echo_ms,16,2.122994
latency,herdr,idle,3,False,0.54,0.46,echo_ms,17,2.281458
latency,herdr,idle,3,False,0.54,0.46,echo_ms,18,2.27023
latency,herdr,idle,3,False,0.54,0.46,echo_ms,19,2.28835
latency,herdr,idle,3,False,0.54,0.46,echo_ms,20,2.253758
latency,herdr,idle,3,False,0.54,0.46,echo_ms,21,1.973869
latency,herdr,idle,3,False,0.54,0.46,echo_ms,22,2.160834
latency,herdr,idle,3,False,0.54,0.46,echo_ms,23,2.296355
latency,herdr,idle,3,False,0.54,0.46,echo_ms,24,1.403551
latency,herdr,idle,3,False,0.54,0.46,echo_ms,25,1.593612
latency,herdr,idle,3,False,0.54,0.46,echo_ms,26,2.17365
latency,herdr,idle,3,False,0.54,0.46,echo_ms,27,2.201983
latency,herdr,idle,3,False,0.54,0.46,echo_ms,28,2.140926
latency,herdr,idle,3,False,0.54,0.46,echo_ms,29,2.146048
latency,herdr,idle,3,False,0.54,0.46,echo_ms,30,2.270911
latency,herdr,idle,3,False,0.54,0.46,echo_ms,31,2.128515
latency,herdr,idle,3,False,0.54,0.46,echo_ms,32,2.229046
latency,herdr,idle,3,False,0.54,0.46,echo_ms,33,2.225579
latency,herdr,idle,3,False,0.54,0.46,echo_ms,34,2.041762
latency,herdr,idle,3,False,0.54,0.46,echo_ms,35,2.291647
latency,herdr,idle,3,False,0.54,0.46,echo_ms,36,2.19728
latency,herdr,idle,3,False,0.54,0.46,echo_ms,37,2.255854
latency,herdr,idle,3,False,0.54,0.46,echo_ms,38,2.039033
latency,herdr,idle,3,False,0.54,0.46,echo_ms,39,2.180395
latency,herdr,idle,3,False,0.54,0.46,echo_ms,40,2.272909
latency,herdr,idle,3,False,0.54,0.46,echo_ms,41,2.034595
latency,herdr,idle,3,False,0.54,0.46,echo_ms,42,2.059855
latency,herdr,idle,3,False,0.54,0.46,echo_ms,43,2.16115
latency,herdr,idle,3,False,0.54,0.46,echo_ms,44,2.243347
latency,herdr,idle,3,False,0.54,0.46,echo_ms,45,2.159045
latency,herdr,idle,3,False,0.54,0.46,echo_ms,46,2.278377
latency,herdr,idle,3,False,0.54,0.46,echo_ms,47,2.240167
latency,herdr,idle,3,False,0.54,0.46,echo_ms,48,2.270541
latency,herdr,idle,3,False,0.54,0.46,echo_ms,49,2.202461
latency,herdr,idle,3,False,0.54,0.46,echo_ms,50,2.18625
latency,herdr,idle,3,False,0.54,0.46,echo_ms,51,2.127639
latency,herdr,idle,3,False,0.54,0.46,echo_ms,52,2.216874
latency,herdr,idle,3,False,0.54,0.46,echo_ms,53,2.024194
latency,herdr,idle,3,False,0.54,0.46,echo_ms,54,2.256745
latency,herdr,idle,3,False,0.54,0.46,echo_ms,55,2.127602
latency,herdr,idle,3,False,0.54,0.46,echo_ms,56,2.163317
latency,herdr,idle,3,False,0.54,0.46,echo_ms,57,2.153724
latency,herdr,idle,3,False,0.54,0.46,echo_ms,58,1.965358
latency,herdr,idle,3,False,0.54,0.46,echo_ms,59,1.669641
latency,herdr,idle,3,False,0.54,0.46,echo_ms,60,2.328742
latency,herdr,idle,3,False,0.54,0.46,echo_ms,61,0.905064
latency,herdr,idle,3,False,0.54,0.46,echo_ms,62,2.027553
latency,herdr,idle,3,False,0.54,0.46,echo_ms,63,2.214766
latency,herdr,idle,3,False,0.54,0.46,echo_ms,64,2.270055
latency,herdr,idle,3,False,0.54,0.46,echo_ms,65,2.251814
latency,herdr,idle,3,False,0.54,0.46,echo_ms,66,2.042708
latency,herdr,idle,3,False,0.54,0.46,echo_ms,67,2.243278
latency,herdr,idle,3,False,0.54,0.46,echo_ms,68,1.98477
latency,herdr,idle,3,False,0.54,0.46,echo_ms,69,1.985913
latency,herdr,idle,3,False,0.54,0.46,echo_ms,70,1.834911
latency,herdr,idle,3,False,0.54,0.46,echo_ms,71,1.951487
latency,herdr,idle,3,False,0.54,0.46,echo_ms,72,2.149576
latency,herdr,idle,3,False,0.54,0.46,echo_ms,73,2.03495
latency,herdr,idle,3,False,0.54,0.46,echo_ms,74,2.037675
latency,herdr,idle,3,False,0.54,0.46,echo_ms,75,2.146357
latency,herdr,idle,3,False,0.54,0.46,echo_ms,76,2.219864
latency,herdr,idle,3,False,0.54,0.46,echo_ms,77,2.196681
latency,herdr,idle,3,False,0.54,0.46,echo_ms,78,2.271331
latency,herdr,idle,3,False,0.54,0.46,echo_ms,79,2.004993
latency,herdr,idle,3,False,0.54,0.46,echo_ms,80,1.953704
latency,herdr,idle,3,False,0.54,0.46,echo_ms,81,2.265076
latency,herdr,idle,3,False,0.54,0.46,echo_ms,82,1.966851
latency,herdr,idle,3,False,0.54,0.46,echo_ms,83,2.24618
latency,herdr,idle,3,False,0.54,0.46,echo_ms,84,2.160778
latency,herdr,idle,3,False,0.54,0.46,echo_ms,85,2.047807
latency,herdr,idle,3,False,0.54,0.46,echo_ms,86,2.274394
latency,herdr,idle,3,False,0.54,0.46,echo_ms,87,1.991633
latency,herdr,idle,3,False,0.54,0.46,echo_ms,88,1.391539
latency,herdr,idle,3,False,0.54,0.46,echo_ms,89,2.2446
latency,herdr,idle,3,False,0.54,0.46,echo_ms,90,2.199577
latency,herdr,idle,3,False,0.54,0.46,echo_ms,91,1.654773
latency,herdr,idle,3,False,0.54,0.46,echo_ms,92,2.22255
latency,herdr,idle,3,False,0.54,0.46,echo_ms,93,2.195764
latency,herdr,idle,3,False,0.54,0.46,echo_ms,94,2.183557
latency,herdr,idle,3,False,0.54,0.46,echo_ms,95,3.382307
latency,herdr,idle,3,False,0.54,0.46,echo_ms,96,2.153825
latency,herdr,idle,3,False,0.54,0.46,echo_ms,97,2.160237
latency,herdr,idle,3,False,0.54,0.46,echo_ms,98,2.011346
latency,herdr,idle,3,False,0.54,0.46,echo_ms,99,2.169251
latency,herdr,idle,3,False,0.54,0.46,timeouts,,0
latency,thurbox,idle,3,False,0.46,0.39,echo_ms,0,48.048002
latency,thurbox,idle,3,False,0.46,0.39,echo_ms,1,3.066388
latency,thurbox,idle,3,False,0.46,0.39,echo_ms,2,48.184955
latency,thurbox,idle,3,False,0.46,0.39,echo_ms,3,46.898844
latency,thurbox,idle,3,False,0.46,0.39,echo_ms,4,14.512571
latency,thurbox,idle,3,False,0.46,0.39,echo_ms,5,13.618154
latency,thurbox,idle,3,False,0.46,0.39,echo_ms,6,14.336963
latency,thurbox,idle,3,False,0.46,0.39,echo_ms,7,47.651953
latency,thurbox,idle,3,False,0.46,0.39,echo_ms,8,46.935278
latency,thurbox,idle,3,False,0.46,0.39,echo_ms,9,23.320324
latency,thurbox,idle,3,False,0.46,0.39,echo_ms,10,12.801612
latency,thurbox,idle,3,False,0.46,0.39,echo_ms,11,13.683716
latency,thurbox,idle,3,False,0.46,0.39,echo_ms,12,4.183888
latency,thurbox,idle,3,False,0.46,0.39,echo_ms,13,48.822161
latency,thurbox,idle,3,False,0.46,0.39,echo_ms,14,13.583662
latency,thurbox,idle,3,False,0.46,0.39,echo_ms,15,24.896256
latency,thurbox,idle,3,False,0.46,0.39,echo_ms,16,13.503112
latency,thurbox,idle,3,False,0.46,0.39,echo_ms,17,46.984482
latency,thurbox,idle,3,False,0.46,0.39,echo_ms,18,25.435961
latency,thurbox,idle,3,False,0.46,0.39,echo_ms,19,47.835569
latency,thurbox,idle,3,False,0.46,0.39,echo_ms,20,3.050877
latency,thurbox,idle,3,False,0.46,0.39,echo_ms,21,4.03093
latency,thurbox,idle,3,False,0.46,0.39,echo_ms,22,13.630632
latency,thurbox,idle,3,False,0.46,0.39,echo_ms,23,46.441518
latency,thurbox,idle,3,False,0.46,0.39,echo_ms,24,12.681307
latency,thurbox,idle,3,False,0.46,0.39,echo_ms,25,37.795199
latency,thurbox,idle,3,False,0.46,0.39,echo_ms,26,47.67256
latency,thurbox,idle,3,False,0.46,0.39,echo_ms,27,46.642696
latency,thurbox,idle,3,False,0.46,0.39,echo_ms,28,47.631976
latency,thurbox,idle,3,False,0.46,0.39,echo_ms,29,23.731761
latency,thurbox,idle,3,False,0.46,0.39,echo_ms,30,46.394628
latency,thurbox,idle,3,False,0.46,0.39,echo_ms,31,13.319751
latency,thurbox,idle,3,False,0.46,0.39,echo_ms,32,13.535042
latency,thurbox,idle,3,False,0.46,0.39,echo_ms,33,45.818249
latency,thurbox,idle,3,False,0.46,0.39,echo_ms,34,47.480089
latency,thurbox,idle,3,False,0.46,0.39,echo_ms,35,47.200382
latency,thurbox,idle,3,False,0.46,0.39,echo_ms,36,23.832709
latency,thurbox,idle,3,False,0.46,0.39,echo_ms,37,3.992865
latency,thurbox,idle,3,False,0.46,0.39,echo_ms,38,4.972651
latency,thurbox,idle,3,False,0.46,0.39,echo_ms,39,46.840913
latency,thurbox,idle,3,False,0.46,0.39,echo_ms,40,26.939629
latency,thurbox,idle,3,False,0.46,0.39,echo_ms,41,48.084857
latency,thurbox,idle,3,False,0.46,0.39,echo_ms,42,46.859339
latency,thurbox,idle,3,False,0.46,0.39,echo_ms,43,3.967886
latency,thurbox,idle,3,False,0.46,0.39,echo_ms,44,4.499966
latency,thurbox,idle,3,False,0.46,0.39,echo_ms,45,3.098244
latency,thurbox,idle,3,False,0.46,0.39,echo_ms,46,4.101205
latency,thurbox,idle,3,False,0.46,0.39,echo_ms,47,48.260348
latency,thurbox,idle,3,False,0.46,0.39,echo_ms,48,45.952945
latency,thurbox,idle,3,False,0.46,0.39,echo_ms,49,3.978139
latency,thurbox,idle,3,False,0.46,0.39,echo_ms,50,27.663776
latency,thurbox,idle,3,False,0.46,0.39,echo_ms,51,47.146358
latency,thurbox,idle,3,False,0.46,0.39,echo_ms,52,4.009856
latency,thurbox,idle,3,False,0.46,0.39,echo_ms,53,13.126911
latency,thurbox,idle,3,False,0.46,0.39,echo_ms,54,3.929473
latency,thurbox,idle,3,False,0.46,0.39,echo_ms,55,47.201095
latency,thurbox,idle,3,False,0.46,0.39,echo_ms,56,46.684288
latency,thurbox,idle,3,False,0.46,0.39,echo_ms,57,4.005368
latency,thurbox,idle,3,False,0.46,0.39,echo_ms,58,48.169552
latency,thurbox,idle,3,False,0.46,0.39,echo_ms,59,13.302553
latency,thurbox,idle,3,False,0.46,0.39,echo_ms,60,4.865474
latency,thurbox,idle,3,False,0.46,0.39,echo_ms,61,48.334379
latency,thurbox,idle,3,False,0.46,0.39,echo_ms,62,14.957178
latency,thurbox,idle,3,False,0.46,0.39,echo_ms,63,3.999433
latency,thurbox,idle,3,False,0.46,0.39,echo_ms,64,47.911064
latency,thurbox,idle,3,False,0.46,0.39,echo_ms,65,46.646732
latency,thurbox,idle,3,False,0.46,0.39,echo_ms,66,47.535482
latency,thurbox,idle,3,False,0.46,0.39,echo_ms,67,46.789298
latency,thurbox,idle,3,False,0.46,0.39,echo_ms,68,4.274149
latency,thurbox,idle,3,False,0.46,0.39,echo_ms,69,47.652126
latency,thurbox,idle,3,False,0.46,0.39,echo_ms,70,23.739973
latency,thurbox,idle,3,False,0.46,0.39,echo_ms,71,14.44098
latency,thurbox,idle,3,False,0.46,0.39,echo_ms,72,13.174847
latency,thurbox,idle,3,False,0.46,0.39,echo_ms,73,4.698315
latency,thurbox,idle,3,False,0.46,0.39,echo_ms,74,47.733459
latency,thurbox,idle,3,False,0.46,0.39,echo_ms,75,47.694685
latency,thurbox,idle,3,False,0.46,0.39,echo_ms,76,46.497034
latency,thurbox,idle,3,False,0.46,0.39,echo_ms,77,24.951025
latency,thurbox,idle,3,False,0.46,0.39,echo_ms,78,12.438908
latency,thurbox,idle,3,False,0.46,0.39,echo_ms,79,13.411045
latency,thurbox,idle,3,False,0.46,0.39,echo_ms,80,13.483731
latency,thurbox,idle,3,False,0.46,0.39,echo_ms,81,46.791601
latency,thurbox,idle,3,False,0.46,0.39,echo_ms,82,47.811175
latency,thurbox,idle,3,False,0.46,0.39,echo_ms,83,44.981994
latency,thurbox,idle,3,False,0.46,0.39,echo_ms,84,1.815645
latency,thurbox,idle,3,False,0.46,0.39,echo_ms,85,47.796374
latency,thurbox,idle,3,False,0.46,0.39,echo_ms,86,46.313248
latency,thurbox,idle,3,False,0.46,0.39,echo_ms,87,49.002335
latency,thurbox,idle,3,False,0.46,0.39,echo_ms,88,24.843904
latency,thurbox,idle,3,False,0.46,0.39,echo_ms,89,13.409206
latency,thurbox,idle,3,False,0.46,0.39,echo_ms,90,13.523306
latency,thurbox,idle,3,False,0.46,0.39,echo_ms,91,46.554872
latency,thurbox,idle,3,False,0.46,0.39,echo_ms,92,24.26627
latency,thurbox,idle,3,False,0.46,0.39,echo_ms,93,47.399632
latency,thurbox,idle,3,False,0.46,0.39,echo_ms,94,46.74574
latency,thurbox,idle,3,False,0.46,0.39,echo_ms,95,3.972256
latency,thurbox,idle,3,False,0.46,0.39,echo_ms,96,46.625751
latency,thurbox,idle,3,False,0.46,0.39,echo_ms,97,3.965297
latency,thurbox,idle,3,False,0.46,0.39,echo_ms,98,47.366437
latency,thurbox,idle,3,False,0.46,0.39,echo_ms,99,24.027841
latency,thurbox,idle,3,False,0.46,0.39,timeouts,,0
latency,tmux,idle,4,False,0.39,0.41,echo_ms,0,0.91038
latency,tmux,idle,4,False,0.39,0.41,echo_ms,1,0.996754
latency,tmux,idle,4,False,0.39,0.41,echo_ms,2,0.918282
latency,tmux,idle,4,False,0.39,0.41,echo_ms,3,0.825423
latency,tmux,idle,4,False,0.39,0.41,echo_ms,4,0.928155
latency,tmux,idle,4,False,0.39,0.41,echo_ms,5,0.973123
latency,tmux,idle,4,False,0.39,0.41,echo_ms,6,0.924883
latency,tmux,idle,4,False,0.39,0.41,echo_ms,7,0.823335
latency,tmux,idle,4,False,0.39,0.41,echo_ms,8,0.962309
latency,tmux,idle,4,False,0.39,0.41,echo_ms,9,1.050094
latency,tmux,idle,4,False,0.39,0.41,echo_ms,10,0.977014
latency,tmux,idle,4,False,0.39,0.41,echo_ms,11,0.933938
latency,tmux,idle,4,False,0.39,0.41,echo_ms,12,0.908204
latency,tmux,idle,4,False,0.39,0.41,echo_ms,13,0.933337
latency,tmux,idle,4,False,0.39,0.41,echo_ms,14,0.924097
latency,tmux,idle,4,False,0.39,0.41,echo_ms,15,0.931307
latency,tmux,idle,4,False,0.39,0.41,echo_ms,16,0.923873
latency,tmux,idle,4,False,0.39,0.41,echo_ms,17,0.904007
latency,tmux,idle,4,False,0.39,0.41,echo_ms,18,0.926201
latency,tmux,idle,4,False,0.39,0.41,echo_ms,19,0.883059
latency,tmux,idle,4,False,0.39,0.41,echo_ms,20,0.917445
latency,tmux,idle,4,False,0.39,0.41,echo_ms,21,0.728632
latency,tmux,idle,4,False,0.39,0.41,echo_ms,22,0.898611
latency,tmux,idle,4,False,0.39,0.41,echo_ms,23,0.87841
latency,tmux,idle,4,False,0.39,0.41,echo_ms,24,0.925169
latency,tmux,idle,4,False,0.39,0.41,echo_ms,25,0.905662
latency,tmux,idle,4,False,0.39,0.41,echo_ms,26,0.756821
latency,tmux,idle,4,False,0.39,0.41,echo_ms,27,0.934411
latency,tmux,idle,4,False,0.39,0.41,echo_ms,28,0.942349
latency,tmux,idle,4,False,0.39,0.41,echo_ms,29,1.088491
latency,tmux,idle,4,False,0.39,0.41,echo_ms,30,0.965271
latency,tmux,idle,4,False,0.39,0.41,echo_ms,31,0.935724
latency,tmux,idle,4,False,0.39,0.41,echo_ms,32,0.93649
latency,tmux,idle,4,False,0.39,0.41,echo_ms,33,0.453158
latency,tmux,idle,4,False,0.39,0.41,echo_ms,34,0.90808
latency,tmux,idle,4,False,0.39,0.41,echo_ms,35,1.086725
latency,tmux,idle,4,False,0.39,0.41,echo_ms,36,0.912332
latency,tmux,idle,4,False,0.39,0.41,echo_ms,37,1.006861
latency,tmux,idle,4,False,0.39,0.41,echo_ms,38,0.940886
latency,tmux,idle,4,False,0.39,0.41,echo_ms,39,0.933739
latency,tmux,idle,4,False,0.39,0.41,echo_ms,40,0.917539
latency,tmux,idle,4,False,0.39,0.41,echo_ms,41,0.657498
latency,tmux,idle,4,False,0.39,0.41,echo_ms,42,1.026105
latency,tmux,idle,4,False,0.39,0.41,echo_ms,43,0.932931
latency,tmux,idle,4,False,0.39,0.41,echo_ms,44,1.029144
latency,tmux,idle,4,False,0.39,0.41,echo_ms,45,0.93141
latency,tmux,idle,4,False,0.39,0.41,echo_ms,46,0.643999
latency,tmux,idle,4,False,0.39,0.41,echo_ms,47,0.991113
latency,tmux,idle,4,False,0.39,0.41,echo_ms,48,0.931953
latency,tmux,idle,4,False,0.39,0.41,echo_ms,49,0.9368
latency,tmux,idle,4,False,0.39,0.41,echo_ms,50,1.045213
latency,tmux,idle,4,False,0.39,0.41,echo_ms,51,1.029118
latency,tmux,idle,4,False,0.39,0.41,echo_ms,52,0.918085
latency,tmux,idle,4,False,0.39,0.41,echo_ms,53,0.937217
latency,tmux,idle,4,False,0.39,0.41,echo_ms,54,1.016318
latency,tmux,idle,4,False,0.39,0.41,echo_ms,55,0.884496
latency,tmux,idle,4,False,0.39,0.41,echo_ms,56,0.948138
latency,tmux,idle,4,False,0.39,0.41,echo_ms,57,0.940991
latency,tmux,idle,4,False,0.39,0.41,echo_ms,58,0.665216
latency,tmux,idle,4,False,0.39,0.41,echo_ms,59,0.528199
latency,tmux,idle,4,False,0.39,0.41,echo_ms,60,0.896699
latency,tmux,idle,4,False,0.39,0.41,echo_ms,61,0.84232
latency,tmux,idle,4,False,0.39,0.41,echo_ms,62,1.004646
latency,tmux,idle,4,False,0.39,0.41,echo_ms,63,1.026367
latency,tmux,idle,4,False,0.39,0.41,echo_ms,64,0.895892
latency,tmux,idle,4,False,0.39,0.41,echo_ms,65,1.061436
latency,tmux,idle,4,False,0.39,0.41,echo_ms,66,0.875103
latency,tmux,idle,4,False,0.39,0.41,echo_ms,67,0.876574
latency,tmux,idle,4,False,0.39,0.41,echo_ms,68,0.637584
latency,tmux,idle,4,False,0.39,0.41,echo_ms,69,0.904182
latency,tmux,idle,4,False,0.39,0.41,echo_ms,70,0.807168
latency,tmux,idle,4,False,0.39,0.41,echo_ms,71,1.034455
latency,tmux,idle,4,False,0.39,0.41,echo_ms,72,0.392796
latency,tmux,idle,4,False,0.39,0.41,echo_ms,73,1.037829
latency,tmux,idle,4,False,0.39,0.41,echo_ms,74,0.952555
latency,tmux,idle,4,False,0.39,0.41,echo_ms,75,1.02873
latency,tmux,idle,4,False,0.39,0.41,echo_ms,76,0.983463
latency,tmux,idle,4,False,0.39,0.41,echo_ms,77,0.855087
latency,tmux,idle,4,False,0.39,0.41,echo_ms,78,0.919345
latency,tmux,idle,4,False,0.39,0.41,echo_ms,79,1.027302
latency,tmux,idle,4,False,0.39,0.41,echo_ms,80,1.036937
latency,tmux,idle,4,False,0.39,0.41,echo_ms,81,0.834451
latency,tmux,idle,4,False,0.39,0.41,echo_ms,82,0.808252
latency,tmux,idle,4,False,0.39,0.41,echo_ms,83,0.843382
latency,tmux,idle,4,False,0.39,0.41,echo_ms,84,0.98829
latency,tmux,idle,4,False,0.39,0.41,echo_ms,85,1.061715
latency,tmux,idle,4,False,0.39,0.41,echo_ms,86,0.910143
latency,tmux,idle,4,False,0.39,0.41,echo_ms,87,0.861024
latency,tmux,idle,4,False,0.39,0.41,echo_ms,88,0.865615
latency,tmux,idle,4,False,0.39,0.41,echo_ms,89,0.922848
latency,tmux,idle,4,False,0.39,0.41,echo_ms,90,1.003707
latency,tmux,idle,4,False,0.39,0.41,echo_ms,91,0.928169
latency,tmux,idle,4,False,0.39,0.41,echo_ms,92,1.065433
latency,tmux,idle,4,False,0.39,0.41,echo_ms,93,1.026973
latency,tmux,idle,4,False,0.39,0.41,echo_ms,94,0.986059
latency,tmux,idle,4,False,0.39,0.41,echo_ms,95,0.796042
latency,tmux,idle,4,False,0.39,0.41,echo_ms,96,0.855072
latency,tmux,idle,4,False,0.39,0.41,echo_ms,97,0.858425
latency,tmux,idle,4,False,0.39,0.41,echo_ms,98,1.062052
latency,tmux,idle,4,False,0.39,0.41,echo_ms,99,0.913626
latency,tmux,idle,4,False,0.39,0.41,timeouts,,0
latency,herdr,idle,4,False,0.41,0.34,echo_ms,0,2.149152
latency,herdr,idle,4,False,0.41,0.34,echo_ms,1,2.247817
latency,herdr,idle,4,False,0.41,0.34,echo_ms,2,1.848536
latency,herdr,idle,4,False,0.41,0.34,echo_ms,3,2.005855
latency,herdr,idle,4,False,0.41,0.34,echo_ms,4,1.898899
latency,herdr,idle,4,False,0.41,0.34,echo_ms,5,2.058561
latency,herdr,idle,4,False,0.41,0.34,echo_ms,6,2.275879
latency,herdr,idle,4,False,0.41,0.34,echo_ms,7,2.067004
latency,herdr,idle,4,False,0.41,0.34,echo_ms,8,1.923305
latency,herdr,idle,4,False,0.41,0.34,echo_ms,9,2.172963
latency,herdr,idle,4,False,0.41,0.34,echo_ms,10,2.071089
latency,herdr,idle,4,False,0.41,0.34,echo_ms,11,1.566385
latency,herdr,idle,4,False,0.41,0.34,echo_ms,12,2.130755
latency,herdr,idle,4,False,0.41,0.34,echo_ms,13,2.199375
latency,herdr,idle,4,False,0.41,0.34,echo_ms,14,2.279858
latency,herdr,idle,4,False,0.41,0.34,echo_ms,15,2.065398
latency,herdr,idle,4,False,0.41,0.34,echo_ms,16,2.293525
latency,herdr,idle,4,False,0.41,0.34,echo_ms,17,2.243957
latency,herdr,idle,4,False,0.41,0.34,echo_ms,18,1.971826
latency,herdr,idle,4,False,0.41,0.34,echo_ms,19,1.239836
latency,herdr,idle,4,False,0.41,0.34,echo_ms,20,2.150641
latency,herdr,idle,4,False,0.41,0.34,echo_ms,21,2.148814
latency,herdr,idle,4,False,0.41,0.34,echo_ms,22,1.950796
latency,herdr,idle,4,False,0.41,0.34,echo_ms,23,2.14257
latency,herdr,idle,4,False,0.41,0.34,echo_ms,24,2.111161
latency,herdr,idle,4,False,0.41,0.34,echo_ms,25,1.821443
latency,herdr,idle,4,False,0.41,0.34,echo_ms,26,2.287965
latency,herdr,idle,4,False,0.41,0.34,echo_ms,27,2.165705
latency,herdr,idle,4,False,0.41,0.34,echo_ms,28,2.292164
latency,herdr,idle,4,False,0.41,0.34,echo_ms,29,2.172469
latency,herdr,idle,4,False,0.41,0.34,echo_ms,30,2.214913
latency,herdr,idle,4,False,0.41,0.34,echo_ms,31,2.25703
latency,herdr,idle,4,False,0.41,0.34,echo_ms,32,2.157203
latency,herdr,idle,4,False,0.41,0.34,echo_ms,33,2.266265
latency,herdr,idle,4,False,0.41,0.34,echo_ms,34,1.582362
latency,herdr,idle,4,False,0.41,0.34,echo_ms,35,2.087472
latency,herdr,idle,4,False,0.41,0.34,echo_ms,36,2.151983
latency,herdr,idle,4,False,0.41,0.34,echo_ms,37,2.127456
latency,herdr,idle,4,False,0.41,0.34,echo_ms,38,2.281539
latency,herdr,idle,4,False,0.41,0.34,echo_ms,39,1.324287
latency,herdr,idle,4,False,0.41,0.34,echo_ms,40,1.689473
latency,herdr,idle,4,False,0.41,0.34,echo_ms,41,2.277313
latency,herdr,idle,4,False,0.41,0.34,echo_ms,42,1.239594
latency,herdr,idle,4,False,0.41,0.34,echo_ms,43,2.020139
latency,herdr,idle,4,False,0.41,0.34,echo_ms,44,1.928351
latency,herdr,idle,4,False,0.41,0.34,echo_ms,45,2.159395
latency,herdr,idle,4,False,0.41,0.34,echo_ms,46,2.192347
latency,herdr,idle,4,False,0.41,0.34,echo_ms,47,2.016339
latency,herdr,idle,4,False,0.41,0.34,echo_ms,48,2.199909
latency,herdr,idle,4,False,0.41,0.34,echo_ms,49,0.792084
latency,herdr,idle,4,False,0.41,0.34,echo_ms,50,2.243537
latency,herdr,idle,4,False,0.41,0.34,echo_ms,51,1.953048
latency,herdr,idle,4,False,0.41,0.34,echo_ms,52,2.23017
latency,herdr,idle,4,False,0.41,0.34,echo_ms,53,2.322674
latency,herdr,idle,4,False,0.41,0.34,echo_ms,54,2.034052
latency,herdr,idle,4,False,0.41,0.34,echo_ms,55,1.693904
latency,herdr,idle,4,False,0.41,0.34,echo_ms,56,1.538076
latency,herdr,idle,4,False,0.41,0.34,echo_ms,57,1.983548
latency,herdr,idle,4,False,0.41,0.34,echo_ms,58,2.140459
latency,herdr,idle,4,False,0.41,0.34,echo_ms,59,2.224053
latency,herdr,idle,4,False,0.41,0.34,echo_ms,60,1.964045
latency,herdr,idle,4,False,0.41,0.34,echo_ms,61,1.567304
latency,herdr,idle,4,False,0.41,0.34,echo_ms,62,2.186533
latency,herdr,idle,4,False,0.41,0.34,echo_ms,63,2.247119
latency,herdr,idle,4,False,0.41,0.34,echo_ms,64,2.204982
latency,herdr,idle,4,False,0.41,0.34,echo_ms,65,2.074382
latency,herdr,idle,4,False,0.41,0.34,echo_ms,66,2.197057
latency,herdr,idle,4,False,0.41,0.34,echo_ms,67,2.011466
latency,herdr,idle,4,False,0.41,0.34,echo_ms,68,2.236901
latency,herdr,idle,4,False,0.41,0.34,echo_ms,69,2.14615
latency,herdr,idle,4,False,0.41,0.34,echo_ms,70,2.020061
latency,herdr,idle,4,False,0.41,0.34,echo_ms,71,2.156033
latency,herdr,idle,4,False,0.41,0.34,echo_ms,72,2.108558
latency,herdr,idle,4,False,0.41,0.34,echo_ms,73,1.977407
latency,herdr,idle,4,False,0.41,0.34,echo_ms,74,2.220474
latency,herdr,idle,4,False,0.41,0.34,echo_ms,75,2.119716
latency,herdr,idle,4,False,0.41,0.34,echo_ms,76,2.300162
latency,herdr,idle,4,False,0.41,0.34,echo_ms,77,0.930454
latency,herdr,idle,4,False,0.41,0.34,echo_ms,78,2.021051
latency,herdr,idle,4,False,0.41,0.34,echo_ms,79,2.005765
latency,herdr,idle,4,False,0.41,0.34,echo_ms,80,2.151611
latency,herdr,idle,4,False,0.41,0.34,echo_ms,81,2.25663
latency,herdr,idle,4,False,0.41,0.34,echo_ms,82,2.19408
latency,herdr,idle,4,False,0.41,0.34,echo_ms,83,2.130529
latency,herdr,idle,4,False,0.41,0.34,echo_ms,84,2.314358
latency,herdr,idle,4,False,0.41,0.34,echo_ms,85,2.15516
latency,herdr,idle,4,False,0.41,0.34,echo_ms,86,2.275444
latency,herdr,idle,4,False,0.41,0.34,echo_ms,87,1.938318
latency,herdr,idle,4,False,0.41,0.34,echo_ms,88,2.015482
latency,herdr,idle,4,False,0.41,0.34,echo_ms,89,2.19859
latency,herdr,idle,4,False,0.41,0.34,echo_ms,90,2.256548
latency,herdr,idle,4,False,0.41,0.34,echo_ms,91,2.31893
latency,herdr,idle,4,False,0.41,0.34,echo_ms,92,2.238223
latency,herdr,idle,4,False,0.41,0.34,echo_ms,93,1.678815
latency,herdr,idle,4,False,0.41,0.34,echo_ms,94,2.112317
latency,herdr,idle,4,False,0.41,0.34,echo_ms,95,2.883418
latency,herdr,idle,4,False,0.41,0.34,echo_ms,96,2.026103
latency,herdr,idle,4,False,0.41,0.34,echo_ms,97,2.208708
latency,herdr,idle,4,False,0.41,0.34,echo_ms,98,2.119222
latency,herdr,idle,4,False,0.41,0.34,echo_ms,99,2.255418
latency,herdr,idle,4,False,0.41,0.34,timeouts,,0
latency,thurbox,idle,4,False,0.34,0.29,echo_ms,0,3.009436
latency,thurbox,idle,4,False,0.34,0.29,echo_ms,1,47.74384
latency,thurbox,idle,4,False,0.34,0.29,echo_ms,2,47.044836
latency,thurbox,idle,4,False,0.34,0.29,echo_ms,3,45.392803
latency,thurbox,idle,4,False,0.34,0.29,echo_ms,4,45.609799
latency,thurbox,idle,4,False,0.34,0.29,echo_ms,5,25.586497
latency,thurbox,idle,4,False,0.34,0.29,echo_ms,6,23.834094
latency,thurbox,idle,4,False,0.34,0.29,echo_ms,7,47.147721
latency,thurbox,idle,4,False,0.34,0.29,echo_ms,8,4.065629
latency,thurbox,idle,4,False,0.34,0.29,echo_ms,9,48.547422
latency,thurbox,idle,4,False,0.34,0.29,echo_ms,10,13.487176
latency,thurbox,idle,4,False,0.34,0.29,echo_ms,11,23.641751
latency,thurbox,idle,4,False,0.34,0.29,echo_ms,12,26.764908
latency,thurbox,idle,4,False,0.34,0.29,echo_ms,13,14.497022
latency,thurbox,idle,4,False,0.34,0.29,echo_ms,14,48.194381
latency,thurbox,idle,4,False,0.34,0.29,echo_ms,15,11.324062
latency,thurbox,idle,4,False,0.34,0.29,echo_ms,16,3.978114
latency,thurbox,idle,4,False,0.34,0.29,echo_ms,17,47.597536
latency,thurbox,idle,4,False,0.34,0.29,echo_ms,18,46.525767
latency,thurbox,idle,4,False,0.34,0.29,echo_ms,19,47.834559
latency,thurbox,idle,4,False,0.34,0.29,echo_ms,20,46.531122
latency,thurbox,idle,4,False,0.34,0.29,echo_ms,21,26.536053
latency,thurbox,idle,4,False,0.34,0.29,echo_ms,22,47.613232
latency,thurbox,idle,4,False,0.34,0.29,echo_ms,23,13.485222
latency,thurbox,idle,4,False,0.34,0.29,echo_ms,24,47.276708
latency,thurbox,idle,4,False,0.34,0.29,echo_ms,25,2.198854
latency,thurbox,idle,4,False,0.34,0.29,echo_ms,26,47.913462
latency,thurbox,idle,4,False,0.34,0.29,echo_ms,27,15.148464
latency,thurbox,idle,4,False,0.34,0.29,echo_ms,28,4.140619
latency,thurbox,idle,4,False,0.34,0.29,echo_ms,29,47.647142
latency,thurbox,idle,4,False,0.34,0.29,echo_ms,30,46.878564
latency,thurbox,idle,4,False,0.34,0.29,echo_ms,31,23.939024
latency,thurbox,idle,4,False,0.34,0.29,echo_ms,32,13.582607
latency,thurbox,idle,4,False,0.34,0.29,echo_ms,33,47.238305
latency,thurbox,idle,4,False,0.34,0.29,echo_ms,34,23.651251
latency,thurbox,idle,4,False,0.34,0.29,echo_ms,35,47.664062
latency,thurbox,idle,4,False,0.34,0.29,echo_ms,36,47.091613
latency,thurbox,idle,4,False,0.34,0.29,echo_ms,37,4.053468
latency,thurbox,idle,4,False,0.34,0.29,echo_ms,38,48.023829
latency,thurbox,idle,4,False,0.34,0.29,echo_ms,39,13.50735
latency,thurbox,idle,4,False,0.34,0.29,echo_ms,40,13.457637
latency,thurbox,idle,4,False,0.34,0.29,echo_ms,41,47.219936
latency,thurbox,idle,4,False,0.34,0.29,echo_ms,42,46.563038
latency,thurbox,idle,4,False,0.34,0.29,echo_ms,43,49.462009
latency,thurbox,idle,4,False,0.34,0.29,echo_ms,44,3.050495
latency,thurbox,idle,4,False,0.34,0.29,echo_ms,45,23.728807
latency,thurbox,idle,4,False,0.34,0.29,echo_ms,46,24.877497
latency,thurbox,idle,4,False,0.34,0.29,echo_ms,47,13.500941
latency,thurbox,idle,4,False,0.34,0.29,echo_ms,48,4.023352
latency,thurbox,idle,4,False,0.34,0.29,echo_ms,49,4.650989
latency,thurbox,idle,4,False,0.34,0.29,echo_ms,50,47.492454
latency,thurbox,idle,4,False,0.34,0.29,echo_ms,51,4.438534
latency,thurbox,idle,4,False,0.34,0.29,echo_ms,52,3.875985
latency,thurbox,idle,4,False,0.34,0.29,echo_ms,53,49.589637
latency,thurbox,idle,4,False,0.34,0.29,echo_ms,54,44.332937
latency,thurbox,idle,4,False,0.34,0.29,echo_ms,55,47.619688
latency,thurbox,idle,4,False,0.34,0.29,echo_ms,56,23.737489
latency,thurbox,idle,4,False,0.34,0.29,echo_ms,57,4.382857
latency,thurbox,idle,4,False,0.34,0.29,echo_ms,58,49.870972
latency,thurbox,idle,4,False,0.34,0.29,echo_ms,59,46.738535
latency,thurbox,idle,4,False,0.34,0.29,echo_ms,60,2.876758
latency,thurbox,idle,4,False,0.34,0.29,echo_ms,61,13.218103
latency,thurbox,idle,4,False,0.34,0.29,echo_ms,62,46.607084
latency,thurbox,idle,4,False,0.34,0.29,echo_ms,63,47.807002
latency,thurbox,idle,4,False,0.34,0.29,echo_ms,64,4.39065
latency,thurbox,idle,4,False,0.34,0.29,echo_ms,65,23.815177
latency,thurbox,idle,4,False,0.34,0.29,echo_ms,66,24.818962
latency,thurbox,idle,4,False,0.34,0.29,echo_ms,67,3.298324
latency,thurbox,idle,4,False,0.34,0.29,echo_ms,68,3.948787
latency,thurbox,idle,4,False,0.34,0.29,echo_ms,69,47.159139
latency,thurbox,idle,4,False,0.34,0.29,echo_ms,70,47.122778
latency,thurbox,idle,4,False,0.34,0.29,echo_ms,71,3.878786
latency,thurbox,idle,4,False,0.34,0.29,echo_ms,72,48.831948
latency,thurbox,idle,4,False,0.34,0.29,echo_ms,73,13.955715
latency,thurbox,idle,4,False,0.34,0.29,echo_ms,74,4.058665
latency,thurbox,idle,4,False,0.34,0.29,echo_ms,75,47.414772
latency,thurbox,idle,4,False,0.34,0.29,echo_ms,76,15.030727
latency,thurbox,idle,4,False,0.34,0.29,echo_ms,77,3.906653
latency,thurbox,idle,4,False,0.34,0.29,echo_ms,78,3.03863
latency,thurbox,idle,4,False,0.34,0.29,echo_ms,79,23.770465
latency,thurbox,idle,4,False,0.34,0.29,echo_ms,80,13.509882
latency,thurbox,idle,4,False,0.34,0.29,echo_ms,81,47.760684
latency,thurbox,idle,4,False,0.34,0.29,echo_ms,82,46.729465
latency,thurbox,idle,4,False,0.34,0.29,echo_ms,83,3.943057
latency,thurbox,idle,4,False,0.34,0.29,echo_ms,84,1.791881
latency,thurbox,idle,4,False,0.34,0.29,echo_ms,85,4.100377
latency,thurbox,idle,4,False,0.34,0.29,echo_ms,86,49.468036
latency,thurbox,idle,4,False,0.34,0.29,echo_ms,87,23.867595
latency,thurbox,idle,4,False,0.34,0.29,echo_ms,88,4.001137
latency,thurbox,idle,4,False,0.34,0.29,echo_ms,89,27.612914
latency,thurbox,idle,4,False,0.34,0.29,echo_ms,90,46.499438
latency,thurbox,idle,4,False,0.34,0.29,echo_ms,91,3.9796
latency,thurbox,idle,4,False,0.34,0.29,echo_ms,92,47.751097
latency,thurbox,idle,4,False,0.34,0.29,echo_ms,93,46.661117
latency,thurbox,idle,4,False,0.34,0.29,echo_ms,94,3.968742
latency,thurbox,idle,4,False,0.34,0.29,echo_ms,95,47.765759
latency,thurbox,idle,4,False,0.34,0.29,echo_ms,96,3.307735
latency,thurbox,idle,4,False,0.34,0.29,echo_ms,97,45.306812
latency,thurbox,idle,4,False,0.34,0.29,echo_ms,98,13.403206
latency,thurbox,idle,4,False,0.34,0.29,echo_ms,99,4.875666
latency,thurbox,idle,4,False,0.34,0.29,timeouts,,0
latency,tmux,idle,5,False,0.29,0.25,echo_ms,0,0.615554
latency,tmux,idle,5,False,0.29,0.25,echo_ms,1,0.955287
latency,tmux,idle,5,False,0.29,0.25,echo_ms,2,1.00369
latency,tmux,idle,5,False,0.29,0.25,echo_ms,3,0.935953
latency,tmux,idle,5,False,0.29,0.25,echo_ms,4,0.925122
latency,tmux,idle,5,False,0.29,0.25,echo_ms,5,0.899614
latency,tmux,idle,5,False,0.29,0.25,echo_ms,6,0.990396
latency,tmux,idle,5,False,0.29,0.25,echo_ms,7,1.050247
latency,tmux,idle,5,False,0.29,0.25,echo_ms,8,0.926285
latency,tmux,idle,5,False,0.29,0.25,echo_ms,9,1.021385
latency,tmux,idle,5,False,0.29,0.25,echo_ms,10,0.384372
latency,tmux,idle,5,False,0.29,0.25,echo_ms,11,0.926238
latency,tmux,idle,5,False,0.29,0.25,echo_ms,12,0.62347
latency,tmux,idle,5,False,0.29,0.25,echo_ms,13,1.067543
latency,tmux,idle,5,False,0.29,0.25,echo_ms,14,0.907775
latency,tmux,idle,5,False,0.29,0.25,echo_ms,15,0.808617
latency,tmux,idle,5,False,0.29,0.25,echo_ms,16,0.921192
latency,tmux,idle,5,False,0.29,0.25,echo_ms,17,0.928383
latency,tmux,idle,5,False,0.29,0.25,echo_ms,18,1.04887
latency,tmux,idle,5,False,0.29,0.25,echo_ms,19,1.019062
latency,tmux,idle,5,False,0.29,0.25,echo_ms,20,0.879414
latency,tmux,idle,5,False,0.29,0.25,echo_ms,21,1.059572
latency,tmux,idle,5,False,0.29,0.25,echo_ms,22,0.974226
latency,tmux,idle,5,False,0.29,0.25,echo_ms,23,0.99417
latency,tmux,idle,5,False,0.29,0.25,echo_ms,24,1.068704
latency,tmux,idle,5,False,0.29,0.25,echo_ms,25,0.963239
latency,tmux,idle,5,False,0.29,0.25,echo_ms,26,0.917855
latency,tmux,idle,5,False,0.29,0.25,echo_ms,27,0.937795
latency,tmux,idle,5,False,0.29,0.25,echo_ms,28,1.030609
latency,tmux,idle,5,False,0.29,0.25,echo_ms,29,0.975855
latency,tmux,idle,5,False,0.29,0.25,echo_ms,30,0.990588
latency,tmux,idle,5,False,0.29,0.25,echo_ms,31,0.924278
latency,tmux,idle,5,False,0.29,0.25,echo_ms,32,0.92755
latency,tmux,idle,5,False,0.29,0.25,echo_ms,33,0.795455
latency,tmux,idle,5,False,0.29,0.25,echo_ms,34,0.906774
latency,tmux,idle,5,False,0.29,0.25,echo_ms,35,0.88786
latency,tmux,idle,5,False,0.29,0.25,echo_ms,36,1.0782
latency,tmux,idle,5,False,0.29,0.25,echo_ms,37,0.698202
latency,tmux,idle,5,False,0.29,0.25,echo_ms,38,0.981589
latency,tmux,idle,5,False,0.29,0.25,echo_ms,39,0.943789
latency,tmux,idle,5,False,0.29,0.25,echo_ms,40,0.920274
latency,tmux,idle,5,False,0.29,0.25,echo_ms,41,0.930542
latency,tmux,idle,5,False,0.29,0.25,echo_ms,42,1.003549
latency,tmux,idle,5,False,0.29,0.25,echo_ms,43,1.06784
latency,tmux,idle,5,False,0.29,0.25,echo_ms,44,0.904851
latency,tmux,idle,5,False,0.29,0.25,echo_ms,45,0.939863
latency,tmux,idle,5,False,0.29,0.25,echo_ms,46,1.015819
latency,tmux,idle,5,False,0.29,0.25,echo_ms,47,0.889802
latency,tmux,idle,5,False,0.29,0.25,echo_ms,48,0.929556
latency,tmux,idle,5,False,0.29,0.25,echo_ms,49,0.919552
latency,tmux,idle,5,False,0.29,0.25,echo_ms,50,1.020966
latency,tmux,idle,5,False,0.29,0.25,echo_ms,51,0.926395
latency,tmux,idle,5,False,0.29,0.25,echo_ms,52,1.060856
latency,tmux,idle,5,False,0.29,0.25,echo_ms,53,1.03057
latency,tmux,idle,5,False,0.29,0.25,echo_ms,54,0.90996
latency,tmux,idle,5,False,0.29,0.25,echo_ms,55,0.909986
latency,tmux,idle,5,False,0.29,0.25,echo_ms,56,0.995349
latency,tmux,idle,5,False,0.29,0.25,echo_ms,57,0.918699
latency,tmux,idle,5,False,0.29,0.25,echo_ms,58,0.935002
latency,tmux,idle,5,False,0.29,0.25,echo_ms,59,0.926762
latency,tmux,idle,5,False,0.29,0.25,echo_ms,60,0.930963
latency,tmux,idle,5,False,0.29,0.25,echo_ms,61,0.923524
latency,tmux,idle,5,False,0.29,0.25,echo_ms,62,1.053964
latency,tmux,idle,5,False,0.29,0.25,echo_ms,63,0.927569
latency,tmux,idle,5,False,0.29,0.25,echo_ms,64,1.025742
latency,tmux,idle,5,False,0.29,0.25,echo_ms,65,1.028426
latency,tmux,idle,5,False,0.29,0.25,echo_ms,66,0.947318
latency,tmux,idle,5,False,0.29,0.25,echo_ms,67,0.534216
latency,tmux,idle,5,False,0.29,0.25,echo_ms,68,0.93506
latency,tmux,idle,5,False,0.29,0.25,echo_ms,69,0.981086
latency,tmux,idle,5,False,0.29,0.25,echo_ms,70,1.024188
latency,tmux,idle,5,False,0.29,0.25,echo_ms,71,0.938663
latency,tmux,idle,5,False,0.29,0.25,echo_ms,72,1.02323
latency,tmux,idle,5,False,0.29,0.25,echo_ms,73,1.065675
latency,tmux,idle,5,False,0.29,0.25,echo_ms,74,0.722237
latency,tmux,idle,5,False,0.29,0.25,echo_ms,75,0.93258
latency,tmux,idle,5,False,0.29,0.25,echo_ms,76,1.070443
latency,tmux,idle,5,False,0.29,0.25,echo_ms,77,0.932552
latency,tmux,idle,5,False,0.29,0.25,echo_ms,78,0.925167
latency,tmux,idle,5,False,0.29,0.25,echo_ms,79,0.930757
latency,tmux,idle,5,False,0.29,0.25,echo_ms,80,0.797333
latency,tmux,idle,5,False,0.29,0.25,echo_ms,81,0.938977
latency,tmux,idle,5,False,0.29,0.25,echo_ms,82,0.934048
latency,tmux,idle,5,False,0.29,0.25,echo_ms,83,0.825005
latency,tmux,idle,5,False,0.29,0.25,echo_ms,84,0.764701
latency,tmux,idle,5,False,0.29,0.25,echo_ms,85,1.03035
latency,tmux,idle,5,False,0.29,0.25,echo_ms,86,1.041454
latency,tmux,idle,5,False,0.29,0.25,echo_ms,87,0.916113
latency,tmux,idle,5,False,0.29,0.25,echo_ms,88,0.932402
latency,tmux,idle,5,False,0.29,0.25,echo_ms,89,1.021727
latency,tmux,idle,5,False,0.29,0.25,echo_ms,90,0.910068
latency,tmux,idle,5,False,0.29,0.25,echo_ms,91,0.722874
latency,tmux,idle,5,False,0.29,0.25,echo_ms,92,0.447846
latency,tmux,idle,5,False,0.29,0.25,echo_ms,93,0.747876
latency,tmux,idle,5,False,0.29,0.25,echo_ms,94,1.058484
latency,tmux,idle,5,False,0.29,0.25,echo_ms,95,0.964809
latency,tmux,idle,5,False,0.29,0.25,echo_ms,96,0.960429
latency,tmux,idle,5,False,0.29,0.25,echo_ms,97,0.775574
latency,tmux,idle,5,False,0.29,0.25,echo_ms,98,0.864763
latency,tmux,idle,5,False,0.29,0.25,echo_ms,99,0.860665
latency,tmux,idle,5,False,0.29,0.25,timeouts,,0
latency,herdr,idle,5,False,0.25,0.21,echo_ms,0,2.032497
latency,herdr,idle,5,False,0.25,0.21,echo_ms,1,2.007942
latency,herdr,idle,5,False,0.25,0.21,echo_ms,2,1.953314
latency,herdr,idle,5,False,0.25,0.21,echo_ms,3,2.037296
latency,herdr,idle,5,False,0.25,0.21,echo_ms,4,1.963122
latency,herdr,idle,5,False,0.25,0.21,echo_ms,5,2.025626
latency,herdr,idle,5,False,0.25,0.21,echo_ms,6,2.000552
latency,herdr,idle,5,False,0.25,0.21,echo_ms,7,2.057797
latency,herdr,idle,5,False,0.25,0.21,echo_ms,8,2.277545
latency,herdr,idle,5,False,0.25,0.21,echo_ms,9,2.02658
latency,herdr,idle,5,False,0.25,0.21,echo_ms,10,1.995406
latency,herdr,idle,5,False,0.25,0.21,echo_ms,11,2.127428
latency,herdr,idle,5,False,0.25,0.21,echo_ms,12,2.182092
latency,herdr,idle,5,False,0.25,0.21,echo_ms,13,2.236202
latency,herdr,idle,5,False,0.25,0.21,echo_ms,14,2.015263
latency,herdr,idle,5,False,0.25,0.21,echo_ms,15,2.151482
latency,herdr,idle,5,False,0.25,0.21,echo_ms,16,1.964426
latency,herdr,idle,5,False,0.25,0.21,echo_ms,17,1.015248
latency,herdr,idle,5,False,0.25,0.21,echo_ms,18,1.989707
latency,herdr,idle,5,False,0.25,0.21,echo_ms,19,2.174949
latency,herdr,idle,5,False,0.25,0.21,echo_ms,20,2.254688
latency,herdr,idle,5,False,0.25,0.21,echo_ms,21,2.193517
latency,herdr,idle,5,False,0.25,0.21,echo_ms,22,2.334189
latency,herdr,idle,5,False,0.25,0.21,echo_ms,23,1.957693
latency,herdr,idle,5,False,0.25,0.21,echo_ms,24,2.235788
latency,herdr,idle,5,False,0.25,0.21,echo_ms,25,2.123342
latency,herdr,idle,5,False,0.25,0.21,echo_ms,26,2.23766
latency,herdr,idle,5,False,0.25,0.21,echo_ms,27,1.268056
latency,herdr,idle,5,False,0.25,0.21,echo_ms,28,2.08005
latency,herdr,idle,5,False,0.25,0.21,echo_ms,29,2.08861
latency,herdr,idle,5,False,0.25,0.21,echo_ms,30,1.995431
latency,herdr,idle,5,False,0.25,0.21,echo_ms,31,2.145527
latency,herdr,idle,5,False,0.25,0.21,echo_ms,32,1.761674
latency,herdr,idle,5,False,0.25,0.21,echo_ms,33,1.59808
latency,herdr,idle,5,False,0.25,0.21,echo_ms,34,1.592435
latency,herdr,idle,5,False,0.25,0.21,echo_ms,35,2.200469
latency,herdr,idle,5,False,0.25,0.21,echo_ms,36,2.004212
latency,herdr,idle,5,False,0.25,0.21,echo_ms,37,2.293787
latency,herdr,idle,5,False,0.25,0.21,echo_ms,38,2.237901
latency,herdr,idle,5,False,0.25,0.21,echo_ms,39,1.994325
latency,herdr,idle,5,False,0.25,0.21,echo_ms,40,2.078834
latency,herdr,idle,5,False,0.25,0.21,echo_ms,41,2.190822
latency,herdr,idle,5,False,0.25,0.21,echo_ms,42,2.089361
latency,herdr,idle,5,False,0.25,0.21,echo_ms,43,2.035157
latency,herdr,idle,5,False,0.25,0.21,echo_ms,44,2.057633
latency,herdr,idle,5,False,0.25,0.21,echo_ms,45,2.070053
latency,herdr,idle,5,False,0.25,0.21,echo_ms,46,1.339228
latency,herdr,idle,5,False,0.25,0.21,echo_ms,47,2.014303
latency,herdr,idle,5,False,0.25,0.21,echo_ms,48,2.037958
latency,herdr,idle,5,False,0.25,0.21,echo_ms,49,2.103379
latency,herdr,idle,5,False,0.25,0.21,echo_ms,50,2.122188
latency,herdr,idle,5,False,0.25,0.21,echo_ms,51,2.291502
latency,herdr,idle,5,False,0.25,0.21,echo_ms,52,2.011754
latency,herdr,idle,5,False,0.25,0.21,echo_ms,53,1.980266
latency,herdr,idle,5,False,0.25,0.21,echo_ms,54,2.049958
latency,herdr,idle,5,False,0.25,0.21,echo_ms,55,2.022336
latency,herdr,idle,5,False,0.25,0.21,echo_ms,56,2.330813
latency,herdr,idle,5,False,0.25,0.21,echo_ms,57,1.99407
latency,herdr,idle,5,False,0.25,0.21,echo_ms,58,2.022889
latency,herdr,idle,5,False,0.25,0.21,echo_ms,59,1.708938
latency,herdr,idle,5,False,0.25,0.21,echo_ms,60,2.12002
latency,herdr,idle,5,False,0.25,0.21,echo_ms,61,1.495302
latency,herdr,idle,5,False,0.25,0.21,echo_ms,62,2.10321
latency,herdr,idle,5,False,0.25,0.21,echo_ms,63,1.992724
latency,herdr,idle,5,False,0.25,0.21,echo_ms,64,2.007237
latency,herdr,idle,5,False,0.25,0.21,echo_ms,65,2.026634
latency,herdr,idle,5,False,0.25,0.21,echo_ms,66,2.007977
latency,herdr,idle,5,False,0.25,0.21,echo_ms,67,2.268518
latency,herdr,idle,5,False,0.25,0.21,echo_ms,68,1.9733
latency,herdr,idle,5,False,0.25,0.21,echo_ms,69,2.251764
latency,herdr,idle,5,False,0.25,0.21,echo_ms,70,0.951869
latency,herdr,idle,5,False,0.25,0.21,echo_ms,71,2.179681
latency,herdr,idle,5,False,0.25,0.21,echo_ms,72,1.891743
latency,herdr,idle,5,False,0.25,0.21,echo_ms,73,0.888718
latency,herdr,idle,5,False,0.25,0.21,echo_ms,74,2.092463
latency,herdr,idle,5,False,0.25,0.21,echo_ms,75,2.134332
latency,herdr,idle,5,False,0.25,0.21,echo_ms,76,2.165026
latency,herdr,idle,5,False,0.25,0.21,echo_ms,77,2.123094
latency,herdr,idle,5,False,0.25,0.21,echo_ms,78,1.749863
latency,herdr,idle,5,False,0.25,0.21,echo_ms,79,2.268751
latency,herdr,idle,5,False,0.25,0.21,echo_ms,80,1.700815
latency,herdr,idle,5,False,0.25,0.21,echo_ms,81,1.299846
latency,herdr,idle,5,False,0.25,0.21,echo_ms,82,1.486226
latency,herdr,idle,5,False,0.25,0.21,echo_ms,83,1.714521
latency,herdr,idle,5,False,0.25,0.21,echo_ms,84,2.118284
latency,herdr,idle,5,False,0.25,0.21,echo_ms,85,2.108023
latency,herdr,idle,5,False,0.25,0.21,echo_ms,86,1.979246
latency,herdr,idle,5,False,0.25,0.21,echo_ms,87,2.181304
latency,herdr,idle,5,False,0.25,0.21,echo_ms,88,2.082975
latency,herdr,idle,5,False,0.25,0.21,echo_ms,89,2.128263
latency,herdr,idle,5,False,0.25,0.21,echo_ms,90,2.291344
latency,herdr,idle,5,False,0.25,0.21,echo_ms,91,2.316193
latency,herdr,idle,5,False,0.25,0.21,echo_ms,92,2.228147
latency,herdr,idle,5,False,0.25,0.21,echo_ms,93,2.387574
latency,herdr,idle,5,False,0.25,0.21,echo_ms,94,2.280266
latency,herdr,idle,5,False,0.25,0.21,echo_ms,95,2.278253
latency,herdr,idle,5,False,0.25,0.21,echo_ms,96,2.259892
latency,herdr,idle,5,False,0.25,0.21,echo_ms,97,2.335565
latency,herdr,idle,5,False,0.25,0.21,echo_ms,98,1.82386
latency,herdr,idle,5,False,0.25,0.21,echo_ms,99,2.247792
latency,herdr,idle,5,False,0.25,0.21,timeouts,,0
latency,thurbox,idle,5,False,0.21,0.17,echo_ms,0,47.821167
latency,thurbox,idle,5,False,0.21,0.17,echo_ms,1,14.948788
latency,thurbox,idle,5,False,0.21,0.17,echo_ms,2,48.53367
latency,thurbox,idle,5,False,0.21,0.17,echo_ms,3,23.645064
latency,thurbox,idle,5,False,0.21,0.17,echo_ms,4,4.054913
latency,thurbox,idle,5,False,0.21,0.17,echo_ms,5,47.774645
latency,thurbox,idle,5,False,0.21,0.17,echo_ms,6,46.77088
latency,thurbox,idle,5,False,0.21,0.17,echo_ms,7,47.631278
latency,thurbox,idle,5,False,0.21,0.17,echo_ms,8,23.653118
latency,thurbox,idle,5,False,0.21,0.17,echo_ms,9,23.66142
latency,thurbox,idle,5,False,0.21,0.17,echo_ms,10,13.507312
latency,thurbox,idle,5,False,0.21,0.17,echo_ms,11,46.675104
latency,thurbox,idle,5,False,0.21,0.17,echo_ms,12,13.486484
latency,thurbox,idle,5,False,0.21,0.17,echo_ms,13,13.526077
latency,thurbox,idle,5,False,0.21,0.17,echo_ms,14,46.908159
latency,thurbox,idle,5,False,0.21,0.17,echo_ms,15,4.094858
latency,thurbox,idle,5,False,0.21,0.17,echo_ms,16,47.968837
latency,thurbox,idle,5,False,0.21,0.17,echo_ms,17,13.357274
latency,thurbox,idle,5,False,0.21,0.17,echo_ms,18,14.479418
latency,thurbox,idle,5,False,0.21,0.17,echo_ms,19,46.923235
latency,thurbox,idle,5,False,0.21,0.17,echo_ms,20,4.332905
latency,thurbox,idle,5,False,0.21,0.17,echo_ms,21,47.439336
latency,thurbox,idle,5,False,0.21,0.17,echo_ms,22,46.793451
latency,thurbox,idle,5,False,0.21,0.17,echo_ms,23,4.363939
latency,thurbox,idle,5,False,0.21,0.17,echo_ms,24,45.675676
latency,thurbox,idle,5,False,0.21,0.17,echo_ms,25,46.781471
latency,thurbox,idle,5,False,0.21,0.17,echo_ms,26,4.050557
latency,thurbox,idle,5,False,0.21,0.17,echo_ms,27,49.353614
latency,thurbox,idle,5,False,0.21,0.17,echo_ms,28,46.746619
latency,thurbox,idle,5,False,0.21,0.17,echo_ms,29,4.721973
latency,thurbox,idle,5,False,0.21,0.17,echo_ms,30,47.694584
latency,thurbox,idle,5,False,0.21,0.17,echo_ms,31,46.525885
latency,thurbox,idle,5,False,0.21,0.17,echo_ms,32,4.022801
latency,thurbox,idle,5,False,0.21,0.17,echo_ms,33,46.120442
latency,thurbox,idle,5,False,0.21,0.17,echo_ms,34,13.474018
latency,thurbox,idle,5,False,0.21,0.17,echo_ms,35,13.281843
latency,thurbox,idle,5,False,0.21,0.17,echo_ms,36,48.190092
latency,thurbox,idle,5,False,0.21,0.17,echo_ms,37,45.385624
latency,thurbox,idle,5,False,0.21,0.17,echo_ms,38,25.682268
latency,thurbox,idle,5,False,0.21,0.17,echo_ms,39,48.254844
latency,thurbox,idle,5,False,0.21,0.17,echo_ms,40,46.63886
latency,thurbox,idle,5,False,0.21,0.17,echo_ms,41,4.046891
latency,thurbox,idle,5,False,0.21,0.17,echo_ms,42,48.026034
latency,thurbox,idle,5,False,0.21,0.17,echo_ms,43,13.586729
latency,thurbox,idle,5,False,0.21,0.17,echo_ms,44,5.513395
latency,thurbox,idle,5,False,0.21,0.17,echo_ms,45,48.374105
latency,thurbox,idle,5,False,0.21,0.17,echo_ms,46,46.504273
latency,thurbox,idle,5,False,0.21,0.17,echo_ms,47,14.486609
latency,thurbox,idle,5,False,0.21,0.17,echo_ms,48,47.856973
latency,thurbox,idle,5,False,0.21,0.17,echo_ms,49,47.155845
latency,thurbox,idle,5,False,0.21,0.17,echo_ms,50,26.621175
latency,thurbox,idle,5,False,0.21,0.17,echo_ms,51,13.214269
latency,thurbox,idle,5,False,0.21,0.17,echo_ms,52,46.947288
latency,thurbox,idle,5,False,0.21,0.17,echo_ms,53,45.760937
latency,thurbox,idle,5,False,0.21,0.17,echo_ms,54,23.470173
latency,thurbox,idle,5,False,0.21,0.17,echo_ms,55,45.21316
latency,thurbox,idle,5,False,0.21,0.17,echo_ms,56,47.965901
latency,thurbox,idle,5,False,0.21,0.17,echo_ms,57,46.401588
latency,thurbox,idle,5,False,0.21,0.17,echo_ms,58,5.759978
latency,thurbox,idle,5,False,0.21,0.17,echo_ms,59,47.929061
latency,thurbox,idle,5,False,0.21,0.17,echo_ms,60,46.614645
latency,thurbox,idle,5,False,0.21,0.17,echo_ms,61,24.02717
latency,thurbox,idle,5,False,0.21,0.17,echo_ms,62,13.499994
latency,thurbox,idle,5,False,0.21,0.17,echo_ms,63,13.864747
latency,thurbox,idle,5,False,0.21,0.17,echo_ms,64,46.944373
latency,thurbox,idle,5,False,0.21,0.17,echo_ms,65,23.918643
latency,thurbox,idle,5,False,0.21,0.17,echo_ms,66,44.993523
latency,thurbox,idle,5,False,0.21,0.17,echo_ms,67,4.001811
latency,thurbox,idle,5,False,0.21,0.17,echo_ms,68,45.210178
latency,thurbox,idle,5,False,0.21,0.17,echo_ms,69,3.385214
latency,thurbox,idle,5,False,0.21,0.17,echo_ms,70,3.973253
latency,thurbox,idle,5,False,0.21,0.17,echo_ms,71,13.45786
latency,thurbox,idle,5,False,0.21,0.17,echo_ms,72,14.518451
latency,thurbox,idle,5,False,0.21,0.17,echo_ms,73,47.717716
latency,thurbox,idle,5,False,0.21,0.17,echo_ms,74,12.256944
latency,thurbox,idle,5,False,0.21,0.17,echo_ms,75,4.066859
latency,thurbox,idle,5,False,0.21,0.17,echo_ms,76,13.497912
latency,thurbox,idle,5,False,0.21,0.17,echo_ms,77,25.596881
latency,thurbox,idle,5,False,0.21,0.17,echo_ms,78,4.591763
latency,thurbox,idle,5,False,0.21,0.17,echo_ms,79,47.727598
latency,thurbox,idle,5,False,0.21,0.17,echo_ms,80,46.552771
latency,thurbox,idle,5,False,0.21,0.17,echo_ms,81,13.516353
latency,thurbox,idle,5,False,0.21,0.17,echo_ms,82,47.909529
latency,thurbox,idle,5,False,0.21,0.17,echo_ms,83,45.011505
latency,thurbox,idle,5,False,0.21,0.17,echo_ms,84,14.302037
latency,thurbox,idle,5,False,0.21,0.17,echo_ms,85,47.402697
latency,thurbox,idle,5,False,0.21,0.17,echo_ms,86,45.511602
latency,thurbox,idle,5,False,0.21,0.17,echo_ms,87,47.792204
latency,thurbox,idle,5,False,0.21,0.17,echo_ms,88,5.406548
latency,thurbox,idle,5,False,0.21,0.17,echo_ms,89,4.365157
latency,thurbox,idle,5,False,0.21,0.17,echo_ms,90,47.626302
latency,thurbox,idle,5,False,0.21,0.17,echo_ms,91,46.494373
latency,thurbox,idle,5,False,0.21,0.17,echo_ms,92,3.979287
latency,thurbox,idle,5,False,0.21,0.17,echo_ms,93,47.850938
latency,thurbox,idle,5,False,0.21,0.17,echo_ms,94,46.39614
latency,thurbox,idle,5,False,0.21,0.17,echo_ms,95,23.936507
latency,thurbox,idle,5,False,0.21,0.17,echo_ms,96,23.382376
latency,thurbox,idle,5,False,0.21,0.17,echo_ms,97,23.697878
latency,thurbox,idle,5,False,0.21,0.17,echo_ms,98,47.599197
latency,thurbox,idle,5,False,0.21,0.17,echo_ms,99,13.446965
latency,thurbox,idle,5,False,0.21,0.17,timeouts,,0
latency,tmux,other-busy,0,True,0.17,0.3,echo_ms,0,0.89283
latency,tmux,other-busy,0,True,0.17,0.3,echo_ms,1,0.75599
latency,tmux,other-busy,0,True,0.17,0.3,echo_ms,2,0.715503
latency,tmux,other-busy,0,True,0.17,0.3,echo_ms,3,0.582099
latency,tmux,other-busy,0,True,0.17,0.3,echo_ms,4,1.033893
latency,tmux,other-busy,0,True,0.17,0.3,echo_ms,5,0.894281
latency,tmux,other-busy,0,True,0.17,0.3,echo_ms,6,0.906984
latency,tmux,other-busy,0,True,0.17,0.3,echo_ms,7,0.825026
latency,tmux,other-busy,0,True,0.17,0.3,echo_ms,8,0.839303
latency,tmux,other-busy,0,True,0.17,0.3,echo_ms,9,1.034697
latency,tmux,other-busy,0,True,0.17,0.3,echo_ms,10,0.694153
latency,tmux,other-busy,0,True,0.17,0.3,echo_ms,11,0.693454
latency,tmux,other-busy,0,True,0.17,0.3,echo_ms,12,0.866432
latency,tmux,other-busy,0,True,0.17,0.3,echo_ms,13,0.762788
latency,tmux,other-busy,0,True,0.17,0.3,echo_ms,14,0.771259
latency,tmux,other-busy,0,True,0.17,0.3,echo_ms,15,0.946365
latency,tmux,other-busy,0,True,0.17,0.3,echo_ms,16,0.70242
latency,tmux,other-busy,0,True,0.17,0.3,echo_ms,17,1.015545
latency,tmux,other-busy,0,True,0.17,0.3,echo_ms,18,0.612846
latency,tmux,other-busy,0,True,0.17,0.3,echo_ms,19,0.89084
latency,tmux,other-busy,0,True,0.17,0.3,echo_ms,20,0.927966
latency,tmux,other-busy,0,True,0.17,0.3,echo_ms,21,0.716617
latency,tmux,other-busy,0,True,0.17,0.3,echo_ms,22,0.795736
latency,tmux,other-busy,0,True,0.17,0.3,echo_ms,23,0.793164
latency,tmux,other-busy,0,True,0.17,0.3,echo_ms,24,0.793968
latency,tmux,other-busy,0,True,0.17,0.3,echo_ms,25,0.829777
latency,tmux,other-busy,0,True,0.17,0.3,echo_ms,26,0.734999
latency,tmux,other-busy,0,True,0.17,0.3,echo_ms,27,0.817418
latency,tmux,other-busy,0,True,0.17,0.3,echo_ms,28,0.802807
latency,tmux,other-busy,0,True,0.17,0.3,echo_ms,29,0.78885
latency,tmux,other-busy,0,True,0.17,0.3,echo_ms,30,0.998075
latency,tmux,other-busy,0,True,0.17,0.3,echo_ms,31,0.917857
latency,tmux,other-busy,0,True,0.17,0.3,echo_ms,32,0.855627
latency,tmux,other-busy,0,True,0.17,0.3,echo_ms,33,0.864244
latency,tmux,other-busy,0,True,0.17,0.3,echo_ms,34,0.729261
latency,tmux,other-busy,0,True,0.17,0.3,echo_ms,35,0.68825
latency,tmux,other-busy,0,True,0.17,0.3,echo_ms,36,1.102252
latency,tmux,other-busy,0,True,0.17,0.3,echo_ms,37,0.956741
latency,tmux,other-busy,0,True,0.17,0.3,echo_ms,38,0.679135
latency,tmux,other-busy,0,True,0.17,0.3,echo_ms,39,0.730348
latency,tmux,other-busy,0,True,0.17,0.3,echo_ms,40,1.000869
latency,tmux,other-busy,0,True,0.17,0.3,echo_ms,41,0.797251
latency,tmux,other-busy,0,True,0.17,0.3,echo_ms,42,1.10007
latency,tmux,other-busy,0,True,0.17,0.3,echo_ms,43,0.718105
latency,tmux,other-busy,0,True,0.17,0.3,echo_ms,44,0.953548
latency,tmux,other-busy,0,True,0.17,0.3,echo_ms,45,0.813151
latency,tmux,other-busy,0,True,0.17,0.3,echo_ms,46,1.014916
latency,tmux,other-busy,0,True,0.17,0.3,echo_ms,47,0.740619
latency,tmux,other-busy,0,True,0.17,0.3,echo_ms,48,0.715238
latency,tmux,other-busy,0,True,0.17,0.3,echo_ms,49,0.711034
latency,tmux,other-busy,0,True,0.17,0.3,echo_ms,50,0.786029
latency,tmux,other-busy,0,True,0.17,0.3,echo_ms,51,0.837074
latency,tmux,other-busy,0,True,0.17,0.3,echo_ms,52,0.707859
latency,tmux,other-busy,0,True,0.17,0.3,echo_ms,53,1.015756
latency,tmux,other-busy,0,True,0.17,0.3,echo_ms,54,1.030163
latency,tmux,other-busy,0,True,0.17,0.3,echo_ms,55,0.777301
latency,tmux,other-busy,0,True,0.17,0.3,echo_ms,56,0.673834
latency,tmux,other-busy,0,True,0.17,0.3,echo_ms,57,0.840321
latency,tmux,other-busy,0,True,0.17,0.3,echo_ms,58,0.886088
latency,tmux,other-busy,0,True,0.17,0.3,echo_ms,59,0.922805
latency,tmux,other-busy,0,True,0.17,0.3,echo_ms,60,0.672799
latency,tmux,other-busy,0,True,0.17,0.3,echo_ms,61,0.802305
latency,tmux,other-busy,0,True,0.17,0.3,echo_ms,62,0.820937
latency,tmux,other-busy,0,True,0.17,0.3,echo_ms,63,0.747487
latency,tmux,other-busy,0,True,0.17,0.3,echo_ms,64,0.923716
latency,tmux,other-busy,0,True,0.17,0.3,echo_ms,65,1.140686
latency,tmux,other-busy,0,True,0.17,0.3,echo_ms,66,0.627529
latency,tmux,other-busy,0,True,0.17,0.3,echo_ms,67,0.76827
latency,tmux,other-busy,0,True,0.17,0.3,echo_ms,68,0.899198
latency,tmux,other-busy,0,True,0.17,0.3,echo_ms,69,0.834276
latency,tmux,other-busy,0,True,0.17,0.3,echo_ms,70,0.67066
latency,tmux,other-busy,0,True,0.17,0.3,echo_ms,71,0.585539
latency,tmux,other-busy,0,True,0.17,0.3,echo_ms,72,0.894688
latency,tmux,other-busy,0,True,0.17,0.3,echo_ms,73,0.928198
latency,tmux,other-busy,0,True,0.17,0.3,echo_ms,74,0.823155
latency,tmux,other-busy,0,True,0.17,0.3,echo_ms,75,0.728118
latency,tmux,other-busy,0,True,0.17,0.3,echo_ms,76,0.867556
latency,tmux,other-busy,0,True,0.17,0.3,echo_ms,77,0.692686
latency,tmux,other-busy,0,True,0.17,0.3,echo_ms,78,0.927672
latency,tmux,other-busy,0,True,0.17,0.3,echo_ms,79,0.325005
latency,tmux,other-busy,0,True,0.17,0.3,echo_ms,80,0.943673
latency,tmux,other-busy,0,True,0.17,0.3,echo_ms,81,0.890467
latency,tmux,other-busy,0,True,0.17,0.3,echo_ms,82,0.942013
latency,tmux,other-busy,0,True,0.17,0.3,echo_ms,83,0.586077
latency,tmux,other-busy,0,True,0.17,0.3,echo_ms,84,0.845581
latency,tmux,other-busy,0,True,0.17,0.3,echo_ms,85,0.85089
latency,tmux,other-busy,0,True,0.17,0.3,echo_ms,86,0.725119
latency,tmux,other-busy,0,True,0.17,0.3,echo_ms,87,0.678936
latency,tmux,other-busy,0,True,0.17,0.3,echo_ms,88,0.975231
latency,tmux,other-busy,0,True,0.17,0.3,echo_ms,89,0.596521
latency,tmux,other-busy,0,True,0.17,0.3,echo_ms,90,0.972356
latency,tmux,other-busy,0,True,0.17,0.3,echo_ms,91,0.660804
latency,tmux,other-busy,0,True,0.17,0.3,echo_ms,92,0.596484
latency,tmux,other-busy,0,True,0.17,0.3,echo_ms,93,0.805529
latency,tmux,other-busy,0,True,0.17,0.3,echo_ms,94,0.810891
latency,tmux,other-busy,0,True,0.17,0.3,echo_ms,95,0.844878
latency,tmux,other-busy,0,True,0.17,0.3,echo_ms,96,0.624644
latency,tmux,other-busy,0,True,0.17,0.3,echo_ms,97,0.776241
latency,tmux,other-busy,0,True,0.17,0.3,echo_ms,98,0.884893
latency,tmux,other-busy,0,True,0.17,0.3,echo_ms,99,0.910732
latency,tmux,other-busy,0,True,0.17,0.3,timeouts,,0
latency,herdr,other-busy,0,True,0.3,0.34,echo_ms,0,1.282656
latency,herdr,other-busy,0,True,0.3,0.34,echo_ms,1,0.459242
latency,herdr,other-busy,0,True,0.3,0.34,echo_ms,2,0.472243
latency,herdr,other-busy,0,True,0.3,0.34,echo_ms,3,0.484044
latency,herdr,other-busy,0,True,0.3,0.34,echo_ms,4,0.505037
latency,herdr,other-busy,0,True,0.3,0.34,echo_ms,5,0.473118
latency,herdr,other-busy,0,True,0.3,0.34,echo_ms,6,0.520319
latency,herdr,other-busy,0,True,0.3,0.34,echo_ms,7,0.540432
latency,herdr,other-busy,0,True,0.3,0.34,echo_ms,8,0.449073
latency,herdr,other-busy,0,True,0.3,0.34,echo_ms,9,0.499727
latency,herdr,other-busy,0,True,0.3,0.34,echo_ms,10,0.441793
latency,herdr,other-busy,0,True,0.3,0.34,echo_ms,11,0.56014
latency,herdr,other-busy,0,True,0.3,0.34,echo_ms,12,0.535565
latency,herdr,other-busy,0,True,0.3,0.34,echo_ms,13,1.159992
latency,herdr,other-busy,0,True,0.3,0.34,echo_ms,14,0.492577
latency,herdr,other-busy,0,True,0.3,0.34,echo_ms,15,0.550813
latency,herdr,other-busy,0,True,0.3,0.34,echo_ms,16,0.519977
latency,herdr,other-busy,0,True,0.3,0.34,echo_ms,17,0.579552
latency,herdr,other-busy,0,True,0.3,0.34,echo_ms,18,0.437865
latency,herdr,other-busy,0,True,0.3,0.34,echo_ms,19,0.455046
latency,herdr,other-busy,0,True,0.3,0.34,echo_ms,20,0.429946
latency,herdr,other-busy,0,True,0.3,0.34,echo_ms,21,0.490098
latency,herdr,other-busy,0,True,0.3,0.34,echo_ms,22,0.448592
latency,herdr,other-busy,0,True,0.3,0.34,echo_ms,23,0.465224
latency,herdr,other-busy,0,True,0.3,0.34,echo_ms,24,0.935569
latency,herdr,other-busy,0,True,0.3,0.34,echo_ms,25,0.463083
latency,herdr,other-busy,0,True,0.3,0.34,echo_ms,26,0.506132
latency,herdr,other-busy,0,True,0.3,0.34,echo_ms,27,0.686931
latency,herdr,other-busy,0,True,0.3,0.34,echo_ms,28,0.508367
latency,herdr,other-busy,0,True,0.3,0.34,echo_ms,29,0.416528
latency,herdr,other-busy,0,True,0.3,0.34,echo_ms,30,0.536671
latency,herdr,other-busy,0,True,0.3,0.34,echo_ms,31,0.488808
latency,herdr,other-busy,0,True,0.3,0.34,echo_ms,32,0.616974
latency,herdr,other-busy,0,True,0.3,0.34,echo_ms,33,0.530133
latency,herdr,other-busy,0,True,0.3,0.34,echo_ms,34,0.43899
latency,herdr,other-busy,0,True,0.3,0.34,echo_ms,35,0.458334
latency,herdr,other-busy,0,True,0.3,0.34,echo_ms,36,0.595149
latency,herdr,other-busy,0,True,0.3,0.34,echo_ms,37,0.406678
latency,herdr,other-busy,0,True,0.3,0.34,echo_ms,38,0.436792
latency,herdr,other-busy,0,True,0.3,0.34,echo_ms,39,0.409292
latency,herdr,other-busy,0,True,0.3,0.34,echo_ms,40,0.459102
latency,herdr,other-busy,0,True,0.3,0.34,echo_ms,41,0.4269
latency,herdr,other-busy,0,True,0.3,0.34,echo_ms,42,0.50214
latency,herdr,other-busy,0,True,0.3,0.34,echo_ms,43,0.456578
latency,herdr,other-busy,0,True,0.3,0.34,echo_ms,44,0.444225
latency,herdr,other-busy,0,True,0.3,0.34,echo_ms,45,0.493354
latency,herdr,other-busy,0,True,0.3,0.34,echo_ms,46,0.695029
latency,herdr,other-busy,0,True,0.3,0.34,echo_ms,47,0.465191
latency,herdr,other-busy,0,True,0.3,0.34,echo_ms,48,0.402038
latency,herdr,other-busy,0,True,0.3,0.34,echo_ms,49,0.478231
latency,herdr,other-busy,0,True,0.3,0.34,echo_ms,50,0.434197
latency,herdr,other-busy,0,True,0.3,0.34,echo_ms,51,0.531949
latency,herdr,other-busy,0,True,0.3,0.34,echo_ms,52,0.597019
latency,herdr,other-busy,0,True,0.3,0.34,echo_ms,53,0.431958
latency,herdr,other-busy,0,True,0.3,0.34,echo_ms,54,0.449713
latency,herdr,other-busy,0,True,0.3,0.34,echo_ms,55,0.44995
latency,herdr,other-busy,0,True,0.3,0.34,echo_ms,56,0.441449
latency,herdr,other-busy,0,True,0.3,0.34,echo_ms,57,0.412224
latency,herdr,other-busy,0,True,0.3,0.34,echo_ms,58,0.734097
latency,herdr,other-busy,0,True,0.3,0.34,echo_ms,59,0.464753
latency,herdr,other-busy,0,True,0.3,0.34,echo_ms,60,0.499874
latency,herdr,other-busy,0,True,0.3,0.34,echo_ms,61,0.410824
latency,herdr,other-busy,0,True,0.3,0.34,echo_ms,62,0.432022
latency,herdr,other-busy,0,True,0.3,0.34,echo_ms,63,0.42352
latency,herdr,other-busy,0,True,0.3,0.34,echo_ms,64,0.486778
latency,herdr,other-busy,0,True,0.3,0.34,echo_ms,65,0.471345
latency,herdr,other-busy,0,True,0.3,0.34,echo_ms,66,1.017415
latency,herdr,other-busy,0,True,0.3,0.34,echo_ms,67,0.502191
latency,herdr,other-busy,0,True,0.3,0.34,echo_ms,68,0.54785
latency,herdr,other-busy,0,True,0.3,0.34,echo_ms,69,0.610116
latency,herdr,other-busy,0,True,0.3,0.34,echo_ms,70,0.421095
latency,herdr,other-busy,0,True,0.3,0.34,echo_ms,71,0.491639
latency,herdr,other-busy,0,True,0.3,0.34,echo_ms,72,0.514568
latency,herdr,other-busy,0,True,0.3,0.34,echo_ms,73,0.446409
latency,herdr,other-busy,0,True,0.3,0.34,echo_ms,74,0.571539
latency,herdr,other-busy,0,True,0.3,0.34,echo_ms,75,0.434662
latency,herdr,other-busy,0,True,0.3,0.34,echo_ms,76,0.531289
latency,herdr,other-busy,0,True,0.3,0.34,echo_ms,77,0.43582
latency,herdr,other-busy,0,True,0.3,0.34,echo_ms,78,0.540784
latency,herdr,other-busy,0,True,0.3,0.34,echo_ms,79,0.430618
latency,herdr,other-busy,0,True,0.3,0.34,echo_ms,80,0.494733
latency,herdr,other-busy,0,True,0.3,0.34,echo_ms,81,0.473334
latency,herdr,other-busy,0,True,0.3,0.34,echo_ms,82,0.58638
latency,herdr,other-busy,0,True,0.3,0.34,echo_ms,83,0.617215
latency,herdr,other-busy,0,True,0.3,0.34,echo_ms,84,0.466544
latency,herdr,other-busy,0,True,0.3,0.34,echo_ms,85,0.489286
latency,herdr,other-busy,0,True,0.3,0.34,echo_ms,86,0.428227
latency,herdr,other-busy,0,True,0.3,0.34,echo_ms,87,0.468
latency,herdr,other-busy,0,True,0.3,0.34,echo_ms,88,0.492872
latency,herdr,other-busy,0,True,0.3,0.34,echo_ms,89,0.558287
latency,herdr,other-busy,0,True,0.3,0.34,echo_ms,90,0.5106
latency,herdr,other-busy,0,True,0.3,0.34,echo_ms,91,0.637759
latency,herdr,other-busy,0,True,0.3,0.34,echo_ms,92,0.416498
latency,herdr,other-busy,0,True,0.3,0.34,echo_ms,93,0.451039
latency,herdr,other-busy,0,True,0.3,0.34,echo_ms,94,0.537217
latency,herdr,other-busy,0,True,0.3,0.34,echo_ms,95,0.483278
latency,herdr,other-busy,0,True,0.3,0.34,echo_ms,96,0.449433
latency,herdr,other-busy,0,True,0.3,0.34,echo_ms,97,0.410211
latency,herdr,other-busy,0,True,0.3,0.34,echo_ms,98,0.48711
latency,herdr,other-busy,0,True,0.3,0.34,echo_ms,99,0.484425
latency,herdr,other-busy,0,True,0.3,0.34,timeouts,,0
latency,thurbox,other-busy,0,True,0.34,0.44,echo_ms,0,43.051619
latency,thurbox,other-busy,0,True,0.34,0.44,echo_ms,1,42.586414
latency,thurbox,other-busy,0,True,0.34,0.44,echo_ms,2,42.526889
latency,thurbox,other-busy,0,True,0.34,0.44,echo_ms,3,42.821162
latency,thurbox,other-busy,0,True,0.34,0.44,echo_ms,4,42.433461
latency,thurbox,other-busy,0,True,0.34,0.44,echo_ms,5,42.106828
latency,thurbox,other-busy,0,True,0.34,0.44,echo_ms,6,42.57766
latency,thurbox,other-busy,0,True,0.34,0.44,echo_ms,7,11.035983
latency,thurbox,other-busy,0,True,0.34,0.44,echo_ms,8,21.143053
latency,thurbox,other-busy,0,True,0.34,0.44,echo_ms,9,11.027101
latency,thurbox,other-busy,0,True,0.34,0.44,echo_ms,10,42.959962
latency,thurbox,other-busy,0,True,0.34,0.44,echo_ms,11,21.109464
latency,thurbox,other-busy,0,True,0.34,0.44,echo_ms,12,21.514789
latency,thurbox,other-busy,0,True,0.34,0.44,echo_ms,13,42.343259
latency,thurbox,other-busy,0,True,0.34,0.44,echo_ms,14,21.13184
latency,thurbox,other-busy,0,True,0.34,0.44,echo_ms,15,42.543422
latency,thurbox,other-busy,0,True,0.34,0.44,echo_ms,16,21.105984
latency,thurbox,other-busy,0,True,0.34,0.44,echo_ms,17,42.123877
latency,thurbox,other-busy,0,True,0.34,0.44,echo_ms,18,43.023198
latency,thurbox,other-busy,0,True,0.34,0.44,echo_ms,19,11.303713
latency,thurbox,other-busy,0,True,0.34,0.44,echo_ms,20,42.225752
latency,thurbox,other-busy,0,True,0.34,0.44,echo_ms,21,42.398663
latency,thurbox,other-busy,0,True,0.34,0.44,echo_ms,22,11.219409
latency,thurbox,other-busy,0,True,0.34,0.44,echo_ms,23,46.783914
latency,thurbox,other-busy,0,True,0.34,0.44,echo_ms,24,44.043223
latency,thurbox,other-busy,0,True,0.34,0.44,echo_ms,25,21.363354
latency,thurbox,other-busy,0,True,0.34,0.44,echo_ms,26,11.660207
latency,thurbox,other-busy,0,True,0.34,0.44,echo_ms,27,42.511725
latency,thurbox,other-busy,0,True,0.34,0.44,echo_ms,28,42.854332
latency,thurbox,other-busy,0,True,0.34,0.44,echo_ms,29,42.662642
latency,thurbox,other-busy,0,True,0.34,0.44,echo_ms,30,11.099191
latency,thurbox,other-busy,0,True,0.34,0.44,echo_ms,31,11.070563
latency,thurbox,other-busy,0,True,0.34,0.44,echo_ms,32,42.582668
latency,thurbox,other-busy,0,True,0.34,0.44,echo_ms,33,42.253229
latency,thurbox,other-busy,0,True,0.34,0.44,echo_ms,34,42.393536
latency,thurbox,other-busy,0,True,0.34,0.44,echo_ms,35,11.394014
latency,thurbox,other-busy,0,True,0.34,0.44,echo_ms,36,42.147425
latency,thurbox,other-busy,0,True,0.34,0.44,echo_ms,37,42.450423
latency,thurbox,other-busy,0,True,0.34,0.44,echo_ms,38,21.306946
latency,thurbox,other-busy,0,True,0.34,0.44,echo_ms,39,22.769133
latency,thurbox,other-busy,0,True,0.34,0.44,echo_ms,40,42.494697
latency,thurbox,other-busy,0,True,0.34,0.44,echo_ms,41,42.480875
latency,thurbox,other-busy,0,True,0.34,0.44,echo_ms,42,42.015574
latency,thurbox,other-busy,0,True,0.34,0.44,echo_ms,43,21.713485
latency,thurbox,other-busy,0,True,0.34,0.44,echo_ms,44,11.022528
latency,thurbox,other-busy,0,True,0.34,0.44,echo_ms,45,42.46329
latency,thurbox,other-busy,0,True,0.34,0.44,echo_ms,46,42.571579
latency,thurbox,other-busy,0,True,0.34,0.44,echo_ms,47,42.155484
latency,thurbox,other-busy,0,True,0.34,0.44,echo_ms,48,42.452828
latency,thurbox,other-busy,0,True,0.34,0.44,echo_ms,49,42.518207
latency,thurbox,other-busy,0,True,0.34,0.44,echo_ms,50,11.089053
latency,thurbox,other-busy,0,True,0.34,0.44,echo_ms,51,36.778497
latency,thurbox,other-busy,0,True,0.34,0.44,echo_ms,52,11.070805
latency,thurbox,other-busy,0,True,0.34,0.44,echo_ms,53,42.225315
latency,thurbox,other-busy,0,True,0.34,0.44,echo_ms,54,44.809466
latency,thurbox,other-busy,0,True,0.34,0.44,echo_ms,55,21.134365
latency,thurbox,other-busy,0,True,0.34,0.44,echo_ms,56,11.059277
latency,thurbox,other-busy,0,True,0.34,0.44,echo_ms,57,42.569301
latency,thurbox,other-busy,0,True,0.34,0.44,echo_ms,58,42.150959
latency,thurbox,other-busy,0,True,0.34,0.44,echo_ms,59,42.75941
latency,thurbox,other-busy,0,True,0.34,0.44,echo_ms,60,21.303498
latency,thurbox,other-busy,0,True,0.34,0.44,echo_ms,61,42.187244
latency,thurbox,other-busy,0,True,0.34,0.44,echo_ms,62,21.16415
latency,thurbox,other-busy,0,True,0.34,0.44,echo_ms,63,11.070449
latency,thurbox,other-busy,0,True,0.34,0.44,echo_ms,64,21.647398
latency,thurbox,other-busy,0,True,0.34,0.44,echo_ms,65,42.348704
latency,thurbox,other-busy,0,True,0.34,0.44,echo_ms,66,42.986131
latency,thurbox,other-busy,0,True,0.34,0.44,echo_ms,67,21.177718
latency,thurbox,other-busy,0,True,0.34,0.44,echo_ms,68,11.396012
latency,thurbox,other-busy,0,True,0.34,0.44,echo_ms,69,11.034805
latency,thurbox,other-busy,0,True,0.34,0.44,echo_ms,70,11.389929
latency,thurbox,other-busy,0,True,0.34,0.44,echo_ms,71,21.5143
latency,thurbox,other-busy,0,True,0.34,0.44,echo_ms,72,42.148768
latency,thurbox,other-busy,0,True,0.34,0.44,echo_ms,73,11.010882
latency,thurbox,other-busy,0,True,0.34,0.44,echo_ms,74,42.510494
latency,thurbox,other-busy,0,True,0.34,0.44,echo_ms,75,11.050296
latency,thurbox,other-busy,0,True,0.34,0.44,echo_ms,76,22.386782
latency,thurbox,other-busy,0,True,0.34,0.44,echo_ms,77,42.395003
latency,thurbox,other-busy,0,True,0.34,0.44,echo_ms,78,42.083963
latency,thurbox,other-busy,0,True,0.34,0.44,echo_ms,79,43.068363
latency,thurbox,other-busy,0,True,0.34,0.44,echo_ms,80,43.395349
latency,thurbox,other-busy,0,True,0.34,0.44,echo_ms,81,11.046988
latency,thurbox,other-busy,0,True,0.34,0.44,echo_ms,82,21.503676
latency,thurbox,other-busy,0,True,0.34,0.44,echo_ms,83,11.080653
latency,thurbox,other-busy,0,True,0.34,0.44,echo_ms,84,42.547673
latency,thurbox,other-busy,0,True,0.34,0.44,echo_ms,85,11.052144
latency,thurbox,other-busy,0,True,0.34,0.44,echo_ms,86,42.027543
latency,thurbox,other-busy,0,True,0.34,0.44,echo_ms,87,42.822363
latency,thurbox,other-busy,0,True,0.34,0.44,echo_ms,88,11.581429
latency,thurbox,other-busy,0,True,0.34,0.44,echo_ms,89,42.318647
latency,thurbox,other-busy,0,True,0.34,0.44,echo_ms,90,11.377703
latency,thurbox,other-busy,0,True,0.34,0.44,echo_ms,91,42.112765
latency,thurbox,other-busy,0,True,0.34,0.44,echo_ms,92,42.62396
latency,thurbox,other-busy,0,True,0.34,0.44,echo_ms,93,42.629593
latency,thurbox,other-busy,0,True,0.34,0.44,echo_ms,94,42.126715
latency,thurbox,other-busy,0,True,0.34,0.44,echo_ms,95,42.869647
latency,thurbox,other-busy,0,True,0.34,0.44,echo_ms,96,11.137039
latency,thurbox,other-busy,0,True,0.34,0.44,echo_ms,97,42.032713
latency,thurbox,other-busy,0,True,0.34,0.44,echo_ms,98,22.015141
latency,thurbox,other-busy,0,True,0.34,0.44,echo_ms,99,21.355824
latency,thurbox,other-busy,0,True,0.34,0.44,timeouts,,0
latency,tmux,other-busy,1,False,0.44,0.61,echo_ms,0,0.684254
latency,tmux,other-busy,1,False,0.44,0.61,echo_ms,1,0.967313
latency,tmux,other-busy,1,False,0.44,0.61,echo_ms,2,0.763648
latency,tmux,other-busy,1,False,0.44,0.61,echo_ms,3,0.724183
latency,tmux,other-busy,1,False,0.44,0.61,echo_ms,4,0.65808
latency,tmux,other-busy,1,False,0.44,0.61,echo_ms,5,0.666963
latency,tmux,other-busy,1,False,0.44,0.61,echo_ms,6,0.829588
latency,tmux,other-busy,1,False,0.44,0.61,echo_ms,7,0.871515
latency,tmux,other-busy,1,False,0.44,0.61,echo_ms,8,0.909294
latency,tmux,other-busy,1,False,0.44,0.61,echo_ms,9,0.878083
latency,tmux,other-busy,1,False,0.44,0.61,echo_ms,10,0.811103
latency,tmux,other-busy,1,False,0.44,0.61,echo_ms,11,0.639201
latency,tmux,other-busy,1,False,0.44,0.61,echo_ms,12,0.703814
latency,tmux,other-busy,1,False,0.44,0.61,echo_ms,13,0.758851
latency,tmux,other-busy,1,False,0.44,0.61,echo_ms,14,1.009347
latency,tmux,other-busy,1,False,0.44,0.61,echo_ms,15,0.77356
latency,tmux,other-busy,1,False,0.44,0.61,echo_ms,16,0.714011
latency,tmux,other-busy,1,False,0.44,0.61,echo_ms,17,0.938357
latency,tmux,other-busy,1,False,0.44,0.61,echo_ms,18,0.892837
latency,tmux,other-busy,1,False,0.44,0.61,echo_ms,19,0.768071
latency,tmux,other-busy,1,False,0.44,0.61,echo_ms,20,1.043891
latency,tmux,other-busy,1,False,0.44,0.61,echo_ms,21,0.68153
latency,tmux,other-busy,1,False,0.44,0.61,echo_ms,22,0.757743
latency,tmux,other-busy,1,False,0.44,0.61,echo_ms,23,0.87654
latency,tmux,other-busy,1,False,0.44,0.61,echo_ms,24,0.929826
latency,tmux,other-busy,1,False,0.44,0.61,echo_ms,25,0.940359
latency,tmux,other-busy,1,False,0.44,0.61,echo_ms,26,0.881747
latency,tmux,other-busy,1,False,0.44,0.61,echo_ms,27,1.162436
latency,tmux,other-busy,1,False,0.44,0.61,echo_ms,28,0.902905
latency,tmux,other-busy,1,False,0.44,0.61,echo_ms,29,0.583563
latency,tmux,other-busy,1,False,0.44,0.61,echo_ms,30,1.134438
latency,tmux,other-busy,1,False,0.44,0.61,echo_ms,31,0.999474
latency,tmux,other-busy,1,False,0.44,0.61,echo_ms,32,0.697861
latency,tmux,other-busy,1,False,0.44,0.61,echo_ms,33,0.857234
latency,tmux,other-busy,1,False,0.44,0.61,echo_ms,34,0.942729
latency,tmux,other-busy,1,False,0.44,0.61,echo_ms,35,0.934476
latency,tmux,other-busy,1,False,0.44,0.61,echo_ms,36,0.979338
latency,tmux,other-busy,1,False,0.44,0.61,echo_ms,37,1.143082
latency,tmux,other-busy,1,False,0.44,0.61,echo_ms,38,0.699963
latency,tmux,other-busy,1,False,0.44,0.61,echo_ms,39,0.67192
latency,tmux,other-busy,1,False,0.44,0.61,echo_ms,40,0.728012
latency,tmux,other-busy,1,False,0.44,0.61,echo_ms,41,0.987934
latency,tmux,other-busy,1,False,0.44,0.61,echo_ms,42,0.940029
latency,tmux,other-busy,1,False,0.44,0.61,echo_ms,43,0.656827
latency,tmux,other-busy,1,False,0.44,0.61,echo_ms,44,0.877813
latency,tmux,other-busy,1,False,0.44,0.61,echo_ms,45,1.098816
latency,tmux,other-busy,1,False,0.44,0.61,echo_ms,46,0.777847
latency,tmux,other-busy,1,False,0.44,0.61,echo_ms,47,0.659296
latency,tmux,other-busy,1,False,0.44,0.61,echo_ms,48,0.751251
latency,tmux,other-busy,1,False,0.44,0.61,echo_ms,49,0.838282
latency,tmux,other-busy,1,False,0.44,0.61,echo_ms,50,0.902442
latency,tmux,other-busy,1,False,0.44,0.61,echo_ms,51,0.792667
latency,tmux,other-busy,1,False,0.44,0.61,echo_ms,52,0.645818
latency,tmux,other-busy,1,False,0.44,0.61,echo_ms,53,0.80125
latency,tmux,other-busy,1,False,0.44,0.61,echo_ms,54,0.824938
latency,tmux,other-busy,1,False,0.44,0.61,echo_ms,55,0.809045
latency,tmux,other-busy,1,False,0.44,0.61,echo_ms,56,0.712313
latency,tmux,other-busy,1,False,0.44,0.61,echo_ms,57,0.929548
latency,tmux,other-busy,1,False,0.44,0.61,echo_ms,58,0.986163
latency,tmux,other-busy,1,False,0.44,0.61,echo_ms,59,0.91337
latency,tmux,other-busy,1,False,0.44,0.61,echo_ms,60,0.745099
latency,tmux,other-busy,1,False,0.44,0.61,echo_ms,61,1.107367
latency,tmux,other-busy,1,False,0.44,0.61,echo_ms,62,0.661437
latency,tmux,other-busy,1,False,0.44,0.61,echo_ms,63,0.653622
latency,tmux,other-busy,1,False,0.44,0.61,echo_ms,64,0.912868
latency,tmux,other-busy,1,False,0.44,0.61,echo_ms,65,0.897603
latency,tmux,other-busy,1,False,0.44,0.61,echo_ms,66,0.766335
latency,tmux,other-busy,1,False,0.44,0.61,echo_ms,67,0.846032
latency,tmux,other-busy,1,False,0.44,0.61,echo_ms,68,1.035115
latency,tmux,other-busy,1,False,0.44,0.61,echo_ms,69,0.916765
latency,tmux,other-busy,1,False,0.44,0.61,echo_ms,70,0.898503
latency,tmux,other-busy,1,False,0.44,0.61,echo_ms,71,0.802623
latency,tmux,other-busy,1,False,0.44,0.61,echo_ms,72,0.626272
latency,tmux,other-busy,1,False,0.44,0.61,echo_ms,73,0.63556
latency,tmux,other-busy,1,False,0.44,0.61,echo_ms,74,0.873709
latency,tmux,other-busy,1,False,0.44,0.61,echo_ms,75,0.607173
latency,tmux,other-busy,1,False,0.44,0.61,echo_ms,76,0.89273
latency,tmux,other-busy,1,False,0.44,0.61,echo_ms,77,0.869023
latency,tmux,other-busy,1,False,0.44,0.61,echo_ms,78,0.953518
latency,tmux,other-busy,1,False,0.44,0.61,echo_ms,79,0.988637
latency,tmux,other-busy,1,False,0.44,0.61,echo_ms,80,0.907252
latency,tmux,other-busy,1,False,0.44,0.61,echo_ms,81,0.882584
latency,tmux,other-busy,1,False,0.44,0.61,echo_ms,82,0.693624
latency,tmux,other-busy,1,False,0.44,0.61,echo_ms,83,0.657052
latency,tmux,other-busy,1,False,0.44,0.61,echo_ms,84,0.94387
latency,tmux,other-busy,1,False,0.44,0.61,echo_ms,85,0.97345
latency,tmux,other-busy,1,False,0.44,0.61,echo_ms,86,0.920056
latency,tmux,other-busy,1,False,0.44,0.61,echo_ms,87,0.894612
latency,tmux,other-busy,1,False,0.44,0.61,echo_ms,88,0.67913
latency,tmux,other-busy,1,False,0.44,0.61,echo_ms,89,0.943802
latency,tmux,other-busy,1,False,0.44,0.61,echo_ms,90,0.816937
latency,tmux,other-busy,1,False,0.44,0.61,echo_ms,91,0.775829
latency,tmux,other-busy,1,False,0.44,0.61,echo_ms,92,0.824663
latency,tmux,other-busy,1,False,0.44,0.61,echo_ms,93,0.840605
latency,tmux,other-busy,1,False,0.44,0.61,echo_ms,94,0.822854
latency,tmux,other-busy,1,False,0.44,0.61,echo_ms,95,0.688144
latency,tmux,other-busy,1,False,0.44,0.61,echo_ms,96,0.609597
latency,tmux,other-busy,1,False,0.44,0.61,echo_ms,97,0.839045
latency,tmux,other-busy,1,False,0.44,0.61,echo_ms,98,0.873555
latency,tmux,other-busy,1,False,0.44,0.61,echo_ms,99,1.00269
latency,tmux,other-busy,1,False,0.44,0.61,timeouts,,0
latency,herdr,other-busy,1,False,0.61,0.74,echo_ms,0,0.75182
latency,herdr,other-busy,1,False,0.61,0.74,echo_ms,1,0.499981
latency,herdr,other-busy,1,False,0.61,0.74,echo_ms,2,0.520454
latency,herdr,other-busy,1,False,0.61,0.74,echo_ms,3,0.586183
latency,herdr,other-busy,1,False,0.61,0.74,echo_ms,4,0.553519
latency,herdr,other-busy,1,False,0.61,0.74,echo_ms,5,0.534762
latency,herdr,other-busy,1,False,0.61,0.74,echo_ms,6,0.50336
latency,herdr,other-busy,1,False,0.61,0.74,echo_ms,7,0.486619
latency,herdr,other-busy,1,False,0.61,0.74,echo_ms,8,0.494959
latency,herdr,other-busy,1,False,0.61,0.74,echo_ms,9,3.069298
latency,herdr,other-busy,1,False,0.61,0.74,echo_ms,10,0.593808
latency,herdr,other-busy,1,False,0.61,0.74,echo_ms,11,0.449201
latency,herdr,other-busy,1,False,0.61,0.74,echo_ms,12,0.575702
latency,herdr,other-busy,1,False,0.61,0.74,echo_ms,13,0.402099
latency,herdr,other-busy,1,False,0.61,0.74,echo_ms,14,0.499215
latency,herdr,other-busy,1,False,0.61,0.74,echo_ms,15,1.022037
latency,herdr,other-busy,1,False,0.61,0.74,echo_ms,16,0.445488
latency,herdr,other-busy,1,False,0.61,0.74,echo_ms,17,0.460836
latency,herdr,other-busy,1,False,0.61,0.74,echo_ms,18,0.47618
latency,herdr,other-busy,1,False,0.61,0.74,echo_ms,19,0.474006
latency,herdr,other-busy,1,False,0.61,0.74,echo_ms,20,0.424612
latency,herdr,other-busy,1,False,0.61,0.74,echo_ms,21,0.572449
latency,herdr,other-busy,1,False,0.61,0.74,echo_ms,22,0.473685
latency,herdr,other-busy,1,False,0.61,0.74,echo_ms,23,0.473748
latency,herdr,other-busy,1,False,0.61,0.74,echo_ms,24,0.451599
latency,herdr,other-busy,1,False,0.61,0.74,echo_ms,25,0.640106
latency,herdr,other-busy,1,False,0.61,0.74,echo_ms,26,0.518839
latency,herdr,other-busy,1,False,0.61,0.74,echo_ms,27,0.427569
latency,herdr,other-busy,1,False,0.61,0.74,echo_ms,28,0.560705
latency,herdr,other-busy,1,False,0.61,0.74,echo_ms,29,0.422314
latency,herdr,other-busy,1,False,0.61,0.74,echo_ms,30,0.517354
latency,herdr,other-busy,1,False,0.61,0.74,echo_ms,31,0.568087
latency,herdr,other-busy,1,False,0.61,0.74,echo_ms,32,0.447733
latency,herdr,other-busy,1,False,0.61,0.74,echo_ms,33,0.436444
latency,herdr,other-busy,1,False,0.61,0.74,echo_ms,34,0.433664
latency,herdr,other-busy,1,False,0.61,0.74,echo_ms,35,0.443069
latency,herdr,other-busy,1,False,0.61,0.74,echo_ms,36,0.464115
latency,herdr,other-busy,1,False,0.61,0.74,echo_ms,37,0.404399
latency,herdr,other-busy,1,False,0.61,0.74,echo_ms,38,0.433869
latency,herdr,other-busy,1,False,0.61,0.74,echo_ms,39,0.450666
latency,herdr,other-busy,1,False,0.61,0.74,echo_ms,40,0.410398
latency,herdr,other-busy,1,False,0.61,0.74,echo_ms,41,0.469949
latency,herdr,other-busy,1,False,0.61,0.74,echo_ms,42,0.449485
latency,herdr,other-busy,1,False,0.61,0.74,echo_ms,43,0.41457
latency,herdr,other-busy,1,False,0.61,0.74,echo_ms,44,0.504168
latency,herdr,other-busy,1,False,0.61,0.74,echo_ms,45,0.451785
latency,herdr,other-busy,1,False,0.61,0.74,echo_ms,46,0.54409
latency,herdr,other-busy,1,False,0.61,0.74,echo_ms,47,0.460964
latency,herdr,other-busy,1,False,0.61,0.74,echo_ms,48,0.422432
latency,herdr,other-busy,1,False,0.61,0.74,echo_ms,49,0.439378
latency,herdr,other-busy,1,False,0.61,0.74,echo_ms,50,0.407086
latency,herdr,other-busy,1,False,0.61,0.74,echo_ms,51,0.535841
latency,herdr,other-busy,1,False,0.61,0.74,echo_ms,52,0.434225
latency,herdr,other-busy,1,False,0.61,0.74,echo_ms,53,0.48894
latency,herdr,other-busy,1,False,0.61,0.74,echo_ms,54,0.536698
latency,herdr,other-busy,1,False,0.61,0.74,echo_ms,55,0.521554
latency,herdr,other-busy,1,False,0.61,0.74,echo_ms,56,0.41134
latency,herdr,other-busy,1,False,0.61,0.74,echo_ms,57,0.416053
latency,herdr,other-busy,1,False,0.61,0.74,echo_ms,58,0.453975
latency,herdr,other-busy,1,False,0.61,0.74,echo_ms,59,0.545887
latency,herdr,other-busy,1,False,0.61,0.74,echo_ms,60,0.447644
latency,herdr,other-busy,1,False,0.61,0.74,echo_ms,61,0.403421
latency,herdr,other-busy,1,False,0.61,0.74,echo_ms,62,0.512848
latency,herdr,other-busy,1,False,0.61,0.74,echo_ms,63,0.4741
latency,herdr,other-busy,1,False,0.61,0.74,echo_ms,64,0.405218
latency,herdr,other-busy,1,False,0.61,0.74,echo_ms,65,0.51125
latency,herdr,other-busy,1,False,0.61,0.74,echo_ms,66,0.585191
latency,herdr,other-busy,1,False,0.61,0.74,echo_ms,67,0.522903
latency,herdr,other-busy,1,False,0.61,0.74,echo_ms,68,0.421594
latency,herdr,other-busy,1,False,0.61,0.74,echo_ms,69,0.478893
latency,herdr,other-busy,1,False,0.61,0.74,echo_ms,70,0.500136
latency,herdr,other-busy,1,False,0.61,0.74,echo_ms,71,0.535959
latency,herdr,other-busy,1,False,0.61,0.74,echo_ms,72,0.47361
latency,herdr,other-busy,1,False,0.61,0.74,echo_ms,73,0.435952
latency,herdr,other-busy,1,False,0.61,0.74,echo_ms,74,0.475047
latency,herdr,other-busy,1,False,0.61,0.74,echo_ms,75,0.528207
latency,herdr,other-busy,1,False,0.61,0.74,echo_ms,76,0.513692
latency,herdr,other-busy,1,False,0.61,0.74,echo_ms,77,0.524767
latency,herdr,other-busy,1,False,0.61,0.74,echo_ms,78,0.534881
latency,herdr,other-busy,1,False,0.61,0.74,echo_ms,79,0.493005
latency,herdr,other-busy,1,False,0.61,0.74,echo_ms,80,0.47833
latency,herdr,other-busy,1,False,0.61,0.74,echo_ms,81,0.73941
latency,herdr,other-busy,1,False,0.61,0.74,echo_ms,82,0.46132
latency,herdr,other-busy,1,False,0.61,0.74,echo_ms,83,1.430178
latency,herdr,other-busy,1,False,0.61,0.74,echo_ms,84,0.560581
latency,herdr,other-busy,1,False,0.61,0.74,echo_ms,85,0.491367
latency,herdr,other-busy,1,False,0.61,0.74,echo_ms,86,0.498397
latency,herdr,other-busy,1,False,0.61,0.74,echo_ms,87,0.448876
latency,herdr,other-busy,1,False,0.61,0.74,echo_ms,88,0.473831
latency,herdr,other-busy,1,False,0.61,0.74,echo_ms,89,0.506928
latency,herdr,other-busy,1,False,0.61,0.74,echo_ms,90,0.534875
latency,herdr,other-busy,1,False,0.61,0.74,echo_ms,91,0.45007
latency,herdr,other-busy,1,False,0.61,0.74,echo_ms,92,0.542095
latency,herdr,other-busy,1,False,0.61,0.74,echo_ms,93,0.524229
latency,herdr,other-busy,1,False,0.61,0.74,echo_ms,94,0.451989
latency,herdr,other-busy,1,False,0.61,0.74,echo_ms,95,0.458197
latency,herdr,other-busy,1,False,0.61,0.74,echo_ms,96,0.480746
latency,herdr,other-busy,1,False,0.61,0.74,echo_ms,97,0.484942
latency,herdr,other-busy,1,False,0.61,0.74,echo_ms,98,0.516184
latency,herdr,other-busy,1,False,0.61,0.74,echo_ms,99,0.514863
latency,herdr,other-busy,1,False,0.61,0.74,timeouts,,0
latency,thurbox,other-busy,1,False,0.74,0.86,echo_ms,0,21.747984
latency,thurbox,other-busy,1,False,0.74,0.86,echo_ms,1,42.27005
latency,thurbox,other-busy,1,False,0.74,0.86,echo_ms,2,42.684419
latency,thurbox,other-busy,1,False,0.74,0.86,echo_ms,3,42.097291
latency,thurbox,other-busy,1,False,0.74,0.86,echo_ms,4,42.459464
latency,thurbox,other-busy,1,False,0.74,0.86,echo_ms,5,11.227106
latency,thurbox,other-busy,1,False,0.74,0.86,echo_ms,6,11.073127
latency,thurbox,other-busy,1,False,0.74,0.86,echo_ms,7,42.533001
latency,thurbox,other-busy,1,False,0.74,0.86,echo_ms,8,42.251938
latency,thurbox,other-busy,1,False,0.74,0.86,echo_ms,9,42.793784
latency,thurbox,other-busy,1,False,0.74,0.86,echo_ms,10,42.414769
latency,thurbox,other-busy,1,False,0.74,0.86,echo_ms,11,42.465432
latency,thurbox,other-busy,1,False,0.74,0.86,echo_ms,12,42.486819
latency,thurbox,other-busy,1,False,0.74,0.86,echo_ms,13,11.025766
latency,thurbox,other-busy,1,False,0.74,0.86,echo_ms,14,43.068323
latency,thurbox,other-busy,1,False,0.74,0.86,echo_ms,15,42.527053
latency,thurbox,other-busy,1,False,0.74,0.86,echo_ms,16,42.173309
latency,thurbox,other-busy,1,False,0.74,0.86,echo_ms,17,42.466825
latency,thurbox,other-busy,1,False,0.74,0.86,echo_ms,18,42.175732
latency,thurbox,other-busy,1,False,0.74,0.86,echo_ms,19,42.733868
latency,thurbox,other-busy,1,False,0.74,0.86,echo_ms,20,11.434136
latency,thurbox,other-busy,1,False,0.74,0.86,echo_ms,21,42.095787
latency,thurbox,other-busy,1,False,0.74,0.86,echo_ms,22,42.713945
latency,thurbox,other-busy,1,False,0.74,0.86,echo_ms,23,42.193184
latency,thurbox,other-busy,1,False,0.74,0.86,echo_ms,24,42.377307
latency,thurbox,other-busy,1,False,0.74,0.86,echo_ms,25,42.920868
latency,thurbox,other-busy,1,False,0.74,0.86,echo_ms,26,42.545953
latency,thurbox,other-busy,1,False,0.74,0.86,echo_ms,27,11.425357
latency,thurbox,other-busy,1,False,0.74,0.86,echo_ms,28,43.191823
latency,thurbox,other-busy,1,False,0.74,0.86,echo_ms,29,21.423269
latency,thurbox,other-busy,1,False,0.74,0.86,echo_ms,30,42.512557
latency,thurbox,other-busy,1,False,0.74,0.86,echo_ms,31,11.401681
latency,thurbox,other-busy,1,False,0.74,0.86,echo_ms,32,11.086276
latency,thurbox,other-busy,1,False,0.74,0.86,echo_ms,33,42.500112
latency,thurbox,other-busy,1,False,0.74,0.86,echo_ms,34,42.043697
latency,thurbox,other-busy,1,False,0.74,0.86,echo_ms,35,43.077673
latency,thurbox,other-busy,1,False,0.74,0.86,echo_ms,36,42.629653
latency,thurbox,other-busy,1,False,0.74,0.86,echo_ms,37,42.391092
latency,thurbox,other-busy,1,False,0.74,0.86,echo_ms,38,42.459946
latency,thurbox,other-busy,1,False,0.74,0.86,echo_ms,39,42.198782
latency,thurbox,other-busy,1,False,0.74,0.86,echo_ms,40,21.815437
latency,thurbox,other-busy,1,False,0.74,0.86,echo_ms,41,42.390983
latency,thurbox,other-busy,1,False,0.74,0.86,echo_ms,42,11.11604
latency,thurbox,other-busy,1,False,0.74,0.86,echo_ms,43,11.108895
latency,thurbox,other-busy,1,False,0.74,0.86,echo_ms,44,42.914754
latency,thurbox,other-busy,1,False,0.74,0.86,echo_ms,45,42.721107
latency,thurbox,other-busy,1,False,0.74,0.86,echo_ms,46,42.441398
latency,thurbox,other-busy,1,False,0.74,0.86,echo_ms,47,42.585002
latency,thurbox,other-busy,1,False,0.74,0.86,echo_ms,48,42.217694
latency,thurbox,other-busy,1,False,0.74,0.86,echo_ms,49,42.44009
latency,thurbox,other-busy,1,False,0.74,0.86,echo_ms,50,42.194665
latency,thurbox,other-busy,1,False,0.74,0.86,echo_ms,51,42.515173
latency,thurbox,other-busy,1,False,0.74,0.86,echo_ms,52,11.03931
latency,thurbox,other-busy,1,False,0.74,0.86,echo_ms,53,21.107442
latency,thurbox,other-busy,1,False,0.74,0.86,echo_ms,54,42.489962
latency,thurbox,other-busy,1,False,0.74,0.86,echo_ms,55,11.034616
latency,thurbox,other-busy,1,False,0.74,0.86,echo_ms,56,21.262873
latency,thurbox,other-busy,1,False,0.74,0.86,echo_ms,57,22.020245
latency,thurbox,other-busy,1,False,0.74,0.86,echo_ms,58,41.933398
latency,thurbox,other-busy,1,False,0.74,0.86,echo_ms,59,42.436668
latency,thurbox,other-busy,1,False,0.74,0.86,echo_ms,60,43.15688
latency,thurbox,other-busy,1,False,0.74,0.86,echo_ms,61,11.089289
latency,thurbox,other-busy,1,False,0.74,0.86,echo_ms,62,42.407711
latency,thurbox,other-busy,1,False,0.74,0.86,echo_ms,63,11.111439
latency,thurbox,other-busy,1,False,0.74,0.86,echo_ms,64,21.19114
latency,thurbox,other-busy,1,False,0.74,0.86,echo_ms,65,23.085505
latency,thurbox,other-busy,1,False,0.74,0.86,echo_ms,66,42.469946
latency,thurbox,other-busy,1,False,0.74,0.86,echo_ms,67,11.382629
latency,thurbox,other-busy,1,False,0.74,0.86,echo_ms,68,11.1395
latency,thurbox,other-busy,1,False,0.74,0.86,echo_ms,69,42.536235
latency,thurbox,other-busy,1,False,0.74,0.86,echo_ms,70,42.819098
latency,thurbox,other-busy,1,False,0.74,0.86,echo_ms,71,42.871435
latency,thurbox,other-busy,1,False,0.74,0.86,echo_ms,72,42.536736
latency,thurbox,other-busy,1,False,0.74,0.86,echo_ms,73,11.259946
latency,thurbox,other-busy,1,False,0.74,0.86,echo_ms,74,42.154322
latency,thurbox,other-busy,1,False,0.74,0.86,echo_ms,75,11.429288
latency,thurbox,other-busy,1,False,0.74,0.86,echo_ms,76,42.251956
latency,thurbox,other-busy,1,False,0.74,0.86,echo_ms,77,11.516582
latency,thurbox,other-busy,1,False,0.74,0.86,echo_ms,78,42.559378
latency,thurbox,other-busy,1,False,0.74,0.86,echo_ms,79,42.60486
latency,thurbox,other-busy,1,False,0.74,0.86,echo_ms,80,42.023691
latency,thurbox,other-busy,1,False,0.74,0.86,echo_ms,81,42.42885
latency,thurbox,other-busy,1,False,0.74,0.86,echo_ms,82,21.148062
latency,thurbox,other-busy,1,False,0.74,0.86,echo_ms,83,21.169632
latency,thurbox,other-busy,1,False,0.74,0.86,echo_ms,84,42.36631
latency,thurbox,other-busy,1,False,0.74,0.86,echo_ms,85,22.333159
latency,thurbox,other-busy,1,False,0.74,0.86,echo_ms,86,42.210117
latency,thurbox,other-busy,1,False,0.74,0.86,echo_ms,87,42.427665
latency,thurbox,other-busy,1,False,0.74,0.86,echo_ms,88,42.134383
latency,thurbox,other-busy,1,False,0.74,0.86,echo_ms,89,21.093309
latency,thurbox,other-busy,1,False,0.74,0.86,echo_ms,90,42.379339
latency,thurbox,other-busy,1,False,0.74,0.86,echo_ms,91,11.050231
latency,thurbox,other-busy,1,False,0.74,0.86,echo_ms,92,21.14229
latency,thurbox,other-busy,1,False,0.74,0.86,echo_ms,93,42.346339
latency,thurbox,other-busy,1,False,0.74,0.86,echo_ms,94,11.106611
latency,thurbox,other-busy,1,False,0.74,0.86,echo_ms,95,21.152965
latency,thurbox,other-busy,1,False,0.74,0.86,echo_ms,96,42.550718
latency,thurbox,other-busy,1,False,0.74,0.86,echo_ms,97,42.156523
latency,thurbox,other-busy,1,False,0.74,0.86,echo_ms,98,11.08351
latency,thurbox,other-busy,1,False,0.74,0.86,echo_ms,99,43.283465
latency,thurbox,other-busy,1,False,0.74,0.86,timeouts,,0
latency,tmux,other-busy,2,False,0.86,0.96,echo_ms,0,0.728004
latency,tmux,other-busy,2,False,0.86,0.96,echo_ms,1,0.805959
latency,tmux,other-busy,2,False,0.86,0.96,echo_ms,2,0.906289
latency,tmux,other-busy,2,False,0.86,0.96,echo_ms,3,0.380477
latency,tmux,other-busy,2,False,0.86,0.96,echo_ms,4,0.873496
latency,tmux,other-busy,2,False,0.86,0.96,echo_ms,5,0.685495
latency,tmux,other-busy,2,False,0.86,0.96,echo_ms,6,1.118589
latency,tmux,other-busy,2,False,0.86,0.96,echo_ms,7,0.778853
latency,tmux,other-busy,2,False,0.86,0.96,echo_ms,8,0.743725
latency,tmux,other-busy,2,False,0.86,0.96,echo_ms,9,0.734538
latency,tmux,other-busy,2,False,0.86,0.96,echo_ms,10,0.777419
latency,tmux,other-busy,2,False,0.86,0.96,echo_ms,11,1.08391
latency,tmux,other-busy,2,False,0.86,0.96,echo_ms,12,0.249652
latency,tmux,other-busy,2,False,0.86,0.96,echo_ms,13,1.006096
latency,tmux,other-busy,2,False,0.86,0.96,echo_ms,14,0.882764
latency,tmux,other-busy,2,False,0.86,0.96,echo_ms,15,0.783237
latency,tmux,other-busy,2,False,0.86,0.96,echo_ms,16,0.798886
latency,tmux,other-busy,2,False,0.86,0.96,echo_ms,17,0.822398
latency,tmux,other-busy,2,False,0.86,0.96,echo_ms,18,0.836642
latency,tmux,other-busy,2,False,0.86,0.96,echo_ms,19,0.94769
latency,tmux,other-busy,2,False,0.86,0.96,echo_ms,20,0.948537
latency,tmux,other-busy,2,False,0.86,0.96,echo_ms,21,0.943268
latency,tmux,other-busy,2,False,0.86,0.96,echo_ms,22,0.576996
latency,tmux,other-busy,2,False,0.86,0.96,echo_ms,23,1.174061
latency,tmux,other-busy,2,False,0.86,0.96,echo_ms,24,0.856994
latency,tmux,other-busy,2,False,0.86,0.96,echo_ms,25,0.612529
latency,tmux,other-busy,2,False,0.86,0.96,echo_ms,26,0.840474
latency,tmux,other-busy,2,False,0.86,0.96,echo_ms,27,0.826436
latency,tmux,other-busy,2,False,0.86,0.96,echo_ms,28,0.952691
latency,tmux,other-busy,2,False,0.86,0.96,echo_ms,29,0.810855
latency,tmux,other-busy,2,False,0.86,0.96,echo_ms,30,0.718179
latency,tmux,other-busy,2,False,0.86,0.96,echo_ms,31,0.679009
latency,tmux,other-busy,2,False,0.86,0.96,echo_ms,32,0.737892
latency,tmux,other-busy,2,False,0.86,0.96,echo_ms,33,0.781045
latency,tmux,other-busy,2,False,0.86,0.96,echo_ms,34,0.970036
latency,tmux,other-busy,2,False,0.86,0.96,echo_ms,35,0.777294
latency,tmux,other-busy,2,False,0.86,0.96,echo_ms,36,0.718281
latency,tmux,other-busy,2,False,0.86,0.96,echo_ms,37,0.713594
latency,tmux,other-busy,2,False,0.86,0.96,echo_ms,38,0.657839
latency,tmux,other-busy,2,False,0.86,0.96,echo_ms,39,0.592905
latency,tmux,other-busy,2,False,0.86,0.96,echo_ms,40,0.979374
latency,tmux,other-busy,2,False,0.86,0.96,echo_ms,41,0.615975
latency,tmux,other-busy,2,False,0.86,0.96,echo_ms,42,0.826683
latency,tmux,other-busy,2,False,0.86,0.96,echo_ms,43,0.902173
latency,tmux,other-busy,2,False,0.86,0.96,echo_ms,44,0.925815
latency,tmux,other-busy,2,False,0.86,0.96,echo_ms,45,0.873673
latency,tmux,other-busy,2,False,0.86,0.96,echo_ms,46,1.072054
latency,tmux,other-busy,2,False,0.86,0.96,echo_ms,47,0.824547
latency,tmux,other-busy,2,False,0.86,0.96,echo_ms,48,0.808685
latency,tmux,other-busy,2,False,0.86,0.96,echo_ms,49,0.601852
latency,tmux,other-busy,2,False,0.86,0.96,echo_ms,50,0.895743
latency,tmux,other-busy,2,False,0.86,0.96,echo_ms,51,1.04553
latency,tmux,other-busy,2,False,0.86,0.96,echo_ms,52,0.739379
latency,tmux,other-busy,2,False,0.86,0.96,echo_ms,53,0.787195
latency,tmux,other-busy,2,False,0.86,0.96,echo_ms,54,0.732851
latency,tmux,other-busy,2,False,0.86,0.96,echo_ms,55,0.70325
latency,tmux,other-busy,2,False,0.86,0.96,echo_ms,56,0.947235
latency,tmux,other-busy,2,False,0.86,0.96,echo_ms,57,0.364111
latency,tmux,other-busy,2,False,0.86,0.96,echo_ms,58,0.635462
latency,tmux,other-busy,2,False,0.86,0.96,echo_ms,59,0.800318
latency,tmux,other-busy,2,False,0.86,0.96,echo_ms,60,0.907874
latency,tmux,other-busy,2,False,0.86,0.96,echo_ms,61,0.743796
latency,tmux,other-busy,2,False,0.86,0.96,echo_ms,62,0.722011
latency,tmux,other-busy,2,False,0.86,0.96,echo_ms,63,0.771019
latency,tmux,other-busy,2,False,0.86,0.96,echo_ms,64,0.848752
latency,tmux,other-busy,2,False,0.86,0.96,echo_ms,65,1.016009
latency,tmux,other-busy,2,False,0.86,0.96,echo_ms,66,0.840633
latency,tmux,other-busy,2,False,0.86,0.96,echo_ms,67,0.796331
latency,tmux,other-busy,2,False,0.86,0.96,echo_ms,68,0.683792
latency,tmux,other-busy,2,False,0.86,0.96,echo_ms,69,0.684684
latency,tmux,other-busy,2,False,0.86,0.96,echo_ms,70,0.95501
latency,tmux,other-busy,2,False,0.86,0.96,echo_ms,71,0.721151
latency,tmux,other-busy,2,False,0.86,0.96,echo_ms,72,0.920087
latency,tmux,other-busy,2,False,0.86,0.96,echo_ms,73,1.00397
latency,tmux,other-busy,2,False,0.86,0.96,echo_ms,74,0.633527
latency,tmux,other-busy,2,False,0.86,0.96,echo_ms,75,1.006721
latency,tmux,other-busy,2,False,0.86,0.96,echo_ms,76,0.934462
latency,tmux,other-busy,2,False,0.86,0.96,echo_ms,77,0.930823
latency,tmux,other-busy,2,False,0.86,0.96,echo_ms,78,0.817412
latency,tmux,other-busy,2,False,0.86,0.96,echo_ms,79,0.809858
latency,tmux,other-busy,2,False,0.86,0.96,echo_ms,80,0.647342
latency,tmux,other-busy,2,False,0.86,0.96,echo_ms,81,0.941136
latency,tmux,other-busy,2,False,0.86,0.96,echo_ms,82,0.835125
latency,tmux,other-busy,2,False,0.86,0.96,echo_ms,83,0.815673
latency,tmux,other-busy,2,False,0.86,0.96,echo_ms,84,0.872587
latency,tmux,other-busy,2,False,0.86,0.96,echo_ms,85,0.99892
latency,tmux,other-busy,2,False,0.86,0.96,echo_ms,86,0.769053
latency,tmux,other-busy,2,False,0.86,0.96,echo_ms,87,0.806636
latency,tmux,other-busy,2,False,0.86,0.96,echo_ms,88,0.701064
latency,tmux,other-busy,2,False,0.86,0.96,echo_ms,89,0.796376
latency,tmux,other-busy,2,False,0.86,0.96,echo_ms,90,0.730153
latency,tmux,other-busy,2,False,0.86,0.96,echo_ms,91,0.688397
latency,tmux,other-busy,2,False,0.86,0.96,echo_ms,92,0.953811
latency,tmux,other-busy,2,False,0.86,0.96,echo_ms,93,0.854014
latency,tmux,other-busy,2,False,0.86,0.96,echo_ms,94,0.690895
latency,tmux,other-busy,2,False,0.86,0.96,echo_ms,95,0.934385
latency,tmux,other-busy,2,False,0.86,0.96,echo_ms,96,0.941758
latency,tmux,other-busy,2,False,0.86,0.96,echo_ms,97,0.889433
latency,tmux,other-busy,2,False,0.86,0.96,echo_ms,98,0.928729
latency,tmux,other-busy,2,False,0.86,0.96,echo_ms,99,0.64733
latency,tmux,other-busy,2,False,0.86,0.96,timeouts,,0
latency,herdr,other-busy,2,False,0.96,1.11,echo_ms,0,0.441593
latency,herdr,other-busy,2,False,0.96,1.11,echo_ms,1,0.477505
latency,herdr,other-busy,2,False,0.96,1.11,echo_ms,2,0.422807
latency,herdr,other-busy,2,False,0.96,1.11,echo_ms,3,0.503545
latency,herdr,other-busy,2,False,0.96,1.11,echo_ms,4,0.485258
latency,herdr,other-busy,2,False,0.96,1.11,echo_ms,5,7.005006
latency,herdr,other-busy,2,False,0.96,1.11,echo_ms,6,0.507737
latency,herdr,other-busy,2,False,0.96,1.11,echo_ms,7,0.449572
latency,herdr,other-busy,2,False,0.96,1.11,echo_ms,8,0.421472
latency,herdr,other-busy,2,False,0.96,1.11,echo_ms,9,0.444194
latency,herdr,other-busy,2,False,0.96,1.11,echo_ms,10,0.432999
latency,herdr,other-busy,2,False,0.96,1.11,echo_ms,11,0.682845
latency,herdr,other-busy,2,False,0.96,1.11,echo_ms,12,0.47211
latency,herdr,other-busy,2,False,0.96,1.11,echo_ms,13,0.425665
latency,herdr,other-busy,2,False,0.96,1.11,echo_ms,14,0.493596
latency,herdr,other-busy,2,False,0.96,1.11,echo_ms,15,0.557748
latency,herdr,other-busy,2,False,0.96,1.11,echo_ms,16,0.497783
latency,herdr,other-busy,2,False,0.96,1.11,echo_ms,17,0.476363
latency,herdr,other-busy,2,False,0.96,1.11,echo_ms,18,0.48244
latency,herdr,other-busy,2,False,0.96,1.11,echo_ms,19,0.585356
latency,herdr,other-busy,2,False,0.96,1.11,echo_ms,20,0.555922
latency,herdr,other-busy,2,False,0.96,1.11,echo_ms,21,0.519218
latency,herdr,other-busy,2,False,0.96,1.11,echo_ms,22,0.399567
latency,herdr,other-busy,2,False,0.96,1.11,echo_ms,23,0.413055
latency,herdr,other-busy,2,False,0.96,1.11,echo_ms,24,0.500867
latency,herdr,other-busy,2,False,0.96,1.11,echo_ms,25,0.45665
latency,herdr,other-busy,2,False,0.96,1.11,echo_ms,26,0.483358
latency,herdr,other-busy,2,False,0.96,1.11,echo_ms,27,0.397816
latency,herdr,other-busy,2,False,0.96,1.11,echo_ms,28,0.41529
latency,herdr,other-busy,2,False,0.96,1.11,echo_ms,29,0.425979
latency,herdr,other-busy,2,False,0.96,1.11,echo_ms,30,0.475996
latency,herdr,other-busy,2,False,0.96,1.11,echo_ms,31,0.570353
latency,herdr,other-busy,2,False,0.96,1.11,echo_ms,32,0.466365
latency,herdr,other-busy,2,False,0.96,1.11,echo_ms,33,0.555309
latency,herdr,other-busy,2,False,0.96,1.11,echo_ms,34,0.682114
latency,herdr,other-busy,2,False,0.96,1.11,echo_ms,35,0.425482
latency,herdr,other-busy,2,False,0.96,1.11,echo_ms,36,0.477319
latency,herdr,other-busy,2,False,0.96,1.11,echo_ms,37,0.397869
latency,herdr,other-busy,2,False,0.96,1.11,echo_ms,38,0.574006
latency,herdr,other-busy,2,False,0.96,1.11,echo_ms,39,0.531492
latency,herdr,other-busy,2,False,0.96,1.11,echo_ms,40,0.425462
latency,herdr,other-busy,2,False,0.96,1.11,echo_ms,41,0.468099
latency,herdr,other-busy,2,False,0.96,1.11,echo_ms,42,0.475494
latency,herdr,other-busy,2,False,0.96,1.11,echo_ms,43,0.43097
latency,herdr,other-busy,2,False,0.96,1.11,echo_ms,44,0.417092
latency,herdr,other-busy,2,False,0.96,1.11,echo_ms,45,0.413444
latency,herdr,other-busy,2,False,0.96,1.11,echo_ms,46,0.459414
latency,herdr,other-busy,2,False,0.96,1.11,echo_ms,47,0.454901
latency,herdr,other-busy,2,False,0.96,1.11,echo_ms,48,0.551817
latency,herdr,other-busy,2,False,0.96,1.11,echo_ms,49,0.43504
latency,herdr,other-busy,2,False,0.96,1.11,echo_ms,50,0.454308
latency,herdr,other-busy,2,False,0.96,1.11,echo_ms,51,0.41612
latency,herdr,other-busy,2,False,0.96,1.11,echo_ms,52,0.448195
latency,herdr,other-busy,2,False,0.96,1.11,echo_ms,53,0.597212
latency,herdr,other-busy,2,False,0.96,1.11,echo_ms,54,0.494038
latency,herdr,other-busy,2,False,0.96,1.11,echo_ms,55,0.557371
latency,herdr,other-busy,2,False,0.96,1.11,echo_ms,56,0.420809
latency,herdr,other-busy,2,False,0.96,1.11,echo_ms,57,0.711844
latency,herdr,other-busy,2,False,0.96,1.11,echo_ms,58,0.540741
latency,herdr,other-busy,2,False,0.96,1.11,echo_ms,59,0.423544
latency,herdr,other-busy,2,False,0.96,1.11,echo_ms,60,0.491474
latency,herdr,other-busy,2,False,0.96,1.11,echo_ms,61,0.444378
latency,herdr,other-busy,2,False,0.96,1.11,echo_ms,62,0.428739
latency,herdr,other-busy,2,False,0.96,1.11,echo_ms,63,0.433849
latency,herdr,other-busy,2,False,0.96,1.11,echo_ms,64,0.410095
latency,herdr,other-busy,2,False,0.96,1.11,echo_ms,65,0.407069
latency,herdr,other-busy,2,False,0.96,1.11,echo_ms,66,0.420983
latency,herdr,other-busy,2,False,0.96,1.11,echo_ms,67,0.577283
latency,herdr,other-busy,2,False,0.96,1.11,echo_ms,68,0.457425
latency,herdr,other-busy,2,False,0.96,1.11,echo_ms,69,0.524334
latency,herdr,other-busy,2,False,0.96,1.11,echo_ms,70,0.407453
latency,herdr,other-busy,2,False,0.96,1.11,echo_ms,71,0.458307
latency,herdr,other-busy,2,False,0.96,1.11,echo_ms,72,0.465762
latency,herdr,other-busy,2,False,0.96,1.11,echo_ms,73,0.544159
latency,herdr,other-busy,2,False,0.96,1.11,echo_ms,74,0.49885
latency,herdr,other-busy,2,False,0.96,1.11,echo_ms,75,0.5291
latency,herdr,other-busy,2,False,0.96,1.11,echo_ms,76,0.416793
latency,herdr,other-busy,2,False,0.96,1.11,echo_ms,77,0.483103
latency,herdr,other-busy,2,False,0.96,1.11,echo_ms,78,0.46414
latency,herdr,other-busy,2,False,0.96,1.11,echo_ms,79,0.421331
latency,herdr,other-busy,2,False,0.96,1.11,echo_ms,80,0.568452
latency,herdr,other-busy,2,False,0.96,1.11,echo_ms,81,0.471276
latency,herdr,other-busy,2,False,0.96,1.11,echo_ms,82,0.463591
latency,herdr,other-busy,2,False,0.96,1.11,echo_ms,83,0.573719
latency,herdr,other-busy,2,False,0.96,1.11,echo_ms,84,0.45657
latency,herdr,other-busy,2,False,0.96,1.11,echo_ms,85,0.441269
latency,herdr,other-busy,2,False,0.96,1.11,echo_ms,86,0.507529
latency,herdr,other-busy,2,False,0.96,1.11,echo_ms,87,1.065249
latency,herdr,other-busy,2,False,0.96,1.11,echo_ms,88,6.464882
latency,herdr,other-busy,2,False,0.96,1.11,echo_ms,89,0.673121
latency,herdr,other-busy,2,False,0.96,1.11,echo_ms,90,0.593447
latency,herdr,other-busy,2,False,0.96,1.11,echo_ms,91,0.448715
latency,herdr,other-busy,2,False,0.96,1.11,echo_ms,92,0.448743
latency,herdr,other-busy,2,False,0.96,1.11,echo_ms,93,0.529188
latency,herdr,other-busy,2,False,0.96,1.11,echo_ms,94,0.609512
latency,herdr,other-busy,2,False,0.96,1.11,echo_ms,95,0.419657
latency,herdr,other-busy,2,False,0.96,1.11,echo_ms,96,0.471257
latency,herdr,other-busy,2,False,0.96,1.11,echo_ms,97,0.574185
latency,herdr,other-busy,2,False,0.96,1.11,echo_ms,98,0.495682
latency,herdr,other-busy,2,False,0.96,1.11,echo_ms,99,0.410767
latency,herdr,other-busy,2,False,0.96,1.11,timeouts,,0
latency,thurbox,other-busy,2,False,1.11,1.17,echo_ms,0,23.247084
latency,thurbox,other-busy,2,False,1.11,1.17,echo_ms,1,21.260634
latency,thurbox,other-busy,2,False,1.11,1.17,echo_ms,2,42.089883
latency,thurbox,other-busy,2,False,1.11,1.17,echo_ms,3,21.125734
latency,thurbox,other-busy,2,False,1.11,1.17,echo_ms,4,42.544836
latency,thurbox,other-busy,2,False,1.11,1.17,echo_ms,5,11.101089
latency,thurbox,other-busy,2,False,1.11,1.17,echo_ms,6,42.365113
latency,thurbox,other-busy,2,False,1.11,1.17,echo_ms,7,21.220271
latency,thurbox,other-busy,2,False,1.11,1.17,echo_ms,8,42.172539
latency,thurbox,other-busy,2,False,1.11,1.17,echo_ms,9,42.52328
latency,thurbox,other-busy,2,False,1.11,1.17,echo_ms,10,11.238968
latency,thurbox,other-busy,2,False,1.11,1.17,echo_ms,11,42.214276
latency,thurbox,other-busy,2,False,1.11,1.17,echo_ms,12,33.464164
latency,thurbox,other-busy,2,False,1.11,1.17,echo_ms,13,42.067315
latency,thurbox,other-busy,2,False,1.11,1.17,echo_ms,14,42.548797
latency,thurbox,other-busy,2,False,1.11,1.17,echo_ms,15,42.4401
latency,thurbox,other-busy,2,False,1.11,1.17,echo_ms,16,11.119475
latency,thurbox,other-busy,2,False,1.11,1.17,echo_ms,17,21.246291
latency,thurbox,other-busy,2,False,1.11,1.17,echo_ms,18,42.27615
latency,thurbox,other-busy,2,False,1.11,1.17,echo_ms,19,42.304475
latency,thurbox,other-busy,2,False,1.11,1.17,echo_ms,20,21.268931
latency,thurbox,other-busy,2,False,1.11,1.17,echo_ms,21,42.128006
latency,thurbox,other-busy,2,False,1.11,1.17,echo_ms,22,11.463885
latency,thurbox,other-busy,2,False,1.11,1.17,echo_ms,23,42.105302
latency,thurbox,other-busy,2,False,1.11,1.17,echo_ms,24,23.044095
latency,thurbox,other-busy,2,False,1.11,1.17,echo_ms,25,21.492817
latency,thurbox,other-busy,2,False,1.11,1.17,echo_ms,26,42.684203
latency,thurbox,other-busy,2,False,1.11,1.17,echo_ms,27,11.101579
latency,thurbox,other-busy,2,False,1.11,1.17,echo_ms,28,11.410808
latency,thurbox,other-busy,2,False,1.11,1.17,echo_ms,29,42.317572
latency,thurbox,other-busy,2,False,1.11,1.17,echo_ms,30,42.391233
latency,thurbox,other-busy,2,False,1.11,1.17,echo_ms,31,42.387763
latency,thurbox,other-busy,2,False,1.11,1.17,echo_ms,32,42.224763
latency,thurbox,other-busy,2,False,1.11,1.17,echo_ms,33,42.462747
latency,thurbox,other-busy,2,False,1.11,1.17,echo_ms,34,42.193089
latency,thurbox,other-busy,2,False,1.11,1.17,echo_ms,35,21.453506
latency,thurbox,other-busy,2,False,1.11,1.17,echo_ms,36,42.482996
latency,thurbox,other-busy,2,False,1.11,1.17,echo_ms,37,43.195218
latency,thurbox,other-busy,2,False,1.11,1.17,echo_ms,38,11.391335
latency,thurbox,other-busy,2,False,1.11,1.17,echo_ms,39,42.215497
latency,thurbox,other-busy,2,False,1.11,1.17,echo_ms,40,11.065086
latency,thurbox,other-busy,2,False,1.11,1.17,echo_ms,41,11.150338
latency,thurbox,other-busy,2,False,1.11,1.17,echo_ms,42,11.107694
latency,thurbox,other-busy,2,False,1.11,1.17,echo_ms,43,21.939595
latency,thurbox,other-busy,2,False,1.11,1.17,echo_ms,44,21.135744
latency,thurbox,other-busy,2,False,1.11,1.17,echo_ms,45,21.828911
latency,thurbox,other-busy,2,False,1.11,1.17,echo_ms,46,42.490845
latency,thurbox,other-busy,2,False,1.11,1.17,echo_ms,47,42.273047
latency,thurbox,other-busy,2,False,1.11,1.17,echo_ms,48,44.105032
latency,thurbox,other-busy,2,False,1.11,1.17,echo_ms,49,11.054804
latency,thurbox,other-busy,2,False,1.11,1.17,echo_ms,50,11.091099
latency,thurbox,other-busy,2,False,1.11,1.17,echo_ms,51,42.399761
latency,thurbox,other-busy,2,False,1.11,1.17,echo_ms,52,11.03455
latency,thurbox,other-busy,2,False,1.11,1.17,echo_ms,53,21.176206
latency,thurbox,other-busy,2,False,1.11,1.17,echo_ms,54,42.875167
latency,thurbox,other-busy,2,False,1.11,1.17,echo_ms,55,11.435602
latency,thurbox,other-busy,2,False,1.11,1.17,echo_ms,56,11.400054
latency,thurbox,other-busy,2,False,1.11,1.17,echo_ms,57,42.972546
latency,thurbox,other-busy,2,False,1.11,1.17,echo_ms,58,11.040817
latency,thurbox,other-busy,2,False,1.11,1.17,echo_ms,59,21.220236
latency,thurbox,other-busy,2,False,1.11,1.17,echo_ms,60,21.162946
latency,thurbox,other-busy,2,False,1.11,1.17,echo_ms,61,42.553301
latency,thurbox,other-busy,2,False,1.11,1.17,echo_ms,62,11.64413
latency,thurbox,other-busy,2,False,1.11,1.17,echo_ms,63,42.484169
latency,thurbox,other-busy,2,False,1.11,1.17,echo_ms,64,11.380978
latency,thurbox,other-busy,2,False,1.11,1.17,echo_ms,65,42.181311
latency,thurbox,other-busy,2,False,1.11,1.17,echo_ms,66,42.918864
latency,thurbox,other-busy,2,False,1.11,1.17,echo_ms,67,11.39565
latency,thurbox,other-busy,2,False,1.11,1.17,echo_ms,68,21.120538
latency,thurbox,other-busy,2,False,1.11,1.17,echo_ms,69,42.316362
latency,thurbox,other-busy,2,False,1.11,1.17,echo_ms,70,42.726082
latency,thurbox,other-busy,2,False,1.11,1.17,echo_ms,71,42.253277
latency,thurbox,other-busy,2,False,1.11,1.17,echo_ms,72,21.737738
latency,thurbox,other-busy,2,False,1.11,1.17,echo_ms,73,21.181851
latency,thurbox,other-busy,2,False,1.11,1.17,echo_ms,74,21.191735
latency,thurbox,other-busy,2,False,1.11,1.17,echo_ms,75,11.050034
latency,thurbox,other-busy,2,False,1.11,1.17,echo_ms,76,11.007317
latency,thurbox,other-busy,2,False,1.11,1.17,echo_ms,77,42.352038
latency,thurbox,other-busy,2,False,1.11,1.17,echo_ms,78,42.15059
latency,thurbox,other-busy,2,False,1.11,1.17,echo_ms,79,11.081179
latency,thurbox,other-busy,2,False,1.11,1.17,echo_ms,80,21.131735
latency,thurbox,other-busy,2,False,1.11,1.17,echo_ms,81,42.365679
latency,thurbox,other-busy,2,False,1.11,1.17,echo_ms,82,42.358265
latency,thurbox,other-busy,2,False,1.11,1.17,echo_ms,83,42.485666
latency,thurbox,other-busy,2,False,1.11,1.17,echo_ms,84,11.595546
latency,thurbox,other-busy,2,False,1.11,1.17,echo_ms,85,42.201155
latency,thurbox,other-busy,2,False,1.11,1.17,echo_ms,86,21.131159
latency,thurbox,other-busy,2,False,1.11,1.17,echo_ms,87,42.857872
latency,thurbox,other-busy,2,False,1.11,1.17,echo_ms,88,42.3798
latency,thurbox,other-busy,2,False,1.11,1.17,echo_ms,89,11.098521
latency,thurbox,other-busy,2,False,1.11,1.17,echo_ms,90,21.453858
latency,thurbox,other-busy,2,False,1.11,1.17,echo_ms,91,11.075752
latency,thurbox,other-busy,2,False,1.11,1.17,echo_ms,92,42.573873
latency,thurbox,other-busy,2,False,1.11,1.17,echo_ms,93,42.44338
latency,thurbox,other-busy,2,False,1.11,1.17,echo_ms,94,42.362157
latency,thurbox,other-busy,2,False,1.11,1.17,echo_ms,95,21.135268
latency,thurbox,other-busy,2,False,1.11,1.17,echo_ms,96,11.069553
latency,thurbox,other-busy,2,False,1.11,1.17,echo_ms,97,43.214722
latency,thurbox,other-busy,2,False,1.11,1.17,echo_ms,98,11.498009
latency,thurbox,other-busy,2,False,1.11,1.17,echo_ms,99,32.985823
latency,thurbox,other-busy,2,False,1.11,1.17,timeouts,,0
latency,tmux,other-busy,3,False,1.17,1.14,echo_ms,0,0.953245
latency,tmux,other-busy,3,False,1.17,1.14,echo_ms,1,0.679247
latency,tmux,other-busy,3,False,1.17,1.14,echo_ms,2,1.009002
latency,tmux,other-busy,3,False,1.17,1.14,echo_ms,3,0.69847
latency,tmux,other-busy,3,False,1.17,1.14,echo_ms,4,0.941161
latency,tmux,other-busy,3,False,1.17,1.14,echo_ms,5,1.07938
latency,tmux,other-busy,3,False,1.17,1.14,echo_ms,6,0.910556
latency,tmux,other-busy,3,False,1.17,1.14,echo_ms,7,0.74856
latency,tmux,other-busy,3,False,1.17,1.14,echo_ms,8,0.718311
latency,tmux,other-busy,3,False,1.17,1.14,echo_ms,9,0.889043
latency,tmux,other-busy,3,False,1.17,1.14,echo_ms,10,0.998864
latency,tmux,other-busy,3,False,1.17,1.14,echo_ms,11,0.649289
latency,tmux,other-busy,3,False,1.17,1.14,echo_ms,12,0.925284
latency,tmux,other-busy,3,False,1.17,1.14,echo_ms,13,0.63233
latency,tmux,other-busy,3,False,1.17,1.14,echo_ms,14,0.882365
latency,tmux,other-busy,3,False,1.17,1.14,echo_ms,15,0.629423
latency,tmux,other-busy,3,False,1.17,1.14,echo_ms,16,0.789248
latency,tmux,other-busy,3,False,1.17,1.14,echo_ms,17,0.676105
latency,tmux,other-busy,3,False,1.17,1.14,echo_ms,18,0.853999
latency,tmux,other-busy,3,False,1.17,1.14,echo_ms,19,0.918412
latency,tmux,other-busy,3,False,1.17,1.14,echo_ms,20,0.826209
latency,tmux,other-busy,3,False,1.17,1.14,echo_ms,21,0.844526
latency,tmux,other-busy,3,False,1.17,1.14,echo_ms,22,0.78407
latency,tmux,other-busy,3,False,1.17,1.14,echo_ms,23,0.92667
latency,tmux,other-busy,3,False,1.17,1.14,echo_ms,24,0.397677
latency,tmux,other-busy,3,False,1.17,1.14,echo_ms,25,0.913797
latency,tmux,other-busy,3,False,1.17,1.14,echo_ms,26,0.661363
latency,tmux,other-busy,3,False,1.17,1.14,echo_ms,27,0.82394
latency,tmux,other-busy,3,False,1.17,1.14,echo_ms,28,0.719836
latency,tmux,other-busy,3,False,1.17,1.14,echo_ms,29,0.944392
latency,tmux,other-busy,3,False,1.17,1.14,echo_ms,30,1.213332
latency,tmux,other-busy,3,False,1.17,1.14,echo_ms,31,0.61283
latency,tmux,other-busy,3,False,1.17,1.14,echo_ms,32,0.642559
latency,tmux,other-busy,3,False,1.17,1.14,echo_ms,33,0.695864
latency,tmux,other-busy,3,False,1.17,1.14,echo_ms,34,0.776095
latency,tmux,other-busy,3,False,1.17,1.14,echo_ms,35,0.814827
latency,tmux,other-busy,3,False,1.17,1.14,echo_ms,36,0.887746
latency,tmux,other-busy,3,False,1.17,1.14,echo_ms,37,0.793445
latency,tmux,other-busy,3,False,1.17,1.14,echo_ms,38,0.622518
latency,tmux,other-busy,3,False,1.17,1.14,echo_ms,39,0.728577
latency,tmux,other-busy,3,False,1.17,1.14,echo_ms,40,0.636259
latency,tmux,other-busy,3,False,1.17,1.14,echo_ms,41,0.962598
latency,tmux,other-busy,3,False,1.17,1.14,echo_ms,42,0.737716
latency,tmux,other-busy,3,False,1.17,1.14,echo_ms,43,0.834403
latency,tmux,other-busy,3,False,1.17,1.14,echo_ms,44,0.18051
latency,tmux,other-busy,3,False,1.17,1.14,echo_ms,45,0.765918
latency,tmux,other-busy,3,False,1.17,1.14,echo_ms,46,0.934417
latency,tmux,other-busy,3,False,1.17,1.14,echo_ms,47,1.08324
latency,tmux,other-busy,3,False,1.17,1.14,echo_ms,48,0.968199
latency,tmux,other-busy,3,False,1.17,1.14,echo_ms,49,0.773679
latency,tmux,other-busy,3,False,1.17,1.14,echo_ms,50,0.853295
latency,tmux,other-busy,3,False,1.17,1.14,echo_ms,51,0.931398
latency,tmux,other-busy,3,False,1.17,1.14,echo_ms,52,0.679432
latency,tmux,other-busy,3,False,1.17,1.14,echo_ms,53,0.814516
latency,tmux,other-busy,3,False,1.17,1.14,echo_ms,54,0.759875
latency,tmux,other-busy,3,False,1.17,1.14,echo_ms,55,0.804513
latency,tmux,other-busy,3,False,1.17,1.14,echo_ms,56,0.7841
latency,tmux,other-busy,3,False,1.17,1.14,echo_ms,57,1.037697
latency,tmux,other-busy,3,False,1.17,1.14,echo_ms,58,0.852621
latency,tmux,other-busy,3,False,1.17,1.14,echo_ms,59,0.947463
latency,tmux,other-busy,3,False,1.17,1.14,echo_ms,60,0.670046
latency,tmux,other-busy,3,False,1.17,1.14,echo_ms,61,1.221158
latency,tmux,other-busy,3,False,1.17,1.14,echo_ms,62,0.940142
latency,tmux,other-busy,3,False,1.17,1.14,echo_ms,63,0.678582
latency,tmux,other-busy,3,False,1.17,1.14,echo_ms,64,0.707565
latency,tmux,other-busy,3,False,1.17,1.14,echo_ms,65,0.834254
latency,tmux,other-busy,3,False,1.17,1.14,echo_ms,66,0.927439
latency,tmux,other-busy,3,False,1.17,1.14,echo_ms,67,0.77168
latency,tmux,other-busy,3,False,1.17,1.14,echo_ms,68,0.783458
latency,tmux,other-busy,3,False,1.17,1.14,echo_ms,69,0.938746
latency,tmux,other-busy,3,False,1.17,1.14,echo_ms,70,0.83471
latency,tmux,other-busy,3,False,1.17,1.14,echo_ms,71,0.956294
latency,tmux,other-busy,3,False,1.17,1.14,echo_ms,72,0.920814
latency,tmux,other-busy,3,False,1.17,1.14,echo_ms,73,0.67178
latency,tmux,other-busy,3,False,1.17,1.14,echo_ms,74,1.062619
latency,tmux,other-busy,3,False,1.17,1.14,echo_ms,75,0.180952
latency,tmux,other-busy,3,False,1.17,1.14,echo_ms,76,0.775572
latency,tmux,other-busy,3,False,1.17,1.14,echo_ms,77,0.867864
latency,tmux,other-busy,3,False,1.17,1.14,echo_ms,78,1.267717
latency,tmux,other-busy,3,False,1.17,1.14,echo_ms,79,0.693659
latency,tmux,other-busy,3,False,1.17,1.14,echo_ms,80,0.724871
latency,tmux,other-busy,3,False,1.17,1.14,echo_ms,81,0.897584
latency,tmux,other-busy,3,False,1.17,1.14,echo_ms,82,0.898235
latency,tmux,other-busy,3,False,1.17,1.14,echo_ms,83,0.993228
latency,tmux,other-busy,3,False,1.17,1.14,echo_ms,84,0.926044
latency,tmux,other-busy,3,False,1.17,1.14,echo_ms,85,0.748997
latency,tmux,other-busy,3,False,1.17,1.14,echo_ms,86,0.739335
latency,tmux,other-busy,3,False,1.17,1.14,echo_ms,87,0.724327
latency,tmux,other-busy,3,False,1.17,1.14,echo_ms,88,0.716716
latency,tmux,other-busy,3,False,1.17,1.14,echo_ms,89,0.892114
latency,tmux,other-busy,3,False,1.17,1.14,echo_ms,90,0.746512
latency,tmux,other-busy,3,False,1.17,1.14,echo_ms,91,0.813219
latency,tmux,other-busy,3,False,1.17,1.14,echo_ms,92,1.003022
latency,tmux,other-busy,3,False,1.17,1.14,echo_ms,93,0.817321
latency,tmux,other-busy,3,False,1.17,1.14,echo_ms,94,0.769889
latency,tmux,other-busy,3,False,1.17,1.14,echo_ms,95,0.80278
latency,tmux,other-busy,3,False,1.17,1.14,echo_ms,96,0.585077
latency,tmux,other-busy,3,False,1.17,1.14,echo_ms,97,0.662109
latency,tmux,other-busy,3,False,1.17,1.14,echo_ms,98,0.847709
latency,tmux,other-busy,3,False,1.17,1.14,echo_ms,99,0.912592
latency,tmux,other-busy,3,False,1.17,1.14,timeouts,,0
latency,herdr,other-busy,3,False,1.14,1.12,echo_ms,0,0.554748
latency,herdr,other-busy,3,False,1.14,1.12,echo_ms,1,0.557516
latency,herdr,other-busy,3,False,1.14,1.12,echo_ms,2,0.429601
latency,herdr,other-busy,3,False,1.14,1.12,echo_ms,3,0.418028
latency,herdr,other-busy,3,False,1.14,1.12,echo_ms,4,0.435777
latency,herdr,other-busy,3,False,1.14,1.12,echo_ms,5,0.470883
latency,herdr,other-busy,3,False,1.14,1.12,echo_ms,6,0.482291
latency,herdr,other-busy,3,False,1.14,1.12,echo_ms,7,0.443003
latency,herdr,other-busy,3,False,1.14,1.12,echo_ms,8,0.48034
latency,herdr,other-busy,3,False,1.14,1.12,echo_ms,9,0.438793
latency,herdr,other-busy,3,False,1.14,1.12,echo_ms,10,0.429768
latency,herdr,other-busy,3,False,1.14,1.12,echo_ms,11,0.451933
latency,herdr,other-busy,3,False,1.14,1.12,echo_ms,12,0.524714
latency,herdr,other-busy,3,False,1.14,1.12,echo_ms,13,0.509315
latency,herdr,other-busy,3,False,1.14,1.12,echo_ms,14,0.441144
latency,herdr,other-busy,3,False,1.14,1.12,echo_ms,15,0.525672
latency,herdr,other-busy,3,False,1.14,1.12,echo_ms,16,0.467929
latency,herdr,other-busy,3,False,1.14,1.12,echo_ms,17,0.509088
latency,herdr,other-busy,3,False,1.14,1.12,echo_ms,18,0.436191
latency,herdr,other-busy,3,False,1.14,1.12,echo_ms,19,0.449236
latency,herdr,other-busy,3,False,1.14,1.12,echo_ms,20,0.447081
latency,herdr,other-busy,3,False,1.14,1.12,echo_ms,21,0.426158
latency,herdr,other-busy,3,False,1.14,1.12,echo_ms,22,0.421319
latency,herdr,other-busy,3,False,1.14,1.12,echo_ms,23,0.449976
latency,herdr,other-busy,3,False,1.14,1.12,echo_ms,24,0.491056
latency,herdr,other-busy,3,False,1.14,1.12,echo_ms,25,0.470358
latency,herdr,other-busy,3,False,1.14,1.12,echo_ms,26,0.488274
latency,herdr,other-busy,3,False,1.14,1.12,echo_ms,27,0.484763
latency,herdr,other-busy,3,False,1.14,1.12,echo_ms,28,0.473476
latency,herdr,other-busy,3,False,1.14,1.12,echo_ms,29,0.450404
latency,herdr,other-busy,3,False,1.14,1.12,echo_ms,30,0.465517
latency,herdr,other-busy,3,False,1.14,1.12,echo_ms,31,0.478841
latency,herdr,other-busy,3,False,1.14,1.12,echo_ms,32,0.522301
latency,herdr,other-busy,3,False,1.14,1.12,echo_ms,33,0.876165
latency,herdr,other-busy,3,False,1.14,1.12,echo_ms,34,0.672452
latency,herdr,other-busy,3,False,1.14,1.12,echo_ms,35,0.494193
latency,herdr,other-busy,3,False,1.14,1.12,echo_ms,36,0.420732
latency,herdr,other-busy,3,False,1.14,1.12,echo_ms,37,0.441571
latency,herdr,other-busy,3,False,1.14,1.12,echo_ms,38,0.460995
latency,herdr,other-busy,3,False,1.14,1.12,echo_ms,39,0.432336
latency,herdr,other-busy,3,False,1.14,1.12,echo_ms,40,0.500152
latency,herdr,other-busy,3,False,1.14,1.12,echo_ms,41,0.422785
latency,herdr,other-busy,3,False,1.14,1.12,echo_ms,42,0.47442
latency,herdr,other-busy,3,False,1.14,1.12,echo_ms,43,0.49277
latency,herdr,other-busy,3,False,1.14,1.12,echo_ms,44,0.443807
latency,herdr,other-busy,3,False,1.14,1.12,echo_ms,45,0.439744
latency,herdr,other-busy,3,False,1.14,1.12,echo_ms,46,0.518767
latency,herdr,other-busy,3,False,1.14,1.12,echo_ms,47,0.446921
latency,herdr,other-busy,3,False,1.14,1.12,echo_ms,48,0.517908
latency,herdr,other-busy,3,False,1.14,1.12,echo_ms,49,0.530559
latency,herdr,other-busy,3,False,1.14,1.12,echo_ms,50,0.491617
latency,herdr,other-busy,3,False,1.14,1.12,echo_ms,51,0.543046
latency,herdr,other-busy,3,False,1.14,1.12,echo_ms,52,0.730037
latency,herdr,other-busy,3,False,1.14,1.12,echo_ms,53,0.452766
latency,herdr,other-busy,3,False,1.14,1.12,echo_ms,54,0.475706
latency,herdr,other-busy,3,False,1.14,1.12,echo_ms,55,0.491987
latency,herdr,other-busy,3,False,1.14,1.12,echo_ms,56,0.535555
latency,herdr,other-busy,3,False,1.14,1.12,echo_ms,57,0.415143
latency,herdr,other-busy,3,False,1.14,1.12,echo_ms,58,0.544384
latency,herdr,other-busy,3,False,1.14,1.12,echo_ms,59,0.456699
latency,herdr,other-busy,3,False,1.14,1.12,echo_ms,60,0.527431
latency,herdr,other-busy,3,False,1.14,1.12,echo_ms,61,0.439722
latency,herdr,other-busy,3,False,1.14,1.12,echo_ms,62,0.408138
latency,herdr,other-busy,3,False,1.14,1.12,echo_ms,63,0.423082
latency,herdr,other-busy,3,False,1.14,1.12,echo_ms,64,0.417896
latency,herdr,other-busy,3,False,1.14,1.12,echo_ms,65,0.493846
latency,herdr,other-busy,3,False,1.14,1.12,echo_ms,66,0.490224
latency,herdr,other-busy,3,False,1.14,1.12,echo_ms,67,0.474552
latency,herdr,other-busy,3,False,1.14,1.12,echo_ms,68,0.435789
latency,herdr,other-busy,3,False,1.14,1.12,echo_ms,69,0.446549
latency,herdr,other-busy,3,False,1.14,1.12,echo_ms,70,0.581723
latency,herdr,other-busy,3,False,1.14,1.12,echo_ms,71,0.444964
latency,herdr,other-busy,3,False,1.14,1.12,echo_ms,72,0.445707
latency,herdr,other-busy,3,False,1.14,1.12,echo_ms,73,0.458638
latency,herdr,other-busy,3,False,1.14,1.12,echo_ms,74,0.464509
latency,herdr,other-busy,3,False,1.14,1.12,echo_ms,75,0.525581
latency,herdr,other-busy,3,False,1.14,1.12,echo_ms,76,0.796451
latency,herdr,other-busy,3,False,1.14,1.12,echo_ms,77,0.562556
latency,herdr,other-busy,3,False,1.14,1.12,echo_ms,78,0.664793
latency,herdr,other-busy,3,False,1.14,1.12,echo_ms,79,0.51664
latency,herdr,other-busy,3,False,1.14,1.12,echo_ms,80,0.506289
latency,herdr,other-busy,3,False,1.14,1.12,echo_ms,81,0.55758
latency,herdr,other-busy,3,False,1.14,1.12,echo_ms,82,0.407018
latency,herdr,other-busy,3,False,1.14,1.12,echo_ms,83,0.484795
latency,herdr,other-busy,3,False,1.14,1.12,echo_ms,84,0.462192
latency,herdr,other-busy,3,False,1.14,1.12,echo_ms,85,0.425993
latency,herdr,other-busy,3,False,1.14,1.12,echo_ms,86,0.504749
latency,herdr,other-busy,3,False,1.14,1.12,echo_ms,87,0.542243
latency,herdr,other-busy,3,False,1.14,1.12,echo_ms,88,0.422188
latency,herdr,other-busy,3,False,1.14,1.12,echo_ms,89,0.417074
latency,herdr,other-busy,3,False,1.14,1.12,echo_ms,90,0.437961
latency,herdr,other-busy,3,False,1.14,1.12,echo_ms,91,0.435309
latency,herdr,other-busy,3,False,1.14,1.12,echo_ms,92,0.756487
latency,herdr,other-busy,3,False,1.14,1.12,echo_ms,93,0.441492
latency,herdr,other-busy,3,False,1.14,1.12,echo_ms,94,0.481333
latency,herdr,other-busy,3,False,1.14,1.12,echo_ms,95,0.419745
latency,herdr,other-busy,3,False,1.14,1.12,echo_ms,96,0.444659
latency,herdr,other-busy,3,False,1.14,1.12,echo_ms,97,0.427623
latency,herdr,other-busy,3,False,1.14,1.12,echo_ms,98,0.466389
latency,herdr,other-busy,3,False,1.14,1.12,echo_ms,99,0.470215
latency,herdr,other-busy,3,False,1.14,1.12,timeouts,,0
latency,thurbox,other-busy,3,False,1.12,1.18,echo_ms,0,42.466958
latency,thurbox,other-busy,3,False,1.12,1.18,echo_ms,1,21.134475
latency,thurbox,other-busy,3,False,1.12,1.18,echo_ms,2,42.459903
latency,thurbox,other-busy,3,False,1.12,1.18,echo_ms,3,11.056286
latency,thurbox,other-busy,3,False,1.12,1.18,echo_ms,4,42.074523
latency,thurbox,other-busy,3,False,1.12,1.18,echo_ms,5,42.591643
latency,thurbox,other-busy,3,False,1.12,1.18,echo_ms,6,42.249251
latency,thurbox,other-busy,3,False,1.12,1.18,echo_ms,7,11.048044
latency,thurbox,other-busy,3,False,1.12,1.18,echo_ms,8,11.114923
latency,thurbox,other-busy,3,False,1.12,1.18,echo_ms,9,42.237315
latency,thurbox,other-busy,3,False,1.12,1.18,echo_ms,10,43.114573
latency,thurbox,other-busy,3,False,1.12,1.18,echo_ms,11,21.202179
latency,thurbox,other-busy,3,False,1.12,1.18,echo_ms,12,42.266997
latency,thurbox,other-busy,3,False,1.12,1.18,echo_ms,13,42.68718
latency,thurbox,other-busy,3,False,1.12,1.18,echo_ms,14,42.440986
latency,thurbox,other-busy,3,False,1.12,1.18,echo_ms,15,42.11969
latency,thurbox,other-busy,3,False,1.12,1.18,echo_ms,16,42.698896
latency,thurbox,other-busy,3,False,1.12,1.18,echo_ms,17,42.165774
latency,thurbox,other-busy,3,False,1.12,1.18,echo_ms,18,42.37107
latency,thurbox,other-busy,3,False,1.12,1.18,echo_ms,19,43.034653
latency,thurbox,other-busy,3,False,1.12,1.18,echo_ms,20,42.460859
latency,thurbox,other-busy,3,False,1.12,1.18,echo_ms,21,21.153786
latency,thurbox,other-busy,3,False,1.12,1.18,echo_ms,22,42.035119
latency,thurbox,other-busy,3,False,1.12,1.18,echo_ms,23,42.554215
latency,thurbox,other-busy,3,False,1.12,1.18,echo_ms,24,42.303413
latency,thurbox,other-busy,3,False,1.12,1.18,echo_ms,25,21.881808
latency,thurbox,other-busy,3,False,1.12,1.18,echo_ms,26,10.982784
latency,thurbox,other-busy,3,False,1.12,1.18,echo_ms,27,42.598829
latency,thurbox,other-busy,3,False,1.12,1.18,echo_ms,28,11.031947
latency,thurbox,other-busy,3,False,1.12,1.18,echo_ms,29,42.998831
latency,thurbox,other-busy,3,False,1.12,1.18,echo_ms,30,11.47492
latency,thurbox,other-busy,3,False,1.12,1.18,echo_ms,31,42.141783
latency,thurbox,other-busy,3,False,1.12,1.18,echo_ms,32,11.043784
latency,thurbox,other-busy,3,False,1.12,1.18,echo_ms,33,42.463752
latency,thurbox,other-busy,3,False,1.12,1.18,echo_ms,34,11.073553
latency,thurbox,other-busy,3,False,1.12,1.18,echo_ms,35,42.502982
latency,thurbox,other-busy,3,False,1.12,1.18,echo_ms,36,42.507053
latency,thurbox,other-busy,3,False,1.12,1.18,echo_ms,37,42.174278
latency,thurbox,other-busy,3,False,1.12,1.18,echo_ms,38,11.362139
latency,thurbox,other-busy,3,False,1.12,1.18,echo_ms,39,42.519868
latency,thurbox,other-busy,3,False,1.12,1.18,echo_ms,40,42.0298
latency,thurbox,other-busy,3,False,1.12,1.18,echo_ms,41,21.542884
latency,thurbox,other-busy,3,False,1.12,1.18,echo_ms,42,21.207857
latency,thurbox,other-busy,3,False,1.12,1.18,echo_ms,43,21.695969
latency,thurbox,other-busy,3,False,1.12,1.18,echo_ms,44,11.094317
latency,thurbox,other-busy,3,False,1.12,1.18,echo_ms,45,42.534171
latency,thurbox,other-busy,3,False,1.12,1.18,echo_ms,46,42.605894
latency,thurbox,other-busy,3,False,1.12,1.18,echo_ms,47,11.087644
latency,thurbox,other-busy,3,False,1.12,1.18,echo_ms,48,11.435532
latency,thurbox,other-busy,3,False,1.12,1.18,echo_ms,49,42.196798
latency,thurbox,other-busy,3,False,1.12,1.18,echo_ms,50,1.565985
latency,thurbox,other-busy,3,False,1.12,1.18,echo_ms,51,21.146096
latency,thurbox,other-busy,3,False,1.12,1.18,echo_ms,52,21.862886
latency,thurbox,other-busy,3,False,1.12,1.18,echo_ms,53,43.006408
latency,thurbox,other-busy,3,False,1.12,1.18,echo_ms,54,11.475416
latency,thurbox,other-busy,3,False,1.12,1.18,echo_ms,55,21.172365
latency,thurbox,other-busy,3,False,1.12,1.18,echo_ms,56,11.141373
latency,thurbox,other-busy,3,False,1.12,1.18,echo_ms,57,42.360931
latency,thurbox,other-busy,3,False,1.12,1.18,echo_ms,58,21.112852
latency,thurbox,other-busy,3,False,1.12,1.18,echo_ms,59,42.200704
latency,thurbox,other-busy,3,False,1.12,1.18,echo_ms,60,42.593743
latency,thurbox,other-busy,3,False,1.12,1.18,echo_ms,61,42.343607
latency,thurbox,other-busy,3,False,1.12,1.18,echo_ms,62,42.426193
latency,thurbox,other-busy,3,False,1.12,1.18,echo_ms,63,11.193264
latency,thurbox,other-busy,3,False,1.12,1.18,echo_ms,64,11.10283
latency,thurbox,other-busy,3,False,1.12,1.18,echo_ms,65,42.910597
latency,thurbox,other-busy,3,False,1.12,1.18,echo_ms,66,21.265208
latency,thurbox,other-busy,3,False,1.12,1.18,echo_ms,67,42.089237
latency,thurbox,other-busy,3,False,1.12,1.18,echo_ms,68,21.695521
latency,thurbox,other-busy,3,False,1.12,1.18,echo_ms,69,43.334475
latency,thurbox,other-busy,3,False,1.12,1.18,echo_ms,70,42.30617
latency,thurbox,other-busy,3,False,1.12,1.18,echo_ms,71,11.090163
latency,thurbox,other-busy,3,False,1.12,1.18,echo_ms,72,11.060005
latency,thurbox,other-busy,3,False,1.12,1.18,echo_ms,73,42.451672
latency,thurbox,other-busy,3,False,1.12,1.18,echo_ms,74,42.382699
latency,thurbox,other-busy,3,False,1.12,1.18,echo_ms,75,42.47349
latency,thurbox,other-busy,3,False,1.12,1.18,echo_ms,76,21.136317
latency,thurbox,other-busy,3,False,1.12,1.18,echo_ms,77,11.087008
latency,thurbox,other-busy,3,False,1.12,1.18,echo_ms,78,42.089354
latency,thurbox,other-busy,3,False,1.12,1.18,echo_ms,79,42.464368
latency,thurbox,other-busy,3,False,1.12,1.18,echo_ms,80,43.417064
latency,thurbox,other-busy,3,False,1.12,1.18,echo_ms,81,42.612953
latency,thurbox,other-busy,3,False,1.12,1.18,echo_ms,82,42.484596
latency,thurbox,other-busy,3,False,1.12,1.18,echo_ms,83,11.046922
latency,thurbox,other-busy,3,False,1.12,1.18,echo_ms,84,21.098992
latency,thurbox,other-busy,3,False,1.12,1.18,echo_ms,85,11.311876
latency,thurbox,other-busy,3,False,1.12,1.18,echo_ms,86,21.206658
latency,thurbox,other-busy,3,False,1.12,1.18,echo_ms,87,42.345488
latency,thurbox,other-busy,3,False,1.12,1.18,echo_ms,88,42.347564
latency,thurbox,other-busy,3,False,1.12,1.18,echo_ms,89,22.482971
latency,thurbox,other-busy,3,False,1.12,1.18,echo_ms,90,42.460896
latency,thurbox,other-busy,3,False,1.12,1.18,echo_ms,91,11.064717
latency,thurbox,other-busy,3,False,1.12,1.18,echo_ms,92,11.065382
latency,thurbox,other-busy,3,False,1.12,1.18,echo_ms,93,21.240496
latency,thurbox,other-busy,3,False,1.12,1.18,echo_ms,94,42.461543
latency,thurbox,other-busy,3,False,1.12,1.18,echo_ms,95,42.097551
latency,thurbox,other-busy,3,False,1.12,1.18,echo_ms,96,42.695156
latency,thurbox,other-busy,3,False,1.12,1.18,echo_ms,97,11.468651
latency,thurbox,other-busy,3,False,1.12,1.18,echo_ms,98,11.114831
latency,thurbox,other-busy,3,False,1.12,1.18,echo_ms,99,42.443315
latency,thurbox,other-busy,3,False,1.12,1.18,timeouts,,0
latency,tmux,other-busy,4,False,1.18,1.15,echo_ms,0,0.651086
latency,tmux,other-busy,4,False,1.18,1.15,echo_ms,1,0.254621
latency,tmux,other-busy,4,False,1.18,1.15,echo_ms,2,0.637793
latency,tmux,other-busy,4,False,1.18,1.15,echo_ms,3,0.860577
latency,tmux,other-busy,4,False,1.18,1.15,echo_ms,4,0.941311
latency,tmux,other-busy,4,False,1.18,1.15,echo_ms,5,0.944715
latency,tmux,other-busy,4,False,1.18,1.15,echo_ms,6,0.886949
latency,tmux,other-busy,4,False,1.18,1.15,echo_ms,7,0.74256
latency,tmux,other-busy,4,False,1.18,1.15,echo_ms,8,0.849614
latency,tmux,other-busy,4,False,1.18,1.15,echo_ms,9,0.844766
latency,tmux,other-busy,4,False,1.18,1.15,echo_ms,10,0.77352
latency,tmux,other-busy,4,False,1.18,1.15,echo_ms,11,0.734176
latency,tmux,other-busy,4,False,1.18,1.15,echo_ms,12,0.689643
latency,tmux,other-busy,4,False,1.18,1.15,echo_ms,13,0.926496
latency,tmux,other-busy,4,False,1.18,1.15,echo_ms,14,0.579761
latency,tmux,other-busy,4,False,1.18,1.15,echo_ms,15,1.205895
latency,tmux,other-busy,4,False,1.18,1.15,echo_ms,16,0.802501
latency,tmux,other-busy,4,False,1.18,1.15,echo_ms,17,0.870202
latency,tmux,other-busy,4,False,1.18,1.15,echo_ms,18,1.078392
latency,tmux,other-busy,4,False,1.18,1.15,echo_ms,19,0.977856
latency,tmux,other-busy,4,False,1.18,1.15,echo_ms,20,0.895911
latency,tmux,other-busy,4,False,1.18,1.15,echo_ms,21,0.66611
latency,tmux,other-busy,4,False,1.18,1.15,echo_ms,22,0.739001
latency,tmux,other-busy,4,False,1.18,1.15,echo_ms,23,0.896514
latency,tmux,other-busy,4,False,1.18,1.15,echo_ms,24,0.929547
latency,tmux,other-busy,4,False,1.18,1.15,echo_ms,25,0.856569
latency,tmux,other-busy,4,False,1.18,1.15,echo_ms,26,0.762467
latency,tmux,other-busy,4,False,1.18,1.15,echo_ms,27,0.772308
latency,tmux,other-busy,4,False,1.18,1.15,echo_ms,28,1.147365
latency,tmux,other-busy,4,False,1.18,1.15,echo_ms,29,1.133331
latency,tmux,other-busy,4,False,1.18,1.15,echo_ms,30,0.926437
latency,tmux,other-busy,4,False,1.18,1.15,echo_ms,31,0.999248
latency,tmux,other-busy,4,False,1.18,1.15,echo_ms,32,0.924338
latency,tmux,other-busy,4,False,1.18,1.15,echo_ms,33,1.141504
latency,tmux,other-busy,4,False,1.18,1.15,echo_ms,34,0.80176
latency,tmux,other-busy,4,False,1.18,1.15,echo_ms,35,0.732889
latency,tmux,other-busy,4,False,1.18,1.15,echo_ms,36,0.940498
latency,tmux,other-busy,4,False,1.18,1.15,echo_ms,37,0.907923
latency,tmux,other-busy,4,False,1.18,1.15,echo_ms,38,0.739769
latency,tmux,other-busy,4,False,1.18,1.15,echo_ms,39,1.007487
latency,tmux,other-busy,4,False,1.18,1.15,echo_ms,40,0.90965
latency,tmux,other-busy,4,False,1.18,1.15,echo_ms,41,0.912189
latency,tmux,other-busy,4,False,1.18,1.15,echo_ms,42,0.933642
latency,tmux,other-busy,4,False,1.18,1.15,echo_ms,43,0.986311
latency,tmux,other-busy,4,False,1.18,1.15,echo_ms,44,0.702204
latency,tmux,other-busy,4,False,1.18,1.15,echo_ms,45,0.759522
latency,tmux,other-busy,4,False,1.18,1.15,echo_ms,46,0.835344
latency,tmux,other-busy,4,False,1.18,1.15,echo_ms,47,0.650063
latency,tmux,other-busy,4,False,1.18,1.15,echo_ms,48,0.877977
latency,tmux,other-busy,4,False,1.18,1.15,echo_ms,49,0.853112
latency,tmux,other-busy,4,False,1.18,1.15,echo_ms,50,0.853805
latency,tmux,other-busy,4,False,1.18,1.15,echo_ms,51,0.828606
latency,tmux,other-busy,4,False,1.18,1.15,echo_ms,52,0.864571
latency,tmux,other-busy,4,False,1.18,1.15,echo_ms,53,0.725573
latency,tmux,other-busy,4,False,1.18,1.15,echo_ms,54,0.82668
latency,tmux,other-busy,4,False,1.18,1.15,echo_ms,55,0.673628
latency,tmux,other-busy,4,False,1.18,1.15,echo_ms,56,0.729618
latency,tmux,other-busy,4,False,1.18,1.15,echo_ms,57,1.081128
latency,tmux,other-busy,4,False,1.18,1.15,echo_ms,58,0.92086
latency,tmux,other-busy,4,False,1.18,1.15,echo_ms,59,0.88849
latency,tmux,other-busy,4,False,1.18,1.15,echo_ms,60,0.992867
latency,tmux,other-busy,4,False,1.18,1.15,echo_ms,61,0.782523
latency,tmux,other-busy,4,False,1.18,1.15,echo_ms,62,1.097436
latency,tmux,other-busy,4,False,1.18,1.15,echo_ms,63,0.837632
latency,tmux,other-busy,4,False,1.18,1.15,echo_ms,64,0.921517
latency,tmux,other-busy,4,False,1.18,1.15,echo_ms,65,0.760035
latency,tmux,other-busy,4,False,1.18,1.15,echo_ms,66,0.62111
latency,tmux,other-busy,4,False,1.18,1.15,echo_ms,67,0.942101
latency,tmux,other-busy,4,False,1.18,1.15,echo_ms,68,0.818911
latency,tmux,other-busy,4,False,1.18,1.15,echo_ms,69,1.053676
latency,tmux,other-busy,4,False,1.18,1.15,echo_ms,70,0.955713
latency,tmux,other-busy,4,False,1.18,1.15,echo_ms,71,0.727007
latency,tmux,other-busy,4,False,1.18,1.15,echo_ms,72,1.181889
latency,tmux,other-busy,4,False,1.18,1.15,echo_ms,73,0.775351
latency,tmux,other-busy,4,False,1.18,1.15,echo_ms,74,0.729365
latency,tmux,other-busy,4,False,1.18,1.15,echo_ms,75,0.860077
latency,tmux,other-busy,4,False,1.18,1.15,echo_ms,76,0.849698
latency,tmux,other-busy,4,False,1.18,1.15,echo_ms,77,0.8085
latency,tmux,other-busy,4,False,1.18,1.15,echo_ms,78,0.849305
latency,tmux,other-busy,4,False,1.18,1.15,echo_ms,79,0.872286
latency,tmux,other-busy,4,False,1.18,1.15,echo_ms,80,0.617595
latency,tmux,other-busy,4,False,1.18,1.15,echo_ms,81,0.792485
latency,tmux,other-busy,4,False,1.18,1.15,echo_ms,82,0.819354
latency,tmux,other-busy,4,False,1.18,1.15,echo_ms,83,0.627481
latency,tmux,other-busy,4,False,1.18,1.15,echo_ms,84,0.788557
latency,tmux,other-busy,4,False,1.18,1.15,echo_ms,85,0.992671
latency,tmux,other-busy,4,False,1.18,1.15,echo_ms,86,0.711428
latency,tmux,other-busy,4,False,1.18,1.15,echo_ms,87,0.936431
latency,tmux,other-busy,4,False,1.18,1.15,echo_ms,88,0.66158
latency,tmux,other-busy,4,False,1.18,1.15,echo_ms,89,0.658304
latency,tmux,other-busy,4,False,1.18,1.15,echo_ms,90,0.853504
latency,tmux,other-busy,4,False,1.18,1.15,echo_ms,91,0.578026
latency,tmux,other-busy,4,False,1.18,1.15,echo_ms,92,0.938821
latency,tmux,other-busy,4,False,1.18,1.15,echo_ms,93,1.092208
latency,tmux,other-busy,4,False,1.18,1.15,echo_ms,94,0.66837
latency,tmux,other-busy,4,False,1.18,1.15,echo_ms,95,0.850458
latency,tmux,other-busy,4,False,1.18,1.15,echo_ms,96,0.626971
latency,tmux,other-busy,4,False,1.18,1.15,echo_ms,97,1.045894
latency,tmux,other-busy,4,False,1.18,1.15,echo_ms,98,0.906479
latency,tmux,other-busy,4,False,1.18,1.15,echo_ms,99,0.719017
latency,tmux,other-busy,4,False,1.18,1.15,timeouts,,0
latency,herdr,other-busy,4,False,1.15,1.36,echo_ms,0,0.437597
latency,herdr,other-busy,4,False,1.15,1.36,echo_ms,1,1.478191
latency,herdr,other-busy,4,False,1.15,1.36,echo_ms,2,0.462536
latency,herdr,other-busy,4,False,1.15,1.36,echo_ms,3,0.532469
latency,herdr,other-busy,4,False,1.15,1.36,echo_ms,4,0.848859
latency,herdr,other-busy,4,False,1.15,1.36,echo_ms,5,0.410098
latency,herdr,other-busy,4,False,1.15,1.36,echo_ms,6,0.428941
latency,herdr,other-busy,4,False,1.15,1.36,echo_ms,7,0.451507
latency,herdr,other-busy,4,False,1.15,1.36,echo_ms,8,0.429937
latency,herdr,other-busy,4,False,1.15,1.36,echo_ms,9,0.523447
latency,herdr,other-busy,4,False,1.15,1.36,echo_ms,10,0.401853
latency,herdr,other-busy,4,False,1.15,1.36,echo_ms,11,0.455123
latency,herdr,other-busy,4,False,1.15,1.36,echo_ms,12,0.516016
latency,herdr,other-busy,4,False,1.15,1.36,echo_ms,13,0.472837
latency,herdr,other-busy,4,False,1.15,1.36,echo_ms,14,0.671686
latency,herdr,other-busy,4,False,1.15,1.36,echo_ms,15,0.519078
latency,herdr,other-busy,4,False,1.15,1.36,echo_ms,16,0.430865
latency,herdr,other-busy,4,False,1.15,1.36,echo_ms,17,0.669178
latency,herdr,other-busy,4,False,1.15,1.36,echo_ms,18,0.448522
latency,herdr,other-busy,4,False,1.15,1.36,echo_ms,19,0.467516
latency,herdr,other-busy,4,False,1.15,1.36,echo_ms,20,0.424673
latency,herdr,other-busy,4,False,1.15,1.36,echo_ms,21,0.604885
latency,herdr,other-busy,4,False,1.15,1.36,echo_ms,22,0.455532
latency,herdr,other-busy,4,False,1.15,1.36,echo_ms,23,0.754283
latency,herdr,other-busy,4,False,1.15,1.36,echo_ms,24,0.43812
latency,herdr,other-busy,4,False,1.15,1.36,echo_ms,25,0.625724
latency,herdr,other-busy,4,False,1.15,1.36,echo_ms,26,0.425283
latency,herdr,other-busy,4,False,1.15,1.36,echo_ms,27,0.507092
latency,herdr,other-busy,4,False,1.15,1.36,echo_ms,28,0.436889
latency,herdr,other-busy,4,False,1.15,1.36,echo_ms,29,0.622186
latency,herdr,other-busy,4,False,1.15,1.36,echo_ms,30,0.513516
latency,herdr,other-busy,4,False,1.15,1.36,echo_ms,31,0.44057
latency,herdr,other-busy,4,False,1.15,1.36,echo_ms,32,0.513865
latency,herdr,other-busy,4,False,1.15,1.36,echo_ms,33,0.452245
latency,herdr,other-busy,4,False,1.15,1.36,echo_ms,34,0.492275
latency,herdr,other-busy,4,False,1.15,1.36,echo_ms,35,0.445666
latency,herdr,other-busy,4,False,1.15,1.36,echo_ms,36,0.535642
latency,herdr,other-busy,4,False,1.15,1.36,echo_ms,37,0.536265
latency,herdr,other-busy,4,False,1.15,1.36,echo_ms,38,0.554358
latency,herdr,other-busy,4,False,1.15,1.36,echo_ms,39,0.497114
latency,herdr,other-busy,4,False,1.15,1.36,echo_ms,40,0.659366
latency,herdr,other-busy,4,False,1.15,1.36,echo_ms,41,0.541893
latency,herdr,other-busy,4,False,1.15,1.36,echo_ms,42,0.683349
latency,herdr,other-busy,4,False,1.15,1.36,echo_ms,43,0.458308
latency,herdr,other-busy,4,False,1.15,1.36,echo_ms,44,0.531525
latency,herdr,other-busy,4,False,1.15,1.36,echo_ms,45,0.444822
latency,herdr,other-busy,4,False,1.15,1.36,echo_ms,46,0.499662
latency,herdr,other-busy,4,False,1.15,1.36,echo_ms,47,0.571232
latency,herdr,other-busy,4,False,1.15,1.36,echo_ms,48,0.45891
latency,herdr,other-busy,4,False,1.15,1.36,echo_ms,49,0.642039
latency,herdr,other-busy,4,False,1.15,1.36,echo_ms,50,0.513793
latency,herdr,other-busy,4,False,1.15,1.36,echo_ms,51,0.454675
latency,herdr,other-busy,4,False,1.15,1.36,echo_ms,52,0.515442
latency,herdr,other-busy,4,False,1.15,1.36,echo_ms,53,0.517301
latency,herdr,other-busy,4,False,1.15,1.36,echo_ms,54,0.525694
latency,herdr,other-busy,4,False,1.15,1.36,echo_ms,55,0.469127
latency,herdr,other-busy,4,False,1.15,1.36,echo_ms,56,0.402653
latency,herdr,other-busy,4,False,1.15,1.36,echo_ms,57,0.518917
latency,herdr,other-busy,4,False,1.15,1.36,echo_ms,58,0.49655
latency,herdr,other-busy,4,False,1.15,1.36,echo_ms,59,0.460578
latency,herdr,other-busy,4,False,1.15,1.36,echo_ms,60,0.445024
latency,herdr,other-busy,4,False,1.15,1.36,echo_ms,61,0.43128
latency,herdr,other-busy,4,False,1.15,1.36,echo_ms,62,0.599846
latency,herdr,other-busy,4,False,1.15,1.36,echo_ms,63,0.686183
latency,herdr,other-busy,4,False,1.15,1.36,echo_ms,64,0.648969
latency,herdr,other-busy,4,False,1.15,1.36,echo_ms,65,0.547756
latency,herdr,other-busy,4,False,1.15,1.36,echo_ms,66,0.476857
latency,herdr,other-busy,4,False,1.15,1.36,echo_ms,67,0.455526
latency,herdr,other-busy,4,False,1.15,1.36,echo_ms,68,0.455251
latency,herdr,other-busy,4,False,1.15,1.36,echo_ms,69,0.485469
latency,herdr,other-busy,4,False,1.15,1.36,echo_ms,70,0.507294
latency,herdr,other-busy,4,False,1.15,1.36,echo_ms,71,0.712032
latency,herdr,other-busy,4,False,1.15,1.36,echo_ms,72,2.554138
latency,herdr,other-busy,4,False,1.15,1.36,echo_ms,73,0.473904
latency,herdr,other-busy,4,False,1.15,1.36,echo_ms,74,0.415831
latency,herdr,other-busy,4,False,1.15,1.36,echo_ms,75,1.103594
latency,herdr,other-busy,4,False,1.15,1.36,echo_ms,76,0.426019
latency,herdr,other-busy,4,False,1.15,1.36,echo_ms,77,0.448718
latency,herdr,other-busy,4,False,1.15,1.36,echo_ms,78,0.607809
latency,herdr,other-busy,4,False,1.15,1.36,echo_ms,79,0.610868
latency,herdr,other-busy,4,False,1.15,1.36,echo_ms,80,0.387167
latency,herdr,other-busy,4,False,1.15,1.36,echo_ms,81,0.677156
latency,herdr,other-busy,4,False,1.15,1.36,echo_ms,82,0.463427
latency,herdr,other-busy,4,False,1.15,1.36,echo_ms,83,0.683803
latency,herdr,other-busy,4,False,1.15,1.36,echo_ms,84,0.424566
latency,herdr,other-busy,4,False,1.15,1.36,echo_ms,85,0.449867
latency,herdr,other-busy,4,False,1.15,1.36,echo_ms,86,0.437376
latency,herdr,other-busy,4,False,1.15,1.36,echo_ms,87,0.448545
latency,herdr,other-busy,4,False,1.15,1.36,echo_ms,88,0.418987
latency,herdr,other-busy,4,False,1.15,1.36,echo_ms,89,0.527638
latency,herdr,other-busy,4,False,1.15,1.36,echo_ms,90,0.621829
latency,herdr,other-busy,4,False,1.15,1.36,echo_ms,91,1.734591
latency,herdr,other-busy,4,False,1.15,1.36,echo_ms,92,0.502106
latency,herdr,other-busy,4,False,1.15,1.36,echo_ms,93,0.598698
latency,herdr,other-busy,4,False,1.15,1.36,echo_ms,94,0.451692
latency,herdr,other-busy,4,False,1.15,1.36,echo_ms,95,0.455142
latency,herdr,other-busy,4,False,1.15,1.36,echo_ms,96,0.452918
latency,herdr,other-busy,4,False,1.15,1.36,echo_ms,97,0.485473
latency,herdr,other-busy,4,False,1.15,1.36,echo_ms,98,0.405594
latency,herdr,other-busy,4,False,1.15,1.36,echo_ms,99,0.415661
latency,herdr,other-busy,4,False,1.15,1.36,timeouts,,0
latency,thurbox,other-busy,4,False,1.36,1.38,echo_ms,0,42.182791
latency,thurbox,other-busy,4,False,1.36,1.38,echo_ms,1,32.650346
latency,thurbox,other-busy,4,False,1.36,1.38,echo_ms,2,42.259108
latency,thurbox,other-busy,4,False,1.36,1.38,echo_ms,3,42.646588
latency,thurbox,other-busy,4,False,1.36,1.38,echo_ms,4,42.925645
latency,thurbox,other-busy,4,False,1.36,1.38,echo_ms,5,42.192944
latency,thurbox,other-busy,4,False,1.36,1.38,echo_ms,6,42.464242
latency,thurbox,other-busy,4,False,1.36,1.38,echo_ms,7,42.235898
latency,thurbox,other-busy,4,False,1.36,1.38,echo_ms,8,11.122133
latency,thurbox,other-busy,4,False,1.36,1.38,echo_ms,9,11.061772
latency,thurbox,other-busy,4,False,1.36,1.38,echo_ms,10,42.448687
latency,thurbox,other-busy,4,False,1.36,1.38,echo_ms,11,11.050557
latency,thurbox,other-busy,4,False,1.36,1.38,echo_ms,12,42.423235
latency,thurbox,other-busy,4,False,1.36,1.38,echo_ms,13,11.119615
latency,thurbox,other-busy,4,False,1.36,1.38,echo_ms,14,11.468487
latency,thurbox,other-busy,4,False,1.36,1.38,echo_ms,15,42.844579
latency,thurbox,other-busy,4,False,1.36,1.38,echo_ms,16,43.12156
latency,thurbox,other-busy,4,False,1.36,1.38,echo_ms,17,11.373006
latency,thurbox,other-busy,4,False,1.36,1.38,echo_ms,18,42.055845
latency,thurbox,other-busy,4,False,1.36,1.38,echo_ms,19,21.822991
latency,thurbox,other-busy,4,False,1.36,1.38,echo_ms,20,42.55345
latency,thurbox,other-busy,4,False,1.36,1.38,echo_ms,21,11.053538
latency,thurbox,other-busy,4,False,1.36,1.38,echo_ms,22,21.177562
latency,thurbox,other-busy,4,False,1.36,1.38,echo_ms,23,11.177737
latency,thurbox,other-busy,4,False,1.36,1.38,echo_ms,24,21.504344
latency,thurbox,other-busy,4,False,1.36,1.38,echo_ms,25,42.062118
latency,thurbox,other-busy,4,False,1.36,1.38,echo_ms,26,33.937792
latency,thurbox,other-busy,4,False,1.36,1.38,echo_ms,27,11.120389
latency,thurbox,other-busy,4,False,1.36,1.38,echo_ms,28,11.072143
latency,thurbox,other-busy,4,False,1.36,1.38,echo_ms,29,21.51683
latency,thurbox,other-busy,4,False,1.36,1.38,echo_ms,30,11.194064
latency,thurbox,other-busy,4,False,1.36,1.38,echo_ms,31,42.393987
latency,thurbox,other-busy,4,False,1.36,1.38,echo_ms,32,42.104167
latency,thurbox,other-busy,4,False,1.36,1.38,echo_ms,33,11.212015
latency,thurbox,other-busy,4,False,1.36,1.38,echo_ms,34,42.527336
latency,thurbox,other-busy,4,False,1.36,1.38,echo_ms,35,42.094465
latency,thurbox,other-busy,4,False,1.36,1.38,echo_ms,36,11.144202
latency,thurbox,other-busy,4,False,1.36,1.38,echo_ms,37,42.656081
latency,thurbox,other-busy,4,False,1.36,1.38,echo_ms,38,11.150968
latency,thurbox,other-busy,4,False,1.36,1.38,echo_ms,39,21.266756
latency,thurbox,other-busy,4,False,1.36,1.38,echo_ms,40,11.64926
latency,thurbox,other-busy,4,False,1.36,1.38,echo_ms,41,42.083277
latency,thurbox,other-busy,4,False,1.36,1.38,echo_ms,42,11.185914
latency,thurbox,other-busy,4,False,1.36,1.38,echo_ms,43,11.724315
latency,thurbox,other-busy,4,False,1.36,1.38,echo_ms,44,11.133842
latency,thurbox,other-busy,4,False,1.36,1.38,echo_ms,45,21.157802
latency,thurbox,other-busy,4,False,1.36,1.38,echo_ms,46,42.516992
latency,thurbox,other-busy,4,False,1.36,1.38,echo_ms,47,11.087187
latency,thurbox,other-busy,4,False,1.36,1.38,echo_ms,48,42.112222
latency,thurbox,other-busy,4,False,1.36,1.38,echo_ms,49,42.364648
latency,thurbox,other-busy,4,False,1.36,1.38,echo_ms,50,42.971377
latency,thurbox,other-busy,4,False,1.36,1.38,echo_ms,51,23.315127
latency,thurbox,other-busy,4,False,1.36,1.38,echo_ms,52,43.134768
latency,thurbox,other-busy,4,False,1.36,1.38,echo_ms,53,42.323051
latency,thurbox,other-busy,4,False,1.36,1.38,echo_ms,54,3.058191
latency,thurbox,other-busy,4,False,1.36,1.38,echo_ms,55,42.403004
latency,thurbox,other-busy,4,False,1.36,1.38,echo_ms,56,42.321754
latency,thurbox,other-busy,4,False,1.36,1.38,echo_ms,57,42.568614
latency,thurbox,other-busy,4,False,1.36,1.38,echo_ms,58,21.188137
latency,thurbox,other-busy,4,False,1.36,1.38,echo_ms,59,21.142365
latency,thurbox,other-busy,4,False,1.36,1.38,echo_ms,60,42.48444
latency,thurbox,other-busy,4,False,1.36,1.38,echo_ms,61,42.149611
latency,thurbox,other-busy,4,False,1.36,1.38,echo_ms,62,11.090415
latency,thurbox,other-busy,4,False,1.36,1.38,echo_ms,63,42.611585
latency,thurbox,other-busy,4,False,1.36,1.38,echo_ms,64,22.521664
latency,thurbox,other-busy,4,False,1.36,1.38,echo_ms,65,42.4791
latency,thurbox,other-busy,4,False,1.36,1.38,echo_ms,66,42.047215
latency,thurbox,other-busy,4,False,1.36,1.38,echo_ms,67,43.340231
latency,thurbox,other-busy,4,False,1.36,1.38,echo_ms,68,21.097637
latency,thurbox,other-busy,4,False,1.36,1.38,echo_ms,69,42.326018
latency,thurbox,other-busy,4,False,1.36,1.38,echo_ms,70,43.107498
latency,thurbox,other-busy,4,False,1.36,1.38,echo_ms,71,21.089996
latency,thurbox,other-busy,4,False,1.36,1.38,echo_ms,72,42.149321
latency,thurbox,other-busy,4,False,1.36,1.38,echo_ms,73,42.460413
latency,thurbox,other-busy,4,False,1.36,1.38,echo_ms,74,21.220807
latency,thurbox,other-busy,4,False,1.36,1.38,echo_ms,75,21.266177
latency,thurbox,other-busy,4,False,1.36,1.38,echo_ms,76,42.329736
latency,thurbox,other-busy,4,False,1.36,1.38,echo_ms,77,22.529273
latency,thurbox,other-busy,4,False,1.36,1.38,echo_ms,78,42.757183
latency,thurbox,other-busy,4,False,1.36,1.38,echo_ms,79,11.01919
latency,thurbox,other-busy,4,False,1.36,1.38,echo_ms,80,42.57773
latency,thurbox,other-busy,4,False,1.36,1.38,echo_ms,81,43.098972
latency,thurbox,other-busy,4,False,1.36,1.38,echo_ms,82,42.438638
latency,thurbox,other-busy,4,False,1.36,1.38,echo_ms,83,42.219598
latency,thurbox,other-busy,4,False,1.36,1.38,echo_ms,84,42.541904
latency,thurbox,other-busy,4,False,1.36,1.38,echo_ms,85,42.769666
latency,thurbox,other-busy,4,False,1.36,1.38,echo_ms,86,42.403977
latency,thurbox,other-busy,4,False,1.36,1.38,echo_ms,87,11.393596
latency,thurbox,other-busy,4,False,1.36,1.38,echo_ms,88,42.115339
latency,thurbox,other-busy,4,False,1.36,1.38,echo_ms,89,11.203905
latency,thurbox,other-busy,4,False,1.36,1.38,echo_ms,90,42.424371
latency,thurbox,other-busy,4,False,1.36,1.38,echo_ms,91,21.561086
latency,thurbox,other-busy,4,False,1.36,1.38,echo_ms,92,21.189695
latency,thurbox,other-busy,4,False,1.36,1.38,echo_ms,93,42.435692
latency,thurbox,other-busy,4,False,1.36,1.38,echo_ms,94,42.794324
latency,thurbox,other-busy,4,False,1.36,1.38,echo_ms,95,42.01605
latency,thurbox,other-busy,4,False,1.36,1.38,echo_ms,96,43.159054
latency,thurbox,other-busy,4,False,1.36,1.38,echo_ms,97,21.202673
latency,thurbox,other-busy,4,False,1.36,1.38,echo_ms,98,42.054507
latency,thurbox,other-busy,4,False,1.36,1.38,echo_ms,99,42.53769
latency,thurbox,other-busy,4,False,1.36,1.38,timeouts,,0
latency,tmux,other-busy,5,False,1.38,1.32,echo_ms,0,0.860213
latency,tmux,other-busy,5,False,1.38,1.32,echo_ms,1,0.936729
latency,tmux,other-busy,5,False,1.38,1.32,echo_ms,2,1.021948
latency,tmux,other-busy,5,False,1.38,1.32,echo_ms,3,0.715729
latency,tmux,other-busy,5,False,1.38,1.32,echo_ms,4,0.939569
latency,tmux,other-busy,5,False,1.38,1.32,echo_ms,5,0.730817
latency,tmux,other-busy,5,False,1.38,1.32,echo_ms,6,0.821204
latency,tmux,other-busy,5,False,1.38,1.32,echo_ms,7,0.706546
latency,tmux,other-busy,5,False,1.38,1.32,echo_ms,8,0.685413
latency,tmux,other-busy,5,False,1.38,1.32,echo_ms,9,0.906457
latency,tmux,other-busy,5,False,1.38,1.32,echo_ms,10,1.069
latency,tmux,other-busy,5,False,1.38,1.32,echo_ms,11,0.910506
latency,tmux,other-busy,5,False,1.38,1.32,echo_ms,12,0.830386
latency,tmux,other-busy,5,False,1.38,1.32,echo_ms,13,0.661831
latency,tmux,other-busy,5,False,1.38,1.32,echo_ms,14,0.967319
latency,tmux,other-busy,5,False,1.38,1.32,echo_ms,15,0.797051
latency,tmux,other-busy,5,False,1.38,1.32,echo_ms,16,0.723192
latency,tmux,other-busy,5,False,1.38,1.32,echo_ms,17,0.783683
latency,tmux,other-busy,5,False,1.38,1.32,echo_ms,18,0.583171
latency,tmux,other-busy,5,False,1.38,1.32,echo_ms,19,1.042961
latency,tmux,other-busy,5,False,1.38,1.32,echo_ms,20,0.841526
latency,tmux,other-busy,5,False,1.38,1.32,echo_ms,21,0.666365
latency,tmux,other-busy,5,False,1.38,1.32,echo_ms,22,0.929655
latency,tmux,other-busy,5,False,1.38,1.32,echo_ms,23,0.835909
latency,tmux,other-busy,5,False,1.38,1.32,echo_ms,24,0.619529
latency,tmux,other-busy,5,False,1.38,1.32,echo_ms,25,0.889703
latency,tmux,other-busy,5,False,1.38,1.32,echo_ms,26,0.759849
latency,tmux,other-busy,5,False,1.38,1.32,echo_ms,27,0.750346
latency,tmux,other-busy,5,False,1.38,1.32,echo_ms,28,0.819632
latency,tmux,other-busy,5,False,1.38,1.32,echo_ms,29,0.850288
latency,tmux,other-busy,5,False,1.38,1.32,echo_ms,30,1.038332
latency,tmux,other-busy,5,False,1.38,1.32,echo_ms,31,0.84722
latency,tmux,other-busy,5,False,1.38,1.32,echo_ms,32,0.63474
latency,tmux,other-busy,5,False,1.38,1.32,echo_ms,33,0.725377
latency,tmux,other-busy,5,False,1.38,1.32,echo_ms,34,0.812558
latency,tmux,other-busy,5,False,1.38,1.32,echo_ms,35,1.10572
latency,tmux,other-busy,5,False,1.38,1.32,echo_ms,36,0.528747
latency,tmux,other-busy,5,False,1.38,1.32,echo_ms,37,0.75382
latency,tmux,other-busy,5,False,1.38,1.32,echo_ms,38,0.78837
latency,tmux,other-busy,5,False,1.38,1.32,echo_ms,39,0.760015
latency,tmux,other-busy,5,False,1.38,1.32,echo_ms,40,1.231993
latency,tmux,other-busy,5,False,1.38,1.32,echo_ms,41,0.807854
latency,tmux,other-busy,5,False,1.38,1.32,echo_ms,42,0.707437
latency,tmux,other-busy,5,False,1.38,1.32,echo_ms,43,0.721036
latency,tmux,other-busy,5,False,1.38,1.32,echo_ms,44,0.700392
latency,tmux,other-busy,5,False,1.38,1.32,echo_ms,45,0.96286
latency,tmux,other-busy,5,False,1.38,1.32,echo_ms,46,0.676091
latency,tmux,other-busy,5,False,1.38,1.32,echo_ms,47,0.634123
latency,tmux,other-busy,5,False,1.38,1.32,echo_ms,48,0.895739
latency,tmux,other-busy,5,False,1.38,1.32,echo_ms,49,0.997533
latency,tmux,other-busy,5,False,1.38,1.32,echo_ms,50,0.838949
latency,tmux,other-busy,5,False,1.38,1.32,echo_ms,51,0.723048
latency,tmux,other-busy,5,False,1.38,1.32,echo_ms,52,0.875879
latency,tmux,other-busy,5,False,1.38,1.32,echo_ms,53,0.73409
latency,tmux,other-busy,5,False,1.38,1.32,echo_ms,54,0.747591
latency,tmux,other-busy,5,False,1.38,1.32,echo_ms,55,1.117462
latency,tmux,other-busy,5,False,1.38,1.32,echo_ms,56,0.686746
latency,tmux,other-busy,5,False,1.38,1.32,echo_ms,57,0.92361
latency,tmux,other-busy,5,False,1.38,1.32,echo_ms,58,0.958567
latency,tmux,other-busy,5,False,1.38,1.32,echo_ms,59,0.590314
latency,tmux,other-busy,5,False,1.38,1.32,echo_ms,60,0.715554
latency,tmux,other-busy,5,False,1.38,1.32,echo_ms,61,0.676453
latency,tmux,other-busy,5,False,1.38,1.32,echo_ms,62,0.844446
latency,tmux,other-busy,5,False,1.38,1.32,echo_ms,63,0.875621
latency,tmux,other-busy,5,False,1.38,1.32,echo_ms,64,0.836676
latency,tmux,other-busy,5,False,1.38,1.32,echo_ms,65,0.879939
latency,tmux,other-busy,5,False,1.38,1.32,echo_ms,66,0.71441
latency,tmux,other-busy,5,False,1.38,1.32,echo_ms,67,0.778024
latency,tmux,other-busy,5,False,1.38,1.32,echo_ms,68,0.909542
latency,tmux,other-busy,5,False,1.38,1.32,echo_ms,69,0.808341
latency,tmux,other-busy,5,False,1.38,1.32,echo_ms,70,1.156477
latency,tmux,other-busy,5,False,1.38,1.32,echo_ms,71,0.810688
latency,tmux,other-busy,5,False,1.38,1.32,echo_ms,72,0.870967
latency,tmux,other-busy,5,False,1.38,1.32,echo_ms,73,0.738359
latency,tmux,other-busy,5,False,1.38,1.32,echo_ms,74,0.832759
latency,tmux,other-busy,5,False,1.38,1.32,echo_ms,75,0.94147
latency,tmux,other-busy,5,False,1.38,1.32,echo_ms,76,0.762758
latency,tmux,other-busy,5,False,1.38,1.32,echo_ms,77,0.927863
latency,tmux,other-busy,5,False,1.38,1.32,echo_ms,78,0.712413
latency,tmux,other-busy,5,False,1.38,1.32,echo_ms,79,0.869647
latency,tmux,other-busy,5,False,1.38,1.32,echo_ms,80,0.935086
latency,tmux,other-busy,5,False,1.38,1.32,echo_ms,81,1.135049
latency,tmux,other-busy,5,False,1.38,1.32,echo_ms,82,0.823357
latency,tmux,other-busy,5,False,1.38,1.32,echo_ms,83,0.93988
latency,tmux,other-busy,5,False,1.38,1.32,echo_ms,84,0.638631
latency,tmux,other-busy,5,False,1.38,1.32,echo_ms,85,1.222889
latency,tmux,other-busy,5,False,1.38,1.32,echo_ms,86,0.710476
latency,tmux,other-busy,5,False,1.38,1.32,echo_ms,87,0.854781
latency,tmux,other-busy,5,False,1.38,1.32,echo_ms,88,0.793893
latency,tmux,other-busy,5,False,1.38,1.32,echo_ms,89,0.669747
latency,tmux,other-busy,5,False,1.38,1.32,echo_ms,90,0.162192
latency,tmux,other-busy,5,False,1.38,1.32,echo_ms,91,0.665738
latency,tmux,other-busy,5,False,1.38,1.32,echo_ms,92,0.749509
latency,tmux,other-busy,5,False,1.38,1.32,echo_ms,93,1.985485
latency,tmux,other-busy,5,False,1.38,1.32,echo_ms,94,0.616511
latency,tmux,other-busy,5,False,1.38,1.32,echo_ms,95,0.797225
latency,tmux,other-busy,5,False,1.38,1.32,echo_ms,96,0.989606
latency,tmux,other-busy,5,False,1.38,1.32,echo_ms,97,0.699959
latency,tmux,other-busy,5,False,1.38,1.32,echo_ms,98,0.671326
latency,tmux,other-busy,5,False,1.38,1.32,echo_ms,99,0.991185
latency,tmux,other-busy,5,False,1.38,1.32,timeouts,,0
latency,herdr,other-busy,5,False,1.32,1.35,echo_ms,0,0.457967
latency,herdr,other-busy,5,False,1.32,1.35,echo_ms,1,0.51584
latency,herdr,other-busy,5,False,1.32,1.35,echo_ms,2,0.516062
latency,herdr,other-busy,5,False,1.32,1.35,echo_ms,3,0.445952
latency,herdr,other-busy,5,False,1.32,1.35,echo_ms,4,0.476449
latency,herdr,other-busy,5,False,1.32,1.35,echo_ms,5,0.517077
latency,herdr,other-busy,5,False,1.32,1.35,echo_ms,6,0.508986
latency,herdr,other-busy,5,False,1.32,1.35,echo_ms,7,0.612729
latency,herdr,other-busy,5,False,1.32,1.35,echo_ms,8,0.477032
latency,herdr,other-busy,5,False,1.32,1.35,echo_ms,9,0.499922
latency,herdr,other-busy,5,False,1.32,1.35,echo_ms,10,0.40088
latency,herdr,other-busy,5,False,1.32,1.35,echo_ms,11,0.49943
latency,herdr,other-busy,5,False,1.32,1.35,echo_ms,12,0.512471
latency,herdr,other-busy,5,False,1.32,1.35,echo_ms,13,0.460294
latency,herdr,other-busy,5,False,1.32,1.35,echo_ms,14,0.454815
latency,herdr,other-busy,5,False,1.32,1.35,echo_ms,15,0.472051
latency,herdr,other-busy,5,False,1.32,1.35,echo_ms,16,0.524614
latency,herdr,other-busy,5,False,1.32,1.35,echo_ms,17,0.465245
latency,herdr,other-busy,5,False,1.32,1.35,echo_ms,18,0.451366
latency,herdr,other-busy,5,False,1.32,1.35,echo_ms,19,0.467083
latency,herdr,other-busy,5,False,1.32,1.35,echo_ms,20,0.718321
latency,herdr,other-busy,5,False,1.32,1.35,echo_ms,21,0.514244
latency,herdr,other-busy,5,False,1.32,1.35,echo_ms,22,0.607004
latency,herdr,other-busy,5,False,1.32,1.35,echo_ms,23,0.493189
latency,herdr,other-busy,5,False,1.32,1.35,echo_ms,24,0.531631
latency,herdr,other-busy,5,False,1.32,1.35,echo_ms,25,0.424158
latency,herdr,other-busy,5,False,1.32,1.35,echo_ms,26,0.502863
latency,herdr,other-busy,5,False,1.32,1.35,echo_ms,27,0.395651
latency,herdr,other-busy,5,False,1.32,1.35,echo_ms,28,0.411769
latency,herdr,other-busy,5,False,1.32,1.35,echo_ms,29,0.475345
latency,herdr,other-busy,5,False,1.32,1.35,echo_ms,30,1.130991
latency,herdr,other-busy,5,False,1.32,1.35,echo_ms,31,0.389434
latency,herdr,other-busy,5,False,1.32,1.35,echo_ms,32,0.467753
latency,herdr,other-busy,5,False,1.32,1.35,echo_ms,33,0.533519
latency,herdr,other-busy,5,False,1.32,1.35,echo_ms,34,0.563544
latency,herdr,other-busy,5,False,1.32,1.35,echo_ms,35,0.496196
latency,herdr,other-busy,5,False,1.32,1.35,echo_ms,36,0.477739
latency,herdr,other-busy,5,False,1.32,1.35,echo_ms,37,0.413242
latency,herdr,other-busy,5,False,1.32,1.35,echo_ms,38,0.498734
latency,herdr,other-busy,5,False,1.32,1.35,echo_ms,39,0.463609
latency,herdr,other-busy,5,False,1.32,1.35,echo_ms,40,0.451262
latency,herdr,other-busy,5,False,1.32,1.35,echo_ms,41,0.445655
latency,herdr,other-busy,5,False,1.32,1.35,echo_ms,42,1.014809
latency,herdr,other-busy,5,False,1.32,1.35,echo_ms,43,0.466515
latency,herdr,other-busy,5,False,1.32,1.35,echo_ms,44,0.473708
latency,herdr,other-busy,5,False,1.32,1.35,echo_ms,45,0.502858
latency,herdr,other-busy,5,False,1.32,1.35,echo_ms,46,0.496819
latency,herdr,other-busy,5,False,1.32,1.35,echo_ms,47,0.423638
latency,herdr,other-busy,5,False,1.32,1.35,echo_ms,48,0.482247
latency,herdr,other-busy,5,False,1.32,1.35,echo_ms,49,0.484407
latency,herdr,other-busy,5,False,1.32,1.35,echo_ms,50,0.499664
latency,herdr,other-busy,5,False,1.32,1.35,echo_ms,51,0.689738
latency,herdr,other-busy,5,False,1.32,1.35,echo_ms,52,0.416668
latency,herdr,other-busy,5,False,1.32,1.35,echo_ms,53,0.452368
latency,herdr,other-busy,5,False,1.32,1.35,echo_ms,54,0.46113
latency,herdr,other-busy,5,False,1.32,1.35,echo_ms,55,0.518802
latency,herdr,other-busy,5,False,1.32,1.35,echo_ms,56,0.499452
latency,herdr,other-busy,5,False,1.32,1.35,echo_ms,57,0.494761
latency,herdr,other-busy,5,False,1.32,1.35,echo_ms,58,0.419802
latency,herdr,other-busy,5,False,1.32,1.35,echo_ms,59,0.519864
latency,herdr,other-busy,5,False,1.32,1.35,echo_ms,60,0.527877
latency,herdr,other-busy,5,False,1.32,1.35,echo_ms,61,0.580843
latency,herdr,other-busy,5,False,1.32,1.35,echo_ms,62,0.526611
latency,herdr,other-busy,5,False,1.32,1.35,echo_ms,63,0.438222
latency,herdr,other-busy,5,False,1.32,1.35,echo_ms,64,0.435625
latency,herdr,other-busy,5,False,1.32,1.35,echo_ms,65,0.508125
latency,herdr,other-busy,5,False,1.32,1.35,echo_ms,66,0.549381
latency,herdr,other-busy,5,False,1.32,1.35,echo_ms,67,3.68406
latency,herdr,other-busy,5,False,1.32,1.35,echo_ms,68,0.49277
latency,herdr,other-busy,5,False,1.32,1.35,echo_ms,69,0.491506
latency,herdr,other-busy,5,False,1.32,1.35,echo_ms,70,0.449656
latency,herdr,other-busy,5,False,1.32,1.35,echo_ms,71,0.4357
latency,herdr,other-busy,5,False,1.32,1.35,echo_ms,72,0.485124
latency,herdr,other-busy,5,False,1.32,1.35,echo_ms,73,0.522416
latency,herdr,other-busy,5,False,1.32,1.35,echo_ms,74,0.433856
latency,herdr,other-busy,5,False,1.32,1.35,echo_ms,75,0.45651
latency,herdr,other-busy,5,False,1.32,1.35,echo_ms,76,0.591117
latency,herdr,other-busy,5,False,1.32,1.35,echo_ms,77,0.435648
latency,herdr,other-busy,5,False,1.32,1.35,echo_ms,78,0.437534
latency,herdr,other-busy,5,False,1.32,1.35,echo_ms,79,0.517466
latency,herdr,other-busy,5,False,1.32,1.35,echo_ms,80,0.420854
latency,herdr,other-busy,5,False,1.32,1.35,echo_ms,81,0.432761
latency,herdr,other-busy,5,False,1.32,1.35,echo_ms,82,0.402408
latency,herdr,other-busy,5,False,1.32,1.35,echo_ms,83,0.468079
latency,herdr,other-busy,5,False,1.32,1.35,echo_ms,84,0.45924
latency,herdr,other-busy,5,False,1.32,1.35,echo_ms,85,0.408161
latency,herdr,other-busy,5,False,1.32,1.35,echo_ms,86,0.520405
latency,herdr,other-busy,5,False,1.32,1.35,echo_ms,87,0.4957
latency,herdr,other-busy,5,False,1.32,1.35,echo_ms,88,0.593479
latency,herdr,other-busy,5,False,1.32,1.35,echo_ms,89,0.436831
latency,herdr,other-busy,5,False,1.32,1.35,echo_ms,90,0.470996
latency,herdr,other-busy,5,False,1.32,1.35,echo_ms,91,0.565352
latency,herdr,other-busy,5,False,1.32,1.35,echo_ms,92,0.418502
latency,herdr,other-busy,5,False,1.32,1.35,echo_ms,93,0.496838
latency,herdr,other-busy,5,False,1.32,1.35,echo_ms,94,0.490083
latency,herdr,other-busy,5,False,1.32,1.35,echo_ms,95,0.477598
latency,herdr,other-busy,5,False,1.32,1.35,echo_ms,96,0.419241
latency,herdr,other-busy,5,False,1.32,1.35,echo_ms,97,0.464464
latency,herdr,other-busy,5,False,1.32,1.35,echo_ms,98,0.429372
latency,herdr,other-busy,5,False,1.32,1.35,echo_ms,99,0.441232
latency,herdr,other-busy,5,False,1.32,1.35,timeouts,,0
latency,thurbox,other-busy,5,False,1.35,1.38,echo_ms,0,11.087155
latency,thurbox,other-busy,5,False,1.35,1.38,echo_ms,1,42.116439
latency,thurbox,other-busy,5,False,1.35,1.38,echo_ms,2,42.438671
latency,thurbox,other-busy,5,False,1.35,1.38,echo_ms,3,22.018566
latency,thurbox,other-busy,5,False,1.35,1.38,echo_ms,4,42.190532
latency,thurbox,other-busy,5,False,1.35,1.38,echo_ms,5,42.652495
latency,thurbox,other-busy,5,False,1.35,1.38,echo_ms,6,41.986198
latency,thurbox,other-busy,5,False,1.35,1.38,echo_ms,7,11.055164
latency,thurbox,other-busy,5,False,1.35,1.38,echo_ms,8,43.164063
latency,thurbox,other-busy,5,False,1.35,1.38,echo_ms,9,42.172287
latency,thurbox,other-busy,5,False,1.35,1.38,echo_ms,10,42.494609
latency,thurbox,other-busy,5,False,1.35,1.38,echo_ms,11,21.700693
latency,thurbox,other-busy,5,False,1.35,1.38,echo_ms,12,42.137496
latency,thurbox,other-busy,5,False,1.35,1.38,echo_ms,13,22.972508
latency,thurbox,other-busy,5,False,1.35,1.38,echo_ms,14,11.050295
latency,thurbox,other-busy,5,False,1.35,1.38,echo_ms,15,42.044432
latency,thurbox,other-busy,5,False,1.35,1.38,echo_ms,16,42.9838
latency,thurbox,other-busy,5,False,1.35,1.38,echo_ms,17,11.084535
latency,thurbox,other-busy,5,False,1.35,1.38,echo_ms,18,11.032741
latency,thurbox,other-busy,5,False,1.35,1.38,echo_ms,19,42.338045
latency,thurbox,other-busy,5,False,1.35,1.38,echo_ms,20,42.473025
latency,thurbox,other-busy,5,False,1.35,1.38,echo_ms,21,42.696089
latency,thurbox,other-busy,5,False,1.35,1.38,echo_ms,22,11.201217
latency,thurbox,other-busy,5,False,1.35,1.38,echo_ms,23,42.332654
latency,thurbox,other-busy,5,False,1.35,1.38,echo_ms,24,42.61378
latency,thurbox,other-busy,5,False,1.35,1.38,echo_ms,25,21.141306
latency,thurbox,other-busy,5,False,1.35,1.38,echo_ms,26,33.055638
latency,thurbox,other-busy,5,False,1.35,1.38,echo_ms,27,11.057487
latency,thurbox,other-busy,5,False,1.35,1.38,echo_ms,28,42.207123
latency,thurbox,other-busy,5,False,1.35,1.38,echo_ms,29,21.222189
latency,thurbox,other-busy,5,False,1.35,1.38,echo_ms,30,11.22918
latency,thurbox,other-busy,5,False,1.35,1.38,echo_ms,31,42.543295
latency,thurbox,other-busy,5,False,1.35,1.38,echo_ms,32,42.484613
latency,thurbox,other-busy,5,False,1.35,1.38,echo_ms,33,21.117517
latency,thurbox,other-busy,5,False,1.35,1.38,echo_ms,34,11.113138
latency,thurbox,other-busy,5,False,1.35,1.38,echo_ms,35,21.08919
latency,thurbox,other-busy,5,False,1.35,1.38,echo_ms,36,11.041268
latency,thurbox,other-busy,5,False,1.35,1.38,echo_ms,37,42.437427
latency,thurbox,other-busy,5,False,1.35,1.38,echo_ms,38,43.459791
latency,thurbox,other-busy,5,False,1.35,1.38,echo_ms,39,42.233942
latency,thurbox,other-busy,5,False,1.35,1.38,echo_ms,40,42.685132
latency,thurbox,other-busy,5,False,1.35,1.38,echo_ms,41,21.141071
latency,thurbox,other-busy,5,False,1.35,1.38,echo_ms,42,42.039857
latency,thurbox,other-busy,5,False,1.35,1.38,echo_ms,43,42.545928
latency,thurbox,other-busy,5,False,1.35,1.38,echo_ms,44,43.459827
latency,thurbox,other-busy,5,False,1.35,1.38,echo_ms,45,42.163498
latency,thurbox,other-busy,5,False,1.35,1.38,echo_ms,46,21.544428
latency,thurbox,other-busy,5,False,1.35,1.38,echo_ms,47,42.215152
latency,thurbox,other-busy,5,False,1.35,1.38,echo_ms,48,11.042411
latency,thurbox,other-busy,5,False,1.35,1.38,echo_ms,49,42.551834
latency,thurbox,other-busy,5,False,1.35,1.38,echo_ms,50,42.215923
latency,thurbox,other-busy,5,False,1.35,1.38,echo_ms,51,12.294829
latency,thurbox,other-busy,5,False,1.35,1.38,echo_ms,52,42.520918
latency,thurbox,other-busy,5,False,1.35,1.38,echo_ms,53,21.480552
latency,thurbox,other-busy,5,False,1.35,1.38,echo_ms,54,25.079605
latency,thurbox,other-busy,5,False,1.35,1.38,echo_ms,55,42.407586
latency,thurbox,other-busy,5,False,1.35,1.38,echo_ms,56,42.052355
latency,thurbox,other-busy,5,False,1.35,1.38,echo_ms,57,21.328195
latency,thurbox,other-busy,5,False,1.35,1.38,echo_ms,58,21.246157
latency,thurbox,other-busy,5,False,1.35,1.38,echo_ms,59,43.615518
latency,thurbox,other-busy,5,False,1.35,1.38,echo_ms,60,42.363904
latency,thurbox,other-busy,5,False,1.35,1.38,echo_ms,61,42.257495
latency,thurbox,other-busy,5,False,1.35,1.38,echo_ms,62,42.401269
latency,thurbox,other-busy,5,False,1.35,1.38,echo_ms,63,11.015375
latency,thurbox,other-busy,5,False,1.35,1.38,echo_ms,64,32.91842
latency,thurbox,other-busy,5,False,1.35,1.38,echo_ms,65,42.7572
latency,thurbox,other-busy,5,False,1.35,1.38,echo_ms,66,42.107616
latency,thurbox,other-busy,5,False,1.35,1.38,echo_ms,67,43.081712
latency,thurbox,other-busy,5,False,1.35,1.38,echo_ms,68,21.215123
latency,thurbox,other-busy,5,False,1.35,1.38,echo_ms,69,42.019862
latency,thurbox,other-busy,5,False,1.35,1.38,echo_ms,70,42.718636
latency,thurbox,other-busy,5,False,1.35,1.38,echo_ms,71,11.153031
latency,thurbox,other-busy,5,False,1.35,1.38,echo_ms,72,21.148909
latency,thurbox,other-busy,5,False,1.35,1.38,echo_ms,73,11.023765
latency,thurbox,other-busy,5,False,1.35,1.38,echo_ms,74,42.523327
latency,thurbox,other-busy,5,False,1.35,1.38,echo_ms,75,41.995785
latency,thurbox,other-busy,5,False,1.35,1.38,echo_ms,76,11.212549
latency,thurbox,other-busy,5,False,1.35,1.38,echo_ms,77,11.088634
latency,thurbox,other-busy,5,False,1.35,1.38,echo_ms,78,11.072896
latency,thurbox,other-busy,5,False,1.35,1.38,echo_ms,79,11.070877
latency,thurbox,other-busy,5,False,1.35,1.38,echo_ms,80,43.216843
latency,thurbox,other-busy,5,False,1.35,1.38,echo_ms,81,42.497827
latency,thurbox,other-busy,5,False,1.35,1.38,echo_ms,82,11.07075
latency,thurbox,other-busy,5,False,1.35,1.38,echo_ms,83,42.270615
latency,thurbox,other-busy,5,False,1.35,1.38,echo_ms,84,42.479761
latency,thurbox,other-busy,5,False,1.35,1.38,echo_ms,85,42.544463
latency,thurbox,other-busy,5,False,1.35,1.38,echo_ms,86,21.138607
latency,thurbox,other-busy,5,False,1.35,1.38,echo_ms,87,21.099251
latency,thurbox,other-busy,5,False,1.35,1.38,echo_ms,88,42.252147
latency,thurbox,other-busy,5,False,1.35,1.38,echo_ms,89,43.166182
latency,thurbox,other-busy,5,False,1.35,1.38,echo_ms,90,42.507493
latency,thurbox,other-busy,5,False,1.35,1.38,echo_ms,91,11.174584
latency,thurbox,other-busy,5,False,1.35,1.38,echo_ms,92,42.48352
latency,thurbox,other-busy,5,False,1.35,1.38,echo_ms,93,21.459406
latency,thurbox,other-busy,5,False,1.35,1.38,echo_ms,94,42.122477
latency,thurbox,other-busy,5,False,1.35,1.38,echo_ms,95,43.188536
latency,thurbox,other-busy,5,False,1.35,1.38,echo_ms,96,42.574432
latency,thurbox,other-busy,5,False,1.35,1.38,echo_ms,97,42.013151
latency,thurbox,other-busy,5,False,1.35,1.38,echo_ms,98,42.461389
latency,thurbox,other-busy,5,False,1.35,1.38,echo_ms,99,21.186645
latency,thurbox,other-busy,5,False,1.35,1.38,timeouts,,0
