scenario,host,variant,rep,warmup,load1,load1_end,metric,sample,value
resources,tmux,N=1 headless idle,0,True,1.49,1.16,pss_mib,,5.1455078125
resources,tmux,N=1 headless idle,0,True,1.49,1.16,rss_mib,,8.140625
resources,tmux,N=1 headless idle,0,True,1.49,1.16,cpu_pct,,0.0
resources,tmux,N=1 headless output,0,True,1.49,0.98,pss_mib,,5.1611328125
resources,tmux,N=1 headless output,0,True,1.49,0.98,rss_mib,,8.15625
resources,tmux,N=1 headless output,0,True,1.49,0.98,cpu_pct,,0.2999910174889504
resources,tmux,N=1 attached idle,0,True,1.49,0.83,first_view_stale,,False
resources,tmux,N=1 attached idle,0,True,1.49,0.83,pss_mib,,10.6904296875
resources,tmux,N=1 attached idle,0,True,1.49,0.83,rss_mib,,18.6015625
resources,tmux,N=1 attached idle,0,True,1.49,0.83,cpu_pct,,0.0
resources,tmux,N=1 attached output,0,True,1.49,0.65,pss_mib,,10.6904296875
resources,tmux,N=1 attached output,0,True,1.49,0.65,rss_mib,,18.6015625
resources,tmux,N=1 attached output,0,True,1.49,0.65,cpu_pct,,0.19971110099684197
resources,herdr,N=1 headless idle,0,True,0.65,0.55,pss_mib,,19.65625
resources,herdr,N=1 headless idle,0,True,0.65,0.55,rss_mib,,19.66015625
resources,herdr,N=1 headless idle,0,True,0.65,0.55,cpu_pct,,0.5999795864745818
resources,herdr,N=1 headless output,0,True,0.65,0.46,pss_mib,,19.68359375
resources,herdr,N=1 headless output,0,True,0.65,0.46,rss_mib,,19.6875
resources,herdr,N=1 headless output,0,True,0.65,0.46,cpu_pct,,0.9999655623860325
resources,herdr,N=1 attached idle,0,True,0.65,0.36,first_view_stale,,False
resources,herdr,N=1 attached idle,0,True,0.65,0.36,pss_mib,,26.60546875
resources,herdr,N=1 attached idle,0,True,0.65,0.36,rss_mib,,36.67578125
resources,herdr,N=1 attached idle,0,True,0.65,0.36,cpu_pct,,1.1945536235236898
resources,herdr,N=1 attached output,0,True,0.65,0.3,pss_mib,,26.62109375
resources,herdr,N=1 attached output,0,True,0.65,0.3,rss_mib,,36.69140625
resources,herdr,N=1 attached output,0,True,0.65,0.3,cpu_pct,,8.490199071261124
resources,thurbox,N=1 headless idle,0,True,0.3,0.24,pss_mib,,5.935546875
resources,thurbox,N=1 headless idle,0,True,0.3,0.24,rss_mib,,13.7421875
resources,thurbox,N=1 headless idle,0,True,0.3,0.24,cpu_pct,,0.0
resources,thurbox,N=1 headless output,0,True,0.3,0.2,pss_mib,,5.935546875
resources,thurbox,N=1 headless output,0,True,0.3,0.2,rss_mib,,13.7421875
resources,thurbox,N=1 headless output,0,True,0.3,0.2,cpu_pct,,0.09999657740714861
resources,thurbox,N=1 attached idle,0,True,0.3,0.22,first_view_stale,,True
resources,thurbox,N=1 attached idle,0,True,0.3,0.22,pss_mib,,28.8134765625
resources,thurbox,N=1 attached idle,0,True,0.3,0.22,rss_mib,,43.671875
resources,thurbox,N=1 attached idle,0,True,0.3,0.22,cpu_pct,,2.9951601880432768
resources,thurbox,N=1 attached output,0,True,0.3,0.27,pss_mib,,29.0517578125
resources,thurbox,N=1 attached output,0,True,0.3,0.27,rss_mib,,43.91015625
resources,thurbox,N=1 attached output,0,True,0.3,0.27,cpu_pct,,8.19090733519868
resources,tmux,N=1 headless idle,1,False,0.27,0.21,pss_mib,,5.1630859375
resources,tmux,N=1 headless idle,1,False,0.27,0.21,rss_mib,,8.1484375
resources,tmux,N=1 headless idle,1,False,0.27,0.21,cpu_pct,,0.0
resources,tmux,N=1 headless output,1,False,0.27,0.18,pss_mib,,5.1630859375
resources,tmux,N=1 headless output,1,False,0.27,0.18,rss_mib,,8.1484375
resources,tmux,N=1 headless output,1,False,0.27,0.18,cpu_pct,,0.1999938244307036
resources,tmux,N=1 attached idle,1,False,0.27,0.14,first_view_stale,,False
resources,tmux,N=1 attached idle,1,False,0.27,0.14,pss_mib,,10.6953125
resources,tmux,N=1 attached idle,1,False,0.27,0.14,rss_mib,,18.5546875
resources,tmux,N=1 attached idle,1,False,0.27,0.14,cpu_pct,,0.0
resources,tmux,N=1 attached output,1,False,0.27,0.19,pss_mib,,10.6953125
resources,tmux,N=1 attached output,1,False,0.27,0.19,rss_mib,,18.5546875
resources,tmux,N=1 attached output,1,False,0.27,0.19,cpu_pct,,0.2995885132896091
resources,herdr,N=1 headless idle,1,False,0.19,0.16,pss_mib,,19.6640625
resources,herdr,N=1 headless idle,1,False,0.19,0.16,rss_mib,,19.66796875
resources,herdr,N=1 headless idle,1,False,0.19,0.16,cpu_pct,,0.5999793208727174
resources,herdr,N=1 headless output,1,False,0.19,0.13,pss_mib,,23.34765625
resources,herdr,N=1 headless output,1,False,0.19,0.13,rss_mib,,23.3515625
resources,herdr,N=1 headless output,1,False,0.19,0.13,cpu_pct,,0.999966577117169
resources,herdr,N=1 attached idle,1,False,0.19,0.11,first_view_stale,,False
resources,herdr,N=1 attached idle,1,False,0.19,0.11,pss_mib,,29.7109375
resources,herdr,N=1 attached idle,1,False,0.19,0.11,rss_mib,,39.78125
resources,herdr,N=1 attached idle,1,False,0.19,0.11,cpu_pct,,1.2936375954853976
resources,herdr,N=1 attached output,1,False,0.19,0.09,pss_mib,,29.73046875
resources,herdr,N=1 attached output,1,False,0.19,0.09,rss_mib,,39.80078125
resources,herdr,N=1 attached output,1,False,0.19,0.09,cpu_pct,,8.660880867607114
resources,thurbox,N=1 headless idle,1,False,0.09,0.07,pss_mib,,5.8876953125
resources,thurbox,N=1 headless idle,1,False,0.09,0.07,rss_mib,,13.46484375
resources,thurbox,N=1 headless idle,1,False,0.09,0.07,cpu_pct,,0.0
resources,thurbox,N=1 headless output,1,False,0.09,0.06,pss_mib,,5.8876953125
resources,thurbox,N=1 headless output,1,False,0.09,0.06,rss_mib,,13.46484375
resources,thurbox,N=1 headless output,1,False,0.09,0.06,cpu_pct,,0.29999079961218245
resources,thurbox,N=1 attached idle,1,False,0.09,0.12,first_view_stale,,True
resources,thurbox,N=1 attached idle,1,False,0.09,0.12,pss_mib,,28.7548828125
resources,thurbox,N=1 attached idle,1,False,0.09,0.12,rss_mib,,43.203125
resources,thurbox,N=1 attached idle,1,False,0.09,0.12,cpu_pct,,2.989993498789227
resources,thurbox,N=1 attached output,1,False,0.09,0.1,pss_mib,,28.8134765625
resources,thurbox,N=1 attached output,1,False,0.09,0.1,rss_mib,,43.26171875
resources,thurbox,N=1 attached output,1,False,0.09,0.1,cpu_pct,,8.177458463670114
resources,tmux,N=1 headless idle,2,False,0.1,0.16,pss_mib,,5.2138671875
resources,tmux,N=1 headless idle,2,False,0.1,0.16,rss_mib,,8.30859375
resources,tmux,N=1 headless idle,2,False,0.1,0.16,cpu_pct,,0.0
resources,tmux,N=1 headless output,2,False,0.1,0.14,pss_mib,,5.2294921875
resources,tmux,N=1 headless output,2,False,0.1,0.14,rss_mib,,8.32421875
resources,tmux,N=1 headless output,2,False,0.1,0.14,cpu_pct,,0.19999436597871817
resources,tmux,N=1 attached idle,2,False,0.1,0.24,first_view_stale,,False
resources,tmux,N=1 attached idle,2,False,0.1,0.24,pss_mib,,10.76171875
resources,tmux,N=1 attached idle,2,False,0.1,0.24,rss_mib,,18.69921875
resources,tmux,N=1 attached idle,2,False,0.1,0.24,cpu_pct,,0.0
resources,tmux,N=1 attached output,2,False,0.1,0.2,pss_mib,,10.76171875
resources,tmux,N=1 attached output,2,False,0.1,0.2,rss_mib,,18.69921875
resources,tmux,N=1 attached output,2,False,0.1,0.2,cpu_pct,,0.39927637708777675
resources,herdr,N=1 headless idle,2,False,0.2,0.16,pss_mib,,19.6640625
resources,herdr,N=1 headless idle,2,False,0.2,0.16,rss_mib,,19.66796875
resources,herdr,N=1 headless idle,2,False,0.2,0.16,cpu_pct,,0.5999917502334216
resources,herdr,N=1 headless output,2,False,0.2,0.13,pss_mib,,19.69140625
resources,herdr,N=1 headless output,2,False,0.2,0.13,rss_mib,,19.6953125
resources,herdr,N=1 headless output,2,False,0.2,0.13,cpu_pct,,1.099969436579162
resources,herdr,N=1 attached idle,2,False,0.2,0.1,first_view_stale,,False
resources,herdr,N=1 attached idle,2,False,0.2,0.1,pss_mib,,26.6171875
resources,herdr,N=1 attached idle,2,False,0.2,0.1,rss_mib,,36.6875
resources,herdr,N=1 attached idle,2,False,0.2,0.1,cpu_pct,,1.2941583548977886
resources,herdr,N=1 attached output,2,False,0.2,0.54,pss_mib,,26.6328125
resources,herdr,N=1 attached output,2,False,0.2,0.54,rss_mib,,36.703125
resources,herdr,N=1 attached output,2,False,0.2,0.54,cpu_pct,,8.484781427065597
resources,thurbox,N=1 headless idle,2,False,0.54,0.45,pss_mib,,5.908203125
resources,thurbox,N=1 headless idle,2,False,0.54,0.45,rss_mib,,13.84375
resources,thurbox,N=1 headless idle,2,False,0.54,0.45,cpu_pct,,0.0
resources,thurbox,N=1 headless output,2,False,0.54,0.38,pss_mib,,5.908203125
resources,thurbox,N=1 headless output,2,False,0.54,0.38,rss_mib,,13.84375
resources,thurbox,N=1 headless output,2,False,0.54,0.38,cpu_pct,,0.2999908195009308
resources,thurbox,N=1 attached idle,2,False,0.54,0.27,first_view_stale,,True
resources,thurbox,N=1 attached idle,2,False,0.54,0.27,pss_mib,,28.98046875
resources,thurbox,N=1 attached idle,2,False,0.54,0.27,rss_mib,,43.83203125
resources,thurbox,N=1 attached idle,2,False,0.54,0.27,cpu_pct,,2.98692348048886
resources,thurbox,N=1 attached output,2,False,0.54,0.31,pss_mib,,28.84375
resources,thurbox,N=1 attached output,2,False,0.54,0.31,rss_mib,,43.6953125
resources,thurbox,N=1 attached output,2,False,0.54,0.31,cpu_pct,,8.388521540545984
resources,tmux,N=1 headless idle,3,False,0.31,0.24,pss_mib,,5.197265625
resources,tmux,N=1 headless idle,3,False,0.31,0.24,rss_mib,,8.27734375
resources,tmux,N=1 headless idle,3,False,0.31,0.24,cpu_pct,,0.0
resources,tmux,N=1 headless output,3,False,0.31,0.36,pss_mib,,5.197265625
resources,tmux,N=1 headless output,3,False,0.31,0.36,rss_mib,,8.27734375
resources,tmux,N=1 headless output,3,False,0.31,0.36,cpu_pct,,0.19999314931466836
resources,tmux,N=1 attached idle,3,False,0.31,0.3,first_view_stale,,False
resources,tmux,N=1 attached idle,3,False,0.31,0.3,pss_mib,,10.7236328125
resources,tmux,N=1 attached idle,3,False,0.31,0.3,rss_mib,,18.74609375
resources,tmux,N=1 attached idle,3,False,0.31,0.3,cpu_pct,,0.0
resources,tmux,N=1 attached output,3,False,0.31,0.26,pss_mib,,10.7236328125
resources,tmux,N=1 attached output,3,False,0.31,0.26,rss_mib,,18.74609375
resources,tmux,N=1 attached output,3,False,0.31,0.26,cpu_pct,,0.29949669735747825
resources,herdr,N=1 headless idle,3,False,0.26,0.2,pss_mib,,19.6640625
resources,herdr,N=1 headless idle,3,False,0.26,0.2,rss_mib,,19.66796875
resources,herdr,N=1 headless idle,3,False,0.26,0.2,cpu_pct,,0.5999902486584457
resources,herdr,N=1 headless output,3,False,0.26,0.17,pss_mib,,19.69140625
resources,herdr,N=1 headless output,3,False,0.26,0.17,rss_mib,,19.6953125
resources,herdr,N=1 headless output,3,False,0.26,0.17,cpu_pct,,0.9999658793643127
resources,herdr,N=1 attached idle,3,False,0.26,0.2,first_view_stale,,False
resources,herdr,N=1 attached idle,3,False,0.26,0.2,pss_mib,,28.328125
resources,herdr,N=1 attached idle,3,False,0.26,0.2,rss_mib,,38.3984375
resources,herdr,N=1 attached idle,3,False,0.26,0.2,cpu_pct,,1.294147985752484
resources,herdr,N=1 attached output,3,False,0.26,0.17,pss_mib,,28.34765625
resources,herdr,N=1 attached output,3,False,0.26,0.17,rss_mib,,38.41796875
resources,herdr,N=1 attached output,3,False,0.26,0.17,cpu_pct,,8.388065442872746
resources,thurbox,N=1 headless idle,3,False,0.17,0.14,pss_mib,,5.9326171875
resources,thurbox,N=1 headless idle,3,False,0.17,0.14,rss_mib,,13.765625
resources,thurbox,N=1 headless idle,3,False,0.17,0.14,cpu_pct,,0.0
resources,thurbox,N=1 headless output,3,False,0.17,0.26,pss_mib,,5.9326171875
resources,thurbox,N=1 headless output,3,False,0.17,0.26,rss_mib,,13.765625
resources,thurbox,N=1 headless output,3,False,0.17,0.26,cpu_pct,,0.3999864134215281
resources,thurbox,N=1 attached idle,3,False,0.17,0.2,first_view_stale,,True
resources,thurbox,N=1 attached idle,3,False,0.17,0.2,pss_mib,,28.7333984375
resources,thurbox,N=1 attached idle,3,False,0.17,0.2,rss_mib,,43.56640625
resources,thurbox,N=1 attached idle,3,False,0.17,0.2,cpu_pct,,2.9863187953223025
resources,thurbox,N=1 attached output,3,False,0.17,0.17,pss_mib,,28.7998046875
resources,thurbox,N=1 attached output,3,False,0.17,0.17,rss_mib,,43.6328125
resources,thurbox,N=1 attached output,3,False,0.17,0.17,cpu_pct,,8.066222026573374
resources,tmux,N=1 headless idle,4,False,0.17,0.13,pss_mib,,5.1494140625
resources,tmux,N=1 headless idle,4,False,0.17,0.13,rss_mib,,8.1015625
resources,tmux,N=1 headless idle,4,False,0.17,0.13,cpu_pct,,0.0
resources,tmux,N=1 headless output,4,False,0.17,0.11,pss_mib,,5.1650390625
resources,tmux,N=1 headless output,4,False,0.17,0.11,rss_mib,,8.1171875
resources,tmux,N=1 headless output,4,False,0.17,0.11,cpu_pct,,0.29998962716866645
resources,tmux,N=1 attached idle,4,False,0.17,0.17,first_view_stale,,False
resources,tmux,N=1 attached idle,4,False,0.17,0.17,pss_mib,,10.705078125
resources,tmux,N=1 attached idle,4,False,0.17,0.17,rss_mib,,18.5703125
resources,tmux,N=1 attached idle,4,False,0.17,0.17,cpu_pct,,0.0
resources,tmux,N=1 attached output,4,False,0.17,0.22,pss_mib,,10.705078125
resources,tmux,N=1 attached output,4,False,0.17,0.22,rss_mib,,18.5703125
resources,tmux,N=1 attached output,4,False,0.17,0.22,cpu_pct,,0.29861633532027304
resources,herdr,N=1 headless idle,4,False,0.22,0.19,pss_mib,,19.6640625
resources,herdr,N=1 headless idle,4,False,0.22,0.19,rss_mib,,19.66796875
resources,herdr,N=1 headless idle,4,False,0.22,0.19,cpu_pct,,0.6999789321041133
resources,herdr,N=1 headless output,4,False,0.22,0.16,pss_mib,,19.69140625
resources,herdr,N=1 headless output,4,False,0.22,0.16,rss_mib,,19.6953125
resources,herdr,N=1 headless output,4,False,0.22,0.16,cpu_pct,,1.0999806015121074
resources,herdr,N=1 attached idle,4,False,0.22,0.19,first_view_stale,,False
resources,herdr,N=1 attached idle,4,False,0.22,0.19,pss_mib,,26.609375
resources,herdr,N=1 attached idle,4,False,0.22,0.19,rss_mib,,36.6796875
resources,herdr,N=1 attached idle,4,False,0.22,0.19,cpu_pct,,1.094752642363242
resources,herdr,N=1 attached output,4,False,0.22,0.16,pss_mib,,26.625
resources,herdr,N=1 attached output,4,False,0.22,0.16,rss_mib,,36.6953125
resources,herdr,N=1 attached output,4,False,0.22,0.16,cpu_pct,,8.388576697976614
resources,thurbox,N=1 headless idle,4,False,0.16,0.19,pss_mib,,5.9013671875
resources,thurbox,N=1 headless idle,4,False,0.16,0.19,rss_mib,,13.640625
resources,thurbox,N=1 headless idle,4,False,0.16,0.19,cpu_pct,,0.0
resources,thurbox,N=1 headless output,4,False,0.16,0.16,pss_mib,,5.9013671875
resources,thurbox,N=1 headless output,4,False,0.16,0.16,rss_mib,,13.640625
resources,thurbox,N=1 headless output,4,False,0.16,0.16,cpu_pct,,0.2999970186596298
resources,thurbox,N=1 attached idle,4,False,0.16,0.19,first_view_stale,,True
resources,thurbox,N=1 attached idle,4,False,0.16,0.19,pss_mib,,29.056640625
resources,thurbox,N=1 attached idle,4,False,0.16,0.19,rss_mib,,43.86328125
resources,thurbox,N=1 attached idle,4,False,0.16,0.19,cpu_pct,,3.0967742729497423
resources,thurbox,N=1 attached output,4,False,0.16,0.16,pss_mib,,28.916015625
resources,thurbox,N=1 attached output,4,False,0.16,0.16,rss_mib,,43.72265625
resources,thurbox,N=1 attached output,4,False,0.16,0.16,cpu_pct,,8.264019525869179
resources,tmux,N=1 headless idle,5,False,0.16,0.13,pss_mib,,5.1845703125
resources,tmux,N=1 headless idle,5,False,0.16,0.13,rss_mib,,8.27734375
resources,tmux,N=1 headless idle,5,False,0.16,0.13,cpu_pct,,0.0
resources,tmux,N=1 headless output,5,False,0.16,0.11,pss_mib,,5.1845703125
resources,tmux,N=1 headless output,5,False,0.16,0.11,rss_mib,,8.27734375
resources,tmux,N=1 headless output,5,False,0.16,0.11,cpu_pct,,0.19999315523427313
resources,tmux,N=1 attached idle,5,False,0.16,0.09,first_view_stale,,False
resources,tmux,N=1 attached idle,5,False,0.16,0.09,pss_mib,,10.7275390625
resources,tmux,N=1 attached idle,5,False,0.16,0.09,rss_mib,,18.69921875
resources,tmux,N=1 attached idle,5,False,0.16,0.09,cpu_pct,,0.0
resources,tmux,N=1 attached output,5,False,0.16,0.07,pss_mib,,10.7275390625
resources,tmux,N=1 attached output,5,False,0.16,0.07,rss_mib,,18.69921875
resources,tmux,N=1 attached output,5,False,0.16,0.07,cpu_pct,,0.2996483417554975
resources,herdr,N=1 headless idle,5,False,0.07,0.06,pss_mib,,19.6640625
resources,herdr,N=1 headless idle,5,False,0.07,0.06,rss_mib,,19.66796875
resources,herdr,N=1 headless idle,5,False,0.07,0.06,cpu_pct,,0.4999835683399893
resources,herdr,N=1 headless output,5,False,0.07,0.12,pss_mib,,19.69140625
resources,herdr,N=1 headless output,5,False,0.07,0.12,rss_mib,,19.6953125
resources,herdr,N=1 headless output,5,False,0.07,0.12,cpu_pct,,0.9999737259903111
resources,herdr,N=1 attached idle,5,False,0.07,0.1,first_view_stale,,False
resources,herdr,N=1 attached idle,5,False,0.07,0.1,pss_mib,,28.31640625
resources,herdr,N=1 attached idle,5,False,0.07,0.1,rss_mib,,38.38671875
resources,herdr,N=1 attached idle,5,False,0.07,0.1,cpu_pct,,1.2939113242915838
resources,herdr,N=1 attached output,5,False,0.07,0.08,pss_mib,,28.33203125
resources,herdr,N=1 attached output,5,False,0.07,0.08,rss_mib,,38.40234375
resources,herdr,N=1 attached output,5,False,0.07,0.08,cpu_pct,,8.364079223056118
resources,thurbox,N=1 headless idle,5,False,0.08,0.07,pss_mib,,5.8544921875
resources,thurbox,N=1 headless idle,5,False,0.08,0.07,rss_mib,,13.5234375
resources,thurbox,N=1 headless idle,5,False,0.08,0.07,cpu_pct,,0.0
resources,thurbox,N=1 headless output,5,False,0.08,0.14,pss_mib,,5.8544921875
resources,thurbox,N=1 headless output,5,False,0.08,0.14,rss_mib,,13.5234375
resources,thurbox,N=1 headless output,5,False,0.08,0.14,cpu_pct,,0.29998976371928726
resources,thurbox,N=1 attached idle,5,False,0.08,0.23,first_view_stale,,True
resources,thurbox,N=1 attached idle,5,False,0.08,0.23,pss_mib,,28.705078125
resources,thurbox,N=1 attached idle,5,False,0.08,0.23,rss_mib,,43.27734375
resources,thurbox,N=1 attached idle,5,False,0.08,0.23,cpu_pct,,2.892060684064911
resources,thurbox,N=1 attached output,5,False,0.08,0.19,pss_mib,,28.775390625
resources,thurbox,N=1 attached output,5,False,0.08,0.19,rss_mib,,43.34765625
resources,thurbox,N=1 attached output,5,False,0.08,0.19,cpu_pct,,7.977789199835304
resources,tmux,N=20 headless idle,0,True,0.19,0.15,pss_mib,,5.162109375
resources,tmux,N=20 headless idle,0,True,0.19,0.15,rss_mib,,8.3046875
resources,tmux,N=20 headless idle,0,True,0.19,0.15,cpu_pct,,0.0
resources,tmux,N=20 headless output,0,True,0.19,0.13,pss_mib,,5.177734375
resources,tmux,N=20 headless output,0,True,0.19,0.13,rss_mib,,8.3203125
resources,tmux,N=20 headless output,0,True,0.19,0.13,cpu_pct,,3.6999009233129976
resources,tmux,N=20 attached idle,0,True,0.19,0.11,first_view_stale,,False
resources,tmux,N=20 attached idle,0,True,0.19,0.11,pss_mib,,13.201171875
resources,tmux,N=20 attached idle,0,True,0.19,0.11,rss_mib,,21.265625
resources,tmux,N=20 attached idle,0,True,0.19,0.11,cpu_pct,,0.0
resources,tmux,N=20 attached output,0,True,0.19,0.16,pss_mib,,13.201171875
resources,tmux,N=20 attached output,0,True,0.19,0.16,rss_mib,,21.265625
resources,tmux,N=20 attached output,0,True,0.19,0.16,cpu_pct,,3.487464652171765
resources,herdr,N=20 headless idle,0,True,0.16,0.14,pss_mib,,28.609375
resources,herdr,N=20 headless idle,0,True,0.16,0.14,rss_mib,,28.61328125
resources,herdr,N=20 headless idle,0,True,0.16,0.14,cpu_pct,,8.999877496367677
resources,herdr,N=20 headless output,0,True,0.16,0.12,pss_mib,,28.9453125
resources,herdr,N=20 headless output,0,True,0.16,0.12,rss_mib,,28.94921875
resources,herdr,N=20 headless output,0,True,0.16,0.12,cpu_pct,,20.899648865000525
resources,herdr,N=20 attached idle,0,True,0.16,0.09,first_view_stale,,False
resources,herdr,N=20 attached idle,0,True,0.16,0.09,pss_mib,,38.7109375
resources,herdr,N=20 attached idle,0,True,0.16,0.09,rss_mib,,48.71875
resources,herdr,N=20 attached idle,0,True,0.16,0.09,cpu_pct,,21.40208093605564
resources,herdr,N=20 attached output,0,True,0.16,0.08,pss_mib,,38.75
resources,herdr,N=20 attached output,0,True,0.16,0.08,rss_mib,,48.7578125
resources,herdr,N=20 attached output,0,True,0.16,0.08,cpu_pct,,34.197944050212065
resources,thurbox,N=20 headless idle,0,True,0.08,0.06,pss_mib,,5.74609375
resources,thurbox,N=20 headless idle,0,True,0.08,0.06,rss_mib,,13.66796875
resources,thurbox,N=20 headless idle,0,True,0.08,0.06,cpu_pct,,0.0
resources,thurbox,N=20 headless output,0,True,0.08,0.05,pss_mib,,5.75390625
resources,thurbox,N=20 headless output,0,True,0.08,0.05,rss_mib,,13.67578125
resources,thurbox,N=20 headless output,0,True,0.08,0.05,cpu_pct,,4.199928735189042
resources,thurbox,N=20 attached idle,0,True,0.08,0.1,first_view_stale,,True
resources,thurbox,N=20 attached idle,0,True,0.08,0.1,pss_mib,,48.3115234375
resources,thurbox,N=20 attached idle,0,True,0.08,0.1,rss_mib,,63.22265625
resources,thurbox,N=20 attached idle,0,True,0.08,0.1,cpu_pct,,6.178639933248293
resources,thurbox,N=20 attached output,0,True,0.08,0.09,pss_mib,,50.9404296875
resources,thurbox,N=20 attached output,0,True,0.08,0.09,rss_mib,,65.8515625
resources,thurbox,N=20 attached output,0,True,0.08,0.09,cpu_pct,,20.22604991475477
resources,tmux,N=20 headless idle,1,False,0.09,0.07,pss_mib,,5.17578125
resources,tmux,N=20 headless idle,1,False,0.09,0.07,rss_mib,,8.28125
resources,tmux,N=20 headless idle,1,False,0.09,0.07,cpu_pct,,0.0
resources,tmux,N=20 headless output,1,False,0.09,0.14,pss_mib,,5.20703125
resources,tmux,N=20 headless output,1,False,0.09,0.14,rss_mib,,8.3125
resources,tmux,N=20 headless output,1,False,0.09,0.14,cpu_pct,,3.8999291663665123
resources,tmux,N=20 attached idle,1,False,0.09,0.19,first_view_stale,,False
resources,tmux,N=20 attached idle,1,False,0.09,0.19,pss_mib,,13.1943359375
resources,tmux,N=20 attached idle,1,False,0.09,0.19,rss_mib,,21.19140625
resources,tmux,N=20 attached idle,1,False,0.09,0.19,cpu_pct,,0.0
resources,tmux,N=20 attached output,1,False,0.09,0.16,pss_mib,,13.1943359375
resources,tmux,N=20 attached output,1,False,0.09,0.16,rss_mib,,21.19140625
resources,tmux,N=20 attached output,1,False,0.09,0.16,cpu_pct,,3.881354080955943
resources,herdr,N=20 headless idle,1,False,0.16,0.2,pss_mib,,28.609375
resources,herdr,N=20 headless idle,1,False,0.16,0.2,rss_mib,,28.61328125
resources,herdr,N=20 headless idle,1,False,0.16,0.2,cpu_pct,,8.999748329237455
resources,herdr,N=20 headless output,1,False,0.16,0.17,pss_mib,,28.91796875
resources,herdr,N=20 headless output,1,False,0.16,0.17,rss_mib,,28.921875
resources,herdr,N=20 headless output,1,False,0.16,0.17,cpu_pct,,17.59971895008783
resources,herdr,N=20 attached idle,1,False,0.16,0.21,first_view_stale,,False
resources,herdr,N=20 attached idle,1,False,0.16,0.21,pss_mib,,38.640625
resources,herdr,N=20 attached idle,1,False,0.16,0.21,rss_mib,,48.6484375
resources,herdr,N=20 attached idle,1,False,0.16,0.21,cpu_pct,,14.04135591615277
resources,herdr,N=20 attached output,1,False,0.16,0.33,pss_mib,,38.67578125
resources,herdr,N=20 attached output,1,False,0.16,0.33,rss_mib,,48.68359375
resources,herdr,N=20 attached output,1,False,0.16,0.33,cpu_pct,,35.394958254964656
resources,thurbox,N=20 headless idle,1,False,0.33,0.32,pss_mib,,5.7763671875
resources,thurbox,N=20 headless idle,1,False,0.33,0.32,rss_mib,,13.76171875
resources,thurbox,N=20 headless idle,1,False,0.33,0.32,cpu_pct,,0.0
resources,thurbox,N=20 headless output,1,False,0.33,0.27,pss_mib,,5.7880859375
resources,thurbox,N=20 headless output,1,False,0.33,0.27,rss_mib,,13.7734375
resources,thurbox,N=20 headless output,1,False,0.33,0.27,cpu_pct,,3.6998731513288
resources,thurbox,N=20 attached idle,1,False,0.33,0.27,first_view_stale,,True
resources,thurbox,N=20 attached idle,1,False,0.33,0.27,pss_mib,,49.05078125
resources,thurbox,N=20 attached idle,1,False,0.33,0.27,rss_mib,,63.96484375
resources,thurbox,N=20 attached idle,1,False,0.33,0.27,cpu_pct,,5.791119109207599
resources,thurbox,N=20 attached output,1,False,0.33,0.3,pss_mib,,51.20703125
resources,thurbox,N=20 attached output,1,False,0.33,0.3,rss_mib,,66.12109375
resources,thurbox,N=20 attached output,1,False,0.33,0.3,cpu_pct,,19.483551025684903
resources,tmux,N=20 headless idle,2,False,0.3,0.25,pss_mib,,5.1220703125
resources,tmux,N=20 headless idle,2,False,0.3,0.25,rss_mib,,8.1015625
resources,tmux,N=20 headless idle,2,False,0.3,0.25,cpu_pct,,0.0
resources,tmux,N=20 headless output,2,False,0.3,0.2,pss_mib,,5.1376953125
resources,tmux,N=20 headless output,2,False,0.3,0.2,rss_mib,,8.1171875
resources,tmux,N=20 headless output,2,False,0.3,0.2,cpu_pct,,4.599955932422143
resources,tmux,N=20 attached idle,2,False,0.3,0.17,first_view_stale,,False
resources,tmux,N=20 attached idle,2,False,0.3,0.17,pss_mib,,13.1337890625
resources,tmux,N=20 attached idle,2,False,0.3,0.17,rss_mib,,21.06640625
resources,tmux,N=20 attached idle,2,False,0.3,0.17,cpu_pct,,0.0
resources,tmux,N=20 attached output,2,False,0.3,0.14,pss_mib,,13.1337890625
resources,tmux,N=20 attached output,2,False,0.3,0.14,rss_mib,,21.06640625
resources,tmux,N=20 attached output,2,False,0.3,0.14,cpu_pct,,3.8873114748176376
resources,herdr,N=20 headless idle,2,False,0.14,0.33,pss_mib,,28.609375
resources,herdr,N=20 headless idle,2,False,0.14,0.33,rss_mib,,28.61328125
resources,herdr,N=20 headless idle,2,False,0.14,0.33,cpu_pct,,8.899690369982313
resources,herdr,N=20 headless output,2,False,0.14,0.28,pss_mib,,28.92578125
resources,herdr,N=20 headless output,2,False,0.14,0.28,rss_mib,,28.9296875
resources,herdr,N=20 headless output,2,False,0.14,0.28,cpu_pct,,23.8992877868847
resources,herdr,N=20 attached idle,2,False,0.14,0.29,first_view_stale,,False
resources,herdr,N=20 attached idle,2,False,0.14,0.29,pss_mib,,38.6796875
resources,herdr,N=20 attached idle,2,False,0.14,0.29,rss_mib,,48.6875
resources,herdr,N=20 attached idle,2,False,0.14,0.29,cpu_pct,,18.22053877095327
resources,herdr,N=20 attached output,2,False,0.14,0.32,pss_mib,,38.73828125
resources,herdr,N=20 attached output,2,False,0.14,0.32,rss_mib,,48.74609375
resources,herdr,N=20 attached output,2,False,0.14,0.32,cpu_pct,,30.28600022976363
resources,thurbox,N=20 headless idle,2,False,0.32,0.39,pss_mib,,5.80859375
resources,thurbox,N=20 headless idle,2,False,0.32,0.39,rss_mib,,13.7734375
resources,thurbox,N=20 headless idle,2,False,0.32,0.39,cpu_pct,,0.0
resources,thurbox,N=20 headless output,2,False,0.32,0.33,pss_mib,,5.81640625
resources,thurbox,N=20 headless output,2,False,0.32,0.33,rss_mib,,13.78125
resources,thurbox,N=20 headless output,2,False,0.32,0.33,cpu_pct,,3.899864879821464
resources,thurbox,N=20 attached idle,2,False,0.32,0.24,first_view_stale,,True
resources,thurbox,N=20 attached idle,2,False,0.32,0.24,pss_mib,,48.96875
resources,thurbox,N=20 attached idle,2,False,0.32,0.24,rss_mib,,63.87109375
resources,thurbox,N=20 attached idle,2,False,0.32,0.24,cpu_pct,,5.780038141772496
resources,thurbox,N=20 attached output,2,False,0.32,0.28,pss_mib,,49.23046875
resources,thurbox,N=20 attached output,2,False,0.32,0.28,rss_mib,,64.1328125
resources,thurbox,N=20 attached output,2,False,0.32,0.28,cpu_pct,,21.521884092021164
resources,tmux,N=20 headless idle,3,False,0.28,0.24,pss_mib,,5.140625
resources,tmux,N=20 headless idle,3,False,0.28,0.24,rss_mib,,8.20703125
resources,tmux,N=20 headless idle,3,False,0.28,0.24,cpu_pct,,0.0
resources,tmux,N=20 headless output,3,False,0.28,0.26,pss_mib,,5.15625
resources,tmux,N=20 headless output,3,False,0.28,0.26,rss_mib,,8.22265625
resources,tmux,N=20 headless output,3,False,0.28,0.26,cpu_pct,,4.299930461954536
resources,tmux,N=20 attached idle,3,False,0.28,0.22,first_view_stale,,False
resources,tmux,N=20 attached idle,3,False,0.28,0.22,pss_mib,,13.1767578125
resources,tmux,N=20 attached idle,3,False,0.28,0.22,rss_mib,,21.19921875
resources,tmux,N=20 attached idle,3,False,0.28,0.22,cpu_pct,,0.0
resources,tmux,N=20 attached output,3,False,0.28,0.27,pss_mib,,13.1767578125
resources,tmux,N=20 attached output,3,False,0.28,0.27,rss_mib,,21.19921875
resources,tmux,N=20 attached output,3,False,0.28,0.27,cpu_pct,,4.099683845091065
resources,herdr,N=20 headless idle,3,False,0.27,0.48,pss_mib,,28.60546875
resources,herdr,N=20 headless idle,3,False,0.27,0.48,rss_mib,,28.609375
resources,herdr,N=20 headless idle,3,False,0.27,0.48,cpu_pct,,8.899848570856895
resources,herdr,N=20 headless output,3,False,0.27,0.41,pss_mib,,28.93359375
resources,herdr,N=20 headless output,3,False,0.27,0.41,rss_mib,,28.9375
resources,herdr,N=20 headless output,3,False,0.27,0.41,cpu_pct,,23.19934390399371
resources,herdr,N=20 attached idle,3,False,0.27,0.39,first_view_stale,,False
resources,herdr,N=20 attached idle,3,False,0.27,0.39,pss_mib,,38.69140625
resources,herdr,N=20 attached idle,3,False,0.27,0.39,rss_mib,,48.69921875
resources,herdr,N=20 attached idle,3,False,0.27,0.39,cpu_pct,,21.815939654691483
resources,herdr,N=20 attached output,3,False,0.27,0.33,pss_mib,,38.74609375
resources,herdr,N=20 attached output,3,False,0.27,0.33,rss_mib,,48.75390625
resources,herdr,N=20 attached output,3,False,0.27,0.33,cpu_pct,,27.664449085023808
resources,thurbox,N=20 headless idle,3,False,0.33,0.32,pss_mib,,5.7880859375
resources,thurbox,N=20 headless idle,3,False,0.33,0.32,rss_mib,,13.4609375
resources,thurbox,N=20 headless idle,3,False,0.33,0.32,cpu_pct,,0.0
resources,thurbox,N=20 headless output,3,False,0.33,0.27,pss_mib,,5.7958984375
resources,thurbox,N=20 headless output,3,False,0.33,0.27,rss_mib,,13.46875
resources,thurbox,N=20 headless output,3,False,0.33,0.27,cpu_pct,,4.899839732612047
resources,thurbox,N=20 attached idle,3,False,0.33,0.2,first_view_stale,,True
resources,thurbox,N=20 attached idle,3,False,0.33,0.2,pss_mib,,48.8330078125
resources,thurbox,N=20 attached idle,3,False,0.33,0.2,rss_mib,,63.48828125
resources,thurbox,N=20 attached idle,3,False,0.33,0.2,cpu_pct,,6.087442855142218
resources,thurbox,N=20 attached output,3,False,0.33,0.17,pss_mib,,49.1025390625
resources,thurbox,N=20 attached output,3,False,0.33,0.17,rss_mib,,63.7578125
resources,thurbox,N=20 attached output,3,False,0.33,0.17,cpu_pct,,20.50732674037683
resources,tmux,N=20 headless idle,4,False,0.17,0.14,pss_mib,,5.10546875
resources,tmux,N=20 headless idle,4,False,0.17,0.14,rss_mib,,8.2109375
resources,tmux,N=20 headless idle,4,False,0.17,0.14,cpu_pct,,0.0
resources,tmux,N=20 headless output,4,False,0.17,0.25,pss_mib,,5.0595703125
resources,tmux,N=20 headless output,4,False,0.17,0.25,rss_mib,,8.265625
resources,tmux,N=20 headless output,4,False,0.17,0.25,cpu_pct,,3.8999323162844846
resources,tmux,N=20 attached idle,4,False,0.17,0.21,first_view_stale,,False
resources,tmux,N=20 attached idle,4,False,0.17,0.21,pss_mib,,13.201171875
resources,tmux,N=20 attached idle,4,False,0.17,0.21,rss_mib,,21.22265625
resources,tmux,N=20 attached idle,4,False,0.17,0.21,cpu_pct,,0.0
resources,tmux,N=20 attached output,4,False,0.17,0.18,pss_mib,,13.201171875
resources,tmux,N=20 attached output,4,False,0.17,0.18,rss_mib,,21.22265625
resources,tmux,N=20 attached output,4,False,0.17,0.18,cpu_pct,,3.784478890434291
resources,herdr,N=20 headless idle,4,False,0.18,0.29,pss_mib,,28.59375
resources,herdr,N=20 headless idle,4,False,0.18,0.29,rss_mib,,28.59765625
resources,herdr,N=20 headless idle,4,False,0.18,0.29,cpu_pct,,8.899691442358218
resources,herdr,N=20 headless output,4,False,0.18,0.24,pss_mib,,33.81640625
resources,herdr,N=20 headless output,4,False,0.18,0.24,rss_mib,,33.8203125
resources,herdr,N=20 headless output,4,False,0.18,0.24,cpu_pct,,26.59905909552357
resources,herdr,N=20 attached idle,4,False,0.18,0.74,first_view_stale,,False
resources,herdr,N=20 attached idle,4,False,0.18,0.74,pss_mib,,47.87890625
resources,herdr,N=20 attached idle,4,False,0.18,0.74,rss_mib,,57.88671875
resources,herdr,N=20 attached idle,4,False,0.18,0.74,cpu_pct,,20.89798461771859
resources,herdr,N=20 attached output,4,False,0.18,0.63,pss_mib,,57.1953125
resources,herdr,N=20 attached output,4,False,0.18,0.63,rss_mib,,67.203125
resources,herdr,N=20 attached output,4,False,0.18,0.63,cpu_pct,,32.28549256557311
resources,thurbox,N=20 headless idle,4,False,0.63,0.62,pss_mib,,5.765625
resources,thurbox,N=20 headless idle,4,False,0.63,0.62,rss_mib,,13.69921875
resources,thurbox,N=20 headless idle,4,False,0.63,0.62,cpu_pct,,0.0
resources,thurbox,N=20 headless output,4,False,0.63,0.53,pss_mib,,5.79296875
resources,thurbox,N=20 headless output,4,False,0.63,0.53,rss_mib,,13.7265625
resources,thurbox,N=20 headless output,4,False,0.63,0.53,cpu_pct,,3.8998911758765518
resources,thurbox,N=20 attached idle,4,False,0.63,1.12,first_view_stale,,True
resources,thurbox,N=20 attached idle,4,False,0.63,1.12,pss_mib,,49.1416015625
resources,thurbox,N=20 attached idle,4,False,0.63,1.12,rss_mib,,64.0234375
resources,thurbox,N=20 attached idle,4,False,0.63,1.12,cpu_pct,,6.393185686860588
resources,thurbox,N=20 attached output,4,False,0.63,0.95,pss_mib,,49.3525390625
resources,thurbox,N=20 attached output,4,False,0.63,0.95,rss_mib,,64.234375
resources,thurbox,N=20 attached output,4,False,0.63,0.95,cpu_pct,,20.23172259963853
resources,tmux,N=20 headless idle,5,False,0.95,0.74,pss_mib,,5.150390625
resources,tmux,N=20 headless idle,5,False,0.95,0.74,rss_mib,,8.25390625
resources,tmux,N=20 headless idle,5,False,0.95,0.74,cpu_pct,,0.0
resources,tmux,N=20 headless output,5,False,0.95,0.63,pss_mib,,5.166015625
resources,tmux,N=20 headless output,5,False,0.95,0.63,rss_mib,,8.26953125
resources,tmux,N=20 headless output,5,False,0.95,0.63,cpu_pct,,4.099894979960116
resources,tmux,N=20 attached idle,5,False,0.95,0.53,first_view_stale,,False
resources,tmux,N=20 attached idle,5,False,0.95,0.53,pss_mib,,13.1767578125
resources,tmux,N=20 attached idle,5,False,0.95,0.53,rss_mib,,21.18359375
resources,tmux,N=20 attached idle,5,False,0.95,0.53,cpu_pct,,0.0
resources,tmux,N=20 attached output,5,False,0.95,0.55,pss_mib,,13.1767578125
resources,tmux,N=20 attached output,5,False,0.95,0.55,rss_mib,,21.18359375
resources,tmux,N=20 attached output,5,False,0.95,0.55,cpu_pct,,2.691208787841479
resources,herdr,N=20 headless idle,5,False,0.55,0.47,pss_mib,,28.60546875
resources,herdr,N=20 headless idle,5,False,0.55,0.47,rss_mib,,28.609375
resources,herdr,N=20 headless idle,5,False,0.55,0.47,cpu_pct,,8.899716089266974
resources,herdr,N=20 headless output,5,False,0.55,0.48,pss_mib,,28.94140625
resources,herdr,N=20 headless output,5,False,0.55,0.48,rss_mib,,28.9453125
resources,herdr,N=20 headless output,5,False,0.55,0.48,cpu_pct,,18.69972912507519
resources,herdr,N=20 attached idle,5,False,0.55,0.52,first_view_stale,,False
resources,herdr,N=20 attached idle,5,False,0.55,0.52,pss_mib,,52.46875
resources,herdr,N=20 attached idle,5,False,0.55,0.52,rss_mib,,62.4765625
resources,herdr,N=20 attached idle,5,False,0.55,0.52,cpu_pct,,13.545892312130631
resources,herdr,N=20 attached output,5,False,0.55,0.44,pss_mib,,60.2109375
resources,herdr,N=20 attached output,5,False,0.55,0.44,rss_mib,,70.21875
resources,herdr,N=20 attached output,5,False,0.55,0.44,cpu_pct,,26.11210872577688
resources,thurbox,N=20 headless idle,5,False,0.44,0.34,pss_mib,,5.74609375
resources,thurbox,N=20 headless idle,5,False,0.44,0.34,rss_mib,,13.484375
resources,thurbox,N=20 headless idle,5,False,0.44,0.34,cpu_pct,,0.0
resources,thurbox,N=20 headless output,5,False,0.44,0.29,pss_mib,,5.77734375
resources,thurbox,N=20 headless output,5,False,0.44,0.29,rss_mib,,13.515625
resources,thurbox,N=20 headless output,5,False,0.44,0.29,cpu_pct,,4.6999141396184205
resources,thurbox,N=20 attached idle,5,False,0.44,0.21,first_view_stale,,True
resources,thurbox,N=20 attached idle,5,False,0.44,0.21,pss_mib,,49.001953125
resources,thurbox,N=20 attached idle,5,False,0.44,0.21,rss_mib,,63.8515625
resources,thurbox,N=20 attached idle,5,False,0.44,0.21,cpu_pct,,5.9877725289931405
resources,thurbox,N=20 attached output,5,False,0.44,0.25,pss_mib,,49.306640625
resources,thurbox,N=20 attached output,5,False,0.44,0.25,rss_mib,,64.15625
resources,thurbox,N=20 attached output,5,False,0.44,0.25,cpu_pct,,20.85172295251554
resources,tmux,N=50 headless idle,0,True,0.25,0.2,pss_mib,,5.111328125
resources,tmux,N=50 headless idle,0,True,0.25,0.2,rss_mib,,8.18359375
resources,tmux,N=50 headless idle,0,True,0.25,0.2,cpu_pct,,0.0
resources,tmux,N=50 headless output,0,True,0.25,0.25,pss_mib,,5.126953125
resources,tmux,N=50 headless output,0,True,0.25,0.25,rss_mib,,8.19921875
resources,tmux,N=50 headless output,0,True,0.25,0.25,cpu_pct,,11.199847691031572
resources,tmux,N=50 attached idle,0,True,0.25,0.19,first_view_stale,,False
resources,tmux,N=50 attached idle,0,True,0.25,0.19,pss_mib,,16.01953125
resources,tmux,N=50 attached idle,0,True,0.25,0.19,rss_mib,,23.9140625
resources,tmux,N=50 attached idle,0,True,0.25,0.19,cpu_pct,,0.0
resources,tmux,N=50 attached output,0,True,0.25,0.32,pss_mib,,16.15625
resources,tmux,N=50 attached output,0,True,0.25,0.32,rss_mib,,24.05078125
resources,tmux,N=50 attached output,0,True,0.25,0.32,cpu_pct,,7.682896317778291
resources,herdr,N=50 headless idle,0,True,0.32,0.27,pss_mib,,44.4921875
resources,herdr,N=50 headless idle,0,True,0.32,0.27,rss_mib,,44.49609375
resources,herdr,N=50 headless idle,0,True,0.32,0.27,cpu_pct,,22.399719114241385
resources,herdr,N=50 headless output,0,True,0.32,0.36,pss_mib,,45.33984375
resources,herdr,N=50 headless output,0,True,0.32,0.36,rss_mib,,45.34375
resources,herdr,N=50 headless output,0,True,0.32,0.36,cpu_pct,,43.09948787895575
resources,herdr,N=50 attached idle,0,True,0.32,0.44,first_view_stale,,False
resources,herdr,N=50 attached idle,0,True,0.32,0.44,pss_mib,,67.28125
resources,herdr,N=50 attached idle,0,True,0.32,0.44,rss_mib,,77.2890625
resources,herdr,N=50 attached idle,0,True,0.32,0.44,cpu_pct,,52.52155809042468
resources,herdr,N=50 attached output,0,True,0.32,0.67,pss_mib,,73.3203125
resources,herdr,N=50 attached output,0,True,0.32,0.67,rss_mib,,83.328125
resources,herdr,N=50 attached output,0,True,0.32,0.67,cpu_pct,,74.12159684714152
resources,thurbox,N=50 headless idle,0,True,0.67,0.61,pss_mib,,5.7021484375
resources,thurbox,N=50 headless idle,0,True,0.67,0.61,rss_mib,,13.55078125
resources,thurbox,N=50 headless idle,0,True,0.67,0.61,cpu_pct,,0.0
resources,thurbox,N=50 headless output,0,True,0.67,0.51,pss_mib,,5.7060546875
resources,thurbox,N=50 headless output,0,True,0.67,0.51,rss_mib,,13.5546875
resources,thurbox,N=50 headless output,0,True,0.67,0.51,cpu_pct,,12.799572992165048
resources,thurbox,N=50 attached idle,0,True,0.67,2.7,first_view_stale,,True
resources,thurbox,N=50 attached idle,0,True,0.67,2.7,pss_mib,,147.2861328125
resources,thurbox,N=50 attached idle,0,True,0.67,2.7,rss_mib,,245.98046875
resources,thurbox,N=50 attached idle,0,True,0.67,2.7,cpu_pct,,11.28204800634119
resources,thurbox,N=50 attached output,0,True,0.67,6.21,pss_mib,,81.986328125
resources,thurbox,N=50 attached output,0,True,0.67,6.21,rss_mib,,96.9765625
resources,thurbox,N=50 attached output,0,True,0.67,6.21,cpu_pct,,38.85795054882929
resources,tmux,N=50 headless idle,1,False,6.21,5.25,pss_mib,,5.1298828125
resources,tmux,N=50 headless idle,1,False,6.21,5.25,rss_mib,,8.19921875
resources,tmux,N=50 headless idle,1,False,6.21,5.25,cpu_pct,,0.0
resources,tmux,N=50 headless output,1,False,6.21,4.44,pss_mib,,5.1455078125
resources,tmux,N=50 headless output,1,False,6.21,4.44,rss_mib,,8.21484375
resources,tmux,N=50 headless output,1,False,6.21,4.44,cpu_pct,,10.499737983239159
resources,tmux,N=50 attached idle,1,False,6.21,3.46,first_view_stale,,False
resources,tmux,N=50 attached idle,1,False,6.21,3.46,pss_mib,,16.0419921875
resources,tmux,N=50 attached idle,1,False,6.21,3.46,rss_mib,,23.99609375
resources,tmux,N=50 attached idle,1,False,6.21,3.46,cpu_pct,,0.0
resources,tmux,N=50 attached output,1,False,6.21,3.0,pss_mib,,16.1591796875
resources,tmux,N=50 attached output,1,False,6.21,3.0,rss_mib,,24.11328125
resources,tmux,N=50 attached output,1,False,6.21,3.0,cpu_pct,,8.173630287911502
resources,herdr,N=50 headless idle,1,False,3.0,2.41,pss_mib,,42.5078125
resources,herdr,N=50 headless idle,1,False,3.0,2.41,rss_mib,,42.51171875
resources,herdr,N=50 headless idle,1,False,3.0,2.41,cpu_pct,,22.499813136802324
resources,herdr,N=50 headless output,1,False,3.0,2.04,pss_mib,,50.19140625
resources,herdr,N=50 headless output,1,False,3.0,2.04,rss_mib,,50.1953125
resources,herdr,N=50 headless output,1,False,3.0,2.04,cpu_pct,,54.89814537046375
resources,herdr,N=50 attached idle,1,False,3.0,1.67,first_view_stale,,False
resources,herdr,N=50 attached idle,1,False,3.0,1.67,pss_mib,,77.51171875
resources,herdr,N=50 attached idle,1,False,3.0,1.67,rss_mib,,87.51953125
resources,herdr,N=50 attached idle,1,False,3.0,1.67,cpu_pct,,96.01904092152193
resources,herdr,N=50 attached output,1,False,3.0,1.48,pss_mib,,85.05078125
resources,herdr,N=50 attached output,1,False,3.0,1.48,rss_mib,,95.05859375
resources,herdr,N=50 attached output,1,False,3.0,1.48,cpu_pct,,81.35174044758567
resources,thurbox,N=50 headless idle,1,False,1.48,1.12,pss_mib,,5.7451171875
resources,thurbox,N=50 headless idle,1,False,1.48,1.12,rss_mib,,13.390625
resources,thurbox,N=50 headless idle,1,False,1.48,1.12,cpu_pct,,0.0
resources,thurbox,N=50 headless output,1,False,1.48,1.11,pss_mib,,5.7607421875
resources,thurbox,N=50 headless output,1,False,1.48,1.11,rss_mib,,13.40625
resources,thurbox,N=50 headless output,1,False,1.48,1.11,cpu_pct,,12.899794685578026
resources,thurbox,N=50 attached idle,1,False,1.48,0.86,first_view_stale,,True
resources,thurbox,N=50 attached idle,1,False,1.48,0.86,pss_mib,,79.748046875
resources,thurbox,N=50 attached idle,1,False,1.48,0.86,rss_mib,,94.5234375
resources,thurbox,N=50 attached idle,1,False,1.48,0.86,cpu_pct,,13.593092966138695
resources,thurbox,N=50 attached output,1,False,1.48,0.88,pss_mib,,79.794921875
resources,thurbox,N=50 attached output,1,False,1.48,0.88,rss_mib,,94.5703125
resources,thurbox,N=50 attached output,1,False,1.48,0.88,cpu_pct,,41.15506066154776
resources,tmux,N=50 headless idle,2,False,0.88,0.74,pss_mib,,5.146484375
resources,tmux,N=50 headless idle,2,False,0.88,0.74,rss_mib,,8.2578125
resources,tmux,N=50 headless idle,2,False,0.88,0.74,cpu_pct,,0.0
resources,tmux,N=50 headless output,2,False,0.88,0.71,pss_mib,,5.177734375
resources,tmux,N=50 headless output,2,False,0.88,0.71,rss_mib,,8.2890625
resources,tmux,N=50 headless output,2,False,0.88,0.71,cpu_pct,,11.99983773219412
resources,tmux,N=50 attached idle,2,False,0.88,0.55,first_view_stale,,False
resources,tmux,N=50 attached idle,2,False,0.88,0.55,pss_mib,,16.0390625
resources,tmux,N=50 attached idle,2,False,0.88,0.55,rss_mib,,24.109375
resources,tmux,N=50 attached idle,2,False,0.88,0.55,cpu_pct,,0.0
resources,tmux,N=50 attached output,2,False,0.88,0.46,pss_mib,,16.15234375
resources,tmux,N=50 attached output,2,False,0.88,0.46,rss_mib,,24.22265625
resources,tmux,N=50 attached output,2,False,0.88,0.46,cpu_pct,,8.396960740213133
resources,herdr,N=50 headless idle,2,False,0.46,0.43,pss_mib,,42.51171875
resources,herdr,N=50 headless idle,2,False,0.46,0.43,rss_mib,,42.515625
resources,herdr,N=50 headless idle,2,False,0.46,0.43,cpu_pct,,21.999625726966794
resources,herdr,N=50 headless output,2,False,0.46,0.44,pss_mib,,43.3671875
resources,herdr,N=50 headless output,2,False,0.46,0.44,rss_mib,,43.37109375
resources,herdr,N=50 headless output,2,False,0.46,0.44,cpu_pct,,76.09753808484041
resources,herdr,N=50 attached idle,2,False,0.46,0.34,first_view_stale,,False
resources,herdr,N=50 attached idle,2,False,0.46,0.34,pss_mib,,57.44921875
resources,herdr,N=50 attached idle,2,False,0.46,0.34,rss_mib,,67.45703125
resources,herdr,N=50 attached idle,2,False,0.46,0.34,cpu_pct,,81.06000514869335
resources,herdr,N=50 attached output,2,False,0.46,0.61,pss_mib,,57.5625
resources,herdr,N=50 attached output,2,False,0.46,0.61,rss_mib,,67.5703125
resources,herdr,N=50 attached output,2,False,0.46,0.61,cpu_pct,,102.00980821015727
resources,thurbox,N=50 headless idle,2,False,0.61,0.7,pss_mib,,5.7607421875
resources,thurbox,N=50 headless idle,2,False,0.61,0.7,rss_mib,,13.6796875
resources,thurbox,N=50 headless idle,2,False,0.61,0.7,cpu_pct,,0.0
resources,thurbox,N=50 headless output,2,False,0.61,0.59,pss_mib,,5.7685546875
resources,thurbox,N=50 headless output,2,False,0.61,0.59,rss_mib,,13.6875
resources,thurbox,N=50 headless output,2,False,0.61,0.59,cpu_pct,,10.499830141097439
resources,thurbox,N=50 attached idle,2,False,0.61,0.5,first_view_stale,,True
resources,thurbox,N=50 attached idle,2,False,0.61,0.5,pss_mib,,104.42578125
resources,thurbox,N=50 attached idle,2,False,0.61,0.5,rss_mib,,148.93359375
resources,thurbox,N=50 attached idle,2,False,0.61,0.5,cpu_pct,,11.386049182892021
resources,thurbox,N=50 attached output,2,False,0.61,0.5,pss_mib,,80.3251953125
resources,thurbox,N=50 attached output,2,False,0.61,0.5,rss_mib,,95.51171875
resources,thurbox,N=50 attached output,2,False,0.61,0.5,cpu_pct,,39.71849599789217
resources,tmux,N=50 headless idle,3,False,0.5,0.42,pss_mib,,5.0908203125
resources,tmux,N=50 headless idle,3,False,0.5,0.42,rss_mib,,8.0625
resources,tmux,N=50 headless idle,3,False,0.5,0.42,cpu_pct,,0.0
resources,tmux,N=50 headless output,3,False,0.5,0.33,pss_mib,,5.1064453125
resources,tmux,N=50 headless output,3,False,0.5,0.33,rss_mib,,8.078125
resources,tmux,N=50 headless output,3,False,0.5,0.33,cpu_pct,,9.599838742869412
resources,tmux,N=50 attached idle,3,False,0.5,0.28,first_view_stale,,False
resources,tmux,N=50 attached idle,3,False,0.5,0.28,pss_mib,,15.9580078125
resources,tmux,N=50 attached idle,3,False,0.5,0.28,rss_mib,,23.859375
resources,tmux,N=50 attached idle,3,False,0.5,0.28,cpu_pct,,0.0
resources,tmux,N=50 attached output,3,False,0.5,0.23,pss_mib,,16.0634765625
resources,tmux,N=50 attached output,3,False,0.5,0.23,rss_mib,,23.96484375
resources,tmux,N=50 attached output,3,False,0.5,0.23,cpu_pct,,8.477796159299384
resources,herdr,N=50 headless idle,3,False,0.23,0.6,pss_mib,,42.5078125
resources,herdr,N=50 headless idle,3,False,0.23,0.6,rss_mib,,42.51171875
resources,herdr,N=50 headless idle,3,False,0.23,0.6,cpu_pct,,22.399718446739094
resources,herdr,N=50 headless output,3,False,0.23,0.51,pss_mib,,43.328125
resources,herdr,N=50 headless output,3,False,0.23,0.51,rss_mib,,43.33203125
resources,herdr,N=50 headless output,3,False,0.23,0.51,cpu_pct,,43.39933747873212
resources,herdr,N=50 attached idle,3,False,0.23,0.55,first_view_stale,,False
resources,herdr,N=50 attached idle,3,False,0.23,0.55,pss_mib,,57.41796875
resources,herdr,N=50 attached idle,3,False,0.23,0.55,rss_mib,,67.42578125
resources,herdr,N=50 attached idle,3,False,0.23,0.55,cpu_pct,,39.4622590172069
resources,herdr,N=50 attached output,3,False,0.23,0.55,pss_mib,,57.52734375
resources,herdr,N=50 attached output,3,False,0.23,0.55,rss_mib,,67.53515625
resources,herdr,N=50 attached output,3,False,0.23,0.55,cpu_pct,,84.20430958029922
resources,thurbox,N=50 headless idle,3,False,0.55,0.53,pss_mib,,5.720703125
resources,thurbox,N=50 headless idle,3,False,0.55,0.53,rss_mib,,13.640625
resources,thurbox,N=50 headless idle,3,False,0.55,0.53,cpu_pct,,0.0
resources,thurbox,N=50 headless output,3,False,0.55,0.44,pss_mib,,5.732421875
resources,thurbox,N=50 headless output,3,False,0.55,0.44,rss_mib,,13.65234375
resources,thurbox,N=50 headless output,3,False,0.55,0.44,cpu_pct,,10.499836454546566
resources,thurbox,N=50 attached idle,3,False,0.55,0.32,first_view_stale,,True
resources,thurbox,N=50 attached idle,3,False,0.55,0.32,pss_mib,,84.5087890625
resources,thurbox,N=50 attached idle,3,False,0.55,0.32,rss_mib,,105.3203125
resources,thurbox,N=50 attached idle,3,False,0.55,0.32,cpu_pct,,11.049686854219287
resources,thurbox,N=50 attached output,3,False,0.55,1.3,pss_mib,,79.9150390625
resources,thurbox,N=50 attached output,3,False,0.55,1.3,rss_mib,,94.73046875
resources,thurbox,N=50 attached output,3,False,0.55,1.3,cpu_pct,,38.521706999607915
resources,tmux,N=50 headless idle,4,False,1.3,1.01,pss_mib,,5.1630859375
resources,tmux,N=50 headless idle,4,False,1.3,1.01,rss_mib,,8.30078125
resources,tmux,N=50 headless idle,4,False,1.3,1.01,cpu_pct,,0.0
resources,tmux,N=50 headless output,4,False,1.3,1.02,pss_mib,,5.1787109375
resources,tmux,N=50 headless output,4,False,1.3,1.02,rss_mib,,8.31640625
resources,tmux,N=50 headless output,4,False,1.3,1.02,cpu_pct,,11.499902709673316
resources,tmux,N=50 attached idle,4,False,1.3,1.01,first_view_stale,,False
resources,tmux,N=50 attached idle,4,False,1.3,1.01,pss_mib,,16.0625
resources,tmux,N=50 attached idle,4,False,1.3,1.01,rss_mib,,23.9765625
resources,tmux,N=50 attached idle,4,False,1.3,1.01,cpu_pct,,0.0
resources,tmux,N=50 attached output,4,False,1.3,1.13,pss_mib,,16.1796875
resources,tmux,N=50 attached output,4,False,1.3,1.13,rss_mib,,24.09375
resources,tmux,N=50 attached output,4,False,1.3,1.13,cpu_pct,,8.880364583243685
resources,herdr,N=50 headless idle,4,False,1.13,1.11,pss_mib,,42.515625
resources,herdr,N=50 headless idle,4,False,1.13,1.11,rss_mib,,42.51953125
resources,herdr,N=50 headless idle,4,False,1.13,1.11,cpu_pct,,22.399254102599603
resources,herdr,N=50 headless output,4,False,1.13,1.02,pss_mib,,50.21484375
resources,herdr,N=50 headless output,4,False,1.13,1.02,rss_mib,,50.21875
resources,herdr,N=50 headless output,4,False,1.13,1.02,cpu_pct,,73.59901032146861
resources,herdr,N=50 attached idle,4,False,1.13,1.15,first_view_stale,,False
resources,herdr,N=50 attached idle,4,False,1.13,1.15,pss_mib,,81.07421875
resources,herdr,N=50 attached idle,4,False,1.13,1.15,rss_mib,,91.08203125
resources,herdr,N=50 attached idle,4,False,1.13,1.15,cpu_pct,,46.11823620180102
resources,herdr,N=50 attached output,4,False,1.13,1.21,pss_mib,,88.375
resources,herdr,N=50 attached output,4,False,1.13,1.21,rss_mib,,98.3828125
resources,herdr,N=50 attached output,4,False,1.13,1.21,cpu_pct,,78.45057524523283
resources,thurbox,N=50 headless idle,4,False,1.11,0.87,pss_mib,,5.6767578125
resources,thurbox,N=50 headless idle,4,False,1.11,0.87,rss_mib,,13.46484375
resources,thurbox,N=50 headless idle,4,False,1.11,0.87,cpu_pct,,0.0
resources,thurbox,N=50 headless output,4,False,1.11,0.67,pss_mib,,5.7548828125
resources,thurbox,N=50 headless output,4,False,1.11,0.67,rss_mib,,13.54296875
resources,thurbox,N=50 headless output,4,False,1.11,0.67,cpu_pct,,13.19982451229351
resources,thurbox,N=50 attached idle,4,False,1.11,0.52,first_view_stale,,True
resources,thurbox,N=50 attached idle,4,False,1.11,0.52,pss_mib,,126.796875
resources,thurbox,N=50 attached idle,4,False,1.11,0.52,rss_mib,,200.44140625
resources,thurbox,N=50 attached idle,4,False,1.11,0.52,cpu_pct,,11.167800833587457
resources,thurbox,N=50 attached output,4,False,1.11,0.91,pss_mib,,80.2744140625
resources,thurbox,N=50 attached output,4,False,1.11,0.91,rss_mib,,94.98828125
resources,thurbox,N=50 attached output,4,False,1.11,0.91,cpu_pct,,39.76509790316693
resources,tmux,N=50 headless idle,5,False,0.91,0.78,pss_mib,,5.15234375
resources,tmux,N=50 headless idle,5,False,0.91,0.78,rss_mib,,8.16015625
resources,tmux,N=50 headless idle,5,False,0.91,0.78,cpu_pct,,0.0
resources,tmux,N=50 headless output,5,False,0.91,0.89,pss_mib,,5.16796875
resources,tmux,N=50 headless output,5,False,0.91,0.89,rss_mib,,8.17578125
resources,tmux,N=50 headless output,5,False,0.91,0.89,cpu_pct,,11.799861245431948
resources,tmux,N=50 attached idle,5,False,0.91,0.69,first_view_stale,,False
resources,tmux,N=50 attached idle,5,False,0.91,0.69,pss_mib,,16.001953125
resources,tmux,N=50 attached idle,5,False,0.91,0.69,rss_mib,,23.9140625
resources,tmux,N=50 attached idle,5,False,0.91,0.69,cpu_pct,,0.0
resources,tmux,N=50 attached output,5,False,0.91,0.59,pss_mib,,16.068359375
resources,tmux,N=50 attached output,5,False,0.91,0.59,rss_mib,,23.98046875
resources,tmux,N=50 attached output,5,False,0.91,0.59,cpu_pct,,9.755275929779835
resources,herdr,N=50 headless idle,5,False,0.59,0.5,pss_mib,,40.51171875
resources,herdr,N=50 headless idle,5,False,0.59,0.5,rss_mib,,40.515625
resources,herdr,N=50 headless idle,5,False,0.59,0.5,cpu_pct,,22.399684032298442
resources,herdr,N=50 headless output,5,False,0.59,0.6,pss_mib,,41.33203125
resources,herdr,N=50 headless output,5,False,0.59,0.6,rss_mib,,41.3359375
resources,herdr,N=50 headless output,5,False,0.59,0.6,cpu_pct,,52.599389436806
resources,herdr,N=50 attached idle,5,False,0.59,0.75,first_view_stale,,False
resources,herdr,N=50 attached idle,5,False,0.59,0.75,pss_mib,,53.4921875
resources,herdr,N=50 attached idle,5,False,0.59,0.75,rss_mib,,63.5
resources,herdr,N=50 attached idle,5,False,0.59,0.75,cpu_pct,,71.80530749240494
resources,herdr,N=50 attached output,5,False,0.59,0.89,pss_mib,,53.5703125
resources,herdr,N=50 attached output,5,False,0.59,0.89,rss_mib,,63.578125
resources,herdr,N=50 attached output,5,False,0.59,0.89,cpu_pct,,86.66730442367195
resources,thurbox,N=50 headless idle,5,False,0.89,0.76,pss_mib,,5.7587890625
resources,thurbox,N=50 headless idle,5,False,0.89,0.76,rss_mib,,13.59765625
resources,thurbox,N=50 headless idle,5,False,0.89,0.76,cpu_pct,,0.0
resources,thurbox,N=50 headless output,5,False,0.89,0.67,pss_mib,,5.7705078125
resources,thurbox,N=50 headless output,5,False,0.89,0.67,rss_mib,,13.609375
resources,thurbox,N=50 headless output,5,False,0.89,0.67,cpu_pct,,10.499837500314491
resources,thurbox,N=50 attached idle,5,False,0.89,0.52,first_view_stale,,True
resources,thurbox,N=50 attached idle,5,False,0.89,0.52,pss_mib,,220.7158203125
resources,thurbox,N=50 attached idle,5,False,0.89,0.52,rss_mib,,406.015625
resources,thurbox,N=50 attached idle,5,False,0.89,0.52,cpu_pct,,11.09633278740231
resources,thurbox,N=50 attached output,5,False,0.89,0.52,pss_mib,,128.4228515625
resources,thurbox,N=50 attached output,5,False,0.89,0.52,rss_mib,,209.4296875
resources,thurbox,N=50 attached output,5,False,0.89,0.52,cpu_pct,,38.35432487390824
latency,tmux,idle,0,True,0.52,0.44,echo_ms,0,1.014841
latency,tmux,idle,0,True,0.52,0.44,echo_ms,1,1.023564
latency,tmux,idle,0,True,0.52,0.44,echo_ms,2,0.674283
latency,tmux,idle,0,True,0.52,0.44,echo_ms,3,0.953107
latency,tmux,idle,0,True,0.52,0.44,echo_ms,4,0.394895
latency,tmux,idle,0,True,0.52,0.44,echo_ms,5,1.027673
latency,tmux,idle,0,True,0.52,0.44,echo_ms,6,0.804512
latency,tmux,idle,0,True,0.52,0.44,echo_ms,7,1.005772
latency,tmux,idle,0,True,0.52,0.44,echo_ms,8,1.057206
latency,tmux,idle,0,True,0.52,0.44,echo_ms,9,0.967823
latency,tmux,idle,0,True,0.52,0.44,echo_ms,10,1.021145
latency,tmux,idle,0,True,0.52,0.44,echo_ms,11,1.028928
latency,tmux,idle,0,True,0.52,0.44,echo_ms,12,1.037518
latency,tmux,idle,0,True,0.52,0.44,echo_ms,13,1.042284
latency,tmux,idle,0,True,0.52,0.44,echo_ms,14,1.171613
latency,tmux,idle,0,True,0.52,0.44,echo_ms,15,1.055244
latency,tmux,idle,0,True,0.52,0.44,echo_ms,16,0.867882
latency,tmux,idle,0,True,0.52,0.44,echo_ms,17,1.070761
latency,tmux,idle,0,True,0.52,0.44,echo_ms,18,1.030263
latency,tmux,idle,0,True,0.52,0.44,echo_ms,19,1.060684
latency,tmux,idle,0,True,0.52,0.44,echo_ms,20,1.0179
latency,tmux,idle,0,True,0.52,0.44,echo_ms,21,1.03296
latency,tmux,idle,0,True,0.52,0.44,echo_ms,22,1.037423
latency,tmux,idle,0,True,0.52,0.44,echo_ms,23,1.030929
latency,tmux,idle,0,True,0.52,0.44,echo_ms,24,0.466025
latency,tmux,idle,0,True,0.52,0.44,echo_ms,25,0.754841
latency,tmux,idle,0,True,0.52,0.44,echo_ms,26,0.822202
latency,tmux,idle,0,True,0.52,0.44,echo_ms,27,1.043514
latency,tmux,idle,0,True,0.52,0.44,echo_ms,28,0.951897
latency,tmux,idle,0,True,0.52,0.44,echo_ms,29,1.042347
latency,tmux,idle,0,True,0.52,0.44,echo_ms,30,1.040134
latency,tmux,idle,0,True,0.52,0.44,echo_ms,31,0.288492
latency,tmux,idle,0,True,0.52,0.44,echo_ms,32,1.006073
latency,tmux,idle,0,True,0.52,0.44,echo_ms,33,1.015497
latency,tmux,idle,0,True,0.52,0.44,echo_ms,34,1.029943
latency,tmux,idle,0,True,0.52,0.44,echo_ms,35,0.940313
latency,tmux,idle,0,True,0.52,0.44,echo_ms,36,0.968845
latency,tmux,idle,0,True,0.52,0.44,echo_ms,37,1.036979
latency,tmux,idle,0,True,0.52,0.44,echo_ms,38,0.526186
latency,tmux,idle,0,True,0.52,0.44,echo_ms,39,1.031168
latency,tmux,idle,0,True,0.52,0.44,echo_ms,40,1.043053
latency,tmux,idle,0,True,0.52,0.44,echo_ms,41,0.995636
latency,tmux,idle,0,True,0.52,0.44,echo_ms,42,1.007631
latency,tmux,idle,0,True,0.52,0.44,echo_ms,43,0.975089
latency,tmux,idle,0,True,0.52,0.44,echo_ms,44,1.094827
latency,tmux,idle,0,True,0.52,0.44,echo_ms,45,1.008827
latency,tmux,idle,0,True,0.52,0.44,echo_ms,46,1.011731
latency,tmux,idle,0,True,0.52,0.44,echo_ms,47,1.021298
latency,tmux,idle,0,True,0.52,0.44,echo_ms,48,0.730371
latency,tmux,idle,0,True,0.52,0.44,echo_ms,49,1.025765
latency,tmux,idle,0,True,0.52,0.44,echo_ms,50,0.986724
latency,tmux,idle,0,True,0.52,0.44,echo_ms,51,0.999079
latency,tmux,idle,0,True,0.52,0.44,echo_ms,52,0.895837
latency,tmux,idle,0,True,0.52,0.44,echo_ms,53,0.984073
latency,tmux,idle,0,True,0.52,0.44,echo_ms,54,0.839793
latency,tmux,idle,0,True,0.52,0.44,echo_ms,55,1.019228
latency,tmux,idle,0,True,0.52,0.44,echo_ms,56,1.036424
latency,tmux,idle,0,True,0.52,0.44,echo_ms,57,0.687969
latency,tmux,idle,0,True,0.52,0.44,echo_ms,58,1.01976
latency,tmux,idle,0,True,0.52,0.44,echo_ms,59,1.085852
latency,tmux,idle,0,True,0.52,0.44,echo_ms,60,0.988222
latency,tmux,idle,0,True,0.52,0.44,echo_ms,61,0.991499
latency,tmux,idle,0,True,0.52,0.44,echo_ms,62,1.017455
latency,tmux,idle,0,True,0.52,0.44,echo_ms,63,1.055431
latency,tmux,idle,0,True,0.52,0.44,echo_ms,64,0.97907
latency,tmux,idle,0,True,0.52,0.44,echo_ms,65,1.033012
latency,tmux,idle,0,True,0.52,0.44,echo_ms,66,1.032585
latency,tmux,idle,0,True,0.52,0.44,echo_ms,67,0.673049
latency,tmux,idle,0,True,0.52,0.44,echo_ms,68,0.736665
latency,tmux,idle,0,True,0.52,0.44,echo_ms,69,1.048783
latency,tmux,idle,0,True,0.52,0.44,echo_ms,70,1.028114
latency,tmux,idle,0,True,0.52,0.44,echo_ms,71,1.061069
latency,tmux,idle,0,True,0.52,0.44,echo_ms,72,1.069335
latency,tmux,idle,0,True,0.52,0.44,echo_ms,73,1.002054
latency,tmux,idle,0,True,0.52,0.44,echo_ms,74,0.937502
latency,tmux,idle,0,True,0.52,0.44,echo_ms,75,0.975613
latency,tmux,idle,0,True,0.52,0.44,echo_ms,76,1.031296
latency,tmux,idle,0,True,0.52,0.44,echo_ms,77,0.760891
latency,tmux,idle,0,True,0.52,0.44,echo_ms,78,1.057224
latency,tmux,idle,0,True,0.52,0.44,echo_ms,79,1.052727
latency,tmux,idle,0,True,0.52,0.44,echo_ms,80,0.6876
latency,tmux,idle,0,True,0.52,0.44,echo_ms,81,1.071146
latency,tmux,idle,0,True,0.52,0.44,echo_ms,82,0.954419
latency,tmux,idle,0,True,0.52,0.44,echo_ms,83,0.968986
latency,tmux,idle,0,True,0.52,0.44,echo_ms,84,0.897436
latency,tmux,idle,0,True,0.52,0.44,echo_ms,85,1.001527
latency,tmux,idle,0,True,0.52,0.44,echo_ms,86,0.682514
latency,tmux,idle,0,True,0.52,0.44,echo_ms,87,0.972079
latency,tmux,idle,0,True,0.52,0.44,echo_ms,88,1.089058
latency,tmux,idle,0,True,0.52,0.44,echo_ms,89,0.98037
latency,tmux,idle,0,True,0.52,0.44,echo_ms,90,1.08004
latency,tmux,idle,0,True,0.52,0.44,echo_ms,91,0.416533
latency,tmux,idle,0,True,0.52,0.44,echo_ms,92,1.048039
latency,tmux,idle,0,True,0.52,0.44,echo_ms,93,0.983596
latency,tmux,idle,0,True,0.52,0.44,echo_ms,94,1.055674
latency,tmux,idle,0,True,0.52,0.44,echo_ms,95,1.074955
latency,tmux,idle,0,True,0.52,0.44,echo_ms,96,1.006299
latency,tmux,idle,0,True,0.52,0.44,echo_ms,97,1.048122
latency,tmux,idle,0,True,0.52,0.44,echo_ms,98,0.961345
latency,tmux,idle,0,True,0.52,0.44,echo_ms,99,1.028516
latency,tmux,idle,0,True,0.52,0.44,timeouts,,0
latency,herdr,idle,0,True,0.44,0.37,echo_ms,0,2.135748
latency,herdr,idle,0,True,0.44,0.37,echo_ms,1,2.205987
latency,herdr,idle,0,True,0.44,0.37,echo_ms,2,2.272693
latency,herdr,idle,0,True,0.44,0.37,echo_ms,3,2.255067
latency,herdr,idle,0,True,0.44,0.37,echo_ms,4,2.302279
latency,herdr,idle,0,True,0.44,0.37,echo_ms,5,2.206789
latency,herdr,idle,0,True,0.44,0.37,echo_ms,6,2.157522
latency,herdr,idle,0,True,0.44,0.37,echo_ms,7,2.217761
latency,herdr,idle,0,True,0.44,0.37,echo_ms,8,2.292234
latency,herdr,idle,0,True,0.44,0.37,echo_ms,9,1.642666
latency,herdr,idle,0,True,0.44,0.37,echo_ms,10,1.365475
latency,herdr,idle,0,True,0.44,0.37,echo_ms,11,2.22053
latency,herdr,idle,0,True,0.44,0.37,echo_ms,12,2.127696
latency,herdr,idle,0,True,0.44,0.37,echo_ms,13,2.356665
latency,herdr,idle,0,True,0.44,0.37,echo_ms,14,2.1449
latency,herdr,idle,0,True,0.44,0.37,echo_ms,15,2.095224
latency,herdr,idle,0,True,0.44,0.37,echo_ms,16,2.228089
latency,herdr,idle,0,True,0.44,0.37,echo_ms,17,2.193024
latency,herdr,idle,0,True,0.44,0.37,echo_ms,18,1.584774
latency,herdr,idle,0,True,0.44,0.37,echo_ms,19,2.162117
latency,herdr,idle,0,True,0.44,0.37,echo_ms,20,2.190902
latency,herdr,idle,0,True,0.44,0.37,echo_ms,21,2.188182
latency,herdr,idle,0,True,0.44,0.37,echo_ms,22,2.162408
latency,herdr,idle,0,True,0.44,0.37,echo_ms,23,2.188162
latency,herdr,idle,0,True,0.44,0.37,echo_ms,24,2.214709
latency,herdr,idle,0,True,0.44,0.37,echo_ms,25,1.911455
latency,herdr,idle,0,True,0.44,0.37,echo_ms,26,2.114296
latency,herdr,idle,0,True,0.44,0.37,echo_ms,27,2.259251
latency,herdr,idle,0,True,0.44,0.37,echo_ms,28,2.335067
latency,herdr,idle,0,True,0.44,0.37,echo_ms,29,2.210384
latency,herdr,idle,0,True,0.44,0.37,echo_ms,30,2.272548
latency,herdr,idle,0,True,0.44,0.37,echo_ms,31,2.273513
latency,herdr,idle,0,True,0.44,0.37,echo_ms,32,2.106829
latency,herdr,idle,0,True,0.44,0.37,echo_ms,33,2.145711
latency,herdr,idle,0,True,0.44,0.37,echo_ms,34,2.331808
latency,herdr,idle,0,True,0.44,0.37,echo_ms,35,2.306311
latency,herdr,idle,0,True,0.44,0.37,echo_ms,36,1.806733
latency,herdr,idle,0,True,0.44,0.37,echo_ms,37,1.922872
latency,herdr,idle,0,True,0.44,0.37,echo_ms,38,2.134932
latency,herdr,idle,0,True,0.44,0.37,echo_ms,39,2.260428
latency,herdr,idle,0,True,0.44,0.37,echo_ms,40,1.661876
latency,herdr,idle,0,True,0.44,0.37,echo_ms,41,2.246407
latency,herdr,idle,0,True,0.44,0.37,echo_ms,42,2.166044
latency,herdr,idle,0,True,0.44,0.37,echo_ms,43,2.295041
latency,herdr,idle,0,True,0.44,0.37,echo_ms,44,2.205886
latency,herdr,idle,0,True,0.44,0.37,echo_ms,45,1.823658
latency,herdr,idle,0,True,0.44,0.37,echo_ms,46,2.291772
latency,herdr,idle,0,True,0.44,0.37,echo_ms,47,2.21744
latency,herdr,idle,0,True,0.44,0.37,echo_ms,48,1.750383
latency,herdr,idle,0,True,0.44,0.37,echo_ms,49,2.153749
latency,herdr,idle,0,True,0.44,0.37,echo_ms,50,2.299074
latency,herdr,idle,0,True,0.44,0.37,echo_ms,51,2.177642
latency,herdr,idle,0,True,0.44,0.37,echo_ms,52,2.25875
latency,herdr,idle,0,True,0.44,0.37,echo_ms,53,2.273422
latency,herdr,idle,0,True,0.44,0.37,echo_ms,54,2.217577
latency,herdr,idle,0,True,0.44,0.37,echo_ms,55,2.273233
latency,herdr,idle,0,True,0.44,0.37,echo_ms,56,2.219755
latency,herdr,idle,0,True,0.44,0.37,echo_ms,57,1.895019
latency,herdr,idle,0,True,0.44,0.37,echo_ms,58,2.302525
latency,herdr,idle,0,True,0.44,0.37,echo_ms,59,2.064558
latency,herdr,idle,0,True,0.44,0.37,echo_ms,60,2.253603
latency,herdr,idle,0,True,0.44,0.37,echo_ms,61,1.502327
latency,herdr,idle,0,True,0.44,0.37,echo_ms,62,2.111169
latency,herdr,idle,0,True,0.44,0.37,echo_ms,63,2.019555
latency,herdr,idle,0,True,0.44,0.37,echo_ms,64,1.980117
latency,herdr,idle,0,True,0.44,0.37,echo_ms,65,2.237427
latency,herdr,idle,0,True,0.44,0.37,echo_ms,66,1.933572
latency,herdr,idle,0,True,0.44,0.37,echo_ms,67,2.263956
latency,herdr,idle,0,True,0.44,0.37,echo_ms,68,2.141291
latency,herdr,idle,0,True,0.44,0.37,echo_ms,69,2.165386
latency,herdr,idle,0,True,0.44,0.37,echo_ms,70,2.088602
latency,herdr,idle,0,True,0.44,0.37,echo_ms,71,2.15253
latency,herdr,idle,0,True,0.44,0.37,echo_ms,72,0.680007
latency,herdr,idle,0,True,0.44,0.37,echo_ms,73,2.227258
latency,herdr,idle,0,True,0.44,0.37,echo_ms,74,1.975767
latency,herdr,idle,0,True,0.44,0.37,echo_ms,75,2.052211
latency,herdr,idle,0,True,0.44,0.37,echo_ms,76,2.207846
latency,herdr,idle,0,True,0.44,0.37,echo_ms,77,2.164097
latency,herdr,idle,0,True,0.44,0.37,echo_ms,78,2.173369
latency,herdr,idle,0,True,0.44,0.37,echo_ms,79,2.111342
latency,herdr,idle,0,True,0.44,0.37,echo_ms,80,2.122443
latency,herdr,idle,0,True,0.44,0.37,echo_ms,81,2.195545
latency,herdr,idle,0,True,0.44,0.37,echo_ms,82,2.203421
latency,herdr,idle,0,True,0.44,0.37,echo_ms,83,2.266106
latency,herdr,idle,0,True,0.44,0.37,echo_ms,84,2.131174
latency,herdr,idle,0,True,0.44,0.37,echo_ms,85,2.128639
latency,herdr,idle,0,True,0.44,0.37,echo_ms,86,1.38599
latency,herdr,idle,0,True,0.44,0.37,echo_ms,87,2.047139
latency,herdr,idle,0,True,0.44,0.37,echo_ms,88,2.062618
latency,herdr,idle,0,True,0.44,0.37,echo_ms,89,2.181701
latency,herdr,idle,0,True,0.44,0.37,echo_ms,90,2.184587
latency,herdr,idle,0,True,0.44,0.37,echo_ms,91,2.128297
latency,herdr,idle,0,True,0.44,0.37,echo_ms,92,2.216633
latency,herdr,idle,0,True,0.44,0.37,echo_ms,93,2.057916
latency,herdr,idle,0,True,0.44,0.37,echo_ms,94,1.931508
latency,herdr,idle,0,True,0.44,0.37,echo_ms,95,1.996984
latency,herdr,idle,0,True,0.44,0.37,echo_ms,96,2.056869
latency,herdr,idle,0,True,0.44,0.37,echo_ms,97,2.21646
latency,herdr,idle,0,True,0.44,0.37,echo_ms,98,1.607943
latency,herdr,idle,0,True,0.44,0.37,echo_ms,99,2.114267
latency,herdr,idle,0,True,0.44,0.37,timeouts,,0
latency,thurbox,idle,0,True,0.37,0.83,echo_ms,0,13.496503
latency,thurbox,idle,0,True,0.37,0.83,echo_ms,1,4.177087
latency,thurbox,idle,0,True,0.37,0.83,echo_ms,2,48.081765
latency,thurbox,idle,0,True,0.37,0.83,echo_ms,3,13.677379
latency,thurbox,idle,0,True,0.37,0.83,echo_ms,4,46.548557
latency,thurbox,idle,0,True,0.37,0.83,echo_ms,5,48.075509
latency,thurbox,idle,0,True,0.37,0.83,echo_ms,6,46.500477
latency,thurbox,idle,0,True,0.37,0.83,echo_ms,7,1.764329
latency,thurbox,idle,0,True,0.37,0.83,echo_ms,8,46.957993
latency,thurbox,idle,0,True,0.37,0.83,echo_ms,9,4.166014
latency,thurbox,idle,0,True,0.37,0.83,echo_ms,10,45.558879
latency,thurbox,idle,0,True,0.37,0.83,echo_ms,11,23.923804
latency,thurbox,idle,0,True,0.37,0.83,echo_ms,12,47.208896
latency,thurbox,idle,0,True,0.37,0.83,echo_ms,13,48.645859
latency,thurbox,idle,0,True,0.37,0.83,echo_ms,14,46.791163
latency,thurbox,idle,0,True,0.37,0.83,echo_ms,15,24.376521
latency,thurbox,idle,0,True,0.37,0.83,echo_ms,16,14.548223
latency,thurbox,idle,0,True,0.37,0.83,echo_ms,17,46.742738
latency,thurbox,idle,0,True,0.37,0.83,echo_ms,18,4.077988
latency,thurbox,idle,0,True,0.37,0.83,echo_ms,19,46.65826
latency,thurbox,idle,0,True,0.37,0.83,echo_ms,20,4.061342
latency,thurbox,idle,0,True,0.37,0.83,echo_ms,21,47.841272
latency,thurbox,idle,0,True,0.37,0.83,echo_ms,22,47.269423
latency,thurbox,idle,0,True,0.37,0.83,echo_ms,23,13.536197
latency,thurbox,idle,0,True,0.37,0.83,echo_ms,24,1.989542
latency,thurbox,idle,0,True,0.37,0.83,echo_ms,25,3.101803
latency,thurbox,idle,0,True,0.37,0.83,echo_ms,26,25.229911
latency,thurbox,idle,0,True,0.37,0.83,echo_ms,27,3.995408
latency,thurbox,idle,0,True,0.37,0.83,echo_ms,28,13.551397
latency,thurbox,idle,0,True,0.37,0.83,echo_ms,29,47.148427
latency,thurbox,idle,0,True,0.37,0.83,echo_ms,30,47.555561
latency,thurbox,idle,0,True,0.37,0.83,echo_ms,31,46.708817
latency,thurbox,idle,0,True,0.37,0.83,echo_ms,32,12.180375
latency,thurbox,idle,0,True,0.37,0.83,echo_ms,33,13.798579
latency,thurbox,idle,0,True,0.37,0.83,echo_ms,34,13.675052
latency,thurbox,idle,0,True,0.37,0.83,echo_ms,35,47.372448
latency,thurbox,idle,0,True,0.37,0.83,echo_ms,36,45.689275
latency,thurbox,idle,0,True,0.37,0.83,echo_ms,37,4.044381
latency,thurbox,idle,0,True,0.37,0.83,echo_ms,38,46.976485
latency,thurbox,idle,0,True,0.37,0.83,echo_ms,39,3.986689
latency,thurbox,idle,0,True,0.37,0.83,echo_ms,40,5.005744
latency,thurbox,idle,0,True,0.37,0.83,echo_ms,41,13.565173
latency,thurbox,idle,0,True,0.37,0.83,echo_ms,42,4.029088
latency,thurbox,idle,0,True,0.37,0.83,echo_ms,43,47.872318
latency,thurbox,idle,0,True,0.37,0.83,echo_ms,44,13.363917
latency,thurbox,idle,0,True,0.37,0.83,echo_ms,45,46.827841
latency,thurbox,idle,0,True,0.37,0.83,echo_ms,46,48.231493
latency,thurbox,idle,0,True,0.37,0.83,echo_ms,47,46.72233
latency,thurbox,idle,0,True,0.37,0.83,echo_ms,48,4.056142
latency,thurbox,idle,0,True,0.37,0.83,echo_ms,49,48.036272
latency,thurbox,idle,0,True,0.37,0.83,echo_ms,50,47.084901
latency,thurbox,idle,0,True,0.37,0.83,echo_ms,51,13.313739
latency,thurbox,idle,0,True,0.37,0.83,echo_ms,52,23.421638
latency,thurbox,idle,0,True,0.37,0.83,echo_ms,53,4.04581
latency,thurbox,idle,0,True,0.37,0.83,echo_ms,54,47.660818
latency,thurbox,idle,0,True,0.37,0.83,echo_ms,55,43.444362
latency,thurbox,idle,0,True,0.37,0.83,echo_ms,56,3.930932
latency,thurbox,idle,0,True,0.37,0.83,echo_ms,57,46.959747
latency,thurbox,idle,0,True,0.37,0.83,echo_ms,58,3.997945
latency,thurbox,idle,0,True,0.37,0.83,echo_ms,59,47.786611
latency,thurbox,idle,0,True,0.37,0.83,echo_ms,60,13.525073
latency,thurbox,idle,0,True,0.37,0.83,echo_ms,61,25.663167
latency,thurbox,idle,0,True,0.37,0.83,echo_ms,62,4.467986
latency,thurbox,idle,0,True,0.37,0.83,echo_ms,63,46.784321
latency,thurbox,idle,0,True,0.37,0.83,echo_ms,64,3.945582
latency,thurbox,idle,0,True,0.37,0.83,echo_ms,65,4.629881
latency,thurbox,idle,0,True,0.37,0.83,echo_ms,66,48.156495
latency,thurbox,idle,0,True,0.37,0.83,echo_ms,67,46.659216
latency,thurbox,idle,0,True,0.37,0.83,echo_ms,68,4.012961
latency,thurbox,idle,0,True,0.37,0.83,echo_ms,69,46.421043
latency,thurbox,idle,0,True,0.37,0.83,echo_ms,70,4.275612
latency,thurbox,idle,0,True,0.37,0.83,echo_ms,71,45.786614
latency,thurbox,idle,0,True,0.37,0.83,echo_ms,72,44.737862
latency,thurbox,idle,0,True,0.37,0.83,echo_ms,73,47.729608
latency,thurbox,idle,0,True,0.37,0.83,echo_ms,74,46.417354
latency,thurbox,idle,0,True,0.37,0.83,echo_ms,75,15.089725
latency,thurbox,idle,0,True,0.37,0.83,echo_ms,76,47.604929
latency,thurbox,idle,0,True,0.37,0.83,echo_ms,77,23.470195
latency,thurbox,idle,0,True,0.37,0.83,echo_ms,78,46.593549
latency,thurbox,idle,0,True,0.37,0.83,echo_ms,79,13.497607
latency,thurbox,idle,0,True,0.37,0.83,echo_ms,80,47.721744
latency,thurbox,idle,0,True,0.37,0.83,echo_ms,81,46.538062
latency,thurbox,idle,0,True,0.37,0.83,echo_ms,82,47.807309
latency,thurbox,idle,0,True,0.37,0.83,echo_ms,83,46.839383
latency,thurbox,idle,0,True,0.37,0.83,echo_ms,84,23.872527
latency,thurbox,idle,0,True,0.37,0.83,echo_ms,85,44.833046
latency,thurbox,idle,0,True,0.37,0.83,echo_ms,86,46.89283
latency,thurbox,idle,0,True,0.37,0.83,echo_ms,87,3.951944
latency,thurbox,idle,0,True,0.37,0.83,echo_ms,88,47.796567
latency,thurbox,idle,0,True,0.37,0.83,echo_ms,89,3.168262
latency,thurbox,idle,0,True,0.37,0.83,echo_ms,90,13.29996
latency,thurbox,idle,0,True,0.37,0.83,echo_ms,91,13.503303
latency,thurbox,idle,0,True,0.37,0.83,echo_ms,92,23.703138
latency,thurbox,idle,0,True,0.37,0.83,echo_ms,93,23.863453
latency,thurbox,idle,0,True,0.37,0.83,echo_ms,94,4.304547
latency,thurbox,idle,0,True,0.37,0.83,echo_ms,95,46.980363
latency,thurbox,idle,0,True,0.37,0.83,echo_ms,96,46.030485
latency,thurbox,idle,0,True,0.37,0.83,echo_ms,97,47.889237
latency,thurbox,idle,0,True,0.37,0.83,echo_ms,98,46.362266
latency,thurbox,idle,0,True,0.37,0.83,echo_ms,99,4.031732
latency,thurbox,idle,0,True,0.37,0.83,timeouts,,0
latency,tmux,idle,1,False,0.83,0.78,echo_ms,0,1.086032
latency,tmux,idle,1,False,0.83,0.78,echo_ms,1,1.059743
latency,tmux,idle,1,False,0.83,0.78,echo_ms,2,0.857902
latency,tmux,idle,1,False,0.83,0.78,echo_ms,3,0.666877
latency,tmux,idle,1,False,0.83,0.78,echo_ms,4,0.94392
latency,tmux,idle,1,False,0.83,0.78,echo_ms,5,0.716391
latency,tmux,idle,1,False,0.83,0.78,echo_ms,6,0.992696
latency,tmux,idle,1,False,0.83,0.78,echo_ms,7,1.008219
latency,tmux,idle,1,False,0.83,0.78,echo_ms,8,0.982267
latency,tmux,idle,1,False,0.83,0.78,echo_ms,9,1.028341
latency,tmux,idle,1,False,0.83,0.78,echo_ms,10,1.062232
latency,tmux,idle,1,False,0.83,0.78,echo_ms,11,0.925323
latency,tmux,idle,1,False,0.83,0.78,echo_ms,12,1.052973
latency,tmux,idle,1,False,0.83,0.78,echo_ms,13,1.092095
latency,tmux,idle,1,False,0.83,0.78,echo_ms,14,1.073643
latency,tmux,idle,1,False,0.83,0.78,echo_ms,15,1.019115
latency,tmux,idle,1,False,0.83,0.78,echo_ms,16,0.918294
latency,tmux,idle,1,False,0.83,0.78,echo_ms,17,1.004669
latency,tmux,idle,1,False,0.83,0.78,echo_ms,18,1.040952
latency,tmux,idle,1,False,0.83,0.78,echo_ms,19,0.609062
latency,tmux,idle,1,False,0.83,0.78,echo_ms,20,0.847365
latency,tmux,idle,1,False,0.83,0.78,echo_ms,21,0.909377
latency,tmux,idle,1,False,0.83,0.78,echo_ms,22,0.928374
latency,tmux,idle,1,False,0.83,0.78,echo_ms,23,0.891359
latency,tmux,idle,1,False,0.83,0.78,echo_ms,24,0.929985
latency,tmux,idle,1,False,0.83,0.78,echo_ms,25,0.850179
latency,tmux,idle,1,False,0.83,0.78,echo_ms,26,1.056886
latency,tmux,idle,1,False,0.83,0.78,echo_ms,27,0.688022
latency,tmux,idle,1,False,0.83,0.78,echo_ms,28,0.790735
latency,tmux,idle,1,False,0.83,0.78,echo_ms,29,1.022275
latency,tmux,idle,1,False,0.83,0.78,echo_ms,30,1.028769
latency,tmux,idle,1,False,0.83,0.78,echo_ms,31,0.963837
latency,tmux,idle,1,False,0.83,0.78,echo_ms,32,0.935829
latency,tmux,idle,1,False,0.83,0.78,echo_ms,33,0.765818
latency,tmux,idle,1,False,0.83,0.78,echo_ms,34,0.933667
latency,tmux,idle,1,False,0.83,0.78,echo_ms,35,0.70532
latency,tmux,idle,1,False,0.83,0.78,echo_ms,36,0.985977
latency,tmux,idle,1,False,0.83,0.78,echo_ms,37,0.923614
latency,tmux,idle,1,False,0.83,0.78,echo_ms,38,0.993134
latency,tmux,idle,1,False,0.83,0.78,echo_ms,39,1.030975
latency,tmux,idle,1,False,0.83,0.78,echo_ms,40,0.882269
latency,tmux,idle,1,False,0.83,0.78,echo_ms,41,1.026683
latency,tmux,idle,1,False,0.83,0.78,echo_ms,42,1.021028
latency,tmux,idle,1,False,0.83,0.78,echo_ms,43,1.065111
latency,tmux,idle,1,False,0.83,0.78,echo_ms,44,0.932157
latency,tmux,idle,1,False,0.83,0.78,echo_ms,45,0.997148
latency,tmux,idle,1,False,0.83,0.78,echo_ms,46,1.020368
latency,tmux,idle,1,False,0.83,0.78,echo_ms,47,0.963213
latency,tmux,idle,1,False,0.83,0.78,echo_ms,48,0.997339
latency,tmux,idle,1,False,0.83,0.78,echo_ms,49,0.931607
latency,tmux,idle,1,False,0.83,0.78,echo_ms,50,1.032433
latency,tmux,idle,1,False,0.83,0.78,echo_ms,51,0.973442
latency,tmux,idle,1,False,0.83,0.78,echo_ms,52,1.0498
latency,tmux,idle,1,False,0.83,0.78,echo_ms,53,0.880793
latency,tmux,idle,1,False,0.83,0.78,echo_ms,54,0.822155
latency,tmux,idle,1,False,0.83,0.78,echo_ms,55,0.873671
latency,tmux,idle,1,False,0.83,0.78,echo_ms,56,1.068697
latency,tmux,idle,1,False,0.83,0.78,echo_ms,57,0.875577
latency,tmux,idle,1,False,0.83,0.78,echo_ms,58,1.023592
latency,tmux,idle,1,False,0.83,0.78,echo_ms,59,0.994786
latency,tmux,idle,1,False,0.83,0.78,echo_ms,60,0.663613
latency,tmux,idle,1,False,0.83,0.78,echo_ms,61,0.946297
latency,tmux,idle,1,False,0.83,0.78,echo_ms,62,0.902056
latency,tmux,idle,1,False,0.83,0.78,echo_ms,63,0.95721
latency,tmux,idle,1,False,0.83,0.78,echo_ms,64,0.937428
latency,tmux,idle,1,False,0.83,0.78,echo_ms,65,0.844393
latency,tmux,idle,1,False,0.83,0.78,echo_ms,66,0.936764
latency,tmux,idle,1,False,0.83,0.78,echo_ms,67,1.024962
latency,tmux,idle,1,False,0.83,0.78,echo_ms,68,0.933337
latency,tmux,idle,1,False,0.83,0.78,echo_ms,69,0.928444
latency,tmux,idle,1,False,0.83,0.78,echo_ms,70,0.968764
latency,tmux,idle,1,False,0.83,0.78,echo_ms,71,0.455334
latency,tmux,idle,1,False,0.83,0.78,echo_ms,72,0.793226
latency,tmux,idle,1,False,0.83,0.78,echo_ms,73,0.921656
latency,tmux,idle,1,False,0.83,0.78,echo_ms,74,0.922216
latency,tmux,idle,1,False,0.83,0.78,echo_ms,75,0.93387
latency,tmux,idle,1,False,0.83,0.78,echo_ms,76,0.900464
latency,tmux,idle,1,False,0.83,0.78,echo_ms,77,0.915738
latency,tmux,idle,1,False,0.83,0.78,echo_ms,78,0.947121
latency,tmux,idle,1,False,0.83,0.78,echo_ms,79,0.910336
latency,tmux,idle,1,False,0.83,0.78,echo_ms,80,0.924577
latency,tmux,idle,1,False,0.83,0.78,echo_ms,81,0.67726
latency,tmux,idle,1,False,0.83,0.78,echo_ms,82,0.99341
latency,tmux,idle,1,False,0.83,0.78,echo_ms,83,2.587097
latency,tmux,idle,1,False,0.83,0.78,echo_ms,84,0.938847
latency,tmux,idle,1,False,0.83,0.78,echo_ms,85,0.457373
latency,tmux,idle,1,False,0.83,0.78,echo_ms,86,0.959737
latency,tmux,idle,1,False,0.83,0.78,echo_ms,87,1.060575
latency,tmux,idle,1,False,0.83,0.78,echo_ms,88,0.92203
latency,tmux,idle,1,False,0.83,0.78,echo_ms,89,0.929829
latency,tmux,idle,1,False,0.83,0.78,echo_ms,90,1.097138
latency,tmux,idle,1,False,0.83,0.78,echo_ms,91,1.054112
latency,tmux,idle,1,False,0.83,0.78,echo_ms,92,0.922826
latency,tmux,idle,1,False,0.83,0.78,echo_ms,93,0.461058
latency,tmux,idle,1,False,0.83,0.78,echo_ms,94,0.984648
latency,tmux,idle,1,False,0.83,0.78,echo_ms,95,0.825003
latency,tmux,idle,1,False,0.83,0.78,echo_ms,96,0.925248
latency,tmux,idle,1,False,0.83,0.78,echo_ms,97,0.942407
latency,tmux,idle,1,False,0.83,0.78,echo_ms,98,0.921852
latency,tmux,idle,1,False,0.83,0.78,echo_ms,99,0.938345
latency,tmux,idle,1,False,0.83,0.78,timeouts,,0
latency,herdr,idle,1,False,0.78,0.73,echo_ms,0,2.056846
latency,herdr,idle,1,False,0.78,0.73,echo_ms,1,2.249554
latency,herdr,idle,1,False,0.78,0.73,echo_ms,2,2.009261
latency,herdr,idle,1,False,0.78,0.73,echo_ms,3,2.129256
latency,herdr,idle,1,False,0.78,0.73,echo_ms,4,1.694418
latency,herdr,idle,1,False,0.78,0.73,echo_ms,5,2.097783
latency,herdr,idle,1,False,0.78,0.73,echo_ms,6,1.698782
latency,herdr,idle,1,False,0.78,0.73,echo_ms,7,2.061149
latency,herdr,idle,1,False,0.78,0.73,echo_ms,8,2.131337
latency,herdr,idle,1,False,0.78,0.73,echo_ms,9,2.129253
latency,herdr,idle,1,False,0.78,0.73,echo_ms,10,2.04792
latency,herdr,idle,1,False,0.78,0.73,echo_ms,11,2.053348
latency,herdr,idle,1,False,0.78,0.73,echo_ms,12,2.054124
latency,herdr,idle,1,False,0.78,0.73,echo_ms,13,0.973656
latency,herdr,idle,1,False,0.78,0.73,echo_ms,14,2.251051
latency,herdr,idle,1,False,0.78,0.73,echo_ms,15,2.113675
latency,herdr,idle,1,False,0.78,0.73,echo_ms,16,1.87736
latency,herdr,idle,1,False,0.78,0.73,echo_ms,17,2.043141
latency,herdr,idle,1,False,0.78,0.73,echo_ms,18,2.257038
latency,herdr,idle,1,False,0.78,0.73,echo_ms,19,1.949844
latency,herdr,idle,1,False,0.78,0.73,echo_ms,20,1.995765
latency,herdr,idle,1,False,0.78,0.73,echo_ms,21,1.989006
latency,herdr,idle,1,False,0.78,0.73,echo_ms,22,2.223204
latency,herdr,idle,1,False,0.78,0.73,echo_ms,23,2.080063
latency,herdr,idle,1,False,0.78,0.73,echo_ms,24,1.190185
latency,herdr,idle,1,False,0.78,0.73,echo_ms,25,2.094565
latency,herdr,idle,1,False,0.78,0.73,echo_ms,26,2.096041
latency,herdr,idle,1,False,0.78,0.73,echo_ms,27,1.776479
latency,herdr,idle,1,False,0.78,0.73,echo_ms,28,2.021644
latency,herdr,idle,1,False,0.78,0.73,echo_ms,29,2.165118
latency,herdr,idle,1,False,0.78,0.73,echo_ms,30,2.044397
latency,herdr,idle,1,False,0.78,0.73,echo_ms,31,2.022902
latency,herdr,idle,1,False,0.78,0.73,echo_ms,32,2.284581
latency,herdr,idle,1,False,0.78,0.73,echo_ms,33,2.072304
latency,herdr,idle,1,False,0.78,0.73,echo_ms,34,2.023913
latency,herdr,idle,1,False,0.78,0.73,echo_ms,35,1.835441
latency,herdr,idle,1,False,0.78,0.73,echo_ms,36,2.18566
latency,herdr,idle,1,False,0.78,0.73,echo_ms,37,1.974408
latency,herdr,idle,1,False,0.78,0.73,echo_ms,38,1.918672
latency,herdr,idle,1,False,0.78,0.73,echo_ms,39,1.570647
latency,herdr,idle,1,False,0.78,0.73,echo_ms,40,2.132308
latency,herdr,idle,1,False,0.78,0.73,echo_ms,41,2.01823
latency,herdr,idle,1,False,0.78,0.73,echo_ms,42,1.992073
latency,herdr,idle,1,False,0.78,0.73,echo_ms,43,2.035414
latency,herdr,idle,1,False,0.78,0.73,echo_ms,44,1.217609
latency,herdr,idle,1,False,0.78,0.73,echo_ms,45,2.039804
latency,herdr,idle,1,False,0.78,0.73,echo_ms,46,1.971179
latency,herdr,idle,1,False,0.78,0.73,echo_ms,47,1.964355
latency,herdr,idle,1,False,0.78,0.73,echo_ms,48,2.012882
latency,herdr,idle,1,False,0.78,0.73,echo_ms,49,2.049468
latency,herdr,idle,1,False,0.78,0.73,echo_ms,50,1.536415
latency,herdr,idle,1,False,0.78,0.73,echo_ms,51,2.076548
latency,herdr,idle,1,False,0.78,0.73,echo_ms,52,2.257978
latency,herdr,idle,1,False,0.78,0.73,echo_ms,53,2.047704
latency,herdr,idle,1,False,0.78,0.73,echo_ms,54,2.090602
latency,herdr,idle,1,False,0.78,0.73,echo_ms,55,2.273433
latency,herdr,idle,1,False,0.78,0.73,echo_ms,56,1.907971
latency,herdr,idle,1,False,0.78,0.73,echo_ms,57,2.06671
latency,herdr,idle,1,False,0.78,0.73,echo_ms,58,2.194035
latency,herdr,idle,1,False,0.78,0.73,echo_ms,59,2.24981
latency,herdr,idle,1,False,0.78,0.73,echo_ms,60,2.018417
latency,herdr,idle,1,False,0.78,0.73,echo_ms,61,1.97773
latency,herdr,idle,1,False,0.78,0.73,echo_ms,62,1.805355
latency,herdr,idle,1,False,0.78,0.73,echo_ms,63,2.032744
latency,herdr,idle,1,False,0.78,0.73,echo_ms,64,2.200474
latency,herdr,idle,1,False,0.78,0.73,echo_ms,65,2.117849
latency,herdr,idle,1,False,0.78,0.73,echo_ms,66,2.307437
latency,herdr,idle,1,False,0.78,0.73,echo_ms,67,1.993111
latency,herdr,idle,1,False,0.78,0.73,echo_ms,68,1.883707
latency,herdr,idle,1,False,0.78,0.73,echo_ms,69,2.269752
latency,herdr,idle,1,False,0.78,0.73,echo_ms,70,1.560197
latency,herdr,idle,1,False,0.78,0.73,echo_ms,71,2.161142
latency,herdr,idle,1,False,0.78,0.73,echo_ms,72,1.64957
latency,herdr,idle,1,False,0.78,0.73,echo_ms,73,2.214042
latency,herdr,idle,1,False,0.78,0.73,echo_ms,74,2.168826
latency,herdr,idle,1,False,0.78,0.73,echo_ms,75,1.998174
latency,herdr,idle,1,False,0.78,0.73,echo_ms,76,1.948879
latency,herdr,idle,1,False,0.78,0.73,echo_ms,77,2.05215
latency,herdr,idle,1,False,0.78,0.73,echo_ms,78,2.299886
latency,herdr,idle,1,False,0.78,0.73,echo_ms,79,2.003598
latency,herdr,idle,1,False,0.78,0.73,echo_ms,80,1.98384
latency,herdr,idle,1,False,0.78,0.73,echo_ms,81,1.410254
latency,herdr,idle,1,False,0.78,0.73,echo_ms,82,2.117635
latency,herdr,idle,1,False,0.78,0.73,echo_ms,83,2.243706
latency,herdr,idle,1,False,0.78,0.73,echo_ms,84,2.034856
latency,herdr,idle,1,False,0.78,0.73,echo_ms,85,1.828003
latency,herdr,idle,1,False,0.78,0.73,echo_ms,86,1.91741
latency,herdr,idle,1,False,0.78,0.73,echo_ms,87,1.894178
latency,herdr,idle,1,False,0.78,0.73,echo_ms,88,1.985991
latency,herdr,idle,1,False,0.78,0.73,echo_ms,89,1.307199
latency,herdr,idle,1,False,0.78,0.73,echo_ms,90,1.447288
latency,herdr,idle,1,False,0.78,0.73,echo_ms,91,2.070082
latency,herdr,idle,1,False,0.78,0.73,echo_ms,92,1.905687
latency,herdr,idle,1,False,0.78,0.73,echo_ms,93,1.952036
latency,herdr,idle,1,False,0.78,0.73,echo_ms,94,2.062672
latency,herdr,idle,1,False,0.78,0.73,echo_ms,95,1.943051
latency,herdr,idle,1,False,0.78,0.73,echo_ms,96,1.934117
latency,herdr,idle,1,False,0.78,0.73,echo_ms,97,1.992991
latency,herdr,idle,1,False,0.78,0.73,echo_ms,98,2.101801
latency,herdr,idle,1,False,0.78,0.73,echo_ms,99,2.197319
latency,herdr,idle,1,False,0.78,0.73,timeouts,,0
latency,thurbox,idle,1,False,0.73,0.78,echo_ms,0,48.247963
latency,thurbox,idle,1,False,0.73,0.78,echo_ms,1,23.857862
latency,thurbox,idle,1,False,0.73,0.78,echo_ms,2,13.484813
latency,thurbox,idle,1,False,0.73,0.78,echo_ms,3,45.990965
latency,thurbox,idle,1,False,0.73,0.78,echo_ms,4,46.547911
latency,thurbox,idle,1,False,0.73,0.78,echo_ms,5,47.567104
latency,thurbox,idle,1,False,0.73,0.78,echo_ms,6,24.382493
latency,thurbox,idle,1,False,0.73,0.78,echo_ms,7,13.334897
latency,thurbox,idle,1,False,0.73,0.78,echo_ms,8,47.498539
latency,thurbox,idle,1,False,0.73,0.78,echo_ms,9,46.8802
latency,thurbox,idle,1,False,0.73,0.78,echo_ms,10,14.542171
latency,thurbox,idle,1,False,0.73,0.78,echo_ms,11,47.813067
latency,thurbox,idle,1,False,0.73,0.78,echo_ms,12,13.623675
latency,thurbox,idle,1,False,0.73,0.78,echo_ms,13,1.877101
latency,thurbox,idle,1,False,0.73,0.78,echo_ms,14,47.912413
latency,thurbox,idle,1,False,0.73,0.78,echo_ms,15,4.422411
latency,thurbox,idle,1,False,0.73,0.78,echo_ms,16,4.094384
latency,thurbox,idle,1,False,0.73,0.78,echo_ms,17,47.327283
latency,thurbox,idle,1,False,0.73,0.78,echo_ms,18,46.54781
latency,thurbox,idle,1,False,0.73,0.78,echo_ms,19,23.719625
latency,thurbox,idle,1,False,0.73,0.78,echo_ms,20,23.907842
latency,thurbox,idle,1,False,0.73,0.78,echo_ms,21,1.513004
latency,thurbox,idle,1,False,0.73,0.78,echo_ms,22,48.194855
latency,thurbox,idle,1,False,0.73,0.78,echo_ms,23,45.447933
latency,thurbox,idle,1,False,0.73,0.78,echo_ms,24,4.056262
latency,thurbox,idle,1,False,0.73,0.78,echo_ms,25,47.970661
latency,thurbox,idle,1,False,0.73,0.78,echo_ms,26,2.108439
latency,thurbox,idle,1,False,0.73,0.78,echo_ms,27,4.061425
latency,thurbox,idle,1,False,0.73,0.78,echo_ms,28,49.134854
latency,thurbox,idle,1,False,0.73,0.78,echo_ms,29,3.5231
latency,thurbox,idle,1,False,0.73,0.78,echo_ms,30,23.601918
latency,thurbox,idle,1,False,0.73,0.78,echo_ms,31,23.724663
latency,thurbox,idle,1,False,0.73,0.78,echo_ms,32,46.992447
latency,thurbox,idle,1,False,0.73,0.78,echo_ms,33,4.053294
latency,thurbox,idle,1,False,0.73,0.78,echo_ms,34,47.483444
latency,thurbox,idle,1,False,0.73,0.78,echo_ms,35,46.521916
latency,thurbox,idle,1,False,0.73,0.78,echo_ms,36,24.810824
latency,thurbox,idle,1,False,0.73,0.78,echo_ms,37,47.777398
latency,thurbox,idle,1,False,0.73,0.78,echo_ms,38,23.673877
latency,thurbox,idle,1,False,0.73,0.78,echo_ms,39,24.914658
latency,thurbox,idle,1,False,0.73,0.78,echo_ms,40,47.862648
latency,thurbox,idle,1,False,0.73,0.78,echo_ms,41,25.847555
latency,thurbox,idle,1,False,0.73,0.78,echo_ms,42,47.596175
latency,thurbox,idle,1,False,0.73,0.78,echo_ms,43,13.309103
latency,thurbox,idle,1,False,0.73,0.78,echo_ms,44,46.715958
latency,thurbox,idle,1,False,0.73,0.78,echo_ms,45,4.056244
latency,thurbox,idle,1,False,0.73,0.78,echo_ms,46,47.339626
latency,thurbox,idle,1,False,0.73,0.78,echo_ms,47,46.614949
latency,thurbox,idle,1,False,0.73,0.78,echo_ms,48,25.315985
latency,thurbox,idle,1,False,0.73,0.78,echo_ms,49,47.869717
latency,thurbox,idle,1,False,0.73,0.78,echo_ms,50,4.207122
latency,thurbox,idle,1,False,0.73,0.78,echo_ms,51,47.884755
latency,thurbox,idle,1,False,0.73,0.78,echo_ms,52,45.702402
latency,thurbox,idle,1,False,0.73,0.78,echo_ms,53,12.050677
latency,thurbox,idle,1,False,0.73,0.78,echo_ms,54,47.146998
latency,thurbox,idle,1,False,0.73,0.78,echo_ms,55,13.453229
latency,thurbox,idle,1,False,0.73,0.78,echo_ms,56,46.661021
latency,thurbox,idle,1,False,0.73,0.78,echo_ms,57,3.938134
latency,thurbox,idle,1,False,0.73,0.78,echo_ms,58,48.653962
latency,thurbox,idle,1,False,0.73,0.78,echo_ms,59,46.656201
latency,thurbox,idle,1,False,0.73,0.78,echo_ms,60,47.497809
latency,thurbox,idle,1,False,0.73,0.78,echo_ms,61,46.837445
latency,thurbox,idle,1,False,0.73,0.78,echo_ms,62,26.199159
latency,thurbox,idle,1,False,0.73,0.78,echo_ms,63,22.520234
latency,thurbox,idle,1,False,0.73,0.78,echo_ms,64,46.583745
latency,thurbox,idle,1,False,0.73,0.78,echo_ms,65,47.471272
latency,thurbox,idle,1,False,0.73,0.78,echo_ms,66,25.704385
latency,thurbox,idle,1,False,0.73,0.78,echo_ms,67,46.511633
latency,thurbox,idle,1,False,0.73,0.78,echo_ms,68,3.114593
latency,thurbox,idle,1,False,0.73,0.78,echo_ms,69,47.058124
latency,thurbox,idle,1,False,0.73,0.78,echo_ms,70,3.971753
latency,thurbox,idle,1,False,0.73,0.78,echo_ms,71,47.726167
latency,thurbox,idle,1,False,0.73,0.78,echo_ms,72,46.62464
latency,thurbox,idle,1,False,0.73,0.78,echo_ms,73,49.597173
latency,thurbox,idle,1,False,0.73,0.78,echo_ms,74,15.141709
latency,thurbox,idle,1,False,0.73,0.78,echo_ms,75,48.067334
latency,thurbox,idle,1,False,0.73,0.78,echo_ms,76,47.710796
latency,thurbox,idle,1,False,0.73,0.78,echo_ms,77,47.140395
latency,thurbox,idle,1,False,0.73,0.78,echo_ms,78,13.495222
latency,thurbox,idle,1,False,0.73,0.78,echo_ms,79,46.525368
latency,thurbox,idle,1,False,0.73,0.78,echo_ms,80,23.951359
latency,thurbox,idle,1,False,0.73,0.78,echo_ms,81,3.994864
latency,thurbox,idle,1,False,0.73,0.78,echo_ms,82,44.500064
latency,thurbox,idle,1,False,0.73,0.78,echo_ms,83,45.873644
latency,thurbox,idle,1,False,0.73,0.78,echo_ms,84,22.031352
latency,thurbox,idle,1,False,0.73,0.78,echo_ms,85,22.501547
latency,thurbox,idle,1,False,0.73,0.78,echo_ms,86,46.164263
latency,thurbox,idle,1,False,0.73,0.78,echo_ms,87,47.518416
latency,thurbox,idle,1,False,0.73,0.78,echo_ms,88,5.862814
latency,thurbox,idle,1,False,0.73,0.78,echo_ms,89,4.606487
latency,thurbox,idle,1,False,0.73,0.78,echo_ms,90,2.985609
latency,thurbox,idle,1,False,0.73,0.78,echo_ms,91,6.853935
latency,thurbox,idle,1,False,0.73,0.78,echo_ms,92,45.697738
latency,thurbox,idle,1,False,0.73,0.78,echo_ms,93,21.40457
latency,thurbox,idle,1,False,0.73,0.78,echo_ms,94,44.821501
latency,thurbox,idle,1,False,0.73,0.78,echo_ms,95,1.138066
latency,thurbox,idle,1,False,0.73,0.78,echo_ms,96,1.146149
latency,thurbox,idle,1,False,0.73,0.78,echo_ms,97,3.135599
latency,thurbox,idle,1,False,0.73,0.78,echo_ms,98,45.18458
latency,thurbox,idle,1,False,0.73,0.78,echo_ms,99,3.969897
latency,thurbox,idle,1,False,0.73,0.78,timeouts,,0
latency,tmux,idle,2,False,0.78,0.66,echo_ms,0,0.988567
latency,tmux,idle,2,False,0.78,0.66,echo_ms,1,0.935461
latency,tmux,idle,2,False,0.78,0.66,echo_ms,2,0.926843
latency,tmux,idle,2,False,0.78,0.66,echo_ms,3,1.098055
latency,tmux,idle,2,False,0.78,0.66,echo_ms,4,0.978613
latency,tmux,idle,2,False,0.78,0.66,echo_ms,5,1.072366
latency,tmux,idle,2,False,0.78,0.66,echo_ms,6,0.931398
latency,tmux,idle,2,False,0.78,0.66,echo_ms,7,0.943047
latency,tmux,idle,2,False,0.78,0.66,echo_ms,8,0.834071
latency,tmux,idle,2,False,0.78,0.66,echo_ms,9,0.814019
latency,tmux,idle,2,False,0.78,0.66,echo_ms,10,0.928443
latency,tmux,idle,2,False,0.78,0.66,echo_ms,11,0.922644
latency,tmux,idle,2,False,0.78,0.66,echo_ms,12,0.912437
latency,tmux,idle,2,False,0.78,0.66,echo_ms,13,0.898647
latency,tmux,idle,2,False,0.78,0.66,echo_ms,14,0.960183
latency,tmux,idle,2,False,0.78,0.66,echo_ms,15,0.931685
latency,tmux,idle,2,False,0.78,0.66,echo_ms,16,0.690772
latency,tmux,idle,2,False,0.78,0.66,echo_ms,17,0.9306
latency,tmux,idle,2,False,0.78,0.66,echo_ms,18,0.658576
latency,tmux,idle,2,False,0.78,0.66,echo_ms,19,1.069199
latency,tmux,idle,2,False,0.78,0.66,echo_ms,20,0.903536
latency,tmux,idle,2,False,0.78,0.66,echo_ms,21,0.997946
latency,tmux,idle,2,False,0.78,0.66,echo_ms,22,0.940234
latency,tmux,idle,2,False,0.78,0.66,echo_ms,23,0.970126
latency,tmux,idle,2,False,0.78,0.66,echo_ms,24,0.916367
latency,tmux,idle,2,False,0.78,0.66,echo_ms,25,0.929754
latency,tmux,idle,2,False,0.78,0.66,echo_ms,26,0.91314
latency,tmux,idle,2,False,0.78,0.66,echo_ms,27,0.849947
latency,tmux,idle,2,False,0.78,0.66,echo_ms,28,1.015314
latency,tmux,idle,2,False,0.78,0.66,echo_ms,29,0.657878
latency,tmux,idle,2,False,0.78,0.66,echo_ms,30,0.798624
latency,tmux,idle,2,False,0.78,0.66,echo_ms,31,0.976085
latency,tmux,idle,2,False,0.78,0.66,echo_ms,32,0.848414
latency,tmux,idle,2,False,0.78,0.66,echo_ms,33,0.910287
latency,tmux,idle,2,False,0.78,0.66,echo_ms,34,0.867235
latency,tmux,idle,2,False,0.78,0.66,echo_ms,35,0.409717
latency,tmux,idle,2,False,0.78,0.66,echo_ms,36,0.530208
latency,tmux,idle,2,False,0.78,0.66,echo_ms,37,0.956489
latency,tmux,idle,2,False,0.78,0.66,echo_ms,38,0.81056
latency,tmux,idle,2,False,0.78,0.66,echo_ms,39,1.039462
latency,tmux,idle,2,False,0.78,0.66,echo_ms,40,0.972262
latency,tmux,idle,2,False,0.78,0.66,echo_ms,41,0.798178
latency,tmux,idle,2,False,0.78,0.66,echo_ms,42,1.025544
latency,tmux,idle,2,False,0.78,0.66,echo_ms,43,1.060476
latency,tmux,idle,2,False,0.78,0.66,echo_ms,44,0.974313
latency,tmux,idle,2,False,0.78,0.66,echo_ms,45,0.61651
latency,tmux,idle,2,False,0.78,0.66,echo_ms,46,0.25617
latency,tmux,idle,2,False,0.78,0.66,echo_ms,47,3.036714
latency,tmux,idle,2,False,0.78,0.66,echo_ms,48,0.506541
latency,tmux,idle,2,False,0.78,0.66,echo_ms,49,0.694066
latency,tmux,idle,2,False,0.78,0.66,echo_ms,50,0.610024
latency,tmux,idle,2,False,0.78,0.66,echo_ms,51,0.776116
latency,tmux,idle,2,False,0.78,0.66,echo_ms,52,0.998453
latency,tmux,idle,2,False,0.78,0.66,echo_ms,53,1.028111
latency,tmux,idle,2,False,0.78,0.66,echo_ms,54,0.867651
latency,tmux,idle,2,False,0.78,0.66,echo_ms,55,1.029845
latency,tmux,idle,2,False,0.78,0.66,echo_ms,56,0.909313
latency,tmux,idle,2,False,0.78,0.66,echo_ms,57,0.567311
latency,tmux,idle,2,False,0.78,0.66,echo_ms,58,0.949461
latency,tmux,idle,2,False,0.78,0.66,echo_ms,59,0.965502
latency,tmux,idle,2,False,0.78,0.66,echo_ms,60,0.960401
latency,tmux,idle,2,False,0.78,0.66,echo_ms,61,0.900209
latency,tmux,idle,2,False,0.78,0.66,echo_ms,62,0.637576
latency,tmux,idle,2,False,0.78,0.66,echo_ms,63,0.92957
latency,tmux,idle,2,False,0.78,0.66,echo_ms,64,0.897191
latency,tmux,idle,2,False,0.78,0.66,echo_ms,65,0.92752
latency,tmux,idle,2,False,0.78,0.66,echo_ms,66,0.921259
latency,tmux,idle,2,False,0.78,0.66,echo_ms,67,0.774584
latency,tmux,idle,2,False,0.78,0.66,echo_ms,68,1.054463
latency,tmux,idle,2,False,0.78,0.66,echo_ms,69,0.919626
latency,tmux,idle,2,False,0.78,0.66,echo_ms,70,0.868646
latency,tmux,idle,2,False,0.78,0.66,echo_ms,71,0.878644
latency,tmux,idle,2,False,0.78,0.66,echo_ms,72,0.89998
latency,tmux,idle,2,False,0.78,0.66,echo_ms,73,0.9216
latency,tmux,idle,2,False,0.78,0.66,echo_ms,74,0.872572
latency,tmux,idle,2,False,0.78,0.66,echo_ms,75,0.919728
latency,tmux,idle,2,False,0.78,0.66,echo_ms,76,1.033016
latency,tmux,idle,2,False,0.78,0.66,echo_ms,77,0.927348
latency,tmux,idle,2,False,0.78,0.66,echo_ms,78,0.934448
latency,tmux,idle,2,False,0.78,0.66,echo_ms,79,0.929446
latency,tmux,idle,2,False,0.78,0.66,echo_ms,80,0.659887
latency,tmux,idle,2,False,0.78,0.66,echo_ms,81,0.929547
latency,tmux,idle,2,False,0.78,0.66,echo_ms,82,0.924298
latency,tmux,idle,2,False,0.78,0.66,echo_ms,83,0.930574
latency,tmux,idle,2,False,0.78,0.66,echo_ms,84,0.942376
latency,tmux,idle,2,False,0.78,0.66,echo_ms,85,0.762103
latency,tmux,idle,2,False,0.78,0.66,echo_ms,86,0.801695
latency,tmux,idle,2,False,0.78,0.66,echo_ms,87,0.924709
latency,tmux,idle,2,False,0.78,0.66,echo_ms,88,0.970937
latency,tmux,idle,2,False,0.78,0.66,echo_ms,89,0.93893
latency,tmux,idle,2,False,0.78,0.66,echo_ms,90,0.902055
latency,tmux,idle,2,False,0.78,0.66,echo_ms,91,0.888676
latency,tmux,idle,2,False,0.78,0.66,echo_ms,92,0.925697
latency,tmux,idle,2,False,0.78,0.66,echo_ms,93,0.931208
latency,tmux,idle,2,False,0.78,0.66,echo_ms,94,0.956408
latency,tmux,idle,2,False,0.78,0.66,echo_ms,95,0.991307
latency,tmux,idle,2,False,0.78,0.66,echo_ms,96,0.911238
latency,tmux,idle,2,False,0.78,0.66,echo_ms,97,0.812113
latency,tmux,idle,2,False,0.78,0.66,echo_ms,98,0.900454
latency,tmux,idle,2,False,0.78,0.66,echo_ms,99,0.879517
latency,tmux,idle,2,False,0.78,0.66,timeouts,,0
latency,herdr,idle,2,False,0.66,0.56,echo_ms,0,4.458968
latency,herdr,idle,2,False,0.66,0.56,echo_ms,1,2.266403
latency,herdr,idle,2,False,0.66,0.56,echo_ms,2,1.646825
latency,herdr,idle,2,False,0.66,0.56,echo_ms,3,1.75056
latency,herdr,idle,2,False,0.66,0.56,echo_ms,4,2.149469
latency,herdr,idle,2,False,0.66,0.56,echo_ms,5,1.761957
latency,herdr,idle,2,False,0.66,0.56,echo_ms,6,1.95373
latency,herdr,idle,2,False,0.66,0.56,echo_ms,7,1.356511
latency,herdr,idle,2,False,0.66,0.56,echo_ms,8,2.048464
latency,herdr,idle,2,False,0.66,0.56,echo_ms,9,1.757612
latency,herdr,idle,2,False,0.66,0.56,echo_ms,10,1.963289
latency,herdr,idle,2,False,0.66,0.56,echo_ms,11,2.233208
latency,herdr,idle,2,False,0.66,0.56,echo_ms,12,2.069404
latency,herdr,idle,2,False,0.66,0.56,echo_ms,13,2.026495
latency,herdr,idle,2,False,0.66,0.56,echo_ms,14,2.24009
latency,herdr,idle,2,False,0.66,0.56,echo_ms,15,2.158416
latency,herdr,idle,2,False,0.66,0.56,echo_ms,16,2.298867
latency,herdr,idle,2,False,0.66,0.56,echo_ms,17,1.807244
latency,herdr,idle,2,False,0.66,0.56,echo_ms,18,2.012127
latency,herdr,idle,2,False,0.66,0.56,echo_ms,19,2.02539
latency,herdr,idle,2,False,0.66,0.56,echo_ms,20,1.960945
latency,herdr,idle,2,False,0.66,0.56,echo_ms,21,1.986687
latency,herdr,idle,2,False,0.66,0.56,echo_ms,22,1.915862
latency,herdr,idle,2,False,0.66,0.56,echo_ms,23,2.051214
latency,herdr,idle,2,False,0.66,0.56,echo_ms,24,2.067085
latency,herdr,idle,2,False,0.66,0.56,echo_ms,25,2.145635
latency,herdr,idle,2,False,0.66,0.56,echo_ms,26,2.04696
latency,herdr,idle,2,False,0.66,0.56,echo_ms,27,2.087836
latency,herdr,idle,2,False,0.66,0.56,echo_ms,28,2.229527
latency,herdr,idle,2,False,0.66,0.56,echo_ms,29,2.019933
latency,herdr,idle,2,False,0.66,0.56,echo_ms,30,2.149873
latency,herdr,idle,2,False,0.66,0.56,echo_ms,31,2.038188
latency,herdr,idle,2,False,0.66,0.56,echo_ms,32,2.018541
latency,herdr,idle,2,False,0.66,0.56,echo_ms,33,1.767947
latency,herdr,idle,2,False,0.66,0.56,echo_ms,34,1.97037
latency,herdr,idle,2,False,0.66,0.56,echo_ms,35,1.970957
latency,herdr,idle,2,False,0.66,0.56,echo_ms,36,2.262028
latency,herdr,idle,2,False,0.66,0.56,echo_ms,37,1.648966
latency,herdr,idle,2,False,0.66,0.56,echo_ms,38,2.747103
latency,herdr,idle,2,False,0.66,0.56,echo_ms,39,1.99704
latency,herdr,idle,2,False,0.66,0.56,echo_ms,40,2.019994
latency,herdr,idle,2,False,0.66,0.56,echo_ms,41,1.782729
latency,herdr,idle,2,False,0.66,0.56,echo_ms,42,1.006028
latency,herdr,idle,2,False,0.66,0.56,echo_ms,43,0.797445
latency,herdr,idle,2,False,0.66,0.56,echo_ms,44,2.320977
latency,herdr,idle,2,False,0.66,0.56,echo_ms,45,2.025297
latency,herdr,idle,2,False,0.66,0.56,echo_ms,46,1.990318
latency,herdr,idle,2,False,0.66,0.56,echo_ms,47,1.404318
latency,herdr,idle,2,False,0.66,0.56,echo_ms,48,1.986871
latency,herdr,idle,2,False,0.66,0.56,echo_ms,49,1.994857
latency,herdr,idle,2,False,0.66,0.56,echo_ms,50,1.087391
latency,herdr,idle,2,False,0.66,0.56,echo_ms,51,3.499611
latency,herdr,idle,2,False,0.66,0.56,echo_ms,52,0.575505
latency,herdr,idle,2,False,0.66,0.56,echo_ms,53,1.191723
latency,herdr,idle,2,False,0.66,0.56,echo_ms,54,1.53935
latency,herdr,idle,2,False,0.66,0.56,echo_ms,55,3.122424
latency,herdr,idle,2,False,0.66,0.56,echo_ms,56,1.782133
latency,herdr,idle,2,False,0.66,0.56,echo_ms,57,2.317309
latency,herdr,idle,2,False,0.66,0.56,echo_ms,58,2.093463
latency,herdr,idle,2,False,0.66,0.56,echo_ms,59,1.908117
latency,herdr,idle,2,False,0.66,0.56,echo_ms,60,1.928315
latency,herdr,idle,2,False,0.66,0.56,echo_ms,61,2.252752
latency,herdr,idle,2,False,0.66,0.56,echo_ms,62,2.2614
latency,herdr,idle,2,False,0.66,0.56,echo_ms,63,2.273458
latency,herdr,idle,2,False,0.66,0.56,echo_ms,64,1.933162
latency,herdr,idle,2,False,0.66,0.56,echo_ms,65,2.278972
latency,herdr,idle,2,False,0.66,0.56,echo_ms,66,0.911257
latency,herdr,idle,2,False,0.66,0.56,echo_ms,67,1.526119
latency,herdr,idle,2,False,0.66,0.56,echo_ms,68,2.109286
latency,herdr,idle,2,False,0.66,0.56,echo_ms,69,2.237025
latency,herdr,idle,2,False,0.66,0.56,echo_ms,70,2.073912
latency,herdr,idle,2,False,0.66,0.56,echo_ms,71,2.166934
latency,herdr,idle,2,False,0.66,0.56,echo_ms,72,2.124501
latency,herdr,idle,2,False,0.66,0.56,echo_ms,73,2.281556
latency,herdr,idle,2,False,0.66,0.56,echo_ms,74,1.605414
latency,herdr,idle,2,False,0.66,0.56,echo_ms,75,2.258295
latency,herdr,idle,2,False,0.66,0.56,echo_ms,76,2.285407
latency,herdr,idle,2,False,0.66,0.56,echo_ms,77,1.978672
latency,herdr,idle,2,False,0.66,0.56,echo_ms,78,2.206853
latency,herdr,idle,2,False,0.66,0.56,echo_ms,79,1.85786
latency,herdr,idle,2,False,0.66,0.56,echo_ms,80,2.289578
latency,herdr,idle,2,False,0.66,0.56,echo_ms,81,2.039648
latency,herdr,idle,2,False,0.66,0.56,echo_ms,82,2.165585
latency,herdr,idle,2,False,0.66,0.56,echo_ms,83,1.944816
latency,herdr,idle,2,False,0.66,0.56,echo_ms,84,2.091944
latency,herdr,idle,2,False,0.66,0.56,echo_ms,85,2.145813
latency,herdr,idle,2,False,0.66,0.56,echo_ms,86,2.049554
latency,herdr,idle,2,False,0.66,0.56,echo_ms,87,2.022678
latency,herdr,idle,2,False,0.66,0.56,echo_ms,88,1.979995
latency,herdr,idle,2,False,0.66,0.56,echo_ms,89,1.709459
latency,herdr,idle,2,False,0.66,0.56,echo_ms,90,2.025839
latency,herdr,idle,2,False,0.66,0.56,echo_ms,91,2.153582
latency,herdr,idle,2,False,0.66,0.56,echo_ms,92,2.193223
latency,herdr,idle,2,False,0.66,0.56,echo_ms,93,2.021563
latency,herdr,idle,2,False,0.66,0.56,echo_ms,94,1.519575
latency,herdr,idle,2,False,0.66,0.56,echo_ms,95,1.984151
latency,herdr,idle,2,False,0.66,0.56,echo_ms,96,2.092674
latency,herdr,idle,2,False,0.66,0.56,echo_ms,97,1.876296
latency,herdr,idle,2,False,0.66,0.56,echo_ms,98,1.932568
latency,herdr,idle,2,False,0.66,0.56,echo_ms,99,1.990733
latency,herdr,idle,2,False,0.66,0.56,timeouts,,0
latency,thurbox,idle,2,False,0.56,0.47,echo_ms,0,37.401243
latency,thurbox,idle,2,False,0.56,0.47,echo_ms,1,46.32555
latency,thurbox,idle,2,False,0.56,0.47,echo_ms,2,4.071364
latency,thurbox,idle,2,False,0.56,0.47,echo_ms,3,47.300464
latency,thurbox,idle,2,False,0.56,0.47,echo_ms,4,24.264743
latency,thurbox,idle,2,False,0.56,0.47,echo_ms,5,13.3448
latency,thurbox,idle,2,False,0.56,0.47,echo_ms,6,47.740593
latency,thurbox,idle,2,False,0.56,0.47,echo_ms,7,48.406906
latency,thurbox,idle,2,False,0.56,0.47,echo_ms,8,23.86723
latency,thurbox,idle,2,False,0.56,0.47,echo_ms,9,4.008699
latency,thurbox,idle,2,False,0.56,0.47,echo_ms,10,47.685003
latency,thurbox,idle,2,False,0.56,0.47,echo_ms,11,21.936161
latency,thurbox,idle,2,False,0.56,0.47,echo_ms,12,13.189269
latency,thurbox,idle,2,False,0.56,0.47,echo_ms,13,4.137412
latency,thurbox,idle,2,False,0.56,0.47,echo_ms,14,47.412568
latency,thurbox,idle,2,False,0.56,0.47,echo_ms,15,47.06093
latency,thurbox,idle,2,False,0.56,0.47,echo_ms,16,23.652854
latency,thurbox,idle,2,False,0.56,0.47,echo_ms,17,13.415386
latency,thurbox,idle,2,False,0.56,0.47,echo_ms,18,46.971234
latency,thurbox,idle,2,False,0.56,0.47,echo_ms,19,4.001899
latency,thurbox,idle,2,False,0.56,0.47,echo_ms,20,46.500076
latency,thurbox,idle,2,False,0.56,0.47,echo_ms,21,4.018608
latency,thurbox,idle,2,False,0.56,0.47,echo_ms,22,2.795762
latency,thurbox,idle,2,False,0.56,0.47,echo_ms,23,46.647404
latency,thurbox,idle,2,False,0.56,0.47,echo_ms,24,37.948609
latency,thurbox,idle,2,False,0.56,0.47,echo_ms,25,22.959496
latency,thurbox,idle,2,False,0.56,0.47,echo_ms,26,24.939485
latency,thurbox,idle,2,False,0.56,0.47,echo_ms,27,23.653429
latency,thurbox,idle,2,False,0.56,0.47,echo_ms,28,47.047606
latency,thurbox,idle,2,False,0.56,0.47,echo_ms,29,4.087387
latency,thurbox,idle,2,False,0.56,0.47,echo_ms,30,46.474094
latency,thurbox,idle,2,False,0.56,0.47,echo_ms,31,13.419785
latency,thurbox,idle,2,False,0.56,0.47,echo_ms,32,14.54526
latency,thurbox,idle,2,False,0.56,0.47,echo_ms,33,46.063432
latency,thurbox,idle,2,False,0.56,0.47,echo_ms,34,24.375409
latency,thurbox,idle,2,False,0.56,0.47,echo_ms,35,4.084253
latency,thurbox,idle,2,False,0.56,0.47,echo_ms,36,47.034569
latency,thurbox,idle,2,False,0.56,0.47,echo_ms,37,13.395978
latency,thurbox,idle,2,False,0.56,0.47,echo_ms,38,4.379501
latency,thurbox,idle,2,False,0.56,0.47,echo_ms,39,47.275922
latency,thurbox,idle,2,False,0.56,0.47,echo_ms,40,46.666726
latency,thurbox,idle,2,False,0.56,0.47,echo_ms,41,13.237348
latency,thurbox,idle,2,False,0.56,0.47,echo_ms,42,45.899575
latency,thurbox,idle,2,False,0.56,0.47,echo_ms,43,4.528019
latency,thurbox,idle,2,False,0.56,0.47,echo_ms,44,2.989909
latency,thurbox,idle,2,False,0.56,0.47,echo_ms,45,13.470997
latency,thurbox,idle,2,False,0.56,0.47,echo_ms,46,13.495885
latency,thurbox,idle,2,False,0.56,0.47,echo_ms,47,25.643376
latency,thurbox,idle,2,False,0.56,0.47,echo_ms,48,23.736455
latency,thurbox,idle,2,False,0.56,0.47,echo_ms,49,14.575226
latency,thurbox,idle,2,False,0.56,0.47,echo_ms,50,23.745618
latency,thurbox,idle,2,False,0.56,0.47,echo_ms,51,13.870591
latency,thurbox,idle,2,False,0.56,0.47,echo_ms,52,50.520516
latency,thurbox,idle,2,False,0.56,0.47,echo_ms,53,23.349828
latency,thurbox,idle,2,False,0.56,0.47,echo_ms,54,3.962567
latency,thurbox,idle,2,False,0.56,0.47,echo_ms,55,47.547504
latency,thurbox,idle,2,False,0.56,0.47,echo_ms,56,13.408174
latency,thurbox,idle,2,False,0.56,0.47,echo_ms,57,5.87875
latency,thurbox,idle,2,False,0.56,0.47,echo_ms,58,4.150024
latency,thurbox,idle,2,False,0.56,0.47,echo_ms,59,47.577832
latency,thurbox,idle,2,False,0.56,0.47,echo_ms,60,13.490635
latency,thurbox,idle,2,False,0.56,0.47,echo_ms,61,3.937302
latency,thurbox,idle,2,False,0.56,0.47,echo_ms,62,13.486281
latency,thurbox,idle,2,False,0.56,0.47,echo_ms,63,46.586703
latency,thurbox,idle,2,False,0.56,0.47,echo_ms,64,4.218406
latency,thurbox,idle,2,False,0.56,0.47,echo_ms,65,2.935657
latency,thurbox,idle,2,False,0.56,0.47,echo_ms,66,46.59523
latency,thurbox,idle,2,False,0.56,0.47,echo_ms,67,4.561073
latency,thurbox,idle,2,False,0.56,0.47,echo_ms,68,46.655128
latency,thurbox,idle,2,False,0.56,0.47,echo_ms,69,5.358717
latency,thurbox,idle,2,False,0.56,0.47,echo_ms,70,46.104337
latency,thurbox,idle,2,False,0.56,0.47,echo_ms,71,23.895821
latency,thurbox,idle,2,False,0.56,0.47,echo_ms,72,46.755613
latency,thurbox,idle,2,False,0.56,0.47,echo_ms,73,26.859211
latency,thurbox,idle,2,False,0.56,0.47,echo_ms,74,13.867936
latency,thurbox,idle,2,False,0.56,0.47,echo_ms,75,4.008173
latency,thurbox,idle,2,False,0.56,0.47,echo_ms,76,47.334596
latency,thurbox,idle,2,False,0.56,0.47,echo_ms,77,46.997992
latency,thurbox,idle,2,False,0.56,0.47,echo_ms,78,3.963891
latency,thurbox,idle,2,False,0.56,0.47,echo_ms,79,47.68425
latency,thurbox,idle,2,False,0.56,0.47,echo_ms,80,46.373534
latency,thurbox,idle,2,False,0.56,0.47,echo_ms,81,23.808263
latency,thurbox,idle,2,False,0.56,0.47,echo_ms,82,26.553912
latency,thurbox,idle,2,False,0.56,0.47,echo_ms,83,13.443489
latency,thurbox,idle,2,False,0.56,0.47,echo_ms,84,49.254878
latency,thurbox,idle,2,False,0.56,0.47,echo_ms,85,46.291722
latency,thurbox,idle,2,False,0.56,0.47,echo_ms,86,4.011102
latency,thurbox,idle,2,False,0.56,0.47,echo_ms,87,47.776474
latency,thurbox,idle,2,False,0.56,0.47,echo_ms,88,23.586877
latency,thurbox,idle,2,False,0.56,0.47,echo_ms,89,46.403813
latency,thurbox,idle,2,False,0.56,0.47,echo_ms,90,47.529831
latency,thurbox,idle,2,False,0.56,0.47,echo_ms,91,46.872879
latency,thurbox,idle,2,False,0.56,0.47,echo_ms,92,23.505788
latency,thurbox,idle,2,False,0.56,0.47,echo_ms,93,14.429237
latency,thurbox,idle,2,False,0.56,0.47,echo_ms,94,13.553425
latency,thurbox,idle,2,False,0.56,0.47,echo_ms,95,46.840209
latency,thurbox,idle,2,False,0.56,0.47,echo_ms,96,47.604643
latency,thurbox,idle,2,False,0.56,0.47,echo_ms,97,47.080821
latency,thurbox,idle,2,False,0.56,0.47,echo_ms,98,14.441787
latency,thurbox,idle,2,False,0.56,0.47,echo_ms,99,12.06919
latency,thurbox,idle,2,False,0.56,0.47,timeouts,,0
latency,tmux,idle,3,False,0.47,0.47,echo_ms,0,0.632649
latency,tmux,idle,3,False,0.47,0.47,echo_ms,1,0.87451
latency,tmux,idle,3,False,0.47,0.47,echo_ms,2,0.949052
latency,tmux,idle,3,False,0.47,0.47,echo_ms,3,0.941189
latency,tmux,idle,3,False,0.47,0.47,echo_ms,4,0.936424
latency,tmux,idle,3,False,0.47,0.47,echo_ms,5,0.911447
latency,tmux,idle,3,False,0.47,0.47,echo_ms,6,0.928958
latency,tmux,idle,3,False,0.47,0.47,echo_ms,7,1.030512
latency,tmux,idle,3,False,0.47,0.47,echo_ms,8,0.422641
latency,tmux,idle,3,False,0.47,0.47,echo_ms,9,0.492129
latency,tmux,idle,3,False,0.47,0.47,echo_ms,10,0.984711
latency,tmux,idle,3,False,0.47,0.47,echo_ms,11,0.99708
latency,tmux,idle,3,False,0.47,0.47,echo_ms,12,0.890928
latency,tmux,idle,3,False,0.47,0.47,echo_ms,13,0.968645
latency,tmux,idle,3,False,0.47,0.47,echo_ms,14,1.024539
latency,tmux,idle,3,False,0.47,0.47,echo_ms,15,0.959835
latency,tmux,idle,3,False,0.47,0.47,echo_ms,16,0.91293
latency,tmux,idle,3,False,0.47,0.47,echo_ms,17,0.92265
latency,tmux,idle,3,False,0.47,0.47,echo_ms,18,0.926783
latency,tmux,idle,3,False,0.47,0.47,echo_ms,19,0.896575
latency,tmux,idle,3,False,0.47,0.47,echo_ms,20,0.868003
latency,tmux,idle,3,False,0.47,0.47,echo_ms,21,0.921432
latency,tmux,idle,3,False,0.47,0.47,echo_ms,22,0.928544
latency,tmux,idle,3,False,0.47,0.47,echo_ms,23,0.960684
latency,tmux,idle,3,False,0.47,0.47,echo_ms,24,0.926135
latency,tmux,idle,3,False,0.47,0.47,echo_ms,25,1.057022
latency,tmux,idle,3,False,0.47,0.47,echo_ms,26,0.951245
latency,tmux,idle,3,False,0.47,0.47,echo_ms,27,0.778611
latency,tmux,idle,3,False,0.47,0.47,echo_ms,28,1.088328
latency,tmux,idle,3,False,0.47,0.47,echo_ms,29,0.916481
latency,tmux,idle,3,False,0.47,0.47,echo_ms,30,0.991841
latency,tmux,idle,3,False,0.47,0.47,echo_ms,31,0.912998
latency,tmux,idle,3,False,0.47,0.47,echo_ms,32,0.925569
latency,tmux,idle,3,False,0.47,0.47,echo_ms,33,0.611884
latency,tmux,idle,3,False,0.47,0.47,echo_ms,34,0.950454
latency,tmux,idle,3,False,0.47,0.47,echo_ms,35,0.946793
latency,tmux,idle,3,False,0.47,0.47,echo_ms,36,0.720459
latency,tmux,idle,3,False,0.47,0.47,echo_ms,37,0.925279
latency,tmux,idle,3,False,0.47,0.47,echo_ms,38,0.933696
latency,tmux,idle,3,False,0.47,0.47,echo_ms,39,0.907771
latency,tmux,idle,3,False,0.47,0.47,echo_ms,40,0.656341
latency,tmux,idle,3,False,0.47,0.47,echo_ms,41,0.924897
latency,tmux,idle,3,False,0.47,0.47,echo_ms,42,0.888482
latency,tmux,idle,3,False,0.47,0.47,echo_ms,43,0.931585
latency,tmux,idle,3,False,0.47,0.47,echo_ms,44,0.902957
latency,tmux,idle,3,False,0.47,0.47,echo_ms,45,0.925927
latency,tmux,idle,3,False,0.47,0.47,echo_ms,46,0.958519
latency,tmux,idle,3,False,0.47,0.47,echo_ms,47,0.928723
latency,tmux,idle,3,False,0.47,0.47,echo_ms,48,0.9894
latency,tmux,idle,3,False,0.47,0.47,echo_ms,49,0.821494
latency,tmux,idle,3,False,0.47,0.47,echo_ms,50,0.877485
latency,tmux,idle,3,False,0.47,0.47,echo_ms,51,0.899935
latency,tmux,idle,3,False,0.47,0.47,echo_ms,52,0.892018
latency,tmux,idle,3,False,0.47,0.47,echo_ms,53,0.760851
latency,tmux,idle,3,False,0.47,0.47,echo_ms,54,0.936762
latency,tmux,idle,3,False,0.47,0.47,echo_ms,55,0.359807
latency,tmux,idle,3,False,0.47,0.47,echo_ms,56,0.921662
latency,tmux,idle,3,False,0.47,0.47,echo_ms,57,0.92558
latency,tmux,idle,3,False,0.47,0.47,echo_ms,58,0.77622
latency,tmux,idle,3,False,0.47,0.47,echo_ms,59,0.874587
latency,tmux,idle,3,False,0.47,0.47,echo_ms,60,1.006375
latency,tmux,idle,3,False,0.47,0.47,echo_ms,61,0.806133
latency,tmux,idle,3,False,0.47,0.47,echo_ms,62,0.824189
latency,tmux,idle,3,False,0.47,0.47,echo_ms,63,0.870604
latency,tmux,idle,3,False,0.47,0.47,echo_ms,64,0.954036
latency,tmux,idle,3,False,0.47,0.47,echo_ms,65,0.968038
latency,tmux,idle,3,False,0.47,0.47,echo_ms,66,0.939417
latency,tmux,idle,3,False,0.47,0.47,echo_ms,67,1.066471
latency,tmux,idle,3,False,0.47,0.47,echo_ms,68,0.903679
latency,tmux,idle,3,False,0.47,0.47,echo_ms,69,0.932323
latency,tmux,idle,3,False,0.47,0.47,echo_ms,70,0.922773
latency,tmux,idle,3,False,0.47,0.47,echo_ms,71,0.984299
latency,tmux,idle,3,False,0.47,0.47,echo_ms,72,0.942422
latency,tmux,idle,3,False,0.47,0.47,echo_ms,73,0.8928
latency,tmux,idle,3,False,0.47,0.47,echo_ms,74,0.83287
latency,tmux,idle,3,False,0.47,0.47,echo_ms,75,0.689656
latency,tmux,idle,3,False,0.47,0.47,echo_ms,76,0.922079
latency,tmux,idle,3,False,0.47,0.47,echo_ms,77,0.814545
latency,tmux,idle,3,False,0.47,0.47,echo_ms,78,0.914798
latency,tmux,idle,3,False,0.47,0.47,echo_ms,79,0.859771
latency,tmux,idle,3,False,0.47,0.47,echo_ms,80,0.945427
latency,tmux,idle,3,False,0.47,0.47,echo_ms,81,0.91322
latency,tmux,idle,3,False,0.47,0.47,echo_ms,82,0.925034
latency,tmux,idle,3,False,0.47,0.47,echo_ms,83,0.826708
latency,tmux,idle,3,False,0.47,0.47,echo_ms,84,0.887316
latency,tmux,idle,3,False,0.47,0.47,echo_ms,85,0.67053
latency,tmux,idle,3,False,0.47,0.47,echo_ms,86,0.921353
latency,tmux,idle,3,False,0.47,0.47,echo_ms,87,0.899934
latency,tmux,idle,3,False,0.47,0.47,echo_ms,88,0.930028
latency,tmux,idle,3,False,0.47,0.47,echo_ms,89,0.923293
latency,tmux,idle,3,False,0.47,0.47,echo_ms,90,0.747096
latency,tmux,idle,3,False,0.47,0.47,echo_ms,91,0.914187
latency,tmux,idle,3,False,0.47,0.47,echo_ms,92,0.929431
latency,tmux,idle,3,False,0.47,0.47,echo_ms,93,0.86413
latency,tmux,idle,3,False,0.47,0.47,echo_ms,94,0.934598
latency,tmux,idle,3,False,0.47,0.47,echo_ms,95,0.934539
latency,tmux,idle,3,False,0.47,0.47,echo_ms,96,0.928176
latency,tmux,idle,3,False,0.47,0.47,echo_ms,97,0.941409
latency,tmux,idle,3,False,0.47,0.47,echo_ms,98,0.926445
latency,tmux,idle,3,False,0.47,0.47,echo_ms,99,0.939868
latency,tmux,idle,3,False,0.47,0.47,timeouts,,0
latency,herdr,idle,3,False,0.47,0.4,echo_ms,0,1.93867
latency,herdr,idle,3,False,0.47,0.4,echo_ms,1,2.083398
latency,herdr,idle,3,False,0.47,0.4,echo_ms,2,2.069892
latency,herdr,idle,3,False,0.47,0.4,echo_ms,3,1.734541
latency,herdr,idle,3,False,0.47,0.4,echo_ms,4,1.943995
latency,herdr,idle,3,False,0.47,0.4,echo_ms,5,1.982603
latency,herdr,idle,3,False,0.47,0.4,echo_ms,6,1.912597
latency,herdr,idle,3,False,0.47,0.4,echo_ms,7,1.928658
latency,herdr,idle,3,False,0.47,0.4,echo_ms,8,2.18611
latency,herdr,idle,3,False,0.47,0.4,echo_ms,9,1.978638
latency,herdr,idle,3,False,0.47,0.4,echo_ms,10,1.978129
latency,herdr,idle,3,False,0.47,0.4,echo_ms,11,1.837525
latency,herdr,idle,3,False,0.47,0.4,echo_ms,12,1.834184
latency,herdr,idle,3,False,0.47,0.4,echo_ms,13,1.988947
latency,herdr,idle,3,False,0.47,0.4,echo_ms,14,2.012597
latency,herdr,idle,3,False,0.47,0.4,echo_ms,15,1.984051
latency,herdr,idle,3,False,0.47,0.4,echo_ms,16,2.016216
latency,herdr,idle,3,False,0.47,0.4,echo_ms,17,1.884108
latency,herdr,idle,3,False,0.47,0.4,echo_ms,18,1.470163
latency,herdr,idle,3,False,0.47,0.4,echo_ms,19,1.986156
latency,herdr,idle,3,False,0.47,0.4,echo_ms,20,2.213049
latency,herdr,idle,3,False,0.47,0.4,echo_ms,21,2.189431
latency,herdr,idle,3,False,0.47,0.4,echo_ms,22,2.121208
latency,herdr,idle,3,False,0.47,0.4,echo_ms,23,2.067035
latency,herdr,idle,3,False,0.47,0.4,echo_ms,24,1.974052
latency,herdr,idle,3,False,0.47,0.4,echo_ms,25,1.982271
latency,herdr,idle,3,False,0.47,0.4,echo_ms,26,1.988909
latency,herdr,idle,3,False,0.47,0.4,echo_ms,27,3.619712
latency,herdr,idle,3,False,0.47,0.4,echo_ms,28,2.020406
latency,herdr,idle,3,False,0.47,0.4,echo_ms,29,1.885296
latency,herdr,idle,3,False,0.47,0.4,echo_ms,30,2.119656
latency,herdr,idle,3,False,0.47,0.4,echo_ms,31,1.991121
latency,herdr,idle,3,False,0.47,0.4,echo_ms,32,2.033559
latency,herdr,idle,3,False,0.47,0.4,echo_ms,33,1.985796
latency,herdr,idle,3,False,0.47,0.4,echo_ms,34,2.078589
latency,herdr,idle,3,False,0.47,0.4,echo_ms,35,2.021067
latency,herdr,idle,3,False,0.47,0.4,echo_ms,36,1.979097
latency,herdr,idle,3,False,0.47,0.4,echo_ms,37,1.873521
latency,herdr,idle,3,False,0.47,0.4,echo_ms,38,1.97662
latency,herdr,idle,3,False,0.47,0.4,echo_ms,39,2.005473
latency,herdr,idle,3,False,0.47,0.4,echo_ms,40,2.009507
latency,herdr,idle,3,False,0.47,0.4,echo_ms,41,1.997493
latency,herdr,idle,3,False,0.47,0.4,echo_ms,42,2.010585
latency,herdr,idle,3,False,0.47,0.4,echo_ms,43,1.938384
latency,herdr,idle,3,False,0.47,0.4,echo_ms,44,1.975347
latency,herdr,idle,3,False,0.47,0.4,echo_ms,45,1.986726
latency,herdr,idle,3,False,0.47,0.4,echo_ms,46,2.091956
latency,herdr,idle,3,False,0.47,0.4,echo_ms,47,1.985411
latency,herdr,idle,3,False,0.47,0.4,echo_ms,48,1.995445
latency,herdr,idle,3,False,0.47,0.4,echo_ms,49,1.938486
latency,herdr,idle,3,False,0.47,0.4,echo_ms,50,1.976249
latency,herdr,idle,3,False,0.47,0.4,echo_ms,51,2.025353
latency,herdr,idle,3,False,0.47,0.4,echo_ms,52,1.984023
latency,herdr,idle,3,False,0.47,0.4,echo_ms,53,2.069184
latency,herdr,idle,3,False,0.47,0.4,echo_ms,54,1.979113
latency,herdr,idle,3,False,0.47,0.4,echo_ms,55,1.983629
latency,herdr,idle,3,False,0.47,0.4,echo_ms,56,1.976708
latency,herdr,idle,3,False,0.47,0.4,echo_ms,57,1.476733
latency,herdr,idle,3,False,0.47,0.4,echo_ms,58,1.748343
latency,herdr,idle,3,False,0.47,0.4,echo_ms,59,1.976024
latency,herdr,idle,3,False,0.47,0.4,echo_ms,60,1.902817
latency,herdr,idle,3,False,0.47,0.4,echo_ms,61,2.008947
latency,herdr,idle,3,False,0.47,0.4,echo_ms,62,1.90602
latency,herdr,idle,3,False,0.47,0.4,echo_ms,63,1.802582
latency,herdr,idle,3,False,0.47,0.4,echo_ms,64,2.076825
latency,herdr,idle,3,False,0.47,0.4,echo_ms,65,1.913078
latency,herdr,idle,3,False,0.47,0.4,echo_ms,66,1.898484
latency,herdr,idle,3,False,0.47,0.4,echo_ms,67,1.925098
latency,herdr,idle,3,False,0.47,0.4,echo_ms,68,1.952638
latency,herdr,idle,3,False,0.47,0.4,echo_ms,69,2.024493
latency,herdr,idle,3,False,0.47,0.4,echo_ms,70,1.314943
latency,herdr,idle,3,False,0.47,0.4,echo_ms,71,1.941002
latency,herdr,idle,3,False,0.47,0.4,echo_ms,72,1.963411
latency,herdr,idle,3,False,0.47,0.4,echo_ms,73,1.895444
latency,herdr,idle,3,False,0.47,0.4,echo_ms,74,1.927138
latency,herdr,idle,3,False,0.47,0.4,echo_ms,75,1.98734
latency,herdr,idle,3,False,0.47,0.4,echo_ms,76,2.001845
latency,herdr,idle,3,False,0.47,0.4,echo_ms,77,1.934889
latency,herdr,idle,3,False,0.47,0.4,echo_ms,78,1.983045
latency,herdr,idle,3,False,0.47,0.4,echo_ms,79,1.980408
latency,herdr,idle,3,False,0.47,0.4,echo_ms,80,2.089175
latency,herdr,idle,3,False,0.47,0.4,echo_ms,81,1.965666
latency,herdr,idle,3,False,0.47,0.4,echo_ms,82,1.917701
latency,herdr,idle,3,False,0.47,0.4,echo_ms,83,1.576105
latency,herdr,idle,3,False,0.47,0.4,echo_ms,84,1.988899
latency,herdr,idle,3,False,0.47,0.4,echo_ms,85,1.911106
latency,herdr,idle,3,False,0.47,0.4,echo_ms,86,1.941943
latency,herdr,idle,3,False,0.47,0.4,echo_ms,87,1.963836
latency,herdr,idle,3,False,0.47,0.4,echo_ms,88,1.987851
latency,herdr,idle,3,False,0.47,0.4,echo_ms,89,2.369484
latency,herdr,idle,3,False,0.47,0.4,echo_ms,90,1.993189
latency,herdr,idle,3,False,0.47,0.4,echo_ms,91,1.899721
latency,herdr,idle,3,False,0.47,0.4,echo_ms,92,1.970294
latency,herdr,idle,3,False,0.47,0.4,echo_ms,93,2.015389
latency,herdr,idle,3,False,0.47,0.4,echo_ms,94,1.98657
latency,herdr,idle,3,False,0.47,0.4,echo_ms,95,1.989115
latency,herdr,idle,3,False,0.47,0.4,echo_ms,96,1.804005
latency,herdr,idle,3,False,0.47,0.4,echo_ms,97,2.062518
latency,herdr,idle,3,False,0.47,0.4,echo_ms,98,2.021953
latency,herdr,idle,3,False,0.47,0.4,echo_ms,99,1.943106
latency,herdr,idle,3,False,0.47,0.4,timeouts,,0
latency,thurbox,idle,3,False,0.4,0.42,echo_ms,0,48.348227
latency,thurbox,idle,3,False,0.4,0.42,echo_ms,1,46.852827
latency,thurbox,idle,3,False,0.4,0.42,echo_ms,2,47.976132
latency,thurbox,idle,3,False,0.4,0.42,echo_ms,3,46.931359
latency,thurbox,idle,3,False,0.4,0.42,echo_ms,4,14.454132
latency,thurbox,idle,3,False,0.4,0.42,echo_ms,5,11.925843
latency,thurbox,idle,3,False,0.4,0.42,echo_ms,6,14.393899
latency,thurbox,idle,3,False,0.4,0.42,echo_ms,7,47.978009
latency,thurbox,idle,3,False,0.4,0.42,echo_ms,8,46.432792
latency,thurbox,idle,3,False,0.4,0.42,echo_ms,9,23.60683
latency,thurbox,idle,3,False,0.4,0.42,echo_ms,10,23.565577
latency,thurbox,idle,3,False,0.4,0.42,echo_ms,11,25.312249
latency,thurbox,idle,3,False,0.4,0.42,echo_ms,12,4.119311
latency,thurbox,idle,3,False,0.4,0.42,echo_ms,13,48.273199
latency,thurbox,idle,3,False,0.4,0.42,echo_ms,14,13.204985
latency,thurbox,idle,3,False,0.4,0.42,echo_ms,15,23.671375
latency,thurbox,idle,3,False,0.4,0.42,echo_ms,16,13.561822
latency,thurbox,idle,3,False,0.4,0.42,echo_ms,17,2.506709
latency,thurbox,idle,3,False,0.4,0.42,echo_ms,18,24.102976
latency,thurbox,idle,3,False,0.4,0.42,echo_ms,19,47.92361
latency,thurbox,idle,3,False,0.4,0.42,echo_ms,20,46.736985
latency,thurbox,idle,3,False,0.4,0.42,echo_ms,21,4.031511
latency,thurbox,idle,3,False,0.4,0.42,echo_ms,22,13.479845
latency,thurbox,idle,3,False,0.4,0.42,echo_ms,23,3.39127
latency,thurbox,idle,3,False,0.4,0.42,echo_ms,24,13.164548
latency,thurbox,idle,3,False,0.4,0.42,echo_ms,25,37.1658
latency,thurbox,idle,3,False,0.4,0.42,echo_ms,26,46.565884
latency,thurbox,idle,3,False,0.4,0.42,echo_ms,27,46.55312
latency,thurbox,idle,3,False,0.4,0.42,echo_ms,28,4.585788
latency,thurbox,idle,3,False,0.4,0.42,echo_ms,29,25.090103
latency,thurbox,idle,3,False,0.4,0.42,echo_ms,30,46.552072
latency,thurbox,idle,3,False,0.4,0.42,echo_ms,31,12.765134
latency,thurbox,idle,3,False,0.4,0.42,echo_ms,32,13.312293
latency,thurbox,idle,3,False,0.4,0.42,echo_ms,33,4.647476
latency,thurbox,idle,3,False,0.4,0.42,echo_ms,34,47.940492
latency,thurbox,idle,3,False,0.4,0.42,echo_ms,35,47.170867
latency,thurbox,idle,3,False,0.4,0.42,echo_ms,36,23.556291
latency,thurbox,idle,3,False,0.4,0.42,echo_ms,37,3.991576
latency,thurbox,idle,3,False,0.4,0.42,echo_ms,38,48.046623
latency,thurbox,idle,3,False,0.4,0.42,echo_ms,39,46.624351
latency,thurbox,idle,3,False,0.4,0.42,echo_ms,40,26.362583
latency,thurbox,idle,3,False,0.4,0.42,echo_ms,41,49.182513
latency,thurbox,idle,3,False,0.4,0.42,echo_ms,42,48.001907
latency,thurbox,idle,3,False,0.4,0.42,echo_ms,43,4.050801
latency,thurbox,idle,3,False,0.4,0.42,echo_ms,44,47.904018
latency,thurbox,idle,3,False,0.4,0.42,echo_ms,45,46.791048
latency,thurbox,idle,3,False,0.4,0.42,echo_ms,46,4.046576
latency,thurbox,idle,3,False,0.4,0.42,echo_ms,47,47.976479
latency,thurbox,idle,3,False,0.4,0.42,echo_ms,48,47.131057
latency,thurbox,idle,3,False,0.4,0.42,echo_ms,49,4.095465
latency,thurbox,idle,3,False,0.4,0.42,echo_ms,50,46.015052
latency,thurbox,idle,3,False,0.4,0.42,echo_ms,51,13.436977
latency,thurbox,idle,3,False,0.4,0.42,echo_ms,52,16.797128
latency,thurbox,idle,3,False,0.4,0.42,echo_ms,53,23.313085
latency,thurbox,idle,3,False,0.4,0.42,echo_ms,54,45.333962
latency,thurbox,idle,3,False,0.4,0.42,echo_ms,55,47.46619
latency,thurbox,idle,3,False,0.4,0.42,echo_ms,56,46.60416
latency,thurbox,idle,3,False,0.4,0.42,echo_ms,57,5.463216
latency,thurbox,idle,3,False,0.4,0.42,echo_ms,58,48.196064
latency,thurbox,idle,3,False,0.4,0.42,echo_ms,59,13.491774
latency,thurbox,idle,3,False,0.4,0.42,echo_ms,60,44.450302
latency,thurbox,idle,3,False,0.4,0.42,echo_ms,61,46.696867
latency,thurbox,idle,3,False,0.4,0.42,echo_ms,62,14.625519
latency,thurbox,idle,3,False,0.4,0.42,echo_ms,63,3.982076
latency,thurbox,idle,3,False,0.4,0.42,echo_ms,64,48.061577
latency,thurbox,idle,3,False,0.4,0.42,echo_ms,65,46.755679
latency,thurbox,idle,3,False,0.4,0.42,echo_ms,66,47.57864
latency,thurbox,idle,3,False,0.4,0.42,echo_ms,67,47.871937
latency,thurbox,idle,3,False,0.4,0.42,echo_ms,68,3.494926
latency,thurbox,idle,3,False,0.4,0.42,echo_ms,69,4.457097
latency,thurbox,idle,3,False,0.4,0.42,echo_ms,70,23.759403
latency,thurbox,idle,3,False,0.4,0.42,echo_ms,71,14.39771
latency,thurbox,idle,3,False,0.4,0.42,echo_ms,72,13.427671
latency,thurbox,idle,3,False,0.4,0.42,echo_ms,73,46.34764
latency,thurbox,idle,3,False,0.4,0.42,echo_ms,74,24.735684
latency,thurbox,idle,3,False,0.4,0.42,echo_ms,75,47.909758
latency,thurbox,idle,3,False,0.4,0.42,echo_ms,76,46.400439
latency,thurbox,idle,3,False,0.4,0.42,echo_ms,77,24.706714
latency,thurbox,idle,3,False,0.4,0.42,echo_ms,78,13.735828
latency,thurbox,idle,3,False,0.4,0.42,echo_ms,79,13.510324
latency,thurbox,idle,3,False,0.4,0.42,echo_ms,80,13.476058
latency,thurbox,idle,3,False,0.4,0.42,echo_ms,81,44.268152
latency,thurbox,idle,3,False,0.4,0.42,echo_ms,82,47.81857
latency,thurbox,idle,3,False,0.4,0.42,echo_ms,83,47.518522
latency,thurbox,idle,3,False,0.4,0.42,echo_ms,84,5.424469
latency,thurbox,idle,3,False,0.4,0.42,echo_ms,85,48.129656
latency,thurbox,idle,3,False,0.4,0.42,echo_ms,86,46.609895
latency,thurbox,idle,3,False,0.4,0.42,echo_ms,87,2.998322
latency,thurbox,idle,3,False,0.4,0.42,echo_ms,88,22.28902
latency,thurbox,idle,3,False,0.4,0.42,echo_ms,89,13.413298
latency,thurbox,idle,3,False,0.4,0.42,echo_ms,90,13.42979
latency,thurbox,idle,3,False,0.4,0.42,echo_ms,91,46.612882
latency,thurbox,idle,3,False,0.4,0.42,echo_ms,92,23.669862
latency,thurbox,idle,3,False,0.4,0.42,echo_ms,93,48.075149
latency,thurbox,idle,3,False,0.4,0.42,echo_ms,94,46.195128
latency,thurbox,idle,3,False,0.4,0.42,echo_ms,95,4.318138
latency,thurbox,idle,3,False,0.4,0.42,echo_ms,96,46.7034
latency,thurbox,idle,3,False,0.4,0.42,echo_ms,97,3.952653
latency,thurbox,idle,3,False,0.4,0.42,echo_ms,98,48.08621
latency,thurbox,idle,3,False,0.4,0.42,echo_ms,99,23.582031
latency,thurbox,idle,3,False,0.4,0.42,timeouts,,0
latency,tmux,idle,4,False,0.42,0.35,echo_ms,0,0.96616
latency,tmux,idle,4,False,0.42,0.35,echo_ms,1,0.928027
latency,tmux,idle,4,False,0.42,0.35,echo_ms,2,0.926016
latency,tmux,idle,4,False,0.42,0.35,echo_ms,3,0.921884
latency,tmux,idle,4,False,0.42,0.35,echo_ms,4,0.867633
latency,tmux,idle,4,False,0.42,0.35,echo_ms,5,0.900942
latency,tmux,idle,4,False,0.42,0.35,echo_ms,6,0.925559
latency,tmux,idle,4,False,0.42,0.35,echo_ms,7,0.740568
latency,tmux,idle,4,False,0.42,0.35,echo_ms,8,0.963916
latency,tmux,idle,4,False,0.42,0.35,echo_ms,9,0.787883
latency,tmux,idle,4,False,0.42,0.35,echo_ms,10,0.936136
latency,tmux,idle,4,False,0.42,0.35,echo_ms,11,0.841929
latency,tmux,idle,4,False,0.42,0.35,echo_ms,12,0.92573
latency,tmux,idle,4,False,0.42,0.35,echo_ms,13,0.924398
latency,tmux,idle,4,False,0.42,0.35,echo_ms,14,0.914798
latency,tmux,idle,4,False,0.42,0.35,echo_ms,15,0.869422
latency,tmux,idle,4,False,0.42,0.35,echo_ms,16,0.918363
latency,tmux,idle,4,False,0.42,0.35,echo_ms,17,0.840442
latency,tmux,idle,4,False,0.42,0.35,echo_ms,18,0.839391
latency,tmux,idle,4,False,0.42,0.35,echo_ms,19,0.840787
latency,tmux,idle,4,False,0.42,0.35,echo_ms,20,0.854872
latency,tmux,idle,4,False,0.42,0.35,echo_ms,21,0.861855
latency,tmux,idle,4,False,0.42,0.35,echo_ms,22,0.838548
latency,tmux,idle,4,False,0.42,0.35,echo_ms,23,0.873506
latency,tmux,idle,4,False,0.42,0.35,echo_ms,24,0.921897
latency,tmux,idle,4,False,0.42,0.35,echo_ms,25,0.918106
latency,tmux,idle,4,False,0.42,0.35,echo_ms,26,0.853936
latency,tmux,idle,4,False,0.42,0.35,echo_ms,27,0.684982
latency,tmux,idle,4,False,0.42,0.35,echo_ms,28,0.877985
latency,tmux,idle,4,False,0.42,0.35,echo_ms,29,0.864032
latency,tmux,idle,4,False,0.42,0.35,echo_ms,30,0.978255
latency,tmux,idle,4,False,0.42,0.35,echo_ms,31,0.945129
latency,tmux,idle,4,False,0.42,0.35,echo_ms,32,1.032423
latency,tmux,idle,4,False,0.42,0.35,echo_ms,33,0.9315
latency,tmux,idle,4,False,0.42,0.35,echo_ms,34,0.522721
latency,tmux,idle,4,False,0.42,0.35,echo_ms,35,0.862266
latency,tmux,idle,4,False,0.42,0.35,echo_ms,36,0.799391
latency,tmux,idle,4,False,0.42,0.35,echo_ms,37,0.922301
latency,tmux,idle,4,False,0.42,0.35,echo_ms,38,0.941667
latency,tmux,idle,4,False,0.42,0.35,echo_ms,39,0.928201
latency,tmux,idle,4,False,0.42,0.35,echo_ms,40,0.871555
latency,tmux,idle,4,False,0.42,0.35,echo_ms,41,0.95677
latency,tmux,idle,4,False,0.42,0.35,echo_ms,42,0.865596
latency,tmux,idle,4,False,0.42,0.35,echo_ms,43,0.777648
latency,tmux,idle,4,False,0.42,0.35,echo_ms,44,0.866447
latency,tmux,idle,4,False,0.42,0.35,echo_ms,45,0.919766
latency,tmux,idle,4,False,0.42,0.35,echo_ms,46,0.863287
latency,tmux,idle,4,False,0.42,0.35,echo_ms,47,0.852756
latency,tmux,idle,4,False,0.42,0.35,echo_ms,48,0.864029
latency,tmux,idle,4,False,0.42,0.35,echo_ms,49,0.879702
latency,tmux,idle,4,False,0.42,0.35,echo_ms,50,0.856112
latency,tmux,idle,4,False,0.42,0.35,echo_ms,51,0.492196
latency,tmux,idle,4,False,0.42,0.35,echo_ms,52,0.858291
latency,tmux,idle,4,False,0.42,0.35,echo_ms,53,0.926731
latency,tmux,idle,4,False,0.42,0.35,echo_ms,54,0.76182
latency,tmux,idle,4,False,0.42,0.35,echo_ms,55,1.001451
latency,tmux,idle,4,False,0.42,0.35,echo_ms,56,0.926964
latency,tmux,idle,4,False,0.42,0.35,echo_ms,57,0.92466
latency,tmux,idle,4,False,0.42,0.35,echo_ms,58,0.768463
latency,tmux,idle,4,False,0.42,0.35,echo_ms,59,0.924252
latency,tmux,idle,4,False,0.42,0.35,echo_ms,60,0.899591
latency,tmux,idle,4,False,0.42,0.35,echo_ms,61,0.637273
latency,tmux,idle,4,False,0.42,0.35,echo_ms,62,0.944242
latency,tmux,idle,4,False,0.42,0.35,echo_ms,63,0.891211
latency,tmux,idle,4,False,0.42,0.35,echo_ms,64,0.849392
latency,tmux,idle,4,False,0.42,0.35,echo_ms,65,0.965515
latency,tmux,idle,4,False,0.42,0.35,echo_ms,66,0.943403
latency,tmux,idle,4,False,0.42,0.35,echo_ms,67,0.939675
latency,tmux,idle,4,False,0.42,0.35,echo_ms,68,0.910457
latency,tmux,idle,4,False,0.42,0.35,echo_ms,69,0.963806
latency,tmux,idle,4,False,0.42,0.35,echo_ms,70,0.932784
latency,tmux,idle,4,False,0.42,0.35,echo_ms,71,0.951854
latency,tmux,idle,4,False,0.42,0.35,echo_ms,72,0.754508
latency,tmux,idle,4,False,0.42,0.35,echo_ms,73,0.9315
latency,tmux,idle,4,False,0.42,0.35,echo_ms,74,0.786012
latency,tmux,idle,4,False,0.42,0.35,echo_ms,75,0.933321
latency,tmux,idle,4,False,0.42,0.35,echo_ms,76,0.929083
latency,tmux,idle,4,False,0.42,0.35,echo_ms,77,0.875314
latency,tmux,idle,4,False,0.42,0.35,echo_ms,78,0.935055
latency,tmux,idle,4,False,0.42,0.35,echo_ms,79,0.904449
latency,tmux,idle,4,False,0.42,0.35,echo_ms,80,0.972399
latency,tmux,idle,4,False,0.42,0.35,echo_ms,81,0.85487
latency,tmux,idle,4,False,0.42,0.35,echo_ms,82,0.958504
latency,tmux,idle,4,False,0.42,0.35,echo_ms,83,0.826797
latency,tmux,idle,4,False,0.42,0.35,echo_ms,84,1.018622
latency,tmux,idle,4,False,0.42,0.35,echo_ms,85,0.932904
latency,tmux,idle,4,False,0.42,0.35,echo_ms,86,0.779242
latency,tmux,idle,4,False,0.42,0.35,echo_ms,87,0.939414
latency,tmux,idle,4,False,0.42,0.35,echo_ms,88,0.921468
latency,tmux,idle,4,False,0.42,0.35,echo_ms,89,0.972652
latency,tmux,idle,4,False,0.42,0.35,echo_ms,90,0.606349
latency,tmux,idle,4,False,0.42,0.35,echo_ms,91,0.937421
latency,tmux,idle,4,False,0.42,0.35,echo_ms,92,0.796811
latency,tmux,idle,4,False,0.42,0.35,echo_ms,93,0.881007
latency,tmux,idle,4,False,0.42,0.35,echo_ms,94,0.865058
latency,tmux,idle,4,False,0.42,0.35,echo_ms,95,0.851508
latency,tmux,idle,4,False,0.42,0.35,echo_ms,96,0.621517
latency,tmux,idle,4,False,0.42,0.35,echo_ms,97,0.867488
latency,tmux,idle,4,False,0.42,0.35,echo_ms,98,0.845069
latency,tmux,idle,4,False,0.42,0.35,echo_ms,99,0.863322
latency,tmux,idle,4,False,0.42,0.35,timeouts,,0
latency,herdr,idle,4,False,0.35,0.32,echo_ms,0,2.028161
latency,herdr,idle,4,False,0.35,0.32,echo_ms,1,1.940185
latency,herdr,idle,4,False,0.35,0.32,echo_ms,2,1.996771
latency,herdr,idle,4,False,0.35,0.32,echo_ms,3,2.007681
latency,herdr,idle,4,False,0.35,0.32,echo_ms,4,1.892789
latency,herdr,idle,4,False,0.35,0.32,echo_ms,5,1.99369
latency,herdr,idle,4,False,0.35,0.32,echo_ms,6,1.959687
latency,herdr,idle,4,False,0.35,0.32,echo_ms,7,2.089854
latency,herdr,idle,4,False,0.35,0.32,echo_ms,8,1.721984
latency,herdr,idle,4,False,0.35,0.32,echo_ms,9,0.90575
latency,herdr,idle,4,False,0.35,0.32,echo_ms,10,1.942792
latency,herdr,idle,4,False,0.35,0.32,echo_ms,11,1.985739
latency,herdr,idle,4,False,0.35,0.32,echo_ms,12,2.006385
latency,herdr,idle,4,False,0.35,0.32,echo_ms,13,2.074226
latency,herdr,idle,4,False,0.35,0.32,echo_ms,14,1.898346
latency,herdr,idle,4,False,0.35,0.32,echo_ms,15,1.986762
latency,herdr,idle,4,False,0.35,0.32,echo_ms,16,2.014981
latency,herdr,idle,4,False,0.35,0.32,echo_ms,17,2.028133
latency,herdr,idle,4,False,0.35,0.32,echo_ms,18,1.987082
latency,herdr,idle,4,False,0.35,0.32,echo_ms,19,2.018357
latency,herdr,idle,4,False,0.35,0.32,echo_ms,20,2.025421
latency,herdr,idle,4,False,0.35,0.32,echo_ms,21,1.902954
latency,herdr,idle,4,False,0.35,0.32,echo_ms,22,1.966092
latency,herdr,idle,4,False,0.35,0.32,echo_ms,23,1.963425
latency,herdr,idle,4,False,0.35,0.32,echo_ms,24,1.783924
latency,herdr,idle,4,False,0.35,0.32,echo_ms,25,1.962912
latency,herdr,idle,4,False,0.35,0.32,echo_ms,26,2.006384
latency,herdr,idle,4,False,0.35,0.32,echo_ms,27,2.024784
latency,herdr,idle,4,False,0.35,0.32,echo_ms,28,1.977482
latency,herdr,idle,4,False,0.35,0.32,echo_ms,29,2.023319
latency,herdr,idle,4,False,0.35,0.32,echo_ms,30,1.922332
latency,herdr,idle,4,False,0.35,0.32,echo_ms,31,1.212111
latency,herdr,idle,4,False,0.35,0.32,echo_ms,32,1.997492
latency,herdr,idle,4,False,0.35,0.32,echo_ms,33,2.045944
latency,herdr,idle,4,False,0.35,0.32,echo_ms,34,2.145259
latency,herdr,idle,4,False,0.35,0.32,echo_ms,35,1.962154
latency,herdr,idle,4,False,0.35,0.32,echo_ms,36,1.996928
latency,herdr,idle,4,False,0.35,0.32,echo_ms,37,2.049039
latency,herdr,idle,4,False,0.35,0.32,echo_ms,38,1.954634
latency,herdr,idle,4,False,0.35,0.32,echo_ms,39,1.983124
latency,herdr,idle,4,False,0.35,0.32,echo_ms,40,1.982305
latency,herdr,idle,4,False,0.35,0.32,echo_ms,41,2.024159
latency,herdr,idle,4,False,0.35,0.32,echo_ms,42,2.019588
latency,herdr,idle,4,False,0.35,0.32,echo_ms,43,1.766576
latency,herdr,idle,4,False,0.35,0.32,echo_ms,44,2.089175
latency,herdr,idle,4,False,0.35,0.32,echo_ms,45,1.665471
latency,herdr,idle,4,False,0.35,0.32,echo_ms,46,2.040968
latency,herdr,idle,4,False,0.35,0.32,echo_ms,47,1.977111
latency,herdr,idle,4,False,0.35,0.32,echo_ms,48,1.954176
latency,herdr,idle,4,False,0.35,0.32,echo_ms,49,1.960985
latency,herdr,idle,4,False,0.35,0.32,echo_ms,50,2.030869
latency,herdr,idle,4,False,0.35,0.32,echo_ms,51,2.1305
latency,herdr,idle,4,False,0.35,0.32,echo_ms,52,2.034115
latency,herdr,idle,4,False,0.35,0.32,echo_ms,53,1.970358
latency,herdr,idle,4,False,0.35,0.32,echo_ms,54,2.166652
latency,herdr,idle,4,False,0.35,0.32,echo_ms,55,2.007932
latency,herdr,idle,4,False,0.35,0.32,echo_ms,56,1.595474
latency,herdr,idle,4,False,0.35,0.32,echo_ms,57,1.99014
latency,herdr,idle,4,False,0.35,0.32,echo_ms,58,2.104763
latency,herdr,idle,4,False,0.35,0.32,echo_ms,59,1.967892
latency,herdr,idle,4,False,0.35,0.32,echo_ms,60,1.971913
latency,herdr,idle,4,False,0.35,0.32,echo_ms,61,1.221641
latency,herdr,idle,4,False,0.35,0.32,echo_ms,62,2.013251
latency,herdr,idle,4,False,0.35,0.32,echo_ms,63,1.982953
latency,herdr,idle,4,False,0.35,0.32,echo_ms,64,1.833797
latency,herdr,idle,4,False,0.35,0.32,echo_ms,65,2.044831
latency,herdr,idle,4,False,0.35,0.32,echo_ms,66,1.86109
latency,herdr,idle,4,False,0.35,0.32,echo_ms,67,1.992409
latency,herdr,idle,4,False,0.35,0.32,echo_ms,68,1.933469
latency,herdr,idle,4,False,0.35,0.32,echo_ms,69,1.940815
latency,herdr,idle,4,False,0.35,0.32,echo_ms,70,1.952524
latency,herdr,idle,4,False,0.35,0.32,echo_ms,71,1.677037
latency,herdr,idle,4,False,0.35,0.32,echo_ms,72,2.01524
latency,herdr,idle,4,False,0.35,0.32,echo_ms,73,1.953171
latency,herdr,idle,4,False,0.35,0.32,echo_ms,74,1.957805
latency,herdr,idle,4,False,0.35,0.32,echo_ms,75,1.980922
latency,herdr,idle,4,False,0.35,0.32,echo_ms,76,2.127032
latency,herdr,idle,4,False,0.35,0.32,echo_ms,77,1.987747
latency,herdr,idle,4,False,0.35,0.32,echo_ms,78,0.567833
latency,herdr,idle,4,False,0.35,0.32,echo_ms,79,1.538878
latency,herdr,idle,4,False,0.35,0.32,echo_ms,80,2.016215
latency,herdr,idle,4,False,0.35,0.32,echo_ms,81,1.987156
latency,herdr,idle,4,False,0.35,0.32,echo_ms,82,1.984307
latency,herdr,idle,4,False,0.35,0.32,echo_ms,83,1.942129
latency,herdr,idle,4,False,0.35,0.32,echo_ms,84,1.985923
latency,herdr,idle,4,False,0.35,0.32,echo_ms,85,1.999013
latency,herdr,idle,4,False,0.35,0.32,echo_ms,86,2.013432
latency,herdr,idle,4,False,0.35,0.32,echo_ms,87,2.012404
latency,herdr,idle,4,False,0.35,0.32,echo_ms,88,2.011301
latency,herdr,idle,4,False,0.35,0.32,echo_ms,89,1.900334
latency,herdr,idle,4,False,0.35,0.32,echo_ms,90,2.045416
latency,herdr,idle,4,False,0.35,0.32,echo_ms,91,2.112235
latency,herdr,idle,4,False,0.35,0.32,echo_ms,92,2.047712
latency,herdr,idle,4,False,0.35,0.32,echo_ms,93,1.97815
latency,herdr,idle,4,False,0.35,0.32,echo_ms,94,2.031931
latency,herdr,idle,4,False,0.35,0.32,echo_ms,95,2.273411
latency,herdr,idle,4,False,0.35,0.32,echo_ms,96,1.997477
latency,herdr,idle,4,False,0.35,0.32,echo_ms,97,2.003081
latency,herdr,idle,4,False,0.35,0.32,echo_ms,98,2.02624
latency,herdr,idle,4,False,0.35,0.32,echo_ms,99,2.038491
latency,herdr,idle,4,False,0.35,0.32,timeouts,,0
latency,thurbox,idle,4,False,0.3,0.27,echo_ms,0,4.354398
latency,thurbox,idle,4,False,0.3,0.27,echo_ms,1,47.729748
latency,thurbox,idle,4,False,0.3,0.27,echo_ms,2,13.281734
latency,thurbox,idle,4,False,0.3,0.27,echo_ms,3,13.333483
latency,thurbox,idle,4,False,0.3,0.27,echo_ms,4,13.222263
latency,thurbox,idle,4,False,0.3,0.27,echo_ms,5,4.026007
latency,thurbox,idle,4,False,0.3,0.27,echo_ms,6,47.728062
latency,thurbox,idle,4,False,0.3,0.27,echo_ms,7,13.513775
latency,thurbox,idle,4,False,0.3,0.27,echo_ms,8,4.087406
latency,thurbox,idle,4,False,0.3,0.27,echo_ms,9,48.428922
latency,thurbox,idle,4,False,0.3,0.27,echo_ms,10,13.30954
latency,thurbox,idle,4,False,0.3,0.27,echo_ms,11,23.720868
latency,thurbox,idle,4,False,0.3,0.27,echo_ms,12,27.195012
latency,thurbox,idle,4,False,0.3,0.27,echo_ms,13,14.57137
latency,thurbox,idle,4,False,0.3,0.27,echo_ms,14,45.55982
latency,thurbox,idle,4,False,0.3,0.27,echo_ms,15,45.25023
latency,thurbox,idle,4,False,0.3,0.27,echo_ms,16,2.38695
latency,thurbox,idle,4,False,0.3,0.27,echo_ms,17,47.933441
latency,thurbox,idle,4,False,0.3,0.27,echo_ms,18,3.060779
latency,thurbox,idle,4,False,0.3,0.27,echo_ms,19,47.592162
latency,thurbox,idle,4,False,0.3,0.27,echo_ms,20,4.664421
latency,thurbox,idle,4,False,0.3,0.27,echo_ms,21,4.358275
latency,thurbox,idle,4,False,0.3,0.27,echo_ms,22,47.775844
latency,thurbox,idle,4,False,0.3,0.27,echo_ms,23,13.32227
latency,thurbox,idle,4,False,0.3,0.27,echo_ms,24,45.282759
latency,thurbox,idle,4,False,0.3,0.27,echo_ms,25,2.0736
latency,thurbox,idle,4,False,0.3,0.27,echo_ms,26,47.642904
latency,thurbox,idle,4,False,0.3,0.27,echo_ms,27,13.403738
latency,thurbox,idle,4,False,0.3,0.27,echo_ms,28,4.01554
latency,thurbox,idle,4,False,0.3,0.27,echo_ms,29,47.947094
latency,thurbox,idle,4,False,0.3,0.27,echo_ms,30,46.895841
latency,thurbox,idle,4,False,0.3,0.27,echo_ms,31,23.874076
latency,thurbox,idle,4,False,0.3,0.27,echo_ms,32,13.486612
latency,thurbox,idle,4,False,0.3,0.27,echo_ms,33,44.465219
latency,thurbox,idle,4,False,0.3,0.27,echo_ms,34,23.60388
latency,thurbox,idle,4,False,0.3,0.27,echo_ms,35,47.776844
latency,thurbox,idle,4,False,0.3,0.27,echo_ms,36,46.614067
latency,thurbox,idle,4,False,0.3,0.27,echo_ms,37,4.789976
latency,thurbox,idle,4,False,0.3,0.27,echo_ms,38,48.048876
latency,thurbox,idle,4,False,0.3,0.27,echo_ms,39,13.538321
latency,thurbox,idle,4,False,0.3,0.27,echo_ms,40,13.805938
latency,thurbox,idle,4,False,0.3,0.27,echo_ms,41,47.572561
latency,thurbox,idle,4,False,0.3,0.27,echo_ms,42,46.870096
latency,thurbox,idle,4,False,0.3,0.27,echo_ms,43,49.599011
latency,thurbox,idle,4,False,0.3,0.27,echo_ms,44,48.528023
latency,thurbox,idle,4,False,0.3,0.27,echo_ms,45,23.892313
latency,thurbox,idle,4,False,0.3,0.27,echo_ms,46,24.935264
latency,thurbox,idle,4,False,0.3,0.27,echo_ms,47,11.878412
latency,thurbox,idle,4,False,0.3,0.27,echo_ms,48,4.045079
latency,thurbox,idle,4,False,0.3,0.27,echo_ms,49,4.056802
latency,thurbox,idle,4,False,0.3,0.27,echo_ms,50,48.140227
latency,thurbox,idle,4,False,0.3,0.27,echo_ms,51,4.110652
latency,thurbox,idle,4,False,0.3,0.27,echo_ms,52,3.992763
latency,thurbox,idle,4,False,0.3,0.27,echo_ms,53,44.366909
latency,thurbox,idle,4,False,0.3,0.27,echo_ms,54,21.919003
latency,thurbox,idle,4,False,0.3,0.27,echo_ms,55,14.458259
latency,thurbox,idle,4,False,0.3,0.27,echo_ms,56,47.759104
latency,thurbox,idle,4,False,0.3,0.27,echo_ms,57,14.989446
latency,thurbox,idle,4,False,0.3,0.27,echo_ms,58,47.861173
latency,thurbox,idle,4,False,0.3,0.27,echo_ms,59,26.862392
latency,thurbox,idle,4,False,0.3,0.27,echo_ms,60,23.614507
latency,thurbox,idle,4,False,0.3,0.27,echo_ms,61,47.041323
latency,thurbox,idle,4,False,0.3,0.27,echo_ms,62,46.521179
latency,thurbox,idle,4,False,0.3,0.27,echo_ms,63,47.984715
latency,thurbox,idle,4,False,0.3,0.27,echo_ms,64,1.879972
latency,thurbox,idle,4,False,0.3,0.27,echo_ms,65,13.497458
latency,thurbox,idle,4,False,0.3,0.27,echo_ms,66,14.449912
latency,thurbox,idle,4,False,0.3,0.27,echo_ms,67,13.498297
latency,thurbox,idle,4,False,0.3,0.27,echo_ms,68,14.396625
latency,thurbox,idle,4,False,0.3,0.27,echo_ms,69,48.042285
latency,thurbox,idle,4,False,0.3,0.27,echo_ms,70,4.70055
latency,thurbox,idle,4,False,0.3,0.27,echo_ms,71,4.011978
latency,thurbox,idle,4,False,0.3,0.27,echo_ms,72,47.374605
latency,thurbox,idle,4,False,0.3,0.27,echo_ms,73,13.853018
latency,thurbox,idle,4,False,0.3,0.27,echo_ms,74,3.908136
latency,thurbox,idle,4,False,0.3,0.27,echo_ms,75,47.777885
latency,thurbox,idle,4,False,0.3,0.27,echo_ms,76,15.019733
latency,thurbox,idle,4,False,0.3,0.27,echo_ms,77,3.973446
latency,thurbox,idle,4,False,0.3,0.27,echo_ms,78,47.733176
latency,thurbox,idle,4,False,0.3,0.27,echo_ms,79,21.554018
latency,thurbox,idle,4,False,0.3,0.27,echo_ms,80,13.451006
latency,thurbox,idle,4,False,0.3,0.27,echo_ms,81,47.550587
latency,thurbox,idle,4,False,0.3,0.27,echo_ms,82,45.160856
latency,thurbox,idle,4,False,0.3,0.27,echo_ms,83,3.971756
latency,thurbox,idle,4,False,0.3,0.27,echo_ms,84,47.101885
latency,thurbox,idle,4,False,0.3,0.27,echo_ms,85,2.311703
latency,thurbox,idle,4,False,0.3,0.27,echo_ms,86,47.812624
latency,thurbox,idle,4,False,0.3,0.27,echo_ms,87,23.703903
latency,thurbox,idle,4,False,0.3,0.27,echo_ms,88,4.006991
latency,thurbox,idle,4,False,0.3,0.27,echo_ms,89,25.413954
latency,thurbox,idle,4,False,0.3,0.27,echo_ms,90,46.638997
latency,thurbox,idle,4,False,0.3,0.27,echo_ms,91,3.991981
latency,thurbox,idle,4,False,0.3,0.27,echo_ms,92,3.009026
latency,thurbox,idle,4,False,0.3,0.27,echo_ms,93,46.838748
latency,thurbox,idle,4,False,0.3,0.27,echo_ms,94,4.608799
latency,thurbox,idle,4,False,0.3,0.27,echo_ms,95,47.807963
latency,thurbox,idle,4,False,0.3,0.27,echo_ms,96,47.054734
latency,thurbox,idle,4,False,0.3,0.27,echo_ms,97,47.76895
latency,thurbox,idle,4,False,0.3,0.27,echo_ms,98,13.440736
latency,thurbox,idle,4,False,0.3,0.27,echo_ms,99,47.113714
latency,thurbox,idle,4,False,0.3,0.27,timeouts,,0
latency,tmux,idle,5,False,0.27,0.23,echo_ms,0,0.912476
latency,tmux,idle,5,False,0.27,0.23,echo_ms,1,0.927927
latency,tmux,idle,5,False,0.27,0.23,echo_ms,2,0.918455
latency,tmux,idle,5,False,0.27,0.23,echo_ms,3,0.882673
latency,tmux,idle,5,False,0.27,0.23,echo_ms,4,0.828409
latency,tmux,idle,5,False,0.27,0.23,echo_ms,5,0.938032
latency,tmux,idle,5,False,0.27,0.23,echo_ms,6,0.925994
latency,tmux,idle,5,False,0.27,0.23,echo_ms,7,0.898098
latency,tmux,idle,5,False,0.27,0.23,echo_ms,8,0.934352
latency,tmux,idle,5,False,0.27,0.23,echo_ms,9,0.672288
latency,tmux,idle,5,False,0.27,0.23,echo_ms,10,0.931595
latency,tmux,idle,5,False,0.27,0.23,echo_ms,11,0.926901
latency,tmux,idle,5,False,0.27,0.23,echo_ms,12,0.763919
latency,tmux,idle,5,False,0.27,0.23,echo_ms,13,0.836356
latency,tmux,idle,5,False,0.27,0.23,echo_ms,14,0.933725
latency,tmux,idle,5,False,0.27,0.23,echo_ms,15,0.946056
latency,tmux,idle,5,False,0.27,0.23,echo_ms,16,0.923706
latency,tmux,idle,5,False,0.27,0.23,echo_ms,17,0.959611
latency,tmux,idle,5,False,0.27,0.23,echo_ms,18,1.017403
latency,tmux,idle,5,False,0.27,0.23,echo_ms,19,0.986715
latency,tmux,idle,5,False,0.27,0.23,echo_ms,20,0.960363
latency,tmux,idle,5,False,0.27,0.23,echo_ms,21,0.919686
latency,tmux,idle,5,False,0.27,0.23,echo_ms,22,0.94998
latency,tmux,idle,5,False,0.27,0.23,echo_ms,23,0.974688
latency,tmux,idle,5,False,0.27,0.23,echo_ms,24,0.90563
latency,tmux,idle,5,False,0.27,0.23,echo_ms,25,0.896977
latency,tmux,idle,5,False,0.27,0.23,echo_ms,26,0.915571
latency,tmux,idle,5,False,0.27,0.23,echo_ms,27,0.927719
latency,tmux,idle,5,False,0.27,0.23,echo_ms,28,1.01501
latency,tmux,idle,5,False,0.27,0.23,echo_ms,29,0.924347
latency,tmux,idle,5,False,0.27,0.23,echo_ms,30,0.659632
latency,tmux,idle,5,False,0.27,0.23,echo_ms,31,0.900628
latency,tmux,idle,5,False,0.27,0.23,echo_ms,32,0.948265
latency,tmux,idle,5,False,0.27,0.23,echo_ms,33,0.929441
latency,tmux,idle,5,False,0.27,0.23,echo_ms,34,0.871434
latency,tmux,idle,5,False,0.27,0.23,echo_ms,35,0.87697
latency,tmux,idle,5,False,0.27,0.23,echo_ms,36,0.965592
latency,tmux,idle,5,False,0.27,0.23,echo_ms,37,0.978654
latency,tmux,idle,5,False,0.27,0.23,echo_ms,38,1.017658
latency,tmux,idle,5,False,0.27,0.23,echo_ms,39,0.937335
latency,tmux,idle,5,False,0.27,0.23,echo_ms,40,0.720297
latency,tmux,idle,5,False,0.27,0.23,echo_ms,41,0.927831
latency,tmux,idle,5,False,0.27,0.23,echo_ms,42,1.024153
latency,tmux,idle,5,False,0.27,0.23,echo_ms,43,0.921449
latency,tmux,idle,5,False,0.27,0.23,echo_ms,44,0.934009
latency,tmux,idle,5,False,0.27,0.23,echo_ms,45,0.658955
latency,tmux,idle,5,False,0.27,0.23,echo_ms,46,0.441121
latency,tmux,idle,5,False,0.27,0.23,echo_ms,47,0.703088
latency,tmux,idle,5,False,0.27,0.23,echo_ms,48,0.877646
latency,tmux,idle,5,False,0.27,0.23,echo_ms,49,0.847675
latency,tmux,idle,5,False,0.27,0.23,echo_ms,50,0.939519
latency,tmux,idle,5,False,0.27,0.23,echo_ms,51,0.862606
latency,tmux,idle,5,False,0.27,0.23,echo_ms,52,1.034523
latency,tmux,idle,5,False,0.27,0.23,echo_ms,53,1.034338
latency,tmux,idle,5,False,0.27,0.23,echo_ms,54,0.905243
latency,tmux,idle,5,False,0.27,0.23,echo_ms,55,0.894035
latency,tmux,idle,5,False,0.27,0.23,echo_ms,56,0.766606
latency,tmux,idle,5,False,0.27,0.23,echo_ms,57,1.013716
latency,tmux,idle,5,False,0.27,0.23,echo_ms,58,1.018103
latency,tmux,idle,5,False,0.27,0.23,echo_ms,59,0.825656
latency,tmux,idle,5,False,0.27,0.23,echo_ms,60,0.987783
latency,tmux,idle,5,False,0.27,0.23,echo_ms,61,0.88555
latency,tmux,idle,5,False,0.27,0.23,echo_ms,62,0.693666
latency,tmux,idle,5,False,0.27,0.23,echo_ms,63,0.991929
latency,tmux,idle,5,False,0.27,0.23,echo_ms,64,0.890672
latency,tmux,idle,5,False,0.27,0.23,echo_ms,65,0.998434
latency,tmux,idle,5,False,0.27,0.23,echo_ms,66,1.036218
latency,tmux,idle,5,False,0.27,0.23,echo_ms,67,0.94867
latency,tmux,idle,5,False,0.27,0.23,echo_ms,68,0.915842
latency,tmux,idle,5,False,0.27,0.23,echo_ms,69,1.027318
latency,tmux,idle,5,False,0.27,0.23,echo_ms,70,0.875757
latency,tmux,idle,5,False,0.27,0.23,echo_ms,71,0.931757
latency,tmux,idle,5,False,0.27,0.23,echo_ms,72,0.999829
latency,tmux,idle,5,False,0.27,0.23,echo_ms,73,0.952824
latency,tmux,idle,5,False,0.27,0.23,echo_ms,74,0.948166
latency,tmux,idle,5,False,0.27,0.23,echo_ms,75,0.912438
latency,tmux,idle,5,False,0.27,0.23,echo_ms,76,1.015446
latency,tmux,idle,5,False,0.27,0.23,echo_ms,77,0.92628
latency,tmux,idle,5,False,0.27,0.23,echo_ms,78,0.805534
latency,tmux,idle,5,False,0.27,0.23,echo_ms,79,0.9244
latency,tmux,idle,5,False,0.27,0.23,echo_ms,80,0.949163
latency,tmux,idle,5,False,0.27,0.23,echo_ms,81,0.931851
latency,tmux,idle,5,False,0.27,0.23,echo_ms,82,1.026701
latency,tmux,idle,5,False,0.27,0.23,echo_ms,83,0.927145
latency,tmux,idle,5,False,0.27,0.23,echo_ms,84,0.926515
latency,tmux,idle,5,False,0.27,0.23,echo_ms,85,0.898224
latency,tmux,idle,5,False,0.27,0.23,echo_ms,86,0.923182
latency,tmux,idle,5,False,0.27,0.23,echo_ms,87,0.980899
latency,tmux,idle,5,False,0.27,0.23,echo_ms,88,0.929599
latency,tmux,idle,5,False,0.27,0.23,echo_ms,89,0.924239
latency,tmux,idle,5,False,0.27,0.23,echo_ms,90,0.863565
latency,tmux,idle,5,False,0.27,0.23,echo_ms,91,0.883776
latency,tmux,idle,5,False,0.27,0.23,echo_ms,92,0.859884
latency,tmux,idle,5,False,0.27,0.23,echo_ms,93,0.634201
latency,tmux,idle,5,False,0.27,0.23,echo_ms,94,0.849646
latency,tmux,idle,5,False,0.27,0.23,echo_ms,95,0.811066
latency,tmux,idle,5,False,0.27,0.23,echo_ms,96,0.950607
latency,tmux,idle,5,False,0.27,0.23,echo_ms,97,0.945198
latency,tmux,idle,5,False,0.27,0.23,echo_ms,98,0.927687
latency,tmux,idle,5,False,0.27,0.23,echo_ms,99,0.932799
latency,tmux,idle,5,False,0.27,0.23,timeouts,,0
latency,herdr,idle,5,False,0.23,0.2,echo_ms,0,2.13427
latency,herdr,idle,5,False,0.23,0.2,echo_ms,1,2.034054
latency,herdr,idle,5,False,0.23,0.2,echo_ms,2,1.982438
latency,herdr,idle,5,False,0.23,0.2,echo_ms,3,2.002051
latency,herdr,idle,5,False,0.23,0.2,echo_ms,4,2.045831
latency,herdr,idle,5,False,0.23,0.2,echo_ms,5,2.050511
latency,herdr,idle,5,False,0.23,0.2,echo_ms,6,1.937398
latency,herdr,idle,5,False,0.23,0.2,echo_ms,7,1.827569
latency,herdr,idle,5,False,0.23,0.2,echo_ms,8,1.947339
latency,herdr,idle,5,False,0.23,0.2,echo_ms,9,1.994345
latency,herdr,idle,5,False,0.23,0.2,echo_ms,10,1.949391
latency,herdr,idle,5,False,0.23,0.2,echo_ms,11,1.95877
latency,herdr,idle,5,False,0.23,0.2,echo_ms,12,2.000998
latency,herdr,idle,5,False,0.23,0.2,echo_ms,13,1.860409
latency,herdr,idle,5,False,0.23,0.2,echo_ms,14,2.187189
latency,herdr,idle,5,False,0.23,0.2,echo_ms,15,1.433479
latency,herdr,idle,5,False,0.23,0.2,echo_ms,16,2.120369
latency,herdr,idle,5,False,0.23,0.2,echo_ms,17,0.64177
latency,herdr,idle,5,False,0.23,0.2,echo_ms,18,2.047059
latency,herdr,idle,5,False,0.23,0.2,echo_ms,19,1.370473
latency,herdr,idle,5,False,0.23,0.2,echo_ms,20,1.997867
latency,herdr,idle,5,False,0.23,0.2,echo_ms,21,1.958504
latency,herdr,idle,5,False,0.23,0.2,echo_ms,22,1.985339
latency,herdr,idle,5,False,0.23,0.2,echo_ms,23,1.978523
latency,herdr,idle,5,False,0.23,0.2,echo_ms,24,1.970284
latency,herdr,idle,5,False,0.23,0.2,echo_ms,25,1.655964
latency,herdr,idle,5,False,0.23,0.2,echo_ms,26,1.996161
latency,herdr,idle,5,False,0.23,0.2,echo_ms,27,2.096722
latency,herdr,idle,5,False,0.23,0.2,echo_ms,28,2.043001
latency,herdr,idle,5,False,0.23,0.2,echo_ms,29,1.923569
latency,herdr,idle,5,False,0.23,0.2,echo_ms,30,1.98075
latency,herdr,idle,5,False,0.23,0.2,echo_ms,31,1.966417
latency,herdr,idle,5,False,0.23,0.2,echo_ms,32,1.932353
latency,herdr,idle,5,False,0.23,0.2,echo_ms,33,1.712584
latency,herdr,idle,5,False,0.23,0.2,echo_ms,34,2.009821
latency,herdr,idle,5,False,0.23,0.2,echo_ms,35,1.998634
latency,herdr,idle,5,False,0.23,0.2,echo_ms,36,2.133963
latency,herdr,idle,5,False,0.23,0.2,echo_ms,37,1.826051
latency,herdr,idle,5,False,0.23,0.2,echo_ms,38,2.026968
latency,herdr,idle,5,False,0.23,0.2,echo_ms,39,1.987486
latency,herdr,idle,5,False,0.23,0.2,echo_ms,40,1.919093
latency,herdr,idle,5,False,0.23,0.2,echo_ms,41,2.008403
latency,herdr,idle,5,False,0.23,0.2,echo_ms,42,2.080662
latency,herdr,idle,5,False,0.23,0.2,echo_ms,43,1.960703
latency,herdr,idle,5,False,0.23,0.2,echo_ms,44,2.00221
latency,herdr,idle,5,False,0.23,0.2,echo_ms,45,1.994942
latency,herdr,idle,5,False,0.23,0.2,echo_ms,46,2.002201
latency,herdr,idle,5,False,0.23,0.2,echo_ms,47,1.909702
latency,herdr,idle,5,False,0.23,0.2,echo_ms,48,2.009079
latency,herdr,idle,5,False,0.23,0.2,echo_ms,49,1.979131
latency,herdr,idle,5,False,0.23,0.2,echo_ms,50,1.948383
latency,herdr,idle,5,False,0.23,0.2,echo_ms,51,2.134206
latency,herdr,idle,5,False,0.23,0.2,echo_ms,52,1.945566
latency,herdr,idle,5,False,0.23,0.2,echo_ms,53,1.60152
latency,herdr,idle,5,False,0.23,0.2,echo_ms,54,1.754705
latency,herdr,idle,5,False,0.23,0.2,echo_ms,55,2.018737
latency,herdr,idle,5,False,0.23,0.2,echo_ms,56,1.998931
latency,herdr,idle,5,False,0.23,0.2,echo_ms,57,2.003016
latency,herdr,idle,5,False,0.23,0.2,echo_ms,58,1.994584
latency,herdr,idle,5,False,0.23,0.2,echo_ms,59,2.003213
latency,herdr,idle,5,False,0.23,0.2,echo_ms,60,2.109314
latency,herdr,idle,5,False,0.23,0.2,echo_ms,61,2.023799
latency,herdr,idle,5,False,0.23,0.2,echo_ms,62,2.009831
latency,herdr,idle,5,False,0.23,0.2,echo_ms,63,1.954417
latency,herdr,idle,5,False,0.23,0.2,echo_ms,64,1.989959
latency,herdr,idle,5,False,0.23,0.2,echo_ms,65,2.074821
latency,herdr,idle,5,False,0.23,0.2,echo_ms,66,2.072307
latency,herdr,idle,5,False,0.23,0.2,echo_ms,67,2.00652
latency,herdr,idle,5,False,0.23,0.2,echo_ms,68,1.848745
latency,herdr,idle,5,False,0.23,0.2,echo_ms,69,2.011629
latency,herdr,idle,5,False,0.23,0.2,echo_ms,70,1.929081
latency,herdr,idle,5,False,0.23,0.2,echo_ms,71,2.024592
latency,herdr,idle,5,False,0.23,0.2,echo_ms,72,2.005458
latency,herdr,idle,5,False,0.23,0.2,echo_ms,73,2.112008
latency,herdr,idle,5,False,0.23,0.2,echo_ms,74,1.968383
latency,herdr,idle,5,False,0.23,0.2,echo_ms,75,1.07833
latency,herdr,idle,5,False,0.23,0.2,echo_ms,76,1.945673
latency,herdr,idle,5,False,0.23,0.2,echo_ms,77,1.971765
latency,herdr,idle,5,False,0.23,0.2,echo_ms,78,2.129921
latency,herdr,idle,5,False,0.23,0.2,echo_ms,79,2.085112
latency,herdr,idle,5,False,0.23,0.2,echo_ms,80,1.831974
latency,herdr,idle,5,False,0.23,0.2,echo_ms,81,2.037802
latency,herdr,idle,5,False,0.23,0.2,echo_ms,82,1.967585
latency,herdr,idle,5,False,0.23,0.2,echo_ms,83,1.340858
latency,herdr,idle,5,False,0.23,0.2,echo_ms,84,2.021188
latency,herdr,idle,5,False,0.23,0.2,echo_ms,85,1.999855
latency,herdr,idle,5,False,0.23,0.2,echo_ms,86,1.648727
latency,herdr,idle,5,False,0.23,0.2,echo_ms,87,2.059711
latency,herdr,idle,5,False,0.23,0.2,echo_ms,88,1.839539
latency,herdr,idle,5,False,0.23,0.2,echo_ms,89,1.927191
latency,herdr,idle,5,False,0.23,0.2,echo_ms,90,1.929493
latency,herdr,idle,5,False,0.23,0.2,echo_ms,91,1.976971
latency,herdr,idle,5,False,0.23,0.2,echo_ms,92,1.989814
latency,herdr,idle,5,False,0.23,0.2,echo_ms,93,2.089648
latency,herdr,idle,5,False,0.23,0.2,echo_ms,94,2.008009
latency,herdr,idle,5,False,0.23,0.2,echo_ms,95,1.976453
latency,herdr,idle,5,False,0.23,0.2,echo_ms,96,2.109133
latency,herdr,idle,5,False,0.23,0.2,echo_ms,97,2.032996
latency,herdr,idle,5,False,0.23,0.2,echo_ms,98,1.625964
latency,herdr,idle,5,False,0.23,0.2,echo_ms,99,1.887204
latency,herdr,idle,5,False,0.23,0.2,timeouts,,0
latency,thurbox,idle,5,False,0.2,0.17,echo_ms,0,13.481674
latency,thurbox,idle,5,False,0.2,0.17,echo_ms,1,25.236509
latency,thurbox,idle,5,False,0.2,0.17,echo_ms,2,48.03961
latency,thurbox,idle,5,False,0.2,0.17,echo_ms,3,23.85331
latency,thurbox,idle,5,False,0.2,0.17,echo_ms,4,4.041486
latency,thurbox,idle,5,False,0.2,0.17,echo_ms,5,47.751371
latency,thurbox,idle,5,False,0.2,0.17,echo_ms,6,47.065776
latency,thurbox,idle,5,False,0.2,0.17,echo_ms,7,47.657549
latency,thurbox,idle,5,False,0.2,0.17,echo_ms,8,23.497413
latency,thurbox,idle,5,False,0.2,0.17,echo_ms,9,22.449413
latency,thurbox,idle,5,False,0.2,0.17,echo_ms,10,13.452129
latency,thurbox,idle,5,False,0.2,0.17,echo_ms,11,46.635276
latency,thurbox,idle,5,False,0.2,0.17,echo_ms,12,13.480397
latency,thurbox,idle,5,False,0.2,0.17,echo_ms,13,13.208942
latency,thurbox,idle,5,False,0.2,0.17,echo_ms,14,23.661258
latency,thurbox,idle,5,False,0.2,0.17,echo_ms,15,47.900186
latency,thurbox,idle,5,False,0.2,0.17,echo_ms,16,46.612828
latency,thurbox,idle,5,False,0.2,0.17,echo_ms,17,13.430657
latency,thurbox,idle,5,False,0.2,0.17,echo_ms,18,14.492162
latency,thurbox,idle,5,False,0.2,0.17,echo_ms,19,46.300949
latency,thurbox,idle,5,False,0.2,0.17,echo_ms,20,4.315963
latency,thurbox,idle,5,False,0.2,0.17,echo_ms,21,47.79991
latency,thurbox,idle,5,False,0.2,0.17,echo_ms,22,46.460925
latency,thurbox,idle,5,False,0.2,0.17,echo_ms,23,4.301973
latency,thurbox,idle,5,False,0.2,0.17,echo_ms,24,45.900622
latency,thurbox,idle,5,False,0.2,0.17,echo_ms,25,44.835404
latency,thurbox,idle,5,False,0.2,0.17,echo_ms,26,3.995174
latency,thurbox,idle,5,False,0.2,0.17,echo_ms,27,4.502049
latency,thurbox,idle,5,False,0.2,0.17,echo_ms,28,46.853157
latency,thurbox,idle,5,False,0.2,0.17,echo_ms,29,4.272854
latency,thurbox,idle,5,False,0.2,0.17,echo_ms,30,47.907002
latency,thurbox,idle,5,False,0.2,0.17,echo_ms,31,46.736299
latency,thurbox,idle,5,False,0.2,0.17,echo_ms,32,4.09317
latency,thurbox,idle,5,False,0.2,0.17,echo_ms,33,47.983354
latency,thurbox,idle,5,False,0.2,0.17,echo_ms,34,13.442053
latency,thurbox,idle,5,False,0.2,0.17,echo_ms,35,13.520768
latency,thurbox,idle,5,False,0.2,0.17,echo_ms,36,46.162745
latency,thurbox,idle,5,False,0.2,0.17,echo_ms,37,3.346306
latency,thurbox,idle,5,False,0.2,0.17,echo_ms,38,4.018233
latency,thurbox,idle,5,False,0.2,0.17,echo_ms,39,46.620243
latency,thurbox,idle,5,False,0.2,0.17,echo_ms,40,4.034244
latency,thurbox,idle,5,False,0.2,0.17,echo_ms,41,47.602166
latency,thurbox,idle,5,False,0.2,0.17,echo_ms,42,45.381752
latency,thurbox,idle,5,False,0.2,0.17,echo_ms,43,13.540235
latency,thurbox,idle,5,False,0.2,0.17,echo_ms,44,4.08987
latency,thurbox,idle,5,False,0.2,0.17,echo_ms,45,47.795828
latency,thurbox,idle,5,False,0.2,0.17,echo_ms,46,46.539317
latency,thurbox,idle,5,False,0.2,0.17,echo_ms,47,14.41724
latency,thurbox,idle,5,False,0.2,0.17,echo_ms,48,48.791178
latency,thurbox,idle,5,False,0.2,0.17,echo_ms,49,4.015413
latency,thurbox,idle,5,False,0.2,0.17,echo_ms,50,4.013808
latency,thurbox,idle,5,False,0.2,0.17,echo_ms,51,49.225537
latency,thurbox,idle,5,False,0.2,0.17,echo_ms,52,4.237522
latency,thurbox,idle,5,False,0.2,0.17,echo_ms,53,13.36935
latency,thurbox,idle,5,False,0.2,0.17,echo_ms,54,42.645248
latency,thurbox,idle,5,False,0.2,0.17,echo_ms,55,13.781252
latency,thurbox,idle,5,False,0.2,0.17,echo_ms,56,47.285951
latency,thurbox,idle,5,False,0.2,0.17,echo_ms,57,26.000404
latency,thurbox,idle,5,False,0.2,0.17,echo_ms,58,13.634751
latency,thurbox,idle,5,False,0.2,0.17,echo_ms,59,13.248667
latency,thurbox,idle,5,False,0.2,0.17,echo_ms,60,13.442207
latency,thurbox,idle,5,False,0.2,0.17,echo_ms,61,3.979771
latency,thurbox,idle,5,False,0.2,0.17,echo_ms,62,46.618346
latency,thurbox,idle,5,False,0.2,0.17,echo_ms,63,3.937595
latency,thurbox,idle,5,False,0.2,0.17,echo_ms,64,46.172325
latency,thurbox,idle,5,False,0.2,0.17,echo_ms,65,23.792833
latency,thurbox,idle,5,False,0.2,0.17,echo_ms,66,46.325034
latency,thurbox,idle,5,False,0.2,0.17,echo_ms,67,47.684562
latency,thurbox,idle,5,False,0.2,0.17,echo_ms,68,13.279451
latency,thurbox,idle,5,False,0.2,0.17,echo_ms,69,13.429279
latency,thurbox,idle,5,False,0.2,0.17,echo_ms,70,47.54088
latency,thurbox,idle,5,False,0.2,0.17,echo_ms,71,13.469907
latency,thurbox,idle,5,False,0.2,0.17,echo_ms,72,14.618869
latency,thurbox,idle,5,False,0.2,0.17,echo_ms,73,48.271815
latency,thurbox,idle,5,False,0.2,0.17,echo_ms,74,12.282822
latency,thurbox,idle,5,False,0.2,0.17,echo_ms,75,3.292039
latency,thurbox,idle,5,False,0.2,0.17,echo_ms,76,13.23975
latency,thurbox,idle,5,False,0.2,0.17,echo_ms,77,24.785533
latency,thurbox,idle,5,False,0.2,0.17,echo_ms,78,2.364535
latency,thurbox,idle,5,False,0.2,0.17,echo_ms,79,47.108106
latency,thurbox,idle,5,False,0.2,0.17,echo_ms,80,45.026244
latency,thurbox,idle,5,False,0.2,0.17,echo_ms,81,14.416315
latency,thurbox,idle,5,False,0.2,0.17,echo_ms,82,47.678705
latency,thurbox,idle,5,False,0.2,0.17,echo_ms,83,2.9755
latency,thurbox,idle,5,False,0.2,0.17,echo_ms,84,12.225138
latency,thurbox,idle,5,False,0.2,0.17,echo_ms,85,47.461035
latency,thurbox,idle,5,False,0.2,0.17,echo_ms,86,44.953518
latency,thurbox,idle,5,False,0.2,0.17,echo_ms,87,48.772271
latency,thurbox,idle,5,False,0.2,0.17,echo_ms,88,4.334828
latency,thurbox,idle,5,False,0.2,0.17,echo_ms,89,4.05554
latency,thurbox,idle,5,False,0.2,0.17,echo_ms,90,47.574978
latency,thurbox,idle,5,False,0.2,0.17,echo_ms,91,46.527752
latency,thurbox,idle,5,False,0.2,0.17,echo_ms,92,4.281147
latency,thurbox,idle,5,False,0.2,0.17,echo_ms,93,47.831502
latency,thurbox,idle,5,False,0.2,0.17,echo_ms,94,46.840553
latency,thurbox,idle,5,False,0.2,0.17,echo_ms,95,23.819741
latency,thurbox,idle,5,False,0.2,0.17,echo_ms,96,23.553827
latency,thurbox,idle,5,False,0.2,0.17,echo_ms,97,24.981524
latency,thurbox,idle,5,False,0.2,0.17,echo_ms,98,47.512882
latency,thurbox,idle,5,False,0.2,0.17,echo_ms,99,13.352054
latency,thurbox,idle,5,False,0.2,0.17,timeouts,,0
latency,tmux,other-busy,0,True,0.17,0.29,echo_ms,0,0.83417
latency,tmux,other-busy,0,True,0.17,0.29,echo_ms,1,1.066908
latency,tmux,other-busy,0,True,0.17,0.29,echo_ms,2,0.554699
latency,tmux,other-busy,0,True,0.17,0.29,echo_ms,3,0.679666
latency,tmux,other-busy,0,True,0.17,0.29,echo_ms,4,0.795
latency,tmux,other-busy,0,True,0.17,0.29,echo_ms,5,0.844197
latency,tmux,other-busy,0,True,0.17,0.29,echo_ms,6,0.695073
latency,tmux,other-busy,0,True,0.17,0.29,echo_ms,7,0.851298
latency,tmux,other-busy,0,True,0.17,0.29,echo_ms,8,0.91172
latency,tmux,other-busy,0,True,0.17,0.29,echo_ms,9,0.946283
latency,tmux,other-busy,0,True,0.17,0.29,echo_ms,10,0.990619
latency,tmux,other-busy,0,True,0.17,0.29,echo_ms,11,0.973516
latency,tmux,other-busy,0,True,0.17,0.29,echo_ms,12,0.747123
latency,tmux,other-busy,0,True,0.17,0.29,echo_ms,13,0.813588
latency,tmux,other-busy,0,True,0.17,0.29,echo_ms,14,0.874648
latency,tmux,other-busy,0,True,0.17,0.29,echo_ms,15,0.747908
latency,tmux,other-busy,0,True,0.17,0.29,echo_ms,16,0.837656
latency,tmux,other-busy,0,True,0.17,0.29,echo_ms,17,0.630675
latency,tmux,other-busy,0,True,0.17,0.29,echo_ms,18,0.813757
latency,tmux,other-busy,0,True,0.17,0.29,echo_ms,19,0.697272
latency,tmux,other-busy,0,True,0.17,0.29,echo_ms,20,0.779212
latency,tmux,other-busy,0,True,0.17,0.29,echo_ms,21,1.08964
latency,tmux,other-busy,0,True,0.17,0.29,echo_ms,22,0.731096
latency,tmux,other-busy,0,True,0.17,0.29,echo_ms,23,0.977907
latency,tmux,other-busy,0,True,0.17,0.29,echo_ms,24,0.712576
latency,tmux,other-busy,0,True,0.17,0.29,echo_ms,25,0.796074
latency,tmux,other-busy,0,True,0.17,0.29,echo_ms,26,0.991463
latency,tmux,other-busy,0,True,0.17,0.29,echo_ms,27,0.676604
latency,tmux,other-busy,0,True,0.17,0.29,echo_ms,28,0.691285
latency,tmux,other-busy,0,True,0.17,0.29,echo_ms,29,0.733683
latency,tmux,other-busy,0,True,0.17,0.29,echo_ms,30,0.821465
latency,tmux,other-busy,0,True,0.17,0.29,echo_ms,31,1.021698
latency,tmux,other-busy,0,True,0.17,0.29,echo_ms,32,0.904732
latency,tmux,other-busy,0,True,0.17,0.29,echo_ms,33,0.738526
latency,tmux,other-busy,0,True,0.17,0.29,echo_ms,34,0.916709
latency,tmux,other-busy,0,True,0.17,0.29,echo_ms,35,0.464325
latency,tmux,other-busy,0,True,0.17,0.29,echo_ms,36,0.66382
latency,tmux,other-busy,0,True,0.17,0.29,echo_ms,37,0.935563
latency,tmux,other-busy,0,True,0.17,0.29,echo_ms,38,0.94391
latency,tmux,other-busy,0,True,0.17,0.29,echo_ms,39,0.803095
latency,tmux,other-busy,0,True,0.17,0.29,echo_ms,40,0.863126
latency,tmux,other-busy,0,True,0.17,0.29,echo_ms,41,0.764624
latency,tmux,other-busy,0,True,0.17,0.29,echo_ms,42,1.091361
latency,tmux,other-busy,0,True,0.17,0.29,echo_ms,43,0.744015
latency,tmux,other-busy,0,True,0.17,0.29,echo_ms,44,0.742648
latency,tmux,other-busy,0,True,0.17,0.29,echo_ms,45,0.840117
latency,tmux,other-busy,0,True,0.17,0.29,echo_ms,46,0.786392
latency,tmux,other-busy,0,True,0.17,0.29,echo_ms,47,0.913063
latency,tmux,other-busy,0,True,0.17,0.29,echo_ms,48,0.785064
latency,tmux,other-busy,0,True,0.17,0.29,echo_ms,49,0.953371
latency,tmux,other-busy,0,True,0.17,0.29,echo_ms,50,1.161633
latency,tmux,other-busy,0,True,0.17,0.29,echo_ms,51,0.846285
latency,tmux,other-busy,0,True,0.17,0.29,echo_ms,52,0.910081
latency,tmux,other-busy,0,True,0.17,0.29,echo_ms,53,0.81653
latency,tmux,other-busy,0,True,0.17,0.29,echo_ms,54,0.603155
latency,tmux,other-busy,0,True,0.17,0.29,echo_ms,55,0.841332
latency,tmux,other-busy,0,True,0.17,0.29,echo_ms,56,0.864023
latency,tmux,other-busy,0,True,0.17,0.29,echo_ms,57,1.159771
latency,tmux,other-busy,0,True,0.17,0.29,echo_ms,58,0.790822
latency,tmux,other-busy,0,True,0.17,0.29,echo_ms,59,0.733518
latency,tmux,other-busy,0,True,0.17,0.29,echo_ms,60,1.126047
latency,tmux,other-busy,0,True,0.17,0.29,echo_ms,61,1.054494
latency,tmux,other-busy,0,True,0.17,0.29,echo_ms,62,0.912305
latency,tmux,other-busy,0,True,0.17,0.29,echo_ms,63,0.857551
latency,tmux,other-busy,0,True,0.17,0.29,echo_ms,64,0.962973
latency,tmux,other-busy,0,True,0.17,0.29,echo_ms,65,0.922628
latency,tmux,other-busy,0,True,0.17,0.29,echo_ms,66,0.837547
latency,tmux,other-busy,0,True,0.17,0.29,echo_ms,67,0.932382
latency,tmux,other-busy,0,True,0.17,0.29,echo_ms,68,0.723376
latency,tmux,other-busy,0,True,0.17,0.29,echo_ms,69,0.737817
latency,tmux,other-busy,0,True,0.17,0.29,echo_ms,70,0.756656
latency,tmux,other-busy,0,True,0.17,0.29,echo_ms,71,0.953819
latency,tmux,other-busy,0,True,0.17,0.29,echo_ms,72,0.773325
latency,tmux,other-busy,0,True,0.17,0.29,echo_ms,73,0.742593
latency,tmux,other-busy,0,True,0.17,0.29,echo_ms,74,0.731203
latency,tmux,other-busy,0,True,0.17,0.29,echo_ms,75,0.966462
latency,tmux,other-busy,0,True,0.17,0.29,echo_ms,76,0.57138
latency,tmux,other-busy,0,True,0.17,0.29,echo_ms,77,0.881473
latency,tmux,other-busy,0,True,0.17,0.29,echo_ms,78,0.657038
latency,tmux,other-busy,0,True,0.17,0.29,echo_ms,79,0.810425
latency,tmux,other-busy,0,True,0.17,0.29,echo_ms,80,1.015389
latency,tmux,other-busy,0,True,0.17,0.29,echo_ms,81,0.680516
latency,tmux,other-busy,0,True,0.17,0.29,echo_ms,82,1.057865
latency,tmux,other-busy,0,True,0.17,0.29,echo_ms,83,0.822753
latency,tmux,other-busy,0,True,0.17,0.29,echo_ms,84,0.856519
latency,tmux,other-busy,0,True,0.17,0.29,echo_ms,85,0.470177
latency,tmux,other-busy,0,True,0.17,0.29,echo_ms,86,0.799895
latency,tmux,other-busy,0,True,0.17,0.29,echo_ms,87,0.68248
latency,tmux,other-busy,0,True,0.17,0.29,echo_ms,88,0.739438
latency,tmux,other-busy,0,True,0.17,0.29,echo_ms,89,0.663811
latency,tmux,other-busy,0,True,0.17,0.29,echo_ms,90,0.858107
latency,tmux,other-busy,0,True,0.17,0.29,echo_ms,91,0.669309
latency,tmux,other-busy,0,True,0.17,0.29,echo_ms,92,0.860034
latency,tmux,other-busy,0,True,0.17,0.29,echo_ms,93,0.849144
latency,tmux,other-busy,0,True,0.17,0.29,echo_ms,94,0.951804
latency,tmux,other-busy,0,True,0.17,0.29,echo_ms,95,0.814906
latency,tmux,other-busy,0,True,0.17,0.29,echo_ms,96,0.815261
latency,tmux,other-busy,0,True,0.17,0.29,echo_ms,97,1.086686
latency,tmux,other-busy,0,True,0.17,0.29,echo_ms,98,1.007282
latency,tmux,other-busy,0,True,0.17,0.29,echo_ms,99,0.831814
latency,tmux,other-busy,0,True,0.17,0.29,timeouts,,0
latency,herdr,other-busy,0,True,0.29,0.63,echo_ms,0,0.491931
latency,herdr,other-busy,0,True,0.29,0.63,echo_ms,1,0.483565
latency,herdr,other-busy,0,True,0.29,0.63,echo_ms,2,0.45719
latency,herdr,other-busy,0,True,0.29,0.63,echo_ms,3,0.486277
latency,herdr,other-busy,0,True,0.29,0.63,echo_ms,4,0.462428
latency,herdr,other-busy,0,True,0.29,0.63,echo_ms,5,0.526697
latency,herdr,other-busy,0,True,0.29,0.63,echo_ms,6,0.597466
latency,herdr,other-busy,0,True,0.29,0.63,echo_ms,7,0.431735
latency,herdr,other-busy,0,True,0.29,0.63,echo_ms,8,0.458364
latency,herdr,other-busy,0,True,0.29,0.63,echo_ms,9,1.505444
latency,herdr,other-busy,0,True,0.29,0.63,echo_ms,10,0.461203
latency,herdr,other-busy,0,True,0.29,0.63,echo_ms,11,0.433442
latency,herdr,other-busy,0,True,0.29,0.63,echo_ms,12,0.459135
latency,herdr,other-busy,0,True,0.29,0.63,echo_ms,13,0.425801
latency,herdr,other-busy,0,True,0.29,0.63,echo_ms,14,0.65192
latency,herdr,other-busy,0,True,0.29,0.63,echo_ms,15,0.455186
latency,herdr,other-busy,0,True,0.29,0.63,echo_ms,16,0.524589
latency,herdr,other-busy,0,True,0.29,0.63,echo_ms,17,0.521605
latency,herdr,other-busy,0,True,0.29,0.63,echo_ms,18,0.408993
latency,herdr,other-busy,0,True,0.29,0.63,echo_ms,19,0.423497
latency,herdr,other-busy,0,True,0.29,0.63,echo_ms,20,0.474519
latency,herdr,other-busy,0,True,0.29,0.63,echo_ms,21,0.48113
latency,herdr,other-busy,0,True,0.29,0.63,echo_ms,22,0.788607
latency,herdr,other-busy,0,True,0.29,0.63,echo_ms,23,0.458664
latency,herdr,other-busy,0,True,0.29,0.63,echo_ms,24,0.526192
latency,herdr,other-busy,0,True,0.29,0.63,echo_ms,25,0.590428
latency,herdr,other-busy,0,True,0.29,0.63,echo_ms,26,0.421471
latency,herdr,other-busy,0,True,0.29,0.63,echo_ms,27,0.409169
latency,herdr,other-busy,0,True,0.29,0.63,echo_ms,28,0.571644
latency,herdr,other-busy,0,True,0.29,0.63,echo_ms,29,0.497541
latency,herdr,other-busy,0,True,0.29,0.63,echo_ms,30,0.450291
latency,herdr,other-busy,0,True,0.29,0.63,echo_ms,31,0.551953
latency,herdr,other-busy,0,True,0.29,0.63,echo_ms,32,0.417885
latency,herdr,other-busy,0,True,0.29,0.63,echo_ms,33,0.403142
latency,herdr,other-busy,0,True,0.29,0.63,echo_ms,34,0.517835
latency,herdr,other-busy,0,True,0.29,0.63,echo_ms,35,0.522983
latency,herdr,other-busy,0,True,0.29,0.63,echo_ms,36,0.52755
latency,herdr,other-busy,0,True,0.29,0.63,echo_ms,37,0.461053
latency,herdr,other-busy,0,True,0.29,0.63,echo_ms,38,0.503447
latency,herdr,other-busy,0,True,0.29,0.63,echo_ms,39,0.450159
latency,herdr,other-busy,0,True,0.29,0.63,echo_ms,40,0.448269
latency,herdr,other-busy,0,True,0.29,0.63,echo_ms,41,0.475945
latency,herdr,other-busy,0,True,0.29,0.63,echo_ms,42,0.444518
latency,herdr,other-busy,0,True,0.29,0.63,echo_ms,43,0.541847
latency,herdr,other-busy,0,True,0.29,0.63,echo_ms,44,0.936812
latency,herdr,other-busy,0,True,0.29,0.63,echo_ms,45,0.460431
latency,herdr,other-busy,0,True,0.29,0.63,echo_ms,46,4.342828
latency,herdr,other-busy,0,True,0.29,0.63,echo_ms,47,0.479583
latency,herdr,other-busy,0,True,0.29,0.63,echo_ms,48,0.453903
latency,herdr,other-busy,0,True,0.29,0.63,echo_ms,49,0.428775
latency,herdr,other-busy,0,True,0.29,0.63,echo_ms,50,0.438557
latency,herdr,other-busy,0,True,0.29,0.63,echo_ms,51,0.42146
latency,herdr,other-busy,0,True,0.29,0.63,echo_ms,52,0.403819
latency,herdr,other-busy,0,True,0.29,0.63,echo_ms,53,0.45596
latency,herdr,other-busy,0,True,0.29,0.63,echo_ms,54,0.47802
latency,herdr,other-busy,0,True,0.29,0.63,echo_ms,55,0.436297
latency,herdr,other-busy,0,True,0.29,0.63,echo_ms,56,0.476495
latency,herdr,other-busy,0,True,0.29,0.63,echo_ms,57,0.472409
latency,herdr,other-busy,0,True,0.29,0.63,echo_ms,58,0.473099
latency,herdr,other-busy,0,True,0.29,0.63,echo_ms,59,0.603709
latency,herdr,other-busy,0,True,0.29,0.63,echo_ms,60,0.496845
latency,herdr,other-busy,0,True,0.29,0.63,echo_ms,61,0.482751
latency,herdr,other-busy,0,True,0.29,0.63,echo_ms,62,0.404582
latency,herdr,other-busy,0,True,0.29,0.63,echo_ms,63,0.496261
latency,herdr,other-busy,0,True,0.29,0.63,echo_ms,64,0.42678
latency,herdr,other-busy,0,True,0.29,0.63,echo_ms,65,0.46759
latency,herdr,other-busy,0,True,0.29,0.63,echo_ms,66,0.492006
latency,herdr,other-busy,0,True,0.29,0.63,echo_ms,67,0.451987
latency,herdr,other-busy,0,True,0.29,0.63,echo_ms,68,0.512408
latency,herdr,other-busy,0,True,0.29,0.63,echo_ms,69,0.435694
latency,herdr,other-busy,0,True,0.29,0.63,echo_ms,70,0.456987
latency,herdr,other-busy,0,True,0.29,0.63,echo_ms,71,0.513242
latency,herdr,other-busy,0,True,0.29,0.63,echo_ms,72,0.436686
latency,herdr,other-busy,0,True,0.29,0.63,echo_ms,73,0.435261
latency,herdr,other-busy,0,True,0.29,0.63,echo_ms,74,0.675503
latency,herdr,other-busy,0,True,0.29,0.63,echo_ms,75,0.484201
latency,herdr,other-busy,0,True,0.29,0.63,echo_ms,76,0.50238
latency,herdr,other-busy,0,True,0.29,0.63,echo_ms,77,0.401619
latency,herdr,other-busy,0,True,0.29,0.63,echo_ms,78,0.579798
latency,herdr,other-busy,0,True,0.29,0.63,echo_ms,79,0.537401
latency,herdr,other-busy,0,True,0.29,0.63,echo_ms,80,0.628675
latency,herdr,other-busy,0,True,0.29,0.63,echo_ms,81,0.455949
latency,herdr,other-busy,0,True,0.29,0.63,echo_ms,82,0.618535
latency,herdr,other-busy,0,True,0.29,0.63,echo_ms,83,0.54654
latency,herdr,other-busy,0,True,0.29,0.63,echo_ms,84,0.549827
latency,herdr,other-busy,0,True,0.29,0.63,echo_ms,85,0.413694
latency,herdr,other-busy,0,True,0.29,0.63,echo_ms,86,0.603105
latency,herdr,other-busy,0,True,0.29,0.63,echo_ms,87,0.525669
latency,herdr,other-busy,0,True,0.29,0.63,echo_ms,88,0.423491
latency,herdr,other-busy,0,True,0.29,0.63,echo_ms,89,0.408653
latency,herdr,other-busy,0,True,0.29,0.63,echo_ms,90,0.517616
latency,herdr,other-busy,0,True,0.29,0.63,echo_ms,91,0.419255
latency,herdr,other-busy,0,True,0.29,0.63,echo_ms,92,0.489945
latency,herdr,other-busy,0,True,0.29,0.63,echo_ms,93,0.451595
latency,herdr,other-busy,0,True,0.29,0.63,echo_ms,94,0.506786
latency,herdr,other-busy,0,True,0.29,0.63,echo_ms,95,0.474628
latency,herdr,other-busy,0,True,0.29,0.63,echo_ms,96,0.472379
latency,herdr,other-busy,0,True,0.29,0.63,echo_ms,97,1.118287
latency,herdr,other-busy,0,True,0.29,0.63,echo_ms,98,0.464759
latency,herdr,other-busy,0,True,0.29,0.63,echo_ms,99,0.545748
latency,herdr,other-busy,0,True,0.29,0.63,timeouts,,0
latency,thurbox,other-busy,0,True,0.63,0.76,echo_ms,0,42.691564
latency,thurbox,other-busy,0,True,0.63,0.76,echo_ms,1,42.738711
latency,thurbox,other-busy,0,True,0.63,0.76,echo_ms,2,42.586533
latency,thurbox,other-busy,0,True,0.63,0.76,echo_ms,3,43.186596
latency,thurbox,other-busy,0,True,0.63,0.76,echo_ms,4,42.552658
latency,thurbox,other-busy,0,True,0.63,0.76,echo_ms,5,42.231777
latency,thurbox,other-busy,0,True,0.63,0.76,echo_ms,6,42.464393
latency,thurbox,other-busy,0,True,0.63,0.76,echo_ms,7,11.109111
latency,thurbox,other-busy,0,True,0.63,0.76,echo_ms,8,21.190932
latency,thurbox,other-busy,0,True,0.63,0.76,echo_ms,9,11.155349
latency,thurbox,other-busy,0,True,0.63,0.76,echo_ms,10,42.7917
latency,thurbox,other-busy,0,True,0.63,0.76,echo_ms,11,21.475665
latency,thurbox,other-busy,0,True,0.63,0.76,echo_ms,12,22.282959
latency,thurbox,other-busy,0,True,0.63,0.76,echo_ms,13,42.349611
latency,thurbox,other-busy,0,True,0.63,0.76,echo_ms,14,21.255019
latency,thurbox,other-busy,0,True,0.63,0.76,echo_ms,15,42.566459
latency,thurbox,other-busy,0,True,0.63,0.76,echo_ms,16,21.287668
latency,thurbox,other-busy,0,True,0.63,0.76,echo_ms,17,42.261953
latency,thurbox,other-busy,0,True,0.63,0.76,echo_ms,18,42.627301
latency,thurbox,other-busy,0,True,0.63,0.76,echo_ms,19,13.140698
latency,thurbox,other-busy,0,True,0.63,0.76,echo_ms,20,42.348525
latency,thurbox,other-busy,0,True,0.63,0.76,echo_ms,21,42.477664
latency,thurbox,other-busy,0,True,0.63,0.76,echo_ms,22,11.11775
latency,thurbox,other-busy,0,True,0.63,0.76,echo_ms,23,43.170885
latency,thurbox,other-busy,0,True,0.63,0.76,echo_ms,24,42.616217
latency,thurbox,other-busy,0,True,0.63,0.76,echo_ms,25,21.17312
latency,thurbox,other-busy,0,True,0.63,0.76,echo_ms,26,12.241448
latency,thurbox,other-busy,0,True,0.63,0.76,echo_ms,27,42.627395
latency,thurbox,other-busy,0,True,0.63,0.76,echo_ms,28,42.12937
latency,thurbox,other-busy,0,True,0.63,0.76,echo_ms,29,42.760709
latency,thurbox,other-busy,0,True,0.63,0.76,echo_ms,30,11.248656
latency,thurbox,other-busy,0,True,0.63,0.76,echo_ms,31,11.124758
latency,thurbox,other-busy,0,True,0.63,0.76,echo_ms,32,42.766234
latency,thurbox,other-busy,0,True,0.63,0.76,echo_ms,33,42.156085
latency,thurbox,other-busy,0,True,0.63,0.76,echo_ms,34,42.700836
latency,thurbox,other-busy,0,True,0.63,0.76,echo_ms,35,11.173225
latency,thurbox,other-busy,0,True,0.63,0.76,echo_ms,36,42.270528
latency,thurbox,other-busy,0,True,0.63,0.76,echo_ms,37,42.832398
latency,thurbox,other-busy,0,True,0.63,0.76,echo_ms,38,21.194815
latency,thurbox,other-busy,0,True,0.63,0.76,echo_ms,39,22.301497
latency,thurbox,other-busy,0,True,0.63,0.76,echo_ms,40,42.490794
latency,thurbox,other-busy,0,True,0.63,0.76,echo_ms,41,42.281048
latency,thurbox,other-busy,0,True,0.63,0.76,echo_ms,42,43.189312
latency,thurbox,other-busy,0,True,0.63,0.76,echo_ms,43,21.490928
latency,thurbox,other-busy,0,True,0.63,0.76,echo_ms,44,11.141254
latency,thurbox,other-busy,0,True,0.63,0.76,echo_ms,45,45.693823
latency,thurbox,other-busy,0,True,0.63,0.76,echo_ms,46,42.859876
latency,thurbox,other-busy,0,True,0.63,0.76,echo_ms,47,42.428234
latency,thurbox,other-busy,0,True,0.63,0.76,echo_ms,48,42.493626
latency,thurbox,other-busy,0,True,0.63,0.76,echo_ms,49,42.26727
latency,thurbox,other-busy,0,True,0.63,0.76,echo_ms,50,11.17212
latency,thurbox,other-busy,0,True,0.63,0.76,echo_ms,51,34.209146
latency,thurbox,other-busy,0,True,0.63,0.76,echo_ms,52,11.139949
latency,thurbox,other-busy,0,True,0.63,0.76,echo_ms,53,42.21748
latency,thurbox,other-busy,0,True,0.63,0.76,echo_ms,54,43.388523
latency,thurbox,other-busy,0,True,0.63,0.76,echo_ms,55,21.292715
latency,thurbox,other-busy,0,True,0.63,0.76,echo_ms,56,11.156027
latency,thurbox,other-busy,0,True,0.63,0.76,echo_ms,57,42.611079
latency,thurbox,other-busy,0,True,0.63,0.76,echo_ms,58,42.810595
latency,thurbox,other-busy,0,True,0.63,0.76,echo_ms,59,42.48757
latency,thurbox,other-busy,0,True,0.63,0.76,echo_ms,60,21.177739
latency,thurbox,other-busy,0,True,0.63,0.76,echo_ms,61,42.16828
latency,thurbox,other-busy,0,True,0.63,0.76,echo_ms,62,21.163965
latency,thurbox,other-busy,0,True,0.63,0.76,echo_ms,63,11.132163
latency,thurbox,other-busy,0,True,0.63,0.76,echo_ms,64,21.733453
latency,thurbox,other-busy,0,True,0.63,0.76,echo_ms,65,42.53257
latency,thurbox,other-busy,0,True,0.63,0.76,echo_ms,66,42.532983
latency,thurbox,other-busy,0,True,0.63,0.76,echo_ms,67,21.300979
latency,thurbox,other-busy,0,True,0.63,0.76,echo_ms,68,11.442737
latency,thurbox,other-busy,0,True,0.63,0.76,echo_ms,69,11.185346
latency,thurbox,other-busy,0,True,0.63,0.76,echo_ms,70,11.427423
latency,thurbox,other-busy,0,True,0.63,0.76,echo_ms,71,21.21079
latency,thurbox,other-busy,0,True,0.63,0.76,echo_ms,72,42.163516
latency,thurbox,other-busy,0,True,0.63,0.76,echo_ms,73,11.227158
latency,thurbox,other-busy,0,True,0.63,0.76,echo_ms,74,42.919905
latency,thurbox,other-busy,0,True,0.63,0.76,echo_ms,75,11.086663
latency,thurbox,other-busy,0,True,0.63,0.76,echo_ms,76,22.636651
latency,thurbox,other-busy,0,True,0.63,0.76,echo_ms,77,42.468224
latency,thurbox,other-busy,0,True,0.63,0.76,echo_ms,78,42.205192
latency,thurbox,other-busy,0,True,0.63,0.76,echo_ms,79,42.662015
latency,thurbox,other-busy,0,True,0.63,0.76,echo_ms,80,42.678525
latency,thurbox,other-busy,0,True,0.63,0.76,echo_ms,81,42.6464
latency,thurbox,other-busy,0,True,0.63,0.76,echo_ms,82,11.14383
latency,thurbox,other-busy,0,True,0.63,0.76,echo_ms,83,42.644064
latency,thurbox,other-busy,0,True,0.63,0.76,echo_ms,84,21.27163
latency,thurbox,other-busy,0,True,0.63,0.76,echo_ms,85,42.190109
latency,thurbox,other-busy,0,True,0.63,0.76,echo_ms,86,43.123542
latency,thurbox,other-busy,0,True,0.63,0.76,echo_ms,87,42.579551
latency,thurbox,other-busy,0,True,0.63,0.76,echo_ms,88,11.652504
latency,thurbox,other-busy,0,True,0.63,0.76,echo_ms,89,42.698935
latency,thurbox,other-busy,0,True,0.63,0.76,echo_ms,90,11.681656
latency,thurbox,other-busy,0,True,0.63,0.76,echo_ms,91,42.210646
latency,thurbox,other-busy,0,True,0.63,0.76,echo_ms,92,42.632849
latency,thurbox,other-busy,0,True,0.63,0.76,echo_ms,93,42.609858
latency,thurbox,other-busy,0,True,0.63,0.76,echo_ms,94,42.122109
latency,thurbox,other-busy,0,True,0.63,0.76,echo_ms,95,42.581789
latency,thurbox,other-busy,0,True,0.63,0.76,echo_ms,96,11.186466
latency,thurbox,other-busy,0,True,0.63,0.76,echo_ms,97,42.133246
latency,thurbox,other-busy,0,True,0.63,0.76,echo_ms,98,21.896125
latency,thurbox,other-busy,0,True,0.63,0.76,echo_ms,99,21.167071
latency,thurbox,other-busy,0,True,0.63,0.76,timeouts,,0
latency,tmux,other-busy,1,False,0.76,0.96,echo_ms,0,0.831774
latency,tmux,other-busy,1,False,0.76,0.96,echo_ms,1,0.863022
latency,tmux,other-busy,1,False,0.76,0.96,echo_ms,2,0.86864
latency,tmux,other-busy,1,False,0.76,0.96,echo_ms,3,0.909631
latency,tmux,other-busy,1,False,0.76,0.96,echo_ms,4,0.754551
latency,tmux,other-busy,1,False,0.76,0.96,echo_ms,5,0.748848
latency,tmux,other-busy,1,False,0.76,0.96,echo_ms,6,0.777411
latency,tmux,other-busy,1,False,0.76,0.96,echo_ms,7,0.93935
latency,tmux,other-busy,1,False,0.76,0.96,echo_ms,8,0.708481
latency,tmux,other-busy,1,False,0.76,0.96,echo_ms,9,0.853767
latency,tmux,other-busy,1,False,0.76,0.96,echo_ms,10,0.690912
latency,tmux,other-busy,1,False,0.76,0.96,echo_ms,11,1.01047
latency,tmux,other-busy,1,False,0.76,0.96,echo_ms,12,0.872995
latency,tmux,other-busy,1,False,0.76,0.96,echo_ms,13,0.707838
latency,tmux,other-busy,1,False,0.76,0.96,echo_ms,14,0.902889
latency,tmux,other-busy,1,False,0.76,0.96,echo_ms,15,1.13879
latency,tmux,other-busy,1,False,0.76,0.96,echo_ms,16,0.816413
latency,tmux,other-busy,1,False,0.76,0.96,echo_ms,17,0.875443
latency,tmux,other-busy,1,False,0.76,0.96,echo_ms,18,0.991561
latency,tmux,other-busy,1,False,0.76,0.96,echo_ms,19,0.776455
latency,tmux,other-busy,1,False,0.76,0.96,echo_ms,20,0.99687
latency,tmux,other-busy,1,False,0.76,0.96,echo_ms,21,0.762913
latency,tmux,other-busy,1,False,0.76,0.96,echo_ms,22,0.618784
latency,tmux,other-busy,1,False,0.76,0.96,echo_ms,23,0.836961
latency,tmux,other-busy,1,False,0.76,0.96,echo_ms,24,0.674748
latency,tmux,other-busy,1,False,0.76,0.96,echo_ms,25,0.671487
latency,tmux,other-busy,1,False,0.76,0.96,echo_ms,26,0.722424
latency,tmux,other-busy,1,False,0.76,0.96,echo_ms,27,0.924606
latency,tmux,other-busy,1,False,0.76,0.96,echo_ms,28,0.996308
latency,tmux,other-busy,1,False,0.76,0.96,echo_ms,29,0.877953
latency,tmux,other-busy,1,False,0.76,0.96,echo_ms,30,0.853457
latency,tmux,other-busy,1,False,0.76,0.96,echo_ms,31,0.99412
latency,tmux,other-busy,1,False,0.76,0.96,echo_ms,32,0.898082
latency,tmux,other-busy,1,False,0.76,0.96,echo_ms,33,0.748101
latency,tmux,other-busy,1,False,0.76,0.96,echo_ms,34,0.773673
latency,tmux,other-busy,1,False,0.76,0.96,echo_ms,35,0.772949
latency,tmux,other-busy,1,False,0.76,0.96,echo_ms,36,0.880098
latency,tmux,other-busy,1,False,0.76,0.96,echo_ms,37,0.715378
latency,tmux,other-busy,1,False,0.76,0.96,echo_ms,38,0.717473
latency,tmux,other-busy,1,False,0.76,0.96,echo_ms,39,0.917183
latency,tmux,other-busy,1,False,0.76,0.96,echo_ms,40,0.953524
latency,tmux,other-busy,1,False,0.76,0.96,echo_ms,41,1.009114
latency,tmux,other-busy,1,False,0.76,0.96,echo_ms,42,1.199789
latency,tmux,other-busy,1,False,0.76,0.96,echo_ms,43,0.70113
latency,tmux,other-busy,1,False,0.76,0.96,echo_ms,44,0.778317
latency,tmux,other-busy,1,False,0.76,0.96,echo_ms,45,0.710036
latency,tmux,other-busy,1,False,0.76,0.96,echo_ms,46,0.73219
latency,tmux,other-busy,1,False,0.76,0.96,echo_ms,47,0.785284
latency,tmux,other-busy,1,False,0.76,0.96,echo_ms,48,0.782354
latency,tmux,other-busy,1,False,0.76,0.96,echo_ms,49,0.97376
latency,tmux,other-busy,1,False,0.76,0.96,echo_ms,50,0.583018
latency,tmux,other-busy,1,False,0.76,0.96,echo_ms,51,0.672695
latency,tmux,other-busy,1,False,0.76,0.96,echo_ms,52,0.771606
latency,tmux,other-busy,1,False,0.76,0.96,echo_ms,53,0.79656
latency,tmux,other-busy,1,False,0.76,0.96,echo_ms,54,0.710155
latency,tmux,other-busy,1,False,0.76,0.96,echo_ms,55,0.672245
latency,tmux,other-busy,1,False,0.76,0.96,echo_ms,56,0.67129
latency,tmux,other-busy,1,False,0.76,0.96,echo_ms,57,1.395855
latency,tmux,other-busy,1,False,0.76,0.96,echo_ms,58,0.617321
latency,tmux,other-busy,1,False,0.76,0.96,echo_ms,59,0.962293
latency,tmux,other-busy,1,False,0.76,0.96,echo_ms,60,0.823522
latency,tmux,other-busy,1,False,0.76,0.96,echo_ms,61,0.804934
latency,tmux,other-busy,1,False,0.76,0.96,echo_ms,62,1.028634
latency,tmux,other-busy,1,False,0.76,0.96,echo_ms,63,0.955875
latency,tmux,other-busy,1,False,0.76,0.96,echo_ms,64,0.65135
latency,tmux,other-busy,1,False,0.76,0.96,echo_ms,65,0.935875
latency,tmux,other-busy,1,False,0.76,0.96,echo_ms,66,0.793386
latency,tmux,other-busy,1,False,0.76,0.96,echo_ms,67,0.895314
latency,tmux,other-busy,1,False,0.76,0.96,echo_ms,68,0.945812
latency,tmux,other-busy,1,False,0.76,0.96,echo_ms,69,0.864847
latency,tmux,other-busy,1,False,0.76,0.96,echo_ms,70,1.191477
latency,tmux,other-busy,1,False,0.76,0.96,echo_ms,71,0.687821
latency,tmux,other-busy,1,False,0.76,0.96,echo_ms,72,0.820867
latency,tmux,other-busy,1,False,0.76,0.96,echo_ms,73,0.745998
latency,tmux,other-busy,1,False,0.76,0.96,echo_ms,74,0.587513
latency,tmux,other-busy,1,False,0.76,0.96,echo_ms,75,0.799704
latency,tmux,other-busy,1,False,0.76,0.96,echo_ms,76,0.891208
latency,tmux,other-busy,1,False,0.76,0.96,echo_ms,77,0.739032
latency,tmux,other-busy,1,False,0.76,0.96,echo_ms,78,0.866552
latency,tmux,other-busy,1,False,0.76,0.96,echo_ms,79,0.671393
latency,tmux,other-busy,1,False,0.76,0.96,echo_ms,80,0.775372
latency,tmux,other-busy,1,False,0.76,0.96,echo_ms,81,0.741841
latency,tmux,other-busy,1,False,0.76,0.96,echo_ms,82,1.027812
latency,tmux,other-busy,1,False,0.76,0.96,echo_ms,83,0.809823
latency,tmux,other-busy,1,False,0.76,0.96,echo_ms,84,0.917612
latency,tmux,other-busy,1,False,0.76,0.96,echo_ms,85,0.703371
latency,tmux,other-busy,1,False,0.76,0.96,echo_ms,86,0.875125
latency,tmux,other-busy,1,False,0.76,0.96,echo_ms,87,0.888588
latency,tmux,other-busy,1,False,0.76,0.96,echo_ms,88,1.08901
latency,tmux,other-busy,1,False,0.76,0.96,echo_ms,89,0.785719
latency,tmux,other-busy,1,False,0.76,0.96,echo_ms,90,1.04148
latency,tmux,other-busy,1,False,0.76,0.96,echo_ms,91,0.810854
latency,tmux,other-busy,1,False,0.76,0.96,echo_ms,92,0.894459
latency,tmux,other-busy,1,False,0.76,0.96,echo_ms,93,0.74912
latency,tmux,other-busy,1,False,0.76,0.96,echo_ms,94,0.68936
latency,tmux,other-busy,1,False,0.76,0.96,echo_ms,95,0.680621
latency,tmux,other-busy,1,False,0.76,0.96,echo_ms,96,0.877296
latency,tmux,other-busy,1,False,0.76,0.96,echo_ms,97,0.750804
latency,tmux,other-busy,1,False,0.76,0.96,echo_ms,98,0.761724
latency,tmux,other-busy,1,False,0.76,0.96,echo_ms,99,0.817145
latency,tmux,other-busy,1,False,0.76,0.96,timeouts,,0
latency,herdr,other-busy,1,False,0.96,1.49,echo_ms,0,0.491577
latency,herdr,other-busy,1,False,0.96,1.49,echo_ms,1,0.558395
latency,herdr,other-busy,1,False,0.96,1.49,echo_ms,2,0.487485
latency,herdr,other-busy,1,False,0.96,1.49,echo_ms,3,0.471746
latency,herdr,other-busy,1,False,0.96,1.49,echo_ms,4,0.552869
latency,herdr,other-busy,1,False,0.96,1.49,echo_ms,5,0.495034
latency,herdr,other-busy,1,False,0.96,1.49,echo_ms,6,0.445465
latency,herdr,other-busy,1,False,0.96,1.49,echo_ms,7,0.433852
latency,herdr,other-busy,1,False,0.96,1.49,echo_ms,8,0.456702
latency,herdr,other-busy,1,False,0.96,1.49,echo_ms,9,0.521169
latency,herdr,other-busy,1,False,0.96,1.49,echo_ms,10,0.460653
latency,herdr,other-busy,1,False,0.96,1.49,echo_ms,11,0.475395
latency,herdr,other-busy,1,False,0.96,1.49,echo_ms,12,0.423555
latency,herdr,other-busy,1,False,0.96,1.49,echo_ms,13,0.467399
latency,herdr,other-busy,1,False,0.96,1.49,echo_ms,14,0.519446
latency,herdr,other-busy,1,False,0.96,1.49,echo_ms,15,0.439567
latency,herdr,other-busy,1,False,0.96,1.49,echo_ms,16,0.400622
latency,herdr,other-busy,1,False,0.96,1.49,echo_ms,17,0.499203
latency,herdr,other-busy,1,False,0.96,1.49,echo_ms,18,0.483803
latency,herdr,other-busy,1,False,0.96,1.49,echo_ms,19,0.492837
latency,herdr,other-busy,1,False,0.96,1.49,echo_ms,20,0.540393
latency,herdr,other-busy,1,False,0.96,1.49,echo_ms,21,0.413825
latency,herdr,other-busy,1,False,0.96,1.49,echo_ms,22,0.45825
latency,herdr,other-busy,1,False,0.96,1.49,echo_ms,23,0.427607
latency,herdr,other-busy,1,False,0.96,1.49,echo_ms,24,0.502006
latency,herdr,other-busy,1,False,0.96,1.49,echo_ms,25,0.428407
latency,herdr,other-busy,1,False,0.96,1.49,echo_ms,26,0.457774
latency,herdr,other-busy,1,False,0.96,1.49,echo_ms,27,1.189526
latency,herdr,other-busy,1,False,0.96,1.49,echo_ms,28,0.434268
latency,herdr,other-busy,1,False,0.96,1.49,echo_ms,29,0.426727
latency,herdr,other-busy,1,False,0.96,1.49,echo_ms,30,0.499982
latency,herdr,other-busy,1,False,0.96,1.49,echo_ms,31,0.490069
latency,herdr,other-busy,1,False,0.96,1.49,echo_ms,32,0.47918
latency,herdr,other-busy,1,False,0.96,1.49,echo_ms,33,0.413543
latency,herdr,other-busy,1,False,0.96,1.49,echo_ms,34,0.527964
latency,herdr,other-busy,1,False,0.96,1.49,echo_ms,35,0.483376
latency,herdr,other-busy,1,False,0.96,1.49,echo_ms,36,0.4403
latency,herdr,other-busy,1,False,0.96,1.49,echo_ms,37,0.503911
latency,herdr,other-busy,1,False,0.96,1.49,echo_ms,38,0.487006
latency,herdr,other-busy,1,False,0.96,1.49,echo_ms,39,0.526937
latency,herdr,other-busy,1,False,0.96,1.49,echo_ms,40,0.473841
latency,herdr,other-busy,1,False,0.96,1.49,echo_ms,41,0.441043
latency,herdr,other-busy,1,False,0.96,1.49,echo_ms,42,0.420791
latency,herdr,other-busy,1,False,0.96,1.49,echo_ms,43,0.454484
latency,herdr,other-busy,1,False,0.96,1.49,echo_ms,44,0.63346
latency,herdr,other-busy,1,False,0.96,1.49,echo_ms,45,0.571365
latency,herdr,other-busy,1,False,0.96,1.49,echo_ms,46,0.591029
latency,herdr,other-busy,1,False,0.96,1.49,echo_ms,47,0.438792
latency,herdr,other-busy,1,False,0.96,1.49,echo_ms,48,0.396483
latency,herdr,other-busy,1,False,0.96,1.49,echo_ms,49,0.484603
latency,herdr,other-busy,1,False,0.96,1.49,echo_ms,50,0.443545
latency,herdr,other-busy,1,False,0.96,1.49,echo_ms,51,0.496396
latency,herdr,other-busy,1,False,0.96,1.49,echo_ms,52,0.457718
latency,herdr,other-busy,1,False,0.96,1.49,echo_ms,53,0.430952
latency,herdr,other-busy,1,False,0.96,1.49,echo_ms,54,0.493093
latency,herdr,other-busy,1,False,0.96,1.49,echo_ms,55,0.448192
latency,herdr,other-busy,1,False,0.96,1.49,echo_ms,56,0.437605
latency,herdr,other-busy,1,False,0.96,1.49,echo_ms,57,0.423798
latency,herdr,other-busy,1,False,0.96,1.49,echo_ms,58,0.480392
latency,herdr,other-busy,1,False,0.96,1.49,echo_ms,59,0.450965
latency,herdr,other-busy,1,False,0.96,1.49,echo_ms,60,0.513662
latency,herdr,other-busy,1,False,0.96,1.49,echo_ms,61,0.436189
latency,herdr,other-busy,1,False,0.96,1.49,echo_ms,62,0.526558
latency,herdr,other-busy,1,False,0.96,1.49,echo_ms,63,0.42302
latency,herdr,other-busy,1,False,0.96,1.49,echo_ms,64,0.425961
latency,herdr,other-busy,1,False,0.96,1.49,echo_ms,65,0.489808
latency,herdr,other-busy,1,False,0.96,1.49,echo_ms,66,0.739861
latency,herdr,other-busy,1,False,0.96,1.49,echo_ms,67,0.483579
latency,herdr,other-busy,1,False,0.96,1.49,echo_ms,68,0.477781
latency,herdr,other-busy,1,False,0.96,1.49,echo_ms,69,0.455664
latency,herdr,other-busy,1,False,0.96,1.49,echo_ms,70,0.474589
latency,herdr,other-busy,1,False,0.96,1.49,echo_ms,71,0.457197
latency,herdr,other-busy,1,False,0.96,1.49,echo_ms,72,0.993759
latency,herdr,other-busy,1,False,0.96,1.49,echo_ms,73,0.452907
latency,herdr,other-busy,1,False,0.96,1.49,echo_ms,74,0.460075
latency,herdr,other-busy,1,False,0.96,1.49,echo_ms,75,0.540089
latency,herdr,other-busy,1,False,0.96,1.49,echo_ms,76,0.467007
latency,herdr,other-busy,1,False,0.96,1.49,echo_ms,77,0.508855
latency,herdr,other-busy,1,False,0.96,1.49,echo_ms,78,0.515691
latency,herdr,other-busy,1,False,0.96,1.49,echo_ms,79,0.500969
latency,herdr,other-busy,1,False,0.96,1.49,echo_ms,80,0.493186
latency,herdr,other-busy,1,False,0.96,1.49,echo_ms,81,0.431818
latency,herdr,other-busy,1,False,0.96,1.49,echo_ms,82,0.57929
latency,herdr,other-busy,1,False,0.96,1.49,echo_ms,83,0.429045
latency,herdr,other-busy,1,False,0.96,1.49,echo_ms,84,0.45066
latency,herdr,other-busy,1,False,0.96,1.49,echo_ms,85,0.503913
latency,herdr,other-busy,1,False,0.96,1.49,echo_ms,86,0.451799
latency,herdr,other-busy,1,False,0.96,1.49,echo_ms,87,0.542723
latency,herdr,other-busy,1,False,0.96,1.49,echo_ms,88,0.445041
latency,herdr,other-busy,1,False,0.96,1.49,echo_ms,89,0.45102
latency,herdr,other-busy,1,False,0.96,1.49,echo_ms,90,0.510309
latency,herdr,other-busy,1,False,0.96,1.49,echo_ms,91,0.429833
latency,herdr,other-busy,1,False,0.96,1.49,echo_ms,92,0.459987
latency,herdr,other-busy,1,False,0.96,1.49,echo_ms,93,0.556575
latency,herdr,other-busy,1,False,0.96,1.49,echo_ms,94,0.43131
latency,herdr,other-busy,1,False,0.96,1.49,echo_ms,95,0.433872
latency,herdr,other-busy,1,False,0.96,1.49,echo_ms,96,4.379047
latency,herdr,other-busy,1,False,0.96,1.49,echo_ms,97,0.43932
latency,herdr,other-busy,1,False,0.96,1.49,echo_ms,98,0.42056
latency,herdr,other-busy,1,False,0.96,1.49,echo_ms,99,0.414964
latency,herdr,other-busy,1,False,0.96,1.49,timeouts,,0
latency,thurbox,other-busy,1,False,1.49,1.42,echo_ms,0,21.829336
latency,thurbox,other-busy,1,False,1.49,1.42,echo_ms,1,42.216514
latency,thurbox,other-busy,1,False,1.49,1.42,echo_ms,2,42.593602
latency,thurbox,other-busy,1,False,1.49,1.42,echo_ms,3,42.771316
latency,thurbox,other-busy,1,False,1.49,1.42,echo_ms,4,42.600414
latency,thurbox,other-busy,1,False,1.49,1.42,echo_ms,5,11.341934
latency,thurbox,other-busy,1,False,1.49,1.42,echo_ms,6,11.200611
latency,thurbox,other-busy,1,False,1.49,1.42,echo_ms,7,42.554187
latency,thurbox,other-busy,1,False,1.49,1.42,echo_ms,8,42.116771
latency,thurbox,other-busy,1,False,1.49,1.42,echo_ms,9,42.728292
latency,thurbox,other-busy,1,False,1.49,1.42,echo_ms,10,42.103306
latency,thurbox,other-busy,1,False,1.49,1.42,echo_ms,11,43.116004
latency,thurbox,other-busy,1,False,1.49,1.42,echo_ms,12,42.759483
latency,thurbox,other-busy,1,False,1.49,1.42,echo_ms,13,11.162598
latency,thurbox,other-busy,1,False,1.49,1.42,echo_ms,14,23.015713
latency,thurbox,other-busy,1,False,1.49,1.42,echo_ms,15,42.686103
latency,thurbox,other-busy,1,False,1.49,1.42,echo_ms,16,42.172538
latency,thurbox,other-busy,1,False,1.49,1.42,echo_ms,17,42.795259
latency,thurbox,other-busy,1,False,1.49,1.42,echo_ms,18,42.229153
latency,thurbox,other-busy,1,False,1.49,1.42,echo_ms,19,43.255901
latency,thurbox,other-busy,1,False,1.49,1.42,echo_ms,20,11.488219
latency,thurbox,other-busy,1,False,1.49,1.42,echo_ms,21,42.239656
latency,thurbox,other-busy,1,False,1.49,1.42,echo_ms,22,42.630224
latency,thurbox,other-busy,1,False,1.49,1.42,echo_ms,23,42.293216
latency,thurbox,other-busy,1,False,1.49,1.42,echo_ms,24,42.632609
latency,thurbox,other-busy,1,False,1.49,1.42,echo_ms,25,42.492512
latency,thurbox,other-busy,1,False,1.49,1.42,echo_ms,26,43.244165
latency,thurbox,other-busy,1,False,1.49,1.42,echo_ms,27,11.572216
latency,thurbox,other-busy,1,False,1.49,1.42,echo_ms,28,42.66103
latency,thurbox,other-busy,1,False,1.49,1.42,echo_ms,29,21.287769
latency,thurbox,other-busy,1,False,1.49,1.42,echo_ms,30,42.73654
latency,thurbox,other-busy,1,False,1.49,1.42,echo_ms,31,11.18082
latency,thurbox,other-busy,1,False,1.49,1.42,echo_ms,32,11.209869
latency,thurbox,other-busy,1,False,1.49,1.42,echo_ms,33,42.636882
latency,thurbox,other-busy,1,False,1.49,1.42,echo_ms,34,42.267043
latency,thurbox,other-busy,1,False,1.49,1.42,echo_ms,35,42.625447
latency,thurbox,other-busy,1,False,1.49,1.42,echo_ms,36,42.87908
latency,thurbox,other-busy,1,False,1.49,1.42,echo_ms,37,42.500398
latency,thurbox,other-busy,1,False,1.49,1.42,echo_ms,38,42.556173
latency,thurbox,other-busy,1,False,1.49,1.42,echo_ms,39,42.166494
latency,thurbox,other-busy,1,False,1.49,1.42,echo_ms,40,21.455269
latency,thurbox,other-busy,1,False,1.49,1.42,echo_ms,41,11.575822
latency,thurbox,other-busy,1,False,1.49,1.42,echo_ms,42,21.195428
latency,thurbox,other-busy,1,False,1.49,1.42,echo_ms,43,42.724226
latency,thurbox,other-busy,1,False,1.49,1.42,echo_ms,44,22.452499
latency,thurbox,other-busy,1,False,1.49,1.42,echo_ms,45,21.390103
latency,thurbox,other-busy,1,False,1.49,1.42,echo_ms,46,42.497408
latency,thurbox,other-busy,1,False,1.49,1.42,echo_ms,47,42.652551
latency,thurbox,other-busy,1,False,1.49,1.42,echo_ms,48,42.188659
latency,thurbox,other-busy,1,False,1.49,1.42,echo_ms,49,42.728451
latency,thurbox,other-busy,1,False,1.49,1.42,echo_ms,50,42.411877
latency,thurbox,other-busy,1,False,1.49,1.42,echo_ms,51,42.77737
latency,thurbox,other-busy,1,False,1.49,1.42,echo_ms,52,11.18295
latency,thurbox,other-busy,1,False,1.49,1.42,echo_ms,53,23.660381
latency,thurbox,other-busy,1,False,1.49,1.42,echo_ms,54,42.693068
latency,thurbox,other-busy,1,False,1.49,1.42,echo_ms,55,11.13473
latency,thurbox,other-busy,1,False,1.49,1.42,echo_ms,56,21.805209
latency,thurbox,other-busy,1,False,1.49,1.42,echo_ms,57,42.681755
latency,thurbox,other-busy,1,False,1.49,1.42,echo_ms,58,21.473855
latency,thurbox,other-busy,1,False,1.49,1.42,echo_ms,59,42.157985
latency,thurbox,other-busy,1,False,1.49,1.42,echo_ms,60,42.699394
latency,thurbox,other-busy,1,False,1.49,1.42,echo_ms,61,11.193896
latency,thurbox,other-busy,1,False,1.49,1.42,echo_ms,62,42.526152
latency,thurbox,other-busy,1,False,1.49,1.42,echo_ms,63,11.118225
latency,thurbox,other-busy,1,False,1.49,1.42,echo_ms,64,21.196851
latency,thurbox,other-busy,1,False,1.49,1.42,echo_ms,65,22.572819
latency,thurbox,other-busy,1,False,1.49,1.42,echo_ms,66,42.582785
latency,thurbox,other-busy,1,False,1.49,1.42,echo_ms,67,11.120093
latency,thurbox,other-busy,1,False,1.49,1.42,echo_ms,68,11.687108
latency,thurbox,other-busy,1,False,1.49,1.42,echo_ms,69,42.548038
latency,thurbox,other-busy,1,False,1.49,1.42,echo_ms,70,42.965652
latency,thurbox,other-busy,1,False,1.49,1.42,echo_ms,71,42.617194
latency,thurbox,other-busy,1,False,1.49,1.42,echo_ms,72,42.654187
latency,thurbox,other-busy,1,False,1.49,1.42,echo_ms,73,11.179454
latency,thurbox,other-busy,1,False,1.49,1.42,echo_ms,74,42.555919
latency,thurbox,other-busy,1,False,1.49,1.42,echo_ms,75,11.697162
latency,thurbox,other-busy,1,False,1.49,1.42,echo_ms,76,42.121449
latency,thurbox,other-busy,1,False,1.49,1.42,echo_ms,77,11.143417
latency,thurbox,other-busy,1,False,1.49,1.42,echo_ms,78,21.716036
latency,thurbox,other-busy,1,False,1.49,1.42,echo_ms,79,42.738108
latency,thurbox,other-busy,1,False,1.49,1.42,echo_ms,80,42.772047
latency,thurbox,other-busy,1,False,1.49,1.42,echo_ms,81,43.077888
latency,thurbox,other-busy,1,False,1.49,1.42,echo_ms,82,21.193345
latency,thurbox,other-busy,1,False,1.49,1.42,echo_ms,83,21.219068
latency,thurbox,other-busy,1,False,1.49,1.42,echo_ms,84,42.421931
latency,thurbox,other-busy,1,False,1.49,1.42,echo_ms,85,21.273085
latency,thurbox,other-busy,1,False,1.49,1.42,echo_ms,86,42.211017
latency,thurbox,other-busy,1,False,1.49,1.42,echo_ms,87,42.731344
latency,thurbox,other-busy,1,False,1.49,1.42,echo_ms,88,42.149994
latency,thurbox,other-busy,1,False,1.49,1.42,echo_ms,89,21.229319
latency,thurbox,other-busy,1,False,1.49,1.42,echo_ms,90,11.199841
latency,thurbox,other-busy,1,False,1.49,1.42,echo_ms,91,42.129882
latency,thurbox,other-busy,1,False,1.49,1.42,echo_ms,92,11.099693
latency,thurbox,other-busy,1,False,1.49,1.42,echo_ms,93,42.610412
latency,thurbox,other-busy,1,False,1.49,1.42,echo_ms,94,11.122047
latency,thurbox,other-busy,1,False,1.49,1.42,echo_ms,95,21.205937
latency,thurbox,other-busy,1,False,1.49,1.42,echo_ms,96,42.700663
latency,thurbox,other-busy,1,False,1.49,1.42,echo_ms,97,42.15688
latency,thurbox,other-busy,1,False,1.49,1.42,echo_ms,98,11.1702
latency,thurbox,other-busy,1,False,1.49,1.42,echo_ms,99,42.678832
latency,thurbox,other-busy,1,False,1.49,1.42,timeouts,,0
latency,tmux,other-busy,2,False,1.42,1.35,echo_ms,0,0.875764
latency,tmux,other-busy,2,False,1.42,1.35,echo_ms,1,0.5822
latency,tmux,other-busy,2,False,1.42,1.35,echo_ms,2,0.753985
latency,tmux,other-busy,2,False,1.42,1.35,echo_ms,3,0.645716
latency,tmux,other-busy,2,False,1.42,1.35,echo_ms,4,0.594692
latency,tmux,other-busy,2,False,1.42,1.35,echo_ms,5,0.705116
latency,tmux,other-busy,2,False,1.42,1.35,echo_ms,6,0.987086
latency,tmux,other-busy,2,False,1.42,1.35,echo_ms,7,0.716889
latency,tmux,other-busy,2,False,1.42,1.35,echo_ms,8,0.96996
latency,tmux,other-busy,2,False,1.42,1.35,echo_ms,9,0.914679
latency,tmux,other-busy,2,False,1.42,1.35,echo_ms,10,0.731307
latency,tmux,other-busy,2,False,1.42,1.35,echo_ms,11,1.136719
latency,tmux,other-busy,2,False,1.42,1.35,echo_ms,12,0.621635
latency,tmux,other-busy,2,False,1.42,1.35,echo_ms,13,0.86342
latency,tmux,other-busy,2,False,1.42,1.35,echo_ms,14,0.949711
latency,tmux,other-busy,2,False,1.42,1.35,echo_ms,15,1.03226
latency,tmux,other-busy,2,False,1.42,1.35,echo_ms,16,0.917802
latency,tmux,other-busy,2,False,1.42,1.35,echo_ms,17,0.792563
latency,tmux,other-busy,2,False,1.42,1.35,echo_ms,18,0.78702
latency,tmux,other-busy,2,False,1.42,1.35,echo_ms,19,0.944907
latency,tmux,other-busy,2,False,1.42,1.35,echo_ms,20,0.912011
latency,tmux,other-busy,2,False,1.42,1.35,echo_ms,21,0.779757
latency,tmux,other-busy,2,False,1.42,1.35,echo_ms,22,0.898061
latency,tmux,other-busy,2,False,1.42,1.35,echo_ms,23,0.997234
latency,tmux,other-busy,2,False,1.42,1.35,echo_ms,24,0.904253
latency,tmux,other-busy,2,False,1.42,1.35,echo_ms,25,0.89398
latency,tmux,other-busy,2,False,1.42,1.35,echo_ms,26,0.826415
latency,tmux,other-busy,2,False,1.42,1.35,echo_ms,27,0.927592
latency,tmux,other-busy,2,False,1.42,1.35,echo_ms,28,0.87446
latency,tmux,other-busy,2,False,1.42,1.35,echo_ms,29,0.702716
latency,tmux,other-busy,2,False,1.42,1.35,echo_ms,30,0.935864
latency,tmux,other-busy,2,False,1.42,1.35,echo_ms,31,0.945986
latency,tmux,other-busy,2,False,1.42,1.35,echo_ms,32,0.886551
latency,tmux,other-busy,2,False,1.42,1.35,echo_ms,33,0.735772
latency,tmux,other-busy,2,False,1.42,1.35,echo_ms,34,0.690746
latency,tmux,other-busy,2,False,1.42,1.35,echo_ms,35,0.693057
latency,tmux,other-busy,2,False,1.42,1.35,echo_ms,36,0.857218
latency,tmux,other-busy,2,False,1.42,1.35,echo_ms,37,0.706829
latency,tmux,other-busy,2,False,1.42,1.35,echo_ms,38,0.858735
latency,tmux,other-busy,2,False,1.42,1.35,echo_ms,39,0.682024
latency,tmux,other-busy,2,False,1.42,1.35,echo_ms,40,0.765283
latency,tmux,other-busy,2,False,1.42,1.35,echo_ms,41,0.687724
latency,tmux,other-busy,2,False,1.42,1.35,echo_ms,42,0.665405
latency,tmux,other-busy,2,False,1.42,1.35,echo_ms,43,0.812003
latency,tmux,other-busy,2,False,1.42,1.35,echo_ms,44,0.827351
latency,tmux,other-busy,2,False,1.42,1.35,echo_ms,45,0.93045
latency,tmux,other-busy,2,False,1.42,1.35,echo_ms,46,0.765896
latency,tmux,other-busy,2,False,1.42,1.35,echo_ms,47,0.828701
latency,tmux,other-busy,2,False,1.42,1.35,echo_ms,48,0.838897
latency,tmux,other-busy,2,False,1.42,1.35,echo_ms,49,0.705015
latency,tmux,other-busy,2,False,1.42,1.35,echo_ms,50,0.813729
latency,tmux,other-busy,2,False,1.42,1.35,echo_ms,51,1.005036
latency,tmux,other-busy,2,False,1.42,1.35,echo_ms,52,0.652555
latency,tmux,other-busy,2,False,1.42,1.35,echo_ms,53,0.963274
latency,tmux,other-busy,2,False,1.42,1.35,echo_ms,54,1.01562
latency,tmux,other-busy,2,False,1.42,1.35,echo_ms,55,0.77364
latency,tmux,other-busy,2,False,1.42,1.35,echo_ms,56,0.775122
latency,tmux,other-busy,2,False,1.42,1.35,echo_ms,57,0.917744
latency,tmux,other-busy,2,False,1.42,1.35,echo_ms,58,0.765029
latency,tmux,other-busy,2,False,1.42,1.35,echo_ms,59,1.155027
latency,tmux,other-busy,2,False,1.42,1.35,echo_ms,60,0.655756
latency,tmux,other-busy,2,False,1.42,1.35,echo_ms,61,0.995254
latency,tmux,other-busy,2,False,1.42,1.35,echo_ms,62,0.685157
latency,tmux,other-busy,2,False,1.42,1.35,echo_ms,63,0.726764
latency,tmux,other-busy,2,False,1.42,1.35,echo_ms,64,0.73694
latency,tmux,other-busy,2,False,1.42,1.35,echo_ms,65,0.78379
latency,tmux,other-busy,2,False,1.42,1.35,echo_ms,66,0.852441
latency,tmux,other-busy,2,False,1.42,1.35,echo_ms,67,0.657806
latency,tmux,other-busy,2,False,1.42,1.35,echo_ms,68,0.714326
latency,tmux,other-busy,2,False,1.42,1.35,echo_ms,69,0.713547
latency,tmux,other-busy,2,False,1.42,1.35,echo_ms,70,0.714203
latency,tmux,other-busy,2,False,1.42,1.35,echo_ms,71,0.64491
latency,tmux,other-busy,2,False,1.42,1.35,echo_ms,72,0.680787
latency,tmux,other-busy,2,False,1.42,1.35,echo_ms,73,0.75946
latency,tmux,other-busy,2,False,1.42,1.35,echo_ms,74,0.841257
latency,tmux,other-busy,2,False,1.42,1.35,echo_ms,75,0.888275
latency,tmux,other-busy,2,False,1.42,1.35,echo_ms,76,0.806694
latency,tmux,other-busy,2,False,1.42,1.35,echo_ms,77,0.771369
latency,tmux,other-busy,2,False,1.42,1.35,echo_ms,78,0.726199
latency,tmux,other-busy,2,False,1.42,1.35,echo_ms,79,0.7894
latency,tmux,other-busy,2,False,1.42,1.35,echo_ms,80,0.969682
latency,tmux,other-busy,2,False,1.42,1.35,echo_ms,81,0.798631
latency,tmux,other-busy,2,False,1.42,1.35,echo_ms,82,0.838963
latency,tmux,other-busy,2,False,1.42,1.35,echo_ms,83,0.62826
latency,tmux,other-busy,2,False,1.42,1.35,echo_ms,84,0.659724
latency,tmux,other-busy,2,False,1.42,1.35,echo_ms,85,0.863253
latency,tmux,other-busy,2,False,1.42,1.35,echo_ms,86,1.06281
latency,tmux,other-busy,2,False,1.42,1.35,echo_ms,87,1.065369
latency,tmux,other-busy,2,False,1.42,1.35,echo_ms,88,0.630079
latency,tmux,other-busy,2,False,1.42,1.35,echo_ms,89,0.673474
latency,tmux,other-busy,2,False,1.42,1.35,echo_ms,90,1.10916
latency,tmux,other-busy,2,False,1.42,1.35,echo_ms,91,0.79318
latency,tmux,other-busy,2,False,1.42,1.35,echo_ms,92,1.040667
latency,tmux,other-busy,2,False,1.42,1.35,echo_ms,93,0.88492
latency,tmux,other-busy,2,False,1.42,1.35,echo_ms,94,0.920482
latency,tmux,other-busy,2,False,1.42,1.35,echo_ms,95,0.678898
latency,tmux,other-busy,2,False,1.42,1.35,echo_ms,96,0.729134
latency,tmux,other-busy,2,False,1.42,1.35,echo_ms,97,0.677088
latency,tmux,other-busy,2,False,1.42,1.35,echo_ms,98,1.020458
latency,tmux,other-busy,2,False,1.42,1.35,echo_ms,99,0.891002
latency,tmux,other-busy,2,False,1.42,1.35,timeouts,,0
latency,herdr,other-busy,2,False,1.35,1.3,echo_ms,0,0.540845
latency,herdr,other-busy,2,False,1.35,1.3,echo_ms,1,0.437545
latency,herdr,other-busy,2,False,1.35,1.3,echo_ms,2,0.497112
latency,herdr,other-busy,2,False,1.35,1.3,echo_ms,3,0.436574
latency,herdr,other-busy,2,False,1.35,1.3,echo_ms,4,0.507326
latency,herdr,other-busy,2,False,1.35,1.3,echo_ms,5,0.42832
latency,herdr,other-busy,2,False,1.35,1.3,echo_ms,6,0.405107
latency,herdr,other-busy,2,False,1.35,1.3,echo_ms,7,0.44839
latency,herdr,other-busy,2,False,1.35,1.3,echo_ms,8,0.513282
latency,herdr,other-busy,2,False,1.35,1.3,echo_ms,9,0.433879
latency,herdr,other-busy,2,False,1.35,1.3,echo_ms,10,0.454173
latency,herdr,other-busy,2,False,1.35,1.3,echo_ms,11,0.456402
latency,herdr,other-busy,2,False,1.35,1.3,echo_ms,12,0.440284
latency,herdr,other-busy,2,False,1.35,1.3,echo_ms,13,0.446206
latency,herdr,other-busy,2,False,1.35,1.3,echo_ms,14,0.612973
latency,herdr,other-busy,2,False,1.35,1.3,echo_ms,15,0.418557
latency,herdr,other-busy,2,False,1.35,1.3,echo_ms,16,0.480874
latency,herdr,other-busy,2,False,1.35,1.3,echo_ms,17,0.54566
latency,herdr,other-busy,2,False,1.35,1.3,echo_ms,18,0.392974
latency,herdr,other-busy,2,False,1.35,1.3,echo_ms,19,0.452942
latency,herdr,other-busy,2,False,1.35,1.3,echo_ms,20,0.450995
latency,herdr,other-busy,2,False,1.35,1.3,echo_ms,21,0.455569
latency,herdr,other-busy,2,False,1.35,1.3,echo_ms,22,0.46189
latency,herdr,other-busy,2,False,1.35,1.3,echo_ms,23,0.498215
latency,herdr,other-busy,2,False,1.35,1.3,echo_ms,24,0.442351
latency,herdr,other-busy,2,False,1.35,1.3,echo_ms,25,0.490305
latency,herdr,other-busy,2,False,1.35,1.3,echo_ms,26,0.457338
latency,herdr,other-busy,2,False,1.35,1.3,echo_ms,27,0.543213
latency,herdr,other-busy,2,False,1.35,1.3,echo_ms,28,0.59132
latency,herdr,other-busy,2,False,1.35,1.3,echo_ms,29,0.422437
latency,herdr,other-busy,2,False,1.35,1.3,echo_ms,30,0.454416
latency,herdr,other-busy,2,False,1.35,1.3,echo_ms,31,0.408843
latency,herdr,other-busy,2,False,1.35,1.3,echo_ms,32,0.999575
latency,herdr,other-busy,2,False,1.35,1.3,echo_ms,33,0.542025
latency,herdr,other-busy,2,False,1.35,1.3,echo_ms,34,0.507766
latency,herdr,other-busy,2,False,1.35,1.3,echo_ms,35,0.411924
latency,herdr,other-busy,2,False,1.35,1.3,echo_ms,36,0.498295
latency,herdr,other-busy,2,False,1.35,1.3,echo_ms,37,0.512879
latency,herdr,other-busy,2,False,1.35,1.3,echo_ms,38,0.465517
latency,herdr,other-busy,2,False,1.35,1.3,echo_ms,39,0.455495
latency,herdr,other-busy,2,False,1.35,1.3,echo_ms,40,0.637365
latency,herdr,other-busy,2,False,1.35,1.3,echo_ms,41,0.521948
latency,herdr,other-busy,2,False,1.35,1.3,echo_ms,42,0.459602
latency,herdr,other-busy,2,False,1.35,1.3,echo_ms,43,0.609061
latency,herdr,other-busy,2,False,1.35,1.3,echo_ms,44,0.41814
latency,herdr,other-busy,2,False,1.35,1.3,echo_ms,45,0.409093
latency,herdr,other-busy,2,False,1.35,1.3,echo_ms,46,0.413155
latency,herdr,other-busy,2,False,1.35,1.3,echo_ms,47,0.458145
latency,herdr,other-busy,2,False,1.35,1.3,echo_ms,48,0.463589
latency,herdr,other-busy,2,False,1.35,1.3,echo_ms,49,0.59008
latency,herdr,other-busy,2,False,1.35,1.3,echo_ms,50,0.43386
latency,herdr,other-busy,2,False,1.35,1.3,echo_ms,51,0.420982
latency,herdr,other-busy,2,False,1.35,1.3,echo_ms,52,0.40981
latency,herdr,other-busy,2,False,1.35,1.3,echo_ms,53,0.534832
latency,herdr,other-busy,2,False,1.35,1.3,echo_ms,54,0.445257
latency,herdr,other-busy,2,False,1.35,1.3,echo_ms,55,0.615248
latency,herdr,other-busy,2,False,1.35,1.3,echo_ms,56,0.472894
latency,herdr,other-busy,2,False,1.35,1.3,echo_ms,57,0.412139
latency,herdr,other-busy,2,False,1.35,1.3,echo_ms,58,0.43448
latency,herdr,other-busy,2,False,1.35,1.3,echo_ms,59,0.443791
latency,herdr,other-busy,2,False,1.35,1.3,echo_ms,60,0.473187
latency,herdr,other-busy,2,False,1.35,1.3,echo_ms,61,0.451146
latency,herdr,other-busy,2,False,1.35,1.3,echo_ms,62,0.399309
latency,herdr,other-busy,2,False,1.35,1.3,echo_ms,63,0.445541
latency,herdr,other-busy,2,False,1.35,1.3,echo_ms,64,0.472765
latency,herdr,other-busy,2,False,1.35,1.3,echo_ms,65,0.389401
latency,herdr,other-busy,2,False,1.35,1.3,echo_ms,66,0.526161
latency,herdr,other-busy,2,False,1.35,1.3,echo_ms,67,0.4762
latency,herdr,other-busy,2,False,1.35,1.3,echo_ms,68,0.484373
latency,herdr,other-busy,2,False,1.35,1.3,echo_ms,69,0.529349
latency,herdr,other-busy,2,False,1.35,1.3,echo_ms,70,0.456429
latency,herdr,other-busy,2,False,1.35,1.3,echo_ms,71,0.436548
latency,herdr,other-busy,2,False,1.35,1.3,echo_ms,72,0.530039
latency,herdr,other-busy,2,False,1.35,1.3,echo_ms,73,0.428706
latency,herdr,other-busy,2,False,1.35,1.3,echo_ms,74,0.423143
latency,herdr,other-busy,2,False,1.35,1.3,echo_ms,75,1.120758
latency,herdr,other-busy,2,False,1.35,1.3,echo_ms,76,0.416358
latency,herdr,other-busy,2,False,1.35,1.3,echo_ms,77,0.464952
latency,herdr,other-busy,2,False,1.35,1.3,echo_ms,78,0.449264
latency,herdr,other-busy,2,False,1.35,1.3,echo_ms,79,0.422802
latency,herdr,other-busy,2,False,1.35,1.3,echo_ms,80,0.418096
latency,herdr,other-busy,2,False,1.35,1.3,echo_ms,81,0.462367
latency,herdr,other-busy,2,False,1.35,1.3,echo_ms,82,0.412679
latency,herdr,other-busy,2,False,1.35,1.3,echo_ms,83,0.610066
latency,herdr,other-busy,2,False,1.35,1.3,echo_ms,84,0.445963
latency,herdr,other-busy,2,False,1.35,1.3,echo_ms,85,0.45281
latency,herdr,other-busy,2,False,1.35,1.3,echo_ms,86,0.514746
latency,herdr,other-busy,2,False,1.35,1.3,echo_ms,87,0.470001
latency,herdr,other-busy,2,False,1.35,1.3,echo_ms,88,0.403969
latency,herdr,other-busy,2,False,1.35,1.3,echo_ms,89,0.440538
latency,herdr,other-busy,2,False,1.35,1.3,echo_ms,90,0.54467
latency,herdr,other-busy,2,False,1.35,1.3,echo_ms,91,0.556701
latency,herdr,other-busy,2,False,1.35,1.3,echo_ms,92,0.52786
latency,herdr,other-busy,2,False,1.35,1.3,echo_ms,93,0.460257
latency,herdr,other-busy,2,False,1.35,1.3,echo_ms,94,0.564997
latency,herdr,other-busy,2,False,1.35,1.3,echo_ms,95,0.409299
latency,herdr,other-busy,2,False,1.35,1.3,echo_ms,96,0.414853
latency,herdr,other-busy,2,False,1.35,1.3,echo_ms,97,0.630482
latency,herdr,other-busy,2,False,1.35,1.3,echo_ms,98,0.436114
latency,herdr,other-busy,2,False,1.35,1.3,echo_ms,99,0.535013
latency,herdr,other-busy,2,False,1.35,1.3,timeouts,,0
latency,thurbox,other-busy,2,False,1.3,1.25,echo_ms,0,42.755236
latency,thurbox,other-busy,2,False,1.3,1.25,echo_ms,1,42.373756
latency,thurbox,other-busy,2,False,1.3,1.25,echo_ms,2,22.065984
latency,thurbox,other-busy,2,False,1.3,1.25,echo_ms,3,42.480143
latency,thurbox,other-busy,2,False,1.3,1.25,echo_ms,4,21.427061
latency,thurbox,other-busy,2,False,1.3,1.25,echo_ms,5,42.318813
latency,thurbox,other-busy,2,False,1.3,1.25,echo_ms,6,42.517947
latency,thurbox,other-busy,2,False,1.3,1.25,echo_ms,7,21.282571
latency,thurbox,other-busy,2,False,1.3,1.25,echo_ms,8,42.303524
latency,thurbox,other-busy,2,False,1.3,1.25,echo_ms,9,42.527911
latency,thurbox,other-busy,2,False,1.3,1.25,echo_ms,10,11.103213
latency,thurbox,other-busy,2,False,1.3,1.25,echo_ms,11,42.471401
latency,thurbox,other-busy,2,False,1.3,1.25,echo_ms,12,33.714436
latency,thurbox,other-busy,2,False,1.3,1.25,echo_ms,13,42.167286
latency,thurbox,other-busy,2,False,1.3,1.25,echo_ms,14,42.583132
latency,thurbox,other-busy,2,False,1.3,1.25,echo_ms,15,11.486468
latency,thurbox,other-busy,2,False,1.3,1.25,echo_ms,16,21.283879
latency,thurbox,other-busy,2,False,1.3,1.25,echo_ms,17,42.286477
latency,thurbox,other-busy,2,False,1.3,1.25,echo_ms,18,21.230256
latency,thurbox,other-busy,2,False,1.3,1.25,echo_ms,19,42.49833
latency,thurbox,other-busy,2,False,1.3,1.25,echo_ms,20,21.531757
latency,thurbox,other-busy,2,False,1.3,1.25,echo_ms,21,42.234061
latency,thurbox,other-busy,2,False,1.3,1.25,echo_ms,22,11.558991
latency,thurbox,other-busy,2,False,1.3,1.25,echo_ms,23,42.259973
latency,thurbox,other-busy,2,False,1.3,1.25,echo_ms,24,22.995306
latency,thurbox,other-busy,2,False,1.3,1.25,echo_ms,25,22.085943
latency,thurbox,other-busy,2,False,1.3,1.25,echo_ms,26,42.807476
latency,thurbox,other-busy,2,False,1.3,1.25,echo_ms,27,21.283057
latency,thurbox,other-busy,2,False,1.3,1.25,echo_ms,28,21.78094
latency,thurbox,other-busy,2,False,1.3,1.25,echo_ms,29,42.191171
latency,thurbox,other-busy,2,False,1.3,1.25,echo_ms,30,42.686116
latency,thurbox,other-busy,2,False,1.3,1.25,echo_ms,31,42.511038
latency,thurbox,other-busy,2,False,1.3,1.25,echo_ms,32,42.152049
latency,thurbox,other-busy,2,False,1.3,1.25,echo_ms,33,42.496165
latency,thurbox,other-busy,2,False,1.3,1.25,echo_ms,34,42.285156
latency,thurbox,other-busy,2,False,1.3,1.25,echo_ms,35,21.76245
latency,thurbox,other-busy,2,False,1.3,1.25,echo_ms,36,42.508648
latency,thurbox,other-busy,2,False,1.3,1.25,echo_ms,37,43.15692
latency,thurbox,other-busy,2,False,1.3,1.25,echo_ms,38,12.013765
latency,thurbox,other-busy,2,False,1.3,1.25,echo_ms,39,42.150597
latency,thurbox,other-busy,2,False,1.3,1.25,echo_ms,40,11.164193
latency,thurbox,other-busy,2,False,1.3,1.25,echo_ms,41,11.347315
latency,thurbox,other-busy,2,False,1.3,1.25,echo_ms,42,11.124957
latency,thurbox,other-busy,2,False,1.3,1.25,echo_ms,43,22.044391
latency,thurbox,other-busy,2,False,1.3,1.25,echo_ms,44,21.337449
latency,thurbox,other-busy,2,False,1.3,1.25,echo_ms,45,22.535747
latency,thurbox,other-busy,2,False,1.3,1.25,echo_ms,46,42.577694
latency,thurbox,other-busy,2,False,1.3,1.25,echo_ms,47,42.153708
latency,thurbox,other-busy,2,False,1.3,1.25,echo_ms,48,42.617866
latency,thurbox,other-busy,2,False,1.3,1.25,echo_ms,49,11.132037
latency,thurbox,other-busy,2,False,1.3,1.25,echo_ms,50,12.187407
latency,thurbox,other-busy,2,False,1.3,1.25,echo_ms,51,42.668737
latency,thurbox,other-busy,2,False,1.3,1.25,echo_ms,52,11.157894
latency,thurbox,other-busy,2,False,1.3,1.25,echo_ms,53,21.189308
latency,thurbox,other-busy,2,False,1.3,1.25,echo_ms,54,43.152543
latency,thurbox,other-busy,2,False,1.3,1.25,echo_ms,55,11.142922
latency,thurbox,other-busy,2,False,1.3,1.25,echo_ms,56,11.17561
latency,thurbox,other-busy,2,False,1.3,1.25,echo_ms,57,42.64719
latency,thurbox,other-busy,2,False,1.3,1.25,echo_ms,58,11.140876
latency,thurbox,other-busy,2,False,1.3,1.25,echo_ms,59,21.177472
latency,thurbox,other-busy,2,False,1.3,1.25,echo_ms,60,21.226435
latency,thurbox,other-busy,2,False,1.3,1.25,echo_ms,61,42.558339
latency,thurbox,other-busy,2,False,1.3,1.25,echo_ms,62,11.820629
latency,thurbox,other-busy,2,False,1.3,1.25,echo_ms,63,42.457884
latency,thurbox,other-busy,2,False,1.3,1.25,echo_ms,64,11.278552
latency,thurbox,other-busy,2,False,1.3,1.25,echo_ms,65,42.273898
latency,thurbox,other-busy,2,False,1.3,1.25,echo_ms,66,42.448311
latency,thurbox,other-busy,2,False,1.3,1.25,echo_ms,67,11.586953
latency,thurbox,other-busy,2,False,1.3,1.25,echo_ms,68,21.450921
latency,thurbox,other-busy,2,False,1.3,1.25,echo_ms,69,42.305532
latency,thurbox,other-busy,2,False,1.3,1.25,echo_ms,70,43.416656
latency,thurbox,other-busy,2,False,1.3,1.25,echo_ms,71,42.257598
latency,thurbox,other-busy,2,False,1.3,1.25,echo_ms,72,21.577836
latency,thurbox,other-busy,2,False,1.3,1.25,echo_ms,73,21.208057
latency,thurbox,other-busy,2,False,1.3,1.25,echo_ms,74,21.374647
latency,thurbox,other-busy,2,False,1.3,1.25,echo_ms,75,11.131162
latency,thurbox,other-busy,2,False,1.3,1.25,echo_ms,76,11.176606
latency,thurbox,other-busy,2,False,1.3,1.25,echo_ms,77,42.566548
latency,thurbox,other-busy,2,False,1.3,1.25,echo_ms,78,42.921573
latency,thurbox,other-busy,2,False,1.3,1.25,echo_ms,79,11.134392
latency,thurbox,other-busy,2,False,1.3,1.25,echo_ms,80,21.281406
latency,thurbox,other-busy,2,False,1.3,1.25,echo_ms,81,42.508887
latency,thurbox,other-busy,2,False,1.3,1.25,echo_ms,82,42.784987
latency,thurbox,other-busy,2,False,1.3,1.25,echo_ms,83,43.392841
latency,thurbox,other-busy,2,False,1.3,1.25,echo_ms,84,11.386465
latency,thurbox,other-busy,2,False,1.3,1.25,echo_ms,85,42.182655
latency,thurbox,other-busy,2,False,1.3,1.25,echo_ms,86,21.589798
latency,thurbox,other-busy,2,False,1.3,1.25,echo_ms,87,42.935511
latency,thurbox,other-busy,2,False,1.3,1.25,echo_ms,88,42.127675
latency,thurbox,other-busy,2,False,1.3,1.25,echo_ms,89,11.166877
latency,thurbox,other-busy,2,False,1.3,1.25,echo_ms,90,21.599669
latency,thurbox,other-busy,2,False,1.3,1.25,echo_ms,91,11.146766
latency,thurbox,other-busy,2,False,1.3,1.25,echo_ms,92,42.46457
latency,thurbox,other-busy,2,False,1.3,1.25,echo_ms,93,42.57011
latency,thurbox,other-busy,2,False,1.3,1.25,echo_ms,94,42.15415
latency,thurbox,other-busy,2,False,1.3,1.25,echo_ms,95,21.21903
latency,thurbox,other-busy,2,False,1.3,1.25,echo_ms,96,11.125368
latency,thurbox,other-busy,2,False,1.3,1.25,echo_ms,97,42.422474
latency,thurbox,other-busy,2,False,1.3,1.25,echo_ms,98,12.11707
latency,thurbox,other-busy,2,False,1.3,1.25,echo_ms,99,11.635723
latency,thurbox,other-busy,2,False,1.3,1.25,timeouts,,0
latency,tmux,other-busy,3,False,1.25,1.29,echo_ms,0,0.701774
latency,tmux,other-busy,3,False,1.25,1.29,echo_ms,1,1.087034
latency,tmux,other-busy,3,False,1.25,1.29,echo_ms,2,0.822437
latency,tmux,other-busy,3,False,1.25,1.29,echo_ms,3,0.986409
latency,tmux,other-busy,3,False,1.25,1.29,echo_ms,4,0.855371
latency,tmux,other-busy,3,False,1.25,1.29,echo_ms,5,0.874155
latency,tmux,other-busy,3,False,1.25,1.29,echo_ms,6,0.906252
latency,tmux,other-busy,3,False,1.25,1.29,echo_ms,7,0.943825
latency,tmux,other-busy,3,False,1.25,1.29,echo_ms,8,0.713303
latency,tmux,other-busy,3,False,1.25,1.29,echo_ms,9,1.029879
latency,tmux,other-busy,3,False,1.25,1.29,echo_ms,10,0.921495
latency,tmux,other-busy,3,False,1.25,1.29,echo_ms,11,0.971301
latency,tmux,other-busy,3,False,1.25,1.29,echo_ms,12,1.075005
latency,tmux,other-busy,3,False,1.25,1.29,echo_ms,13,0.861682
latency,tmux,other-busy,3,False,1.25,1.29,echo_ms,14,0.747726
latency,tmux,other-busy,3,False,1.25,1.29,echo_ms,15,0.735947
latency,tmux,other-busy,3,False,1.25,1.29,echo_ms,16,0.603838
latency,tmux,other-busy,3,False,1.25,1.29,echo_ms,17,0.883734
latency,tmux,other-busy,3,False,1.25,1.29,echo_ms,18,0.750762
latency,tmux,other-busy,3,False,1.25,1.29,echo_ms,19,0.876144
latency,tmux,other-busy,3,False,1.25,1.29,echo_ms,20,0.968063
latency,tmux,other-busy,3,False,1.25,1.29,echo_ms,21,0.787889
latency,tmux,other-busy,3,False,1.25,1.29,echo_ms,22,0.730137
latency,tmux,other-busy,3,False,1.25,1.29,echo_ms,23,0.839744
latency,tmux,other-busy,3,False,1.25,1.29,echo_ms,24,0.352012
latency,tmux,other-busy,3,False,1.25,1.29,echo_ms,25,0.769636
latency,tmux,other-busy,3,False,1.25,1.29,echo_ms,26,0.810483
latency,tmux,other-busy,3,False,1.25,1.29,echo_ms,27,0.702562
latency,tmux,other-busy,3,False,1.25,1.29,echo_ms,28,0.94644
latency,tmux,other-busy,3,False,1.25,1.29,echo_ms,29,0.953172
latency,tmux,other-busy,3,False,1.25,1.29,echo_ms,30,1.007128
latency,tmux,other-busy,3,False,1.25,1.29,echo_ms,31,0.893148
latency,tmux,other-busy,3,False,1.25,1.29,echo_ms,32,0.736821
latency,tmux,other-busy,3,False,1.25,1.29,echo_ms,33,0.816764
latency,tmux,other-busy,3,False,1.25,1.29,echo_ms,34,0.884291
latency,tmux,other-busy,3,False,1.25,1.29,echo_ms,35,0.811266
latency,tmux,other-busy,3,False,1.25,1.29,echo_ms,36,0.907888
latency,tmux,other-busy,3,False,1.25,1.29,echo_ms,37,0.75073
latency,tmux,other-busy,3,False,1.25,1.29,echo_ms,38,0.740326
latency,tmux,other-busy,3,False,1.25,1.29,echo_ms,39,0.896148
latency,tmux,other-busy,3,False,1.25,1.29,echo_ms,40,0.988007
latency,tmux,other-busy,3,False,1.25,1.29,echo_ms,41,0.76383
latency,tmux,other-busy,3,False,1.25,1.29,echo_ms,42,0.828897
latency,tmux,other-busy,3,False,1.25,1.29,echo_ms,43,0.787342
latency,tmux,other-busy,3,False,1.25,1.29,echo_ms,44,0.878708
latency,tmux,other-busy,3,False,1.25,1.29,echo_ms,45,0.766651
latency,tmux,other-busy,3,False,1.25,1.29,echo_ms,46,0.843678
latency,tmux,other-busy,3,False,1.25,1.29,echo_ms,47,0.488489
latency,tmux,other-busy,3,False,1.25,1.29,echo_ms,48,0.938526
latency,tmux,other-busy,3,False,1.25,1.29,echo_ms,49,0.792049
latency,tmux,other-busy,3,False,1.25,1.29,echo_ms,50,0.727848
latency,tmux,other-busy,3,False,1.25,1.29,echo_ms,51,0.704124
latency,tmux,other-busy,3,False,1.25,1.29,echo_ms,52,0.629095
latency,tmux,other-busy,3,False,1.25,1.29,echo_ms,53,0.95909
latency,tmux,other-busy,3,False,1.25,1.29,echo_ms,54,0.895307
latency,tmux,other-busy,3,False,1.25,1.29,echo_ms,55,0.614972
latency,tmux,other-busy,3,False,1.25,1.29,echo_ms,56,0.816165
latency,tmux,other-busy,3,False,1.25,1.29,echo_ms,57,0.91981
latency,tmux,other-busy,3,False,1.25,1.29,echo_ms,58,0.911337
latency,tmux,other-busy,3,False,1.25,1.29,echo_ms,59,0.873265
latency,tmux,other-busy,3,False,1.25,1.29,echo_ms,60,0.9413
latency,tmux,other-busy,3,False,1.25,1.29,echo_ms,61,0.989148
latency,tmux,other-busy,3,False,1.25,1.29,echo_ms,62,0.89113
latency,tmux,other-busy,3,False,1.25,1.29,echo_ms,63,0.950163
latency,tmux,other-busy,3,False,1.25,1.29,echo_ms,64,0.825897
latency,tmux,other-busy,3,False,1.25,1.29,echo_ms,65,0.83139
latency,tmux,other-busy,3,False,1.25,1.29,echo_ms,66,0.880038
latency,tmux,other-busy,3,False,1.25,1.29,echo_ms,67,0.926998
latency,tmux,other-busy,3,False,1.25,1.29,echo_ms,68,0.862066
latency,tmux,other-busy,3,False,1.25,1.29,echo_ms,69,0.679653
latency,tmux,other-busy,3,False,1.25,1.29,echo_ms,70,0.849834
latency,tmux,other-busy,3,False,1.25,1.29,echo_ms,71,0.664206
latency,tmux,other-busy,3,False,1.25,1.29,echo_ms,72,0.940707
latency,tmux,other-busy,3,False,1.25,1.29,echo_ms,73,0.641526
latency,tmux,other-busy,3,False,1.25,1.29,echo_ms,74,1.07404
latency,tmux,other-busy,3,False,1.25,1.29,echo_ms,75,0.824156
latency,tmux,other-busy,3,False,1.25,1.29,echo_ms,76,0.919696
latency,tmux,other-busy,3,False,1.25,1.29,echo_ms,77,0.853089
latency,tmux,other-busy,3,False,1.25,1.29,echo_ms,78,0.714051
latency,tmux,other-busy,3,False,1.25,1.29,echo_ms,79,0.656094
latency,tmux,other-busy,3,False,1.25,1.29,echo_ms,80,0.934877
latency,tmux,other-busy,3,False,1.25,1.29,echo_ms,81,0.300455
latency,tmux,other-busy,3,False,1.25,1.29,echo_ms,82,0.85998
latency,tmux,other-busy,3,False,1.25,1.29,echo_ms,83,0.984294
latency,tmux,other-busy,3,False,1.25,1.29,echo_ms,84,0.677849
latency,tmux,other-busy,3,False,1.25,1.29,echo_ms,85,0.874998
latency,tmux,other-busy,3,False,1.25,1.29,echo_ms,86,0.85459
latency,tmux,other-busy,3,False,1.25,1.29,echo_ms,87,0.630707
latency,tmux,other-busy,3,False,1.25,1.29,echo_ms,88,0.850026
latency,tmux,other-busy,3,False,1.25,1.29,echo_ms,89,0.808384
latency,tmux,other-busy,3,False,1.25,1.29,echo_ms,90,0.595854
latency,tmux,other-busy,3,False,1.25,1.29,echo_ms,91,0.803071
latency,tmux,other-busy,3,False,1.25,1.29,echo_ms,92,0.781127
latency,tmux,other-busy,3,False,1.25,1.29,echo_ms,93,0.722072
latency,tmux,other-busy,3,False,1.25,1.29,echo_ms,94,1.031431
latency,tmux,other-busy,3,False,1.25,1.29,echo_ms,95,1.009218
latency,tmux,other-busy,3,False,1.25,1.29,echo_ms,96,0.935461
latency,tmux,other-busy,3,False,1.25,1.29,echo_ms,97,0.816432
latency,tmux,other-busy,3,False,1.25,1.29,echo_ms,98,0.952741
latency,tmux,other-busy,3,False,1.25,1.29,echo_ms,99,0.779022
latency,tmux,other-busy,3,False,1.25,1.29,timeouts,,0
latency,herdr,other-busy,3,False,1.29,1.24,echo_ms,0,0.493244
latency,herdr,other-busy,3,False,1.29,1.24,echo_ms,1,0.523309
latency,herdr,other-busy,3,False,1.29,1.24,echo_ms,2,0.452832
latency,herdr,other-busy,3,False,1.29,1.24,echo_ms,3,0.420959
latency,herdr,other-busy,3,False,1.29,1.24,echo_ms,4,0.444038
latency,herdr,other-busy,3,False,1.29,1.24,echo_ms,5,0.723877
latency,herdr,other-busy,3,False,1.29,1.24,echo_ms,6,0.474688
latency,herdr,other-busy,3,False,1.29,1.24,echo_ms,7,0.606469
latency,herdr,other-busy,3,False,1.29,1.24,echo_ms,8,0.460967
latency,herdr,other-busy,3,False,1.29,1.24,echo_ms,9,0.474912
latency,herdr,other-busy,3,False,1.29,1.24,echo_ms,10,0.46481
latency,herdr,other-busy,3,False,1.29,1.24,echo_ms,11,0.440643
latency,herdr,other-busy,3,False,1.29,1.24,echo_ms,12,0.520613
latency,herdr,other-busy,3,False,1.29,1.24,echo_ms,13,0.577777
latency,herdr,other-busy,3,False,1.29,1.24,echo_ms,14,0.452905
latency,herdr,other-busy,3,False,1.29,1.24,echo_ms,15,0.486856
latency,herdr,other-busy,3,False,1.29,1.24,echo_ms,16,0.481216
latency,herdr,other-busy,3,False,1.29,1.24,echo_ms,17,0.511798
latency,herdr,other-busy,3,False,1.29,1.24,echo_ms,18,0.439824
latency,herdr,other-busy,3,False,1.29,1.24,echo_ms,19,0.428248
latency,herdr,other-busy,3,False,1.29,1.24,echo_ms,20,0.505022
latency,herdr,other-busy,3,False,1.29,1.24,echo_ms,21,0.444135
latency,herdr,other-busy,3,False,1.29,1.24,echo_ms,22,0.443406
latency,herdr,other-busy,3,False,1.29,1.24,echo_ms,23,0.460102
latency,herdr,other-busy,3,False,1.29,1.24,echo_ms,24,0.441006
latency,herdr,other-busy,3,False,1.29,1.24,echo_ms,25,0.434841
latency,herdr,other-busy,3,False,1.29,1.24,echo_ms,26,0.429374
latency,herdr,other-busy,3,False,1.29,1.24,echo_ms,27,0.512889
latency,herdr,other-busy,3,False,1.29,1.24,echo_ms,28,0.426975
latency,herdr,other-busy,3,False,1.29,1.24,echo_ms,29,0.437374
latency,herdr,other-busy,3,False,1.29,1.24,echo_ms,30,0.483603
latency,herdr,other-busy,3,False,1.29,1.24,echo_ms,31,0.441474
latency,herdr,other-busy,3,False,1.29,1.24,echo_ms,32,0.465468
latency,herdr,other-busy,3,False,1.29,1.24,echo_ms,33,0.476269
latency,herdr,other-busy,3,False,1.29,1.24,echo_ms,34,0.429296
latency,herdr,other-busy,3,False,1.29,1.24,echo_ms,35,0.598649
latency,herdr,other-busy,3,False,1.29,1.24,echo_ms,36,0.41738
latency,herdr,other-busy,3,False,1.29,1.24,echo_ms,37,0.441401
latency,herdr,other-busy,3,False,1.29,1.24,echo_ms,38,0.465523
latency,herdr,other-busy,3,False,1.29,1.24,echo_ms,39,0.503847
latency,herdr,other-busy,3,False,1.29,1.24,echo_ms,40,0.486717
latency,herdr,other-busy,3,False,1.29,1.24,echo_ms,41,0.625001
latency,herdr,other-busy,3,False,1.29,1.24,echo_ms,42,0.67637
latency,herdr,other-busy,3,False,1.29,1.24,echo_ms,43,0.419961
latency,herdr,other-busy,3,False,1.29,1.24,echo_ms,44,0.969783
latency,herdr,other-busy,3,False,1.29,1.24,echo_ms,45,0.520305
latency,herdr,other-busy,3,False,1.29,1.24,echo_ms,46,0.552733
latency,herdr,other-busy,3,False,1.29,1.24,echo_ms,47,0.523902
latency,herdr,other-busy,3,False,1.29,1.24,echo_ms,48,0.781688
latency,herdr,other-busy,3,False,1.29,1.24,echo_ms,49,0.577963
latency,herdr,other-busy,3,False,1.29,1.24,echo_ms,50,0.527225
latency,herdr,other-busy,3,False,1.29,1.24,echo_ms,51,0.452835
latency,herdr,other-busy,3,False,1.29,1.24,echo_ms,52,0.444297
latency,herdr,other-busy,3,False,1.29,1.24,echo_ms,53,0.458925
latency,herdr,other-busy,3,False,1.29,1.24,echo_ms,54,0.519765
latency,herdr,other-busy,3,False,1.29,1.24,echo_ms,55,0.487377
latency,herdr,other-busy,3,False,1.29,1.24,echo_ms,56,0.47826
latency,herdr,other-busy,3,False,1.29,1.24,echo_ms,57,0.399635
latency,herdr,other-busy,3,False,1.29,1.24,echo_ms,58,0.441795
latency,herdr,other-busy,3,False,1.29,1.24,echo_ms,59,0.625595
latency,herdr,other-busy,3,False,1.29,1.24,echo_ms,60,4.42843
latency,herdr,other-busy,3,False,1.29,1.24,echo_ms,61,0.459885
latency,herdr,other-busy,3,False,1.29,1.24,echo_ms,62,0.407955
latency,herdr,other-busy,3,False,1.29,1.24,echo_ms,63,0.420945
latency,herdr,other-busy,3,False,1.29,1.24,echo_ms,64,0.486571
latency,herdr,other-busy,3,False,1.29,1.24,echo_ms,65,0.479338
latency,herdr,other-busy,3,False,1.29,1.24,echo_ms,66,0.52573
latency,herdr,other-busy,3,False,1.29,1.24,echo_ms,67,0.418399
latency,herdr,other-busy,3,False,1.29,1.24,echo_ms,68,0.524874
latency,herdr,other-busy,3,False,1.29,1.24,echo_ms,69,0.422764
latency,herdr,other-busy,3,False,1.29,1.24,echo_ms,70,0.530449
latency,herdr,other-busy,3,False,1.29,1.24,echo_ms,71,0.498506
latency,herdr,other-busy,3,False,1.29,1.24,echo_ms,72,0.422312
latency,herdr,other-busy,3,False,1.29,1.24,echo_ms,73,0.521714
latency,herdr,other-busy,3,False,1.29,1.24,echo_ms,74,1.175795
latency,herdr,other-busy,3,False,1.29,1.24,echo_ms,75,0.59377
latency,herdr,other-busy,3,False,1.29,1.24,echo_ms,76,0.491298
latency,herdr,other-busy,3,False,1.29,1.24,echo_ms,77,0.521665
latency,herdr,other-busy,3,False,1.29,1.24,echo_ms,78,0.442479
latency,herdr,other-busy,3,False,1.29,1.24,echo_ms,79,0.443269
latency,herdr,other-busy,3,False,1.29,1.24,echo_ms,80,0.50583
latency,herdr,other-busy,3,False,1.29,1.24,echo_ms,81,0.619106
latency,herdr,other-busy,3,False,1.29,1.24,echo_ms,82,0.425003
latency,herdr,other-busy,3,False,1.29,1.24,echo_ms,83,0.540023
latency,herdr,other-busy,3,False,1.29,1.24,echo_ms,84,0.481431
latency,herdr,other-busy,3,False,1.29,1.24,echo_ms,85,0.548691
latency,herdr,other-busy,3,False,1.29,1.24,echo_ms,86,0.64886
latency,herdr,other-busy,3,False,1.29,1.24,echo_ms,87,0.517771
latency,herdr,other-busy,3,False,1.29,1.24,echo_ms,88,0.44521
latency,herdr,other-busy,3,False,1.29,1.24,echo_ms,89,0.438192
latency,herdr,other-busy,3,False,1.29,1.24,echo_ms,90,0.475618
latency,herdr,other-busy,3,False,1.29,1.24,echo_ms,91,0.590351
latency,herdr,other-busy,3,False,1.29,1.24,echo_ms,92,0.599826
latency,herdr,other-busy,3,False,1.29,1.24,echo_ms,93,0.468412
latency,herdr,other-busy,3,False,1.29,1.24,echo_ms,94,0.456761
latency,herdr,other-busy,3,False,1.29,1.24,echo_ms,95,0.559591
latency,herdr,other-busy,3,False,1.29,1.24,echo_ms,96,0.42721
latency,herdr,other-busy,3,False,1.29,1.24,echo_ms,97,0.459755
latency,herdr,other-busy,3,False,1.29,1.24,echo_ms,98,0.537505
latency,herdr,other-busy,3,False,1.29,1.24,echo_ms,99,0.421997
latency,herdr,other-busy,3,False,1.29,1.24,timeouts,,0
latency,thurbox,other-busy,3,False,1.24,1.43,echo_ms,0,43.622972
latency,thurbox,other-busy,3,False,1.24,1.43,echo_ms,1,21.277412
latency,thurbox,other-busy,3,False,1.24,1.43,echo_ms,2,42.568021
latency,thurbox,other-busy,3,False,1.24,1.43,echo_ms,3,11.170805
latency,thurbox,other-busy,3,False,1.24,1.43,echo_ms,4,42.325501
latency,thurbox,other-busy,3,False,1.24,1.43,echo_ms,5,42.554546
latency,thurbox,other-busy,3,False,1.24,1.43,echo_ms,6,42.269731
latency,thurbox,other-busy,3,False,1.24,1.43,echo_ms,7,11.156201
latency,thurbox,other-busy,3,False,1.24,1.43,echo_ms,8,11.150269
latency,thurbox,other-busy,3,False,1.24,1.43,echo_ms,9,42.253797
latency,thurbox,other-busy,3,False,1.24,1.43,echo_ms,10,42.838252
latency,thurbox,other-busy,3,False,1.24,1.43,echo_ms,11,21.223649
latency,thurbox,other-busy,3,False,1.24,1.43,echo_ms,12,42.230496
latency,thurbox,other-busy,3,False,1.24,1.43,echo_ms,13,43.258886
latency,thurbox,other-busy,3,False,1.24,1.43,echo_ms,14,42.401188
latency,thurbox,other-busy,3,False,1.24,1.43,echo_ms,15,42.654629
latency,thurbox,other-busy,3,False,1.24,1.43,echo_ms,16,42.748714
latency,thurbox,other-busy,3,False,1.24,1.43,echo_ms,17,42.204093
latency,thurbox,other-busy,3,False,1.24,1.43,echo_ms,18,42.820368
latency,thurbox,other-busy,3,False,1.24,1.43,echo_ms,19,43.077691
latency,thurbox,other-busy,3,False,1.24,1.43,echo_ms,20,42.673478
latency,thurbox,other-busy,3,False,1.24,1.43,echo_ms,21,21.203604
latency,thurbox,other-busy,3,False,1.24,1.43,echo_ms,22,42.285513
latency,thurbox,other-busy,3,False,1.24,1.43,echo_ms,23,42.523334
latency,thurbox,other-busy,3,False,1.24,1.43,echo_ms,24,45.041834
latency,thurbox,other-busy,3,False,1.24,1.43,echo_ms,25,21.216888
latency,thurbox,other-busy,3,False,1.24,1.43,echo_ms,26,11.176911
latency,thurbox,other-busy,3,False,1.24,1.43,echo_ms,27,42.800681
latency,thurbox,other-busy,3,False,1.24,1.43,echo_ms,28,11.16901
latency,thurbox,other-busy,3,False,1.24,1.43,echo_ms,29,42.596134
latency,thurbox,other-busy,3,False,1.24,1.43,echo_ms,30,11.160887
latency,thurbox,other-busy,3,False,1.24,1.43,echo_ms,31,42.415886
latency,thurbox,other-busy,3,False,1.24,1.43,echo_ms,32,11.464496
latency,thurbox,other-busy,3,False,1.24,1.43,echo_ms,33,42.664785
latency,thurbox,other-busy,3,False,1.24,1.43,echo_ms,34,12.149497
latency,thurbox,other-busy,3,False,1.24,1.43,echo_ms,35,42.53085
latency,thurbox,other-busy,3,False,1.24,1.43,echo_ms,36,42.668447
latency,thurbox,other-busy,3,False,1.24,1.43,echo_ms,37,42.240437
latency,thurbox,other-busy,3,False,1.24,1.43,echo_ms,38,11.489748
latency,thurbox,other-busy,3,False,1.24,1.43,echo_ms,39,42.330787
latency,thurbox,other-busy,3,False,1.24,1.43,echo_ms,40,2.155239
latency,thurbox,other-busy,3,False,1.24,1.43,echo_ms,41,42.583089
latency,thurbox,other-busy,3,False,1.24,1.43,echo_ms,42,42.328981
latency,thurbox,other-busy,3,False,1.24,1.43,echo_ms,43,42.778178
latency,thurbox,other-busy,3,False,1.24,1.43,echo_ms,44,43.042811
latency,thurbox,other-busy,3,False,1.24,1.43,echo_ms,45,11.140047
latency,thurbox,other-busy,3,False,1.24,1.43,echo_ms,46,42.649075
latency,thurbox,other-busy,3,False,1.24,1.43,echo_ms,47,11.161724
latency,thurbox,other-busy,3,False,1.24,1.43,echo_ms,48,11.474388
latency,thurbox,other-busy,3,False,1.24,1.43,echo_ms,49,42.162881
latency,thurbox,other-busy,3,False,1.24,1.43,echo_ms,50,42.722772
latency,thurbox,other-busy,3,False,1.24,1.43,echo_ms,51,21.221086
latency,thurbox,other-busy,3,False,1.24,1.43,echo_ms,52,21.986782
latency,thurbox,other-busy,3,False,1.24,1.43,echo_ms,53,42.639115
latency,thurbox,other-busy,3,False,1.24,1.43,echo_ms,54,11.149989
latency,thurbox,other-busy,3,False,1.24,1.43,echo_ms,55,11.169332
latency,thurbox,other-busy,3,False,1.24,1.43,echo_ms,56,42.207889
latency,thurbox,other-busy,3,False,1.24,1.43,echo_ms,57,42.755356
latency,thurbox,other-busy,3,False,1.24,1.43,echo_ms,58,21.202461
latency,thurbox,other-busy,3,False,1.24,1.43,echo_ms,59,42.859633
latency,thurbox,other-busy,3,False,1.24,1.43,echo_ms,60,42.718373
latency,thurbox,other-busy,3,False,1.24,1.43,echo_ms,61,42.151858
latency,thurbox,other-busy,3,False,1.24,1.43,echo_ms,62,42.534444
latency,thurbox,other-busy,3,False,1.24,1.43,echo_ms,63,11.110917
latency,thurbox,other-busy,3,False,1.24,1.43,echo_ms,64,11.148333
latency,thurbox,other-busy,3,False,1.24,1.43,echo_ms,65,42.687837
latency,thurbox,other-busy,3,False,1.24,1.43,echo_ms,66,21.293744
latency,thurbox,other-busy,3,False,1.24,1.43,echo_ms,67,42.744739
latency,thurbox,other-busy,3,False,1.24,1.43,echo_ms,68,22.47845
latency,thurbox,other-busy,3,False,1.24,1.43,echo_ms,69,42.756715
latency,thurbox,other-busy,3,False,1.24,1.43,echo_ms,70,42.476503
latency,thurbox,other-busy,3,False,1.24,1.43,echo_ms,71,11.521594
latency,thurbox,other-busy,3,False,1.24,1.43,echo_ms,72,11.263808
latency,thurbox,other-busy,3,False,1.24,1.43,echo_ms,73,42.573684
latency,thurbox,other-busy,3,False,1.24,1.43,echo_ms,74,42.656906
latency,thurbox,other-busy,3,False,1.24,1.43,echo_ms,75,42.219373
latency,thurbox,other-busy,3,False,1.24,1.43,echo_ms,76,21.686124
latency,thurbox,other-busy,3,False,1.24,1.43,echo_ms,77,11.296503
latency,thurbox,other-busy,3,False,1.24,1.43,echo_ms,78,42.217217
latency,thurbox,other-busy,3,False,1.24,1.43,echo_ms,79,42.551644
latency,thurbox,other-busy,3,False,1.24,1.43,echo_ms,80,42.360258
latency,thurbox,other-busy,3,False,1.24,1.43,echo_ms,81,42.476397
latency,thurbox,other-busy,3,False,1.24,1.43,echo_ms,82,42.259682
latency,thurbox,other-busy,3,False,1.24,1.43,echo_ms,83,11.718226
latency,thurbox,other-busy,3,False,1.24,1.43,echo_ms,84,21.275768
latency,thurbox,other-busy,3,False,1.24,1.43,echo_ms,85,11.188426
latency,thurbox,other-busy,3,False,1.24,1.43,echo_ms,86,21.235408
latency,thurbox,other-busy,3,False,1.24,1.43,echo_ms,87,42.250993
latency,thurbox,other-busy,3,False,1.24,1.43,echo_ms,88,42.496228
latency,thurbox,other-busy,3,False,1.24,1.43,echo_ms,89,22.634018
latency,thurbox,other-busy,3,False,1.24,1.43,echo_ms,90,42.729266
latency,thurbox,other-busy,3,False,1.24,1.43,echo_ms,91,11.210159
latency,thurbox,other-busy,3,False,1.24,1.43,echo_ms,92,11.18946
latency,thurbox,other-busy,3,False,1.24,1.43,echo_ms,93,21.384407
latency,thurbox,other-busy,3,False,1.24,1.43,echo_ms,94,42.78843
latency,thurbox,other-busy,3,False,1.24,1.43,echo_ms,95,42.22734
latency,thurbox,other-busy,3,False,1.24,1.43,echo_ms,96,43.366063
latency,thurbox,other-busy,3,False,1.24,1.43,echo_ms,97,11.242216
latency,thurbox,other-busy,3,False,1.24,1.43,echo_ms,98,11.686258
latency,thurbox,other-busy,3,False,1.24,1.43,echo_ms,99,42.198173
latency,thurbox,other-busy,3,False,1.24,1.43,timeouts,,0
latency,tmux,other-busy,4,False,1.43,1.36,echo_ms,0,0.977667
latency,tmux,other-busy,4,False,1.43,1.36,echo_ms,1,0.919783
latency,tmux,other-busy,4,False,1.43,1.36,echo_ms,2,0.943221
latency,tmux,other-busy,4,False,1.43,1.36,echo_ms,3,0.95248
latency,tmux,other-busy,4,False,1.43,1.36,echo_ms,4,0.470822
latency,tmux,other-busy,4,False,1.43,1.36,echo_ms,5,0.74379
latency,tmux,other-busy,4,False,1.43,1.36,echo_ms,6,0.717866
latency,tmux,other-busy,4,False,1.43,1.36,echo_ms,7,0.760121
latency,tmux,other-busy,4,False,1.43,1.36,echo_ms,8,0.990433
latency,tmux,other-busy,4,False,1.43,1.36,echo_ms,9,0.677862
latency,tmux,other-busy,4,False,1.43,1.36,echo_ms,10,1.180599
latency,tmux,other-busy,4,False,1.43,1.36,echo_ms,11,0.645834
latency,tmux,other-busy,4,False,1.43,1.36,echo_ms,12,0.653854
latency,tmux,other-busy,4,False,1.43,1.36,echo_ms,13,0.848797
latency,tmux,other-busy,4,False,1.43,1.36,echo_ms,14,0.997708
latency,tmux,other-busy,4,False,1.43,1.36,echo_ms,15,0.996297
latency,tmux,other-busy,4,False,1.43,1.36,echo_ms,16,0.882779
latency,tmux,other-busy,4,False,1.43,1.36,echo_ms,17,0.801062
latency,tmux,other-busy,4,False,1.43,1.36,echo_ms,18,0.806786
latency,tmux,other-busy,4,False,1.43,1.36,echo_ms,19,0.808674
latency,tmux,other-busy,4,False,1.43,1.36,echo_ms,20,0.861066
latency,tmux,other-busy,4,False,1.43,1.36,echo_ms,21,0.800237
latency,tmux,other-busy,4,False,1.43,1.36,echo_ms,22,0.621989
latency,tmux,other-busy,4,False,1.43,1.36,echo_ms,23,0.666417
latency,tmux,other-busy,4,False,1.43,1.36,echo_ms,24,0.906018
latency,tmux,other-busy,4,False,1.43,1.36,echo_ms,25,0.662176
latency,tmux,other-busy,4,False,1.43,1.36,echo_ms,26,0.726429
latency,tmux,other-busy,4,False,1.43,1.36,echo_ms,27,0.960082
latency,tmux,other-busy,4,False,1.43,1.36,echo_ms,28,0.704794
latency,tmux,other-busy,4,False,1.43,1.36,echo_ms,29,0.655651
latency,tmux,other-busy,4,False,1.43,1.36,echo_ms,30,0.810659
latency,tmux,other-busy,4,False,1.43,1.36,echo_ms,31,1.01238
latency,tmux,other-busy,4,False,1.43,1.36,echo_ms,32,0.976205
latency,tmux,other-busy,4,False,1.43,1.36,echo_ms,33,0.855858
latency,tmux,other-busy,4,False,1.43,1.36,echo_ms,34,0.763917
latency,tmux,other-busy,4,False,1.43,1.36,echo_ms,35,0.664166
latency,tmux,other-busy,4,False,1.43,1.36,echo_ms,36,0.835966
latency,tmux,other-busy,4,False,1.43,1.36,echo_ms,37,0.603298
latency,tmux,other-busy,4,False,1.43,1.36,echo_ms,38,0.842473
latency,tmux,other-busy,4,False,1.43,1.36,echo_ms,39,0.839793
latency,tmux,other-busy,4,False,1.43,1.36,echo_ms,40,1.244081
latency,tmux,other-busy,4,False,1.43,1.36,echo_ms,41,0.683165
latency,tmux,other-busy,4,False,1.43,1.36,echo_ms,42,0.792706
latency,tmux,other-busy,4,False,1.43,1.36,echo_ms,43,0.591654
latency,tmux,other-busy,4,False,1.43,1.36,echo_ms,44,1.296231
latency,tmux,other-busy,4,False,1.43,1.36,echo_ms,45,0.723597
latency,tmux,other-busy,4,False,1.43,1.36,echo_ms,46,0.780234
latency,tmux,other-busy,4,False,1.43,1.36,echo_ms,47,0.61138
latency,tmux,other-busy,4,False,1.43,1.36,echo_ms,48,0.876356
latency,tmux,other-busy,4,False,1.43,1.36,echo_ms,49,0.989728
latency,tmux,other-busy,4,False,1.43,1.36,echo_ms,50,0.581719
latency,tmux,other-busy,4,False,1.43,1.36,echo_ms,51,0.724554
latency,tmux,other-busy,4,False,1.43,1.36,echo_ms,52,0.933372
latency,tmux,other-busy,4,False,1.43,1.36,echo_ms,53,0.77238
latency,tmux,other-busy,4,False,1.43,1.36,echo_ms,54,0.90753
latency,tmux,other-busy,4,False,1.43,1.36,echo_ms,55,0.737923
latency,tmux,other-busy,4,False,1.43,1.36,echo_ms,56,0.956686
latency,tmux,other-busy,4,False,1.43,1.36,echo_ms,57,0.729985
latency,tmux,other-busy,4,False,1.43,1.36,echo_ms,58,0.413125
latency,tmux,other-busy,4,False,1.43,1.36,echo_ms,59,0.781533
latency,tmux,other-busy,4,False,1.43,1.36,echo_ms,60,0.855107
latency,tmux,other-busy,4,False,1.43,1.36,echo_ms,61,0.699203
latency,tmux,other-busy,4,False,1.43,1.36,echo_ms,62,0.84734
latency,tmux,other-busy,4,False,1.43,1.36,echo_ms,63,0.677155
latency,tmux,other-busy,4,False,1.43,1.36,echo_ms,64,0.776738
latency,tmux,other-busy,4,False,1.43,1.36,echo_ms,65,0.949877
latency,tmux,other-busy,4,False,1.43,1.36,echo_ms,66,0.691719
latency,tmux,other-busy,4,False,1.43,1.36,echo_ms,67,0.908267
latency,tmux,other-busy,4,False,1.43,1.36,echo_ms,68,0.72683
latency,tmux,other-busy,4,False,1.43,1.36,echo_ms,69,0.736298
latency,tmux,other-busy,4,False,1.43,1.36,echo_ms,70,0.764818
latency,tmux,other-busy,4,False,1.43,1.36,echo_ms,71,0.826681
latency,tmux,other-busy,4,False,1.43,1.36,echo_ms,72,0.68327
latency,tmux,other-busy,4,False,1.43,1.36,echo_ms,73,0.202486
latency,tmux,other-busy,4,False,1.43,1.36,echo_ms,74,0.733599
latency,tmux,other-busy,4,False,1.43,1.36,echo_ms,75,0.655576
latency,tmux,other-busy,4,False,1.43,1.36,echo_ms,76,0.914951
latency,tmux,other-busy,4,False,1.43,1.36,echo_ms,77,0.720845
latency,tmux,other-busy,4,False,1.43,1.36,echo_ms,78,0.682212
latency,tmux,other-busy,4,False,1.43,1.36,echo_ms,79,0.916682
latency,tmux,other-busy,4,False,1.43,1.36,echo_ms,80,0.831009
latency,tmux,other-busy,4,False,1.43,1.36,echo_ms,81,0.809775
latency,tmux,other-busy,4,False,1.43,1.36,echo_ms,82,0.995369
latency,tmux,other-busy,4,False,1.43,1.36,echo_ms,83,0.702675
latency,tmux,other-busy,4,False,1.43,1.36,echo_ms,84,1.033915
latency,tmux,other-busy,4,False,1.43,1.36,echo_ms,85,0.898795
latency,tmux,other-busy,4,False,1.43,1.36,echo_ms,86,1.173313
latency,tmux,other-busy,4,False,1.43,1.36,echo_ms,87,1.000798
latency,tmux,other-busy,4,False,1.43,1.36,echo_ms,88,0.885873
latency,tmux,other-busy,4,False,1.43,1.36,echo_ms,89,0.7492
latency,tmux,other-busy,4,False,1.43,1.36,echo_ms,90,0.702408
latency,tmux,other-busy,4,False,1.43,1.36,echo_ms,91,0.691461
latency,tmux,other-busy,4,False,1.43,1.36,echo_ms,92,1.086539
latency,tmux,other-busy,4,False,1.43,1.36,echo_ms,93,1.0453
latency,tmux,other-busy,4,False,1.43,1.36,echo_ms,94,0.782091
latency,tmux,other-busy,4,False,1.43,1.36,echo_ms,95,1.033843
latency,tmux,other-busy,4,False,1.43,1.36,echo_ms,96,1.08632
latency,tmux,other-busy,4,False,1.43,1.36,echo_ms,97,0.876763
latency,tmux,other-busy,4,False,1.43,1.36,echo_ms,98,0.736731
latency,tmux,other-busy,4,False,1.43,1.36,echo_ms,99,0.223625
latency,tmux,other-busy,4,False,1.43,1.36,timeouts,,0
latency,herdr,other-busy,4,False,1.36,1.3,echo_ms,0,0.47872
latency,herdr,other-busy,4,False,1.36,1.3,echo_ms,1,0.413867
latency,herdr,other-busy,4,False,1.36,1.3,echo_ms,2,0.450875
latency,herdr,other-busy,4,False,1.36,1.3,echo_ms,3,0.446598
latency,herdr,other-busy,4,False,1.36,1.3,echo_ms,4,0.518905
latency,herdr,other-busy,4,False,1.36,1.3,echo_ms,5,0.435002
latency,herdr,other-busy,4,False,1.36,1.3,echo_ms,6,0.557253
latency,herdr,other-busy,4,False,1.36,1.3,echo_ms,7,0.423208
latency,herdr,other-busy,4,False,1.36,1.3,echo_ms,8,0.585612
latency,herdr,other-busy,4,False,1.36,1.3,echo_ms,9,0.747616
latency,herdr,other-busy,4,False,1.36,1.3,echo_ms,10,0.430599
latency,herdr,other-busy,4,False,1.36,1.3,echo_ms,11,0.462226
latency,herdr,other-busy,4,False,1.36,1.3,echo_ms,12,0.417273
latency,herdr,other-busy,4,False,1.36,1.3,echo_ms,13,0.424875
latency,herdr,other-busy,4,False,1.36,1.3,echo_ms,14,0.564243
latency,herdr,other-busy,4,False,1.36,1.3,echo_ms,15,0.456605
latency,herdr,other-busy,4,False,1.36,1.3,echo_ms,16,0.525411
latency,herdr,other-busy,4,False,1.36,1.3,echo_ms,17,0.591263
latency,herdr,other-busy,4,False,1.36,1.3,echo_ms,18,0.392463
latency,herdr,other-busy,4,False,1.36,1.3,echo_ms,19,0.430751
latency,herdr,other-busy,4,False,1.36,1.3,echo_ms,20,0.44701
latency,herdr,other-busy,4,False,1.36,1.3,echo_ms,21,0.502
latency,herdr,other-busy,4,False,1.36,1.3,echo_ms,22,0.519303
latency,herdr,other-busy,4,False,1.36,1.3,echo_ms,23,0.443746
latency,herdr,other-busy,4,False,1.36,1.3,echo_ms,24,0.558215
latency,herdr,other-busy,4,False,1.36,1.3,echo_ms,25,0.46641
latency,herdr,other-busy,4,False,1.36,1.3,echo_ms,26,0.500413
latency,herdr,other-busy,4,False,1.36,1.3,echo_ms,27,0.420568
latency,herdr,other-busy,4,False,1.36,1.3,echo_ms,28,0.475313
latency,herdr,other-busy,4,False,1.36,1.3,echo_ms,29,0.466231
latency,herdr,other-busy,4,False,1.36,1.3,echo_ms,30,0.449037
latency,herdr,other-busy,4,False,1.36,1.3,echo_ms,31,0.525499
latency,herdr,other-busy,4,False,1.36,1.3,echo_ms,32,0.517226
latency,herdr,other-busy,4,False,1.36,1.3,echo_ms,33,0.460228
latency,herdr,other-busy,4,False,1.36,1.3,echo_ms,34,0.472704
latency,herdr,other-busy,4,False,1.36,1.3,echo_ms,35,0.475528
latency,herdr,other-busy,4,False,1.36,1.3,echo_ms,36,0.428456
latency,herdr,other-busy,4,False,1.36,1.3,echo_ms,37,0.405549
latency,herdr,other-busy,4,False,1.36,1.3,echo_ms,38,0.4365
latency,herdr,other-busy,4,False,1.36,1.3,echo_ms,39,0.424938
latency,herdr,other-busy,4,False,1.36,1.3,echo_ms,40,0.524329
latency,herdr,other-busy,4,False,1.36,1.3,echo_ms,41,0.613612
latency,herdr,other-busy,4,False,1.36,1.3,echo_ms,42,0.422528
latency,herdr,other-busy,4,False,1.36,1.3,echo_ms,43,1.457662
latency,herdr,other-busy,4,False,1.36,1.3,echo_ms,44,1.008221
latency,herdr,other-busy,4,False,1.36,1.3,echo_ms,45,0.441035
latency,herdr,other-busy,4,False,1.36,1.3,echo_ms,46,0.513019
latency,herdr,other-busy,4,False,1.36,1.3,echo_ms,47,0.507076
latency,herdr,other-busy,4,False,1.36,1.3,echo_ms,48,0.528359
latency,herdr,other-busy,4,False,1.36,1.3,echo_ms,49,0.426394
latency,herdr,other-busy,4,False,1.36,1.3,echo_ms,50,0.462498
latency,herdr,other-busy,4,False,1.36,1.3,echo_ms,51,0.521798
latency,herdr,other-busy,4,False,1.36,1.3,echo_ms,52,0.465722
latency,herdr,other-busy,4,False,1.36,1.3,echo_ms,53,0.538688
latency,herdr,other-busy,4,False,1.36,1.3,echo_ms,54,0.425743
latency,herdr,other-busy,4,False,1.36,1.3,echo_ms,55,0.45767
latency,herdr,other-busy,4,False,1.36,1.3,echo_ms,56,0.465505
latency,herdr,other-busy,4,False,1.36,1.3,echo_ms,57,0.914581
latency,herdr,other-busy,4,False,1.36,1.3,echo_ms,58,0.577743
latency,herdr,other-busy,4,False,1.36,1.3,echo_ms,59,0.471012
latency,herdr,other-busy,4,False,1.36,1.3,echo_ms,60,0.522474
latency,herdr,other-busy,4,False,1.36,1.3,echo_ms,61,0.497543
latency,herdr,other-busy,4,False,1.36,1.3,echo_ms,62,0.416019
latency,herdr,other-busy,4,False,1.36,1.3,echo_ms,63,0.560382
latency,herdr,other-busy,4,False,1.36,1.3,echo_ms,64,0.471912
latency,herdr,other-busy,4,False,1.36,1.3,echo_ms,65,0.459809
latency,herdr,other-busy,4,False,1.36,1.3,echo_ms,66,0.482722
latency,herdr,other-busy,4,False,1.36,1.3,echo_ms,67,0.47224
latency,herdr,other-busy,4,False,1.36,1.3,echo_ms,68,0.42842
latency,herdr,other-busy,4,False,1.36,1.3,echo_ms,69,0.451962
latency,herdr,other-busy,4,False,1.36,1.3,echo_ms,70,0.428919
latency,herdr,other-busy,4,False,1.36,1.3,echo_ms,71,0.503951
latency,herdr,other-busy,4,False,1.36,1.3,echo_ms,72,0.505252
latency,herdr,other-busy,4,False,1.36,1.3,echo_ms,73,0.482039
latency,herdr,other-busy,4,False,1.36,1.3,echo_ms,74,1.437291
latency,herdr,other-busy,4,False,1.36,1.3,echo_ms,75,0.422993
latency,herdr,other-busy,4,False,1.36,1.3,echo_ms,76,0.411061
latency,herdr,other-busy,4,False,1.36,1.3,echo_ms,77,0.523492
latency,herdr,other-busy,4,False,1.36,1.3,echo_ms,78,0.450021
latency,herdr,other-busy,4,False,1.36,1.3,echo_ms,79,0.442615
latency,herdr,other-busy,4,False,1.36,1.3,echo_ms,80,0.486697
latency,herdr,other-busy,4,False,1.36,1.3,echo_ms,81,0.508465
latency,herdr,other-busy,4,False,1.36,1.3,echo_ms,82,0.590654
latency,herdr,other-busy,4,False,1.36,1.3,echo_ms,83,0.493081
latency,herdr,other-busy,4,False,1.36,1.3,echo_ms,84,0.460234
latency,herdr,other-busy,4,False,1.36,1.3,echo_ms,85,0.416712
latency,herdr,other-busy,4,False,1.36,1.3,echo_ms,86,0.432226
latency,herdr,other-busy,4,False,1.36,1.3,echo_ms,87,0.487726
latency,herdr,other-busy,4,False,1.36,1.3,echo_ms,88,0.50685
latency,herdr,other-busy,4,False,1.36,1.3,echo_ms,89,0.513188
latency,herdr,other-busy,4,False,1.36,1.3,echo_ms,90,0.497717
latency,herdr,other-busy,4,False,1.36,1.3,echo_ms,91,0.482471
latency,herdr,other-busy,4,False,1.36,1.3,echo_ms,92,0.541931
latency,herdr,other-busy,4,False,1.36,1.3,echo_ms,93,0.444728
latency,herdr,other-busy,4,False,1.36,1.3,echo_ms,94,0.433619
latency,herdr,other-busy,4,False,1.36,1.3,echo_ms,95,0.430025
latency,herdr,other-busy,4,False,1.36,1.3,echo_ms,96,0.507566
latency,herdr,other-busy,4,False,1.36,1.3,echo_ms,97,0.520983
latency,herdr,other-busy,4,False,1.36,1.3,echo_ms,98,0.44412
latency,herdr,other-busy,4,False,1.36,1.3,echo_ms,99,0.397242
latency,herdr,other-busy,4,False,1.36,1.3,timeouts,,0
latency,thurbox,other-busy,4,False,1.3,1.48,echo_ms,0,42.529263
latency,thurbox,other-busy,4,False,1.3,1.48,echo_ms,1,32.750106
latency,thurbox,other-busy,4,False,1.3,1.48,echo_ms,2,42.191761
latency,thurbox,other-busy,4,False,1.3,1.48,echo_ms,3,42.58643
latency,thurbox,other-busy,4,False,1.3,1.48,echo_ms,4,42.216454
latency,thurbox,other-busy,4,False,1.3,1.48,echo_ms,5,42.57735
latency,thurbox,other-busy,4,False,1.3,1.48,echo_ms,6,42.662376
latency,thurbox,other-busy,4,False,1.3,1.48,echo_ms,7,42.275767
latency,thurbox,other-busy,4,False,1.3,1.48,echo_ms,8,11.139693
latency,thurbox,other-busy,4,False,1.3,1.48,echo_ms,9,11.206929
latency,thurbox,other-busy,4,False,1.3,1.48,echo_ms,10,42.362285
latency,thurbox,other-busy,4,False,1.3,1.48,echo_ms,11,11.624858
latency,thurbox,other-busy,4,False,1.3,1.48,echo_ms,12,43.029828
latency,thurbox,other-busy,4,False,1.3,1.48,echo_ms,13,11.186572
latency,thurbox,other-busy,4,False,1.3,1.48,echo_ms,14,11.563929
latency,thurbox,other-busy,4,False,1.3,1.48,echo_ms,15,42.821499
latency,thurbox,other-busy,4,False,1.3,1.48,echo_ms,16,42.294418
latency,thurbox,other-busy,4,False,1.3,1.48,echo_ms,17,11.507247
latency,thurbox,other-busy,4,False,1.3,1.48,echo_ms,18,42.256504
latency,thurbox,other-busy,4,False,1.3,1.48,echo_ms,19,21.303229
latency,thurbox,other-busy,4,False,1.3,1.48,echo_ms,20,42.900282
latency,thurbox,other-busy,4,False,1.3,1.48,echo_ms,21,21.238202
latency,thurbox,other-busy,4,False,1.3,1.48,echo_ms,22,42.117539
latency,thurbox,other-busy,4,False,1.3,1.48,echo_ms,23,42.776987
latency,thurbox,other-busy,4,False,1.3,1.48,echo_ms,24,11.198168
latency,thurbox,other-busy,4,False,1.3,1.48,echo_ms,25,42.200555
latency,thurbox,other-busy,4,False,1.3,1.48,echo_ms,26,32.72318
latency,thurbox,other-busy,4,False,1.3,1.48,echo_ms,27,11.203098
latency,thurbox,other-busy,4,False,1.3,1.48,echo_ms,28,12.136421
latency,thurbox,other-busy,4,False,1.3,1.48,echo_ms,29,21.377108
latency,thurbox,other-busy,4,False,1.3,1.48,echo_ms,30,11.174324
latency,thurbox,other-busy,4,False,1.3,1.48,echo_ms,31,42.529533
latency,thurbox,other-busy,4,False,1.3,1.48,echo_ms,32,42.312617
latency,thurbox,other-busy,4,False,1.3,1.48,echo_ms,33,11.337124
latency,thurbox,other-busy,4,False,1.3,1.48,echo_ms,34,42.594785
latency,thurbox,other-busy,4,False,1.3,1.48,echo_ms,35,42.279853
latency,thurbox,other-busy,4,False,1.3,1.48,echo_ms,36,11.135885
latency,thurbox,other-busy,4,False,1.3,1.48,echo_ms,37,42.554655
latency,thurbox,other-busy,4,False,1.3,1.48,echo_ms,38,11.165849
latency,thurbox,other-busy,4,False,1.3,1.48,echo_ms,39,21.948742
latency,thurbox,other-busy,4,False,1.3,1.48,echo_ms,40,11.522299
latency,thurbox,other-busy,4,False,1.3,1.48,echo_ms,41,42.201185
latency,thurbox,other-busy,4,False,1.3,1.48,echo_ms,42,11.246584
latency,thurbox,other-busy,4,False,1.3,1.48,echo_ms,43,11.302243
latency,thurbox,other-busy,4,False,1.3,1.48,echo_ms,44,11.189763
latency,thurbox,other-busy,4,False,1.3,1.48,echo_ms,45,21.224148
latency,thurbox,other-busy,4,False,1.3,1.48,echo_ms,46,42.614385
latency,thurbox,other-busy,4,False,1.3,1.48,echo_ms,47,11.195964
latency,thurbox,other-busy,4,False,1.3,1.48,echo_ms,48,42.513864
latency,thurbox,other-busy,4,False,1.3,1.48,echo_ms,49,42.959602
latency,thurbox,other-busy,4,False,1.3,1.48,echo_ms,50,42.172469
latency,thurbox,other-busy,4,False,1.3,1.48,echo_ms,51,23.960374
latency,thurbox,other-busy,4,False,1.3,1.48,echo_ms,52,42.503545
latency,thurbox,other-busy,4,False,1.3,1.48,echo_ms,53,42.239376
latency,thurbox,other-busy,4,False,1.3,1.48,echo_ms,54,43.849053
latency,thurbox,other-busy,4,False,1.3,1.48,echo_ms,55,42.10591
latency,thurbox,other-busy,4,False,1.3,1.48,echo_ms,56,43.33667
latency,thurbox,other-busy,4,False,1.3,1.48,echo_ms,57,42.569944
latency,thurbox,other-busy,4,False,1.3,1.48,echo_ms,58,21.187697
latency,thurbox,other-busy,4,False,1.3,1.48,echo_ms,59,21.212857
latency,thurbox,other-busy,4,False,1.3,1.48,echo_ms,60,42.654354
latency,thurbox,other-busy,4,False,1.3,1.48,echo_ms,61,42.339641
latency,thurbox,other-busy,4,False,1.3,1.48,echo_ms,62,11.170651
latency,thurbox,other-busy,4,False,1.3,1.48,echo_ms,63,42.6077
latency,thurbox,other-busy,4,False,1.3,1.48,echo_ms,64,22.540747
latency,thurbox,other-busy,4,False,1.3,1.48,echo_ms,65,42.868076
latency,thurbox,other-busy,4,False,1.3,1.48,echo_ms,66,42.243619
latency,thurbox,other-busy,4,False,1.3,1.48,echo_ms,67,42.586326
latency,thurbox,other-busy,4,False,1.3,1.48,echo_ms,68,21.261431
latency,thurbox,other-busy,4,False,1.3,1.48,echo_ms,69,42.125184
latency,thurbox,other-busy,4,False,1.3,1.48,echo_ms,70,43.113067
latency,thurbox,other-busy,4,False,1.3,1.48,echo_ms,71,21.249347
latency,thurbox,other-busy,4,False,1.3,1.48,echo_ms,72,42.407561
latency,thurbox,other-busy,4,False,1.3,1.48,echo_ms,73,42.689436
latency,thurbox,other-busy,4,False,1.3,1.48,echo_ms,74,21.573731
latency,thurbox,other-busy,4,False,1.3,1.48,echo_ms,75,21.807116
latency,thurbox,other-busy,4,False,1.3,1.48,echo_ms,76,42.753408
latency,thurbox,other-busy,4,False,1.3,1.48,echo_ms,77,22.906643
latency,thurbox,other-busy,4,False,1.3,1.48,echo_ms,78,42.540585
latency,thurbox,other-busy,4,False,1.3,1.48,echo_ms,79,11.275634
latency,thurbox,other-busy,4,False,1.3,1.48,echo_ms,80,42.323847
latency,thurbox,other-busy,4,False,1.3,1.48,echo_ms,81,42.657264
latency,thurbox,other-busy,4,False,1.3,1.48,echo_ms,82,21.815797
latency,thurbox,other-busy,4,False,1.3,1.48,echo_ms,83,11.21099
latency,thurbox,other-busy,4,False,1.3,1.48,echo_ms,84,42.77844
latency,thurbox,other-busy,4,False,1.3,1.48,echo_ms,85,43.417379
latency,thurbox,other-busy,4,False,1.3,1.48,echo_ms,86,42.71944
latency,thurbox,other-busy,4,False,1.3,1.48,echo_ms,87,11.160556
latency,thurbox,other-busy,4,False,1.3,1.48,echo_ms,88,42.146601
latency,thurbox,other-busy,4,False,1.3,1.48,echo_ms,89,11.141698
latency,thurbox,other-busy,4,False,1.3,1.48,echo_ms,90,42.593398
latency,thurbox,other-busy,4,False,1.3,1.48,echo_ms,91,21.968449
latency,thurbox,other-busy,4,False,1.3,1.48,echo_ms,92,21.286874
latency,thurbox,other-busy,4,False,1.3,1.48,echo_ms,93,42.480053
latency,thurbox,other-busy,4,False,1.3,1.48,echo_ms,94,42.382949
latency,thurbox,other-busy,4,False,1.3,1.48,echo_ms,95,42.438622
latency,thurbox,other-busy,4,False,1.3,1.48,echo_ms,96,42.507325
latency,thurbox,other-busy,4,False,1.3,1.48,echo_ms,97,21.232862
latency,thurbox,other-busy,4,False,1.3,1.48,echo_ms,98,42.511068
latency,thurbox,other-busy,4,False,1.3,1.48,echo_ms,99,43.332276
latency,thurbox,other-busy,4,False,1.3,1.48,timeouts,,0
latency,tmux,other-busy,5,False,1.48,1.4,echo_ms,0,1.09435
latency,tmux,other-busy,5,False,1.48,1.4,echo_ms,1,0.722996
latency,tmux,other-busy,5,False,1.48,1.4,echo_ms,2,0.989536
latency,tmux,other-busy,5,False,1.48,1.4,echo_ms,3,0.792354
latency,tmux,other-busy,5,False,1.48,1.4,echo_ms,4,0.676203
latency,tmux,other-busy,5,False,1.48,1.4,echo_ms,5,0.670454
latency,tmux,other-busy,5,False,1.48,1.4,echo_ms,6,0.925271
latency,tmux,other-busy,5,False,1.48,1.4,echo_ms,7,1.251233
latency,tmux,other-busy,5,False,1.48,1.4,echo_ms,8,0.956345
latency,tmux,other-busy,5,False,1.48,1.4,echo_ms,9,0.683396
latency,tmux,other-busy,5,False,1.48,1.4,echo_ms,10,0.9055
latency,tmux,other-busy,5,False,1.48,1.4,echo_ms,11,1.035716
latency,tmux,other-busy,5,False,1.48,1.4,echo_ms,12,0.904761
latency,tmux,other-busy,5,False,1.48,1.4,echo_ms,13,0.855198
latency,tmux,other-busy,5,False,1.48,1.4,echo_ms,14,0.74614
latency,tmux,other-busy,5,False,1.48,1.4,echo_ms,15,0.694832
latency,tmux,other-busy,5,False,1.48,1.4,echo_ms,16,0.966893
latency,tmux,other-busy,5,False,1.48,1.4,echo_ms,17,0.957994
latency,tmux,other-busy,5,False,1.48,1.4,echo_ms,18,0.924242
latency,tmux,other-busy,5,False,1.48,1.4,echo_ms,19,0.763798
latency,tmux,other-busy,5,False,1.48,1.4,echo_ms,20,0.982779
latency,tmux,other-busy,5,False,1.48,1.4,echo_ms,21,0.814246
latency,tmux,other-busy,5,False,1.48,1.4,echo_ms,22,0.994436
latency,tmux,other-busy,5,False,1.48,1.4,echo_ms,23,0.92651
latency,tmux,other-busy,5,False,1.48,1.4,echo_ms,24,0.809479
latency,tmux,other-busy,5,False,1.48,1.4,echo_ms,25,0.840442
latency,tmux,other-busy,5,False,1.48,1.4,echo_ms,26,0.629909
latency,tmux,other-busy,5,False,1.48,1.4,echo_ms,27,0.997275
latency,tmux,other-busy,5,False,1.48,1.4,echo_ms,28,0.848097
latency,tmux,other-busy,5,False,1.48,1.4,echo_ms,29,0.680469
latency,tmux,other-busy,5,False,1.48,1.4,echo_ms,30,0.635698
latency,tmux,other-busy,5,False,1.48,1.4,echo_ms,31,0.747703
latency,tmux,other-busy,5,False,1.48,1.4,echo_ms,32,0.824867
latency,tmux,other-busy,5,False,1.48,1.4,echo_ms,33,0.940168
latency,tmux,other-busy,5,False,1.48,1.4,echo_ms,34,0.806379
latency,tmux,other-busy,5,False,1.48,1.4,echo_ms,35,0.85928
latency,tmux,other-busy,5,False,1.48,1.4,echo_ms,36,0.733118
latency,tmux,other-busy,5,False,1.48,1.4,echo_ms,37,0.686523
latency,tmux,other-busy,5,False,1.48,1.4,echo_ms,38,0.98435
latency,tmux,other-busy,5,False,1.48,1.4,echo_ms,39,1.007031
latency,tmux,other-busy,5,False,1.48,1.4,echo_ms,40,0.741827
latency,tmux,other-busy,5,False,1.48,1.4,echo_ms,41,0.733624
latency,tmux,other-busy,5,False,1.48,1.4,echo_ms,42,0.703788
latency,tmux,other-busy,5,False,1.48,1.4,echo_ms,43,0.697705
latency,tmux,other-busy,5,False,1.48,1.4,echo_ms,44,0.622693
latency,tmux,other-busy,5,False,1.48,1.4,echo_ms,45,0.847603
latency,tmux,other-busy,5,False,1.48,1.4,echo_ms,46,0.886583
latency,tmux,other-busy,5,False,1.48,1.4,echo_ms,47,0.831638
latency,tmux,other-busy,5,False,1.48,1.4,echo_ms,48,0.777154
latency,tmux,other-busy,5,False,1.48,1.4,echo_ms,49,1.045484
latency,tmux,other-busy,5,False,1.48,1.4,echo_ms,50,0.859272
latency,tmux,other-busy,5,False,1.48,1.4,echo_ms,51,0.778281
latency,tmux,other-busy,5,False,1.48,1.4,echo_ms,52,0.904317
latency,tmux,other-busy,5,False,1.48,1.4,echo_ms,53,0.636015
latency,tmux,other-busy,5,False,1.48,1.4,echo_ms,54,0.825226
latency,tmux,other-busy,5,False,1.48,1.4,echo_ms,55,0.689258
latency,tmux,other-busy,5,False,1.48,1.4,echo_ms,56,0.774201
latency,tmux,other-busy,5,False,1.48,1.4,echo_ms,57,0.651746
latency,tmux,other-busy,5,False,1.48,1.4,echo_ms,58,0.708888
latency,tmux,other-busy,5,False,1.48,1.4,echo_ms,59,0.691972
latency,tmux,other-busy,5,False,1.48,1.4,echo_ms,60,0.666209
latency,tmux,other-busy,5,False,1.48,1.4,echo_ms,61,0.66317
latency,tmux,other-busy,5,False,1.48,1.4,echo_ms,62,0.867299
latency,tmux,other-busy,5,False,1.48,1.4,echo_ms,63,0.663569
latency,tmux,other-busy,5,False,1.48,1.4,echo_ms,64,1.030161
latency,tmux,other-busy,5,False,1.48,1.4,echo_ms,65,0.993059
latency,tmux,other-busy,5,False,1.48,1.4,echo_ms,66,0.915234
latency,tmux,other-busy,5,False,1.48,1.4,echo_ms,67,0.793527
latency,tmux,other-busy,5,False,1.48,1.4,echo_ms,68,0.719379
latency,tmux,other-busy,5,False,1.48,1.4,echo_ms,69,0.892843
latency,tmux,other-busy,5,False,1.48,1.4,echo_ms,70,0.860161
latency,tmux,other-busy,5,False,1.48,1.4,echo_ms,71,0.918756
latency,tmux,other-busy,5,False,1.48,1.4,echo_ms,72,0.920505
latency,tmux,other-busy,5,False,1.48,1.4,echo_ms,73,0.962811
latency,tmux,other-busy,5,False,1.48,1.4,echo_ms,74,0.761393
latency,tmux,other-busy,5,False,1.48,1.4,echo_ms,75,1.155717
latency,tmux,other-busy,5,False,1.48,1.4,echo_ms,76,0.69819
latency,tmux,other-busy,5,False,1.48,1.4,echo_ms,77,0.815119
latency,tmux,other-busy,5,False,1.48,1.4,echo_ms,78,0.854678
latency,tmux,other-busy,5,False,1.48,1.4,echo_ms,79,0.667324
latency,tmux,other-busy,5,False,1.48,1.4,echo_ms,80,0.800562
latency,tmux,other-busy,5,False,1.48,1.4,echo_ms,81,0.923094
latency,tmux,other-busy,5,False,1.48,1.4,echo_ms,82,0.840016
latency,tmux,other-busy,5,False,1.48,1.4,echo_ms,83,0.722776
latency,tmux,other-busy,5,False,1.48,1.4,echo_ms,84,0.751721
latency,tmux,other-busy,5,False,1.48,1.4,echo_ms,85,0.705731
latency,tmux,other-busy,5,False,1.48,1.4,echo_ms,86,0.88002
latency,tmux,other-busy,5,False,1.48,1.4,echo_ms,87,0.76573
latency,tmux,other-busy,5,False,1.48,1.4,echo_ms,88,0.653599
latency,tmux,other-busy,5,False,1.48,1.4,echo_ms,89,0.879822
latency,tmux,other-busy,5,False,1.48,1.4,echo_ms,90,0.859715
latency,tmux,other-busy,5,False,1.48,1.4,echo_ms,91,0.66798
latency,tmux,other-busy,5,False,1.48,1.4,echo_ms,92,0.770395
latency,tmux,other-busy,5,False,1.48,1.4,echo_ms,93,0.677209
latency,tmux,other-busy,5,False,1.48,1.4,echo_ms,94,1.001814
latency,tmux,other-busy,5,False,1.48,1.4,echo_ms,95,0.838403
latency,tmux,other-busy,5,False,1.48,1.4,echo_ms,96,0.777752
latency,tmux,other-busy,5,False,1.48,1.4,echo_ms,97,0.957315
latency,tmux,other-busy,5,False,1.48,1.4,echo_ms,98,0.753091
latency,tmux,other-busy,5,False,1.48,1.4,echo_ms,99,0.808935
latency,tmux,other-busy,5,False,1.48,1.4,timeouts,,0
latency,herdr,other-busy,5,False,1.4,1.34,echo_ms,0,0.483012
latency,herdr,other-busy,5,False,1.4,1.34,echo_ms,1,0.44535
latency,herdr,other-busy,5,False,1.4,1.34,echo_ms,2,0.480224
latency,herdr,other-busy,5,False,1.4,1.34,echo_ms,3,0.553334
latency,herdr,other-busy,5,False,1.4,1.34,echo_ms,4,0.468046
latency,herdr,other-busy,5,False,1.4,1.34,echo_ms,5,0.447151
latency,herdr,other-busy,5,False,1.4,1.34,echo_ms,6,0.551359
latency,herdr,other-busy,5,False,1.4,1.34,echo_ms,7,0.616912
latency,herdr,other-busy,5,False,1.4,1.34,echo_ms,8,0.467005
latency,herdr,other-busy,5,False,1.4,1.34,echo_ms,9,0.430644
latency,herdr,other-busy,5,False,1.4,1.34,echo_ms,10,0.458222
latency,herdr,other-busy,5,False,1.4,1.34,echo_ms,11,0.519484
latency,herdr,other-busy,5,False,1.4,1.34,echo_ms,12,0.464259
latency,herdr,other-busy,5,False,1.4,1.34,echo_ms,13,0.528034
latency,herdr,other-busy,5,False,1.4,1.34,echo_ms,14,0.523843
latency,herdr,other-busy,5,False,1.4,1.34,echo_ms,15,0.434628
latency,herdr,other-busy,5,False,1.4,1.34,echo_ms,16,0.49524
latency,herdr,other-busy,5,False,1.4,1.34,echo_ms,17,0.507515
latency,herdr,other-busy,5,False,1.4,1.34,echo_ms,18,0.490612
latency,herdr,other-busy,5,False,1.4,1.34,echo_ms,19,0.439405
latency,herdr,other-busy,5,False,1.4,1.34,echo_ms,20,0.479749
latency,herdr,other-busy,5,False,1.4,1.34,echo_ms,21,0.431097
latency,herdr,other-busy,5,False,1.4,1.34,echo_ms,22,0.585825
latency,herdr,other-busy,5,False,1.4,1.34,echo_ms,23,0.465529
latency,herdr,other-busy,5,False,1.4,1.34,echo_ms,24,0.585558
latency,herdr,other-busy,5,False,1.4,1.34,echo_ms,25,0.562686
latency,herdr,other-busy,5,False,1.4,1.34,echo_ms,26,0.474784
latency,herdr,other-busy,5,False,1.4,1.34,echo_ms,27,0.587336
latency,herdr,other-busy,5,False,1.4,1.34,echo_ms,28,0.517153
latency,herdr,other-busy,5,False,1.4,1.34,echo_ms,29,0.456167
latency,herdr,other-busy,5,False,1.4,1.34,echo_ms,30,0.412338
latency,herdr,other-busy,5,False,1.4,1.34,echo_ms,31,0.452515
latency,herdr,other-busy,5,False,1.4,1.34,echo_ms,32,0.439091
latency,herdr,other-busy,5,False,1.4,1.34,echo_ms,33,0.411055
latency,herdr,other-busy,5,False,1.4,1.34,echo_ms,34,0.457014
latency,herdr,other-busy,5,False,1.4,1.34,echo_ms,35,0.433522
latency,herdr,other-busy,5,False,1.4,1.34,echo_ms,36,0.546572
latency,herdr,other-busy,5,False,1.4,1.34,echo_ms,37,0.486239
latency,herdr,other-busy,5,False,1.4,1.34,echo_ms,38,0.474153
latency,herdr,other-busy,5,False,1.4,1.34,echo_ms,39,0.486834
latency,herdr,other-busy,5,False,1.4,1.34,echo_ms,40,0.43528
latency,herdr,other-busy,5,False,1.4,1.34,echo_ms,41,0.576062
latency,herdr,other-busy,5,False,1.4,1.34,echo_ms,42,0.447863
latency,herdr,other-busy,5,False,1.4,1.34,echo_ms,43,0.481394
latency,herdr,other-busy,5,False,1.4,1.34,echo_ms,44,0.446684
latency,herdr,other-busy,5,False,1.4,1.34,echo_ms,45,0.521763
latency,herdr,other-busy,5,False,1.4,1.34,echo_ms,46,0.563545
latency,herdr,other-busy,5,False,1.4,1.34,echo_ms,47,3.057562
latency,herdr,other-busy,5,False,1.4,1.34,echo_ms,48,2.283657
latency,herdr,other-busy,5,False,1.4,1.34,echo_ms,49,0.588704
latency,herdr,other-busy,5,False,1.4,1.34,echo_ms,50,0.588437
latency,herdr,other-busy,5,False,1.4,1.34,echo_ms,51,0.446858
latency,herdr,other-busy,5,False,1.4,1.34,echo_ms,52,0.464989
latency,herdr,other-busy,5,False,1.4,1.34,echo_ms,53,0.475085
latency,herdr,other-busy,5,False,1.4,1.34,echo_ms,54,0.494697
latency,herdr,other-busy,5,False,1.4,1.34,echo_ms,55,0.453065
latency,herdr,other-busy,5,False,1.4,1.34,echo_ms,56,0.522473
latency,herdr,other-busy,5,False,1.4,1.34,echo_ms,57,0.550002
latency,herdr,other-busy,5,False,1.4,1.34,echo_ms,58,0.541497
latency,herdr,other-busy,5,False,1.4,1.34,echo_ms,59,0.510367
latency,herdr,other-busy,5,False,1.4,1.34,echo_ms,60,0.540161
latency,herdr,other-busy,5,False,1.4,1.34,echo_ms,61,0.558867
latency,herdr,other-busy,5,False,1.4,1.34,echo_ms,62,0.477327
latency,herdr,other-busy,5,False,1.4,1.34,echo_ms,63,0.469053
latency,herdr,other-busy,5,False,1.4,1.34,echo_ms,64,0.514692
latency,herdr,other-busy,5,False,1.4,1.34,echo_ms,65,0.455446
latency,herdr,other-busy,5,False,1.4,1.34,echo_ms,66,0.476062
latency,herdr,other-busy,5,False,1.4,1.34,echo_ms,67,0.606216
latency,herdr,other-busy,5,False,1.4,1.34,echo_ms,68,0.448096
latency,herdr,other-busy,5,False,1.4,1.34,echo_ms,69,0.42854
latency,herdr,other-busy,5,False,1.4,1.34,echo_ms,70,0.467996
latency,herdr,other-busy,5,False,1.4,1.34,echo_ms,71,0.432793
latency,herdr,other-busy,5,False,1.4,1.34,echo_ms,72,0.407576
latency,herdr,other-busy,5,False,1.4,1.34,echo_ms,73,0.478124
latency,herdr,other-busy,5,False,1.4,1.34,echo_ms,74,0.448562
latency,herdr,other-busy,5,False,1.4,1.34,echo_ms,75,0.602536
latency,herdr,other-busy,5,False,1.4,1.34,echo_ms,76,0.476557
latency,herdr,other-busy,5,False,1.4,1.34,echo_ms,77,0.461994
latency,herdr,other-busy,5,False,1.4,1.34,echo_ms,78,0.442802
latency,herdr,other-busy,5,False,1.4,1.34,echo_ms,79,0.56393
latency,herdr,other-busy,5,False,1.4,1.34,echo_ms,80,0.418812
latency,herdr,other-busy,5,False,1.4,1.34,echo_ms,81,0.487721
latency,herdr,other-busy,5,False,1.4,1.34,echo_ms,82,0.48639
latency,herdr,other-busy,5,False,1.4,1.34,echo_ms,83,0.531317
latency,herdr,other-busy,5,False,1.4,1.34,echo_ms,84,0.523756
latency,herdr,other-busy,5,False,1.4,1.34,echo_ms,85,0.423578
latency,herdr,other-busy,5,False,1.4,1.34,echo_ms,86,0.506272
latency,herdr,other-busy,5,False,1.4,1.34,echo_ms,87,0.498231
latency,herdr,other-busy,5,False,1.4,1.34,echo_ms,88,0.512129
latency,herdr,other-busy,5,False,1.4,1.34,echo_ms,89,0.505489
latency,herdr,other-busy,5,False,1.4,1.34,echo_ms,90,0.71727
latency,herdr,other-busy,5,False,1.4,1.34,echo_ms,91,0.420897
latency,herdr,other-busy,5,False,1.4,1.34,echo_ms,92,0.458167
latency,herdr,other-busy,5,False,1.4,1.34,echo_ms,93,0.439024
latency,herdr,other-busy,5,False,1.4,1.34,echo_ms,94,0.442581
latency,herdr,other-busy,5,False,1.4,1.34,echo_ms,95,0.509809
latency,herdr,other-busy,5,False,1.4,1.34,echo_ms,96,0.477096
latency,herdr,other-busy,5,False,1.4,1.34,echo_ms,97,0.567261
latency,herdr,other-busy,5,False,1.4,1.34,echo_ms,98,0.435338
latency,herdr,other-busy,5,False,1.4,1.34,echo_ms,99,0.490973
latency,herdr,other-busy,5,False,1.4,1.34,timeouts,,0
latency,thurbox,other-busy,5,False,1.34,1.29,echo_ms,0,11.157818
latency,thurbox,other-busy,5,False,1.34,1.29,echo_ms,1,11.488884
latency,thurbox,other-busy,5,False,1.34,1.29,echo_ms,2,11.147718
latency,thurbox,other-busy,5,False,1.34,1.29,echo_ms,3,43.003253
latency,thurbox,other-busy,5,False,1.34,1.29,echo_ms,4,11.146172
latency,thurbox,other-busy,5,False,1.34,1.29,echo_ms,5,42.676533
latency,thurbox,other-busy,5,False,1.34,1.29,echo_ms,6,42.324034
latency,thurbox,other-busy,5,False,1.34,1.29,echo_ms,7,11.302671
latency,thurbox,other-busy,5,False,1.34,1.29,echo_ms,8,42.678803
latency,thurbox,other-busy,5,False,1.34,1.29,echo_ms,9,42.38223
latency,thurbox,other-busy,5,False,1.34,1.29,echo_ms,10,1.929629
latency,thurbox,other-busy,5,False,1.34,1.29,echo_ms,11,21.216829
latency,thurbox,other-busy,5,False,1.34,1.29,echo_ms,12,42.17896
latency,thurbox,other-busy,5,False,1.34,1.29,echo_ms,13,32.858337
latency,thurbox,other-busy,5,False,1.34,1.29,echo_ms,14,42.164095
latency,thurbox,other-busy,5,False,1.34,1.29,echo_ms,15,21.238996
latency,thurbox,other-busy,5,False,1.34,1.29,echo_ms,16,21.709791
latency,thurbox,other-busy,5,False,1.34,1.29,echo_ms,17,42.163343
latency,thurbox,other-busy,5,False,1.34,1.29,echo_ms,18,43.148495
latency,thurbox,other-busy,5,False,1.34,1.29,echo_ms,19,42.224829
latency,thurbox,other-busy,5,False,1.34,1.29,echo_ms,20,42.653627
latency,thurbox,other-busy,5,False,1.34,1.29,echo_ms,21,42.551271
latency,thurbox,other-busy,5,False,1.34,1.29,echo_ms,22,11.17919
latency,thurbox,other-busy,5,False,1.34,1.29,echo_ms,23,42.558516
latency,thurbox,other-busy,5,False,1.34,1.29,echo_ms,24,43.599395
latency,thurbox,other-busy,5,False,1.34,1.29,echo_ms,25,21.250099
latency,thurbox,other-busy,5,False,1.34,1.29,echo_ms,26,23.497264
latency,thurbox,other-busy,5,False,1.34,1.29,echo_ms,27,42.692508
latency,thurbox,other-busy,5,False,1.34,1.29,echo_ms,28,21.241696
latency,thurbox,other-busy,5,False,1.34,1.29,echo_ms,29,42.208591
latency,thurbox,other-busy,5,False,1.34,1.29,echo_ms,30,42.594052
latency,thurbox,other-busy,5,False,1.34,1.29,echo_ms,31,42.157122
latency,thurbox,other-busy,5,False,1.34,1.29,echo_ms,32,42.540403
latency,thurbox,other-busy,5,False,1.34,1.29,echo_ms,33,21.191395
latency,thurbox,other-busy,5,False,1.34,1.29,echo_ms,34,11.152531
latency,thurbox,other-busy,5,False,1.34,1.29,echo_ms,35,21.668028
latency,thurbox,other-busy,5,False,1.34,1.29,echo_ms,36,11.176656
latency,thurbox,other-busy,5,False,1.34,1.29,echo_ms,37,42.336841
latency,thurbox,other-busy,5,False,1.34,1.29,echo_ms,38,43.316416
latency,thurbox,other-busy,5,False,1.34,1.29,echo_ms,39,2.128593
latency,thurbox,other-busy,5,False,1.34,1.29,echo_ms,40,42.640473
latency,thurbox,other-busy,5,False,1.34,1.29,echo_ms,41,21.254993
latency,thurbox,other-busy,5,False,1.34,1.29,echo_ms,42,42.154769
latency,thurbox,other-busy,5,False,1.34,1.29,echo_ms,43,42.740049
latency,thurbox,other-busy,5,False,1.34,1.29,echo_ms,44,42.423177
latency,thurbox,other-busy,5,False,1.34,1.29,echo_ms,45,42.517827
latency,thurbox,other-busy,5,False,1.34,1.29,echo_ms,46,21.302787
latency,thurbox,other-busy,5,False,1.34,1.29,echo_ms,47,42.330103
latency,thurbox,other-busy,5,False,1.34,1.29,echo_ms,48,11.212869
latency,thurbox,other-busy,5,False,1.34,1.29,echo_ms,49,42.660903
latency,thurbox,other-busy,5,False,1.34,1.29,echo_ms,50,42.264852
latency,thurbox,other-busy,5,False,1.34,1.29,echo_ms,51,11.607701
latency,thurbox,other-busy,5,False,1.34,1.29,echo_ms,52,42.697263
latency,thurbox,other-busy,5,False,1.34,1.29,echo_ms,53,21.22154
latency,thurbox,other-busy,5,False,1.34,1.29,echo_ms,54,23.145814
latency,thurbox,other-busy,5,False,1.34,1.29,echo_ms,55,42.581274
latency,thurbox,other-busy,5,False,1.34,1.29,echo_ms,56,42.15432
latency,thurbox,other-busy,5,False,1.34,1.29,echo_ms,57,21.306549
latency,thurbox,other-busy,5,False,1.34,1.29,echo_ms,58,21.153838
latency,thurbox,other-busy,5,False,1.34,1.29,echo_ms,59,42.65858
latency,thurbox,other-busy,5,False,1.34,1.29,echo_ms,60,42.670288
latency,thurbox,other-busy,5,False,1.34,1.29,echo_ms,61,42.228535
latency,thurbox,other-busy,5,False,1.34,1.29,echo_ms,62,42.544288
latency,thurbox,other-busy,5,False,1.34,1.29,echo_ms,63,11.198727
latency,thurbox,other-busy,5,False,1.34,1.29,echo_ms,64,32.879126
latency,thurbox,other-busy,5,False,1.34,1.29,echo_ms,65,42.920427
latency,thurbox,other-busy,5,False,1.34,1.29,echo_ms,66,11.154142
latency,thurbox,other-busy,5,False,1.34,1.29,echo_ms,67,42.51245
latency,thurbox,other-busy,5,False,1.34,1.29,echo_ms,68,21.162233
latency,thurbox,other-busy,5,False,1.34,1.29,echo_ms,69,42.158175
latency,thurbox,other-busy,5,False,1.34,1.29,echo_ms,70,43.087714
latency,thurbox,other-busy,5,False,1.34,1.29,echo_ms,71,11.235942
latency,thurbox,other-busy,5,False,1.34,1.29,echo_ms,72,21.245919
latency,thurbox,other-busy,5,False,1.34,1.29,echo_ms,73,11.14243
latency,thurbox,other-busy,5,False,1.34,1.29,echo_ms,74,42.780958
latency,thurbox,other-busy,5,False,1.34,1.29,echo_ms,75,42.347871
latency,thurbox,other-busy,5,False,1.34,1.29,echo_ms,76,11.208083
latency,thurbox,other-busy,5,False,1.34,1.29,echo_ms,77,11.213941
latency,thurbox,other-busy,5,False,1.34,1.29,echo_ms,78,11.100358
latency,thurbox,other-busy,5,False,1.34,1.29,echo_ms,79,11.134433
latency,thurbox,other-busy,5,False,1.34,1.29,echo_ms,80,43.136664
latency,thurbox,other-busy,5,False,1.34,1.29,echo_ms,81,42.731453
latency,thurbox,other-busy,5,False,1.34,1.29,echo_ms,82,11.214894
latency,thurbox,other-busy,5,False,1.34,1.29,echo_ms,83,42.185217
latency,thurbox,other-busy,5,False,1.34,1.29,echo_ms,84,43.121156
latency,thurbox,other-busy,5,False,1.34,1.29,echo_ms,85,42.392781
latency,thurbox,other-busy,5,False,1.34,1.29,echo_ms,86,21.214994
latency,thurbox,other-busy,5,False,1.34,1.29,echo_ms,87,21.203607
latency,thurbox,other-busy,5,False,1.34,1.29,echo_ms,88,42.263931
latency,thurbox,other-busy,5,False,1.34,1.29,echo_ms,89,43.470167
latency,thurbox,other-busy,5,False,1.34,1.29,echo_ms,90,42.750071
latency,thurbox,other-busy,5,False,1.34,1.29,echo_ms,91,11.269315
latency,thurbox,other-busy,5,False,1.34,1.29,echo_ms,92,42.574067
latency,thurbox,other-busy,5,False,1.34,1.29,echo_ms,93,21.221061
latency,thurbox,other-busy,5,False,1.34,1.29,echo_ms,94,42.254861
latency,thurbox,other-busy,5,False,1.34,1.29,echo_ms,95,42.573401
latency,thurbox,other-busy,5,False,1.34,1.29,echo_ms,96,42.206912
latency,thurbox,other-busy,5,False,1.34,1.29,echo_ms,97,42.48921
latency,thurbox,other-busy,5,False,1.34,1.29,echo_ms,98,42.496777
latency,thurbox,other-busy,5,False,1.34,1.29,echo_ms,99,21.124102
latency,thurbox,other-busy,5,False,1.34,1.29,timeouts,,0
