scenario,host,variant,rep,warmup,load1,load1_end,metric,sample,value
create,tmux,N=1,0,True,1.53,1.53,total_ms,,62.270829
create,tmux,N=1,0,True,1.53,1.53,first_ready_ms,,62.270829
create,tmux,N=1,0,True,1.53,1.53,last_create_ms,,23.72834
create,tmux,N=1,0,True,1.53,1.53,mean_create_ms,,23.72834
create,herdr,N=1,0,True,1.53,1.53,total_ms,,146.750262
create,herdr,N=1,0,True,1.53,1.53,first_ready_ms,,146.750262
create,herdr,N=1,0,True,1.53,1.53,last_create_ms,,120.174021
create,herdr,N=1,0,True,1.53,1.53,mean_create_ms,,120.174021
create,thurbox,N=1,0,True,1.53,1.53,total_ms,,87.160521
create,thurbox,N=1,0,True,1.53,1.53,first_ready_ms,,87.160521
create,thurbox,N=1,0,True,1.53,1.53,last_create_ms,,87.144235
create,thurbox,N=1,0,True,1.53,1.53,mean_create_ms,,87.144235
create,tmux,N=1,1,False,1.53,1.53,total_ms,,37.805246
create,tmux,N=1,1,False,1.53,1.53,first_ready_ms,,37.805246
create,tmux,N=1,1,False,1.53,1.53,last_create_ms,,13.431798
create,tmux,N=1,1,False,1.53,1.53,mean_create_ms,,13.431798
create,herdr,N=1,1,False,1.53,1.53,total_ms,,148.605495
create,herdr,N=1,1,False,1.53,1.53,first_ready_ms,,148.605495
create,herdr,N=1,1,False,1.53,1.53,last_create_ms,,122.110424
create,herdr,N=1,1,False,1.53,1.53,mean_create_ms,,122.110424
create,thurbox,N=1,1,False,1.53,1.53,total_ms,,63.332711
create,thurbox,N=1,1,False,1.53,1.53,first_ready_ms,,63.332711
create,thurbox,N=1,1,False,1.53,1.53,last_create_ms,,61.070376
create,thurbox,N=1,1,False,1.53,1.53,mean_create_ms,,61.070376
create,tmux,N=1,2,False,1.53,1.53,total_ms,,37.745806
create,tmux,N=1,2,False,1.53,1.53,first_ready_ms,,37.745806
create,tmux,N=1,2,False,1.53,1.53,last_create_ms,,13.417392
create,tmux,N=1,2,False,1.53,1.53,mean_create_ms,,13.417392
create,herdr,N=1,2,False,1.53,1.53,total_ms,,149.457054
create,herdr,N=1,2,False,1.53,1.53,first_ready_ms,,149.457054
create,herdr,N=1,2,False,1.53,1.53,last_create_ms,,122.993084
create,herdr,N=1,2,False,1.53,1.53,mean_create_ms,,122.993084
create,thurbox,N=1,2,False,1.53,1.53,total_ms,,87.770652
create,thurbox,N=1,2,False,1.53,1.53,first_ready_ms,,87.770652
create,thurbox,N=1,2,False,1.53,1.53,last_create_ms,,87.153095
create,thurbox,N=1,2,False,1.53,1.53,mean_create_ms,,87.153095
create,tmux,N=1,3,False,1.53,1.53,total_ms,,37.724095
create,tmux,N=1,3,False,1.53,1.53,first_ready_ms,,37.724095
create,tmux,N=1,3,False,1.53,1.53,last_create_ms,,13.505371
create,tmux,N=1,3,False,1.53,1.53,mean_create_ms,,13.505371
create,herdr,N=1,3,False,1.53,1.53,total_ms,,148.137559
create,herdr,N=1,3,False,1.53,1.53,first_ready_ms,,148.137559
create,herdr,N=1,3,False,1.53,1.53,last_create_ms,,121.558848
create,herdr,N=1,3,False,1.53,1.53,mean_create_ms,,121.558848
create,thurbox,N=1,3,False,1.53,1.53,total_ms,,79.784743
create,thurbox,N=1,3,False,1.53,1.53,first_ready_ms,,79.784743
create,thurbox,N=1,3,False,1.53,1.53,last_create_ms,,78.89297
create,thurbox,N=1,3,False,1.53,1.53,mean_create_ms,,78.89297
create,tmux,N=1,4,False,1.53,1.49,total_ms,,37.960823
create,tmux,N=1,4,False,1.53,1.49,first_ready_ms,,37.960823
create,tmux,N=1,4,False,1.53,1.49,last_create_ms,,13.451931
create,tmux,N=1,4,False,1.53,1.49,mean_create_ms,,13.451931
create,herdr,N=1,4,False,1.49,1.49,total_ms,,148.083076
create,herdr,N=1,4,False,1.49,1.49,first_ready_ms,,148.083076
create,herdr,N=1,4,False,1.49,1.49,last_create_ms,,121.903159
create,herdr,N=1,4,False,1.49,1.49,mean_create_ms,,121.903159
create,thurbox,N=1,4,False,1.49,1.49,total_ms,,59.39464
create,thurbox,N=1,4,False,1.49,1.49,first_ready_ms,,59.39464
create,thurbox,N=1,4,False,1.49,1.49,last_create_ms,,55.437809
create,thurbox,N=1,4,False,1.49,1.49,mean_create_ms,,55.437809
create,tmux,N=1,5,False,1.49,1.49,total_ms,,37.773773
create,tmux,N=1,5,False,1.49,1.49,first_ready_ms,,37.773773
create,tmux,N=1,5,False,1.49,1.49,last_create_ms,,13.477414
create,tmux,N=1,5,False,1.49,1.49,mean_create_ms,,13.477414
create,herdr,N=1,5,False,1.49,1.49,total_ms,,148.6747
create,herdr,N=1,5,False,1.49,1.49,first_ready_ms,,148.6747
create,herdr,N=1,5,False,1.49,1.49,last_create_ms,,122.879849
create,herdr,N=1,5,False,1.49,1.49,mean_create_ms,,122.879849
create,thurbox,N=1,5,False,1.49,1.49,total_ms,,81.42765
create,thurbox,N=1,5,False,1.49,1.49,first_ready_ms,,81.42765
create,thurbox,N=1,5,False,1.49,1.49,last_create_ms,,81.156456
create,thurbox,N=1,5,False,1.49,1.49,mean_create_ms,,81.156456
create,tmux,N=5,0,True,1.49,1.49,total_ms,,66.613862
create,tmux,N=5,0,True,1.49,1.49,first_ready_ms,,38.973669
create,tmux,N=5,0,True,1.49,1.49,last_create_ms,,10.852102
create,tmux,N=5,0,True,1.49,1.49,mean_create_ms,,7.7482154
create,herdr,N=5,0,True,1.49,1.49,total_ms,,306.964432
create,herdr,N=5,0,True,1.49,1.49,first_ready_ms,,149.839189
create,herdr,N=5,0,True,1.49,1.49,last_create_ms,,12.592945
create,herdr,N=5,0,True,1.49,1.49,mean_create_ms,,53.059427799999995
create,thurbox,N=5,0,True,1.49,1.49,total_ms,,261.811147
create,thurbox,N=5,0,True,1.49,1.49,first_ready_ms,,117.649155
create,thurbox,N=5,0,True,1.49,1.49,last_create_ms,,34.140493
create,thurbox,N=5,0,True,1.49,1.49,mean_create_ms,,51.0101102
create,tmux,N=5,1,False,1.49,1.49,total_ms,,71.598338
create,tmux,N=5,1,False,1.49,1.49,first_ready_ms,,39.080559
create,tmux,N=5,1,False,1.49,1.49,last_create_ms,,12.718445
create,tmux,N=5,1,False,1.49,1.49,mean_create_ms,,8.4686726
create,herdr,N=5,1,False,1.49,1.49,total_ms,,307.957938
create,herdr,N=5,1,False,1.49,1.49,first_ready_ms,,150.812622
create,herdr,N=5,1,False,1.49,1.49,last_create_ms,,110.782176
create,herdr,N=5,1,False,1.49,1.49,mean_create_ms,,52.6277298
create,thurbox,N=5,1,False,1.49,1.49,total_ms,,217.060764
create,thurbox,N=5,1,False,1.49,1.49,first_ready_ms,,73.166963
create,thurbox,N=5,1,False,1.49,1.49,last_create_ms,,34.119428
create,thurbox,N=5,1,False,1.49,1.49,mean_create_ms,,42.0589816
create,tmux,N=5,2,False,1.49,1.49,total_ms,,67.002977
create,tmux,N=5,2,False,1.49,1.49,first_ready_ms,,38.977254
create,tmux,N=5,2,False,1.49,1.49,last_create_ms,,10.225297
create,tmux,N=5,2,False,1.49,1.49,mean_create_ms,,8.528589
create,herdr,N=5,2,False,1.49,1.49,total_ms,,193.705654
create,herdr,N=5,2,False,1.49,1.49,first_ready_ms,,150.679717
create,herdr,N=5,2,False,1.49,1.49,last_create_ms,,13.843216
create,herdr,N=5,2,False,1.49,1.49,mean_create_ms,,33.209077199999996
create,thurbox,N=5,2,False,1.49,1.49,total_ms,,217.498307
create,thurbox,N=5,2,False,1.49,1.49,first_ready_ms,,77.510216
create,thurbox,N=5,2,False,1.49,1.49,last_create_ms,,33.833341
create,thurbox,N=5,2,False,1.49,1.49,mean_create_ms,,42.088181
create,tmux,N=5,3,False,1.49,1.49,total_ms,,62.965763
create,tmux,N=5,3,False,1.49,1.49,first_ready_ms,,39.068018
create,tmux,N=5,3,False,1.49,1.49,last_create_ms,,8.984535
create,tmux,N=5,3,False,1.49,1.49,mean_create_ms,,7.284768400000001
create,herdr,N=5,3,False,1.49,1.49,total_ms,,193.5256
create,herdr,N=5,3,False,1.49,1.49,first_ready_ms,,150.992925
create,herdr,N=5,3,False,1.49,1.49,last_create_ms,,12.910101
create,herdr,N=5,3,False,1.49,1.49,mean_create_ms,,33.7121976
create,thurbox,N=5,3,False,1.49,1.49,total_ms,,254.444385
create,thurbox,N=5,3,False,1.49,1.49,first_ready_ms,,110.737547
create,thurbox,N=5,3,False,1.49,1.49,last_create_ms,,33.857066
create,thurbox,N=5,3,False,1.49,1.49,mean_create_ms,,49.3870942
create,tmux,N=5,4,False,1.49,1.49,total_ms,,64.412704
create,tmux,N=5,4,False,1.49,1.49,first_ready_ms,,39.513598
create,tmux,N=5,4,False,1.49,1.49,last_create_ms,,8.753747
create,tmux,N=5,4,False,1.49,1.49,mean_create_ms,,7.1362362
create,herdr,N=5,4,False,1.49,1.49,total_ms,,318.28481
create,herdr,N=5,4,False,1.49,1.49,first_ready_ms,,152.526005
create,herdr,N=5,4,False,1.49,1.49,last_create_ms,,112.43924
create,herdr,N=5,4,False,1.49,1.49,mean_create_ms,,53.768231799999995
create,thurbox,N=5,4,False,1.37,1.37,total_ms,,231.407899
create,thurbox,N=5,4,False,1.37,1.37,first_ready_ms,,85.974269
create,thurbox,N=5,4,False,1.37,1.37,last_create_ms,,34.912887
create,thurbox,N=5,4,False,1.37,1.37,mean_create_ms,,45.079157
create,tmux,N=5,5,False,1.37,1.37,total_ms,,73.17602
create,tmux,N=5,5,False,1.37,1.37,first_ready_ms,,39.178881
create,tmux,N=5,5,False,1.37,1.37,last_create_ms,,11.061065
create,tmux,N=5,5,False,1.37,1.37,mean_create_ms,,8.1185456
create,herdr,N=5,5,False,1.37,1.37,total_ms,,314.764343
create,herdr,N=5,5,False,1.37,1.37,first_ready_ms,,154.186985
create,herdr,N=5,5,False,1.37,1.37,last_create_ms,,19.573701
create,herdr,N=5,5,False,1.37,1.37,mean_create_ms,,54.7987046
create,thurbox,N=5,5,False,1.37,1.37,total_ms,,294.128805
create,thurbox,N=5,5,False,1.37,1.37,first_ready_ms,,120.697332
create,thurbox,N=5,5,False,1.37,1.37,last_create_ms,,43.165026
create,thurbox,N=5,5,False,1.37,1.37,mean_create_ms,,59.262111600000004
create,tmux,N=20,0,True,1.37,1.37,total_ms,,197.129876
create,tmux,N=20,0,True,1.37,1.37,first_ready_ms,,39.158443
create,tmux,N=20,0,True,1.37,1.37,last_create_ms,,5.434437
create,tmux,N=20,0,True,1.37,1.37,mean_create_ms,,8.656446599999999
create,herdr,N=20,0,True,1.37,1.37,total_ms,,545.972824
create,herdr,N=20,0,True,1.37,1.37,first_ready_ms,,153.458448
create,herdr,N=20,0,True,1.37,1.37,last_create_ms,,20.209373
create,herdr,N=20,0,True,1.37,1.37,mean_create_ms,,23.243930149999997
create,thurbox,N=20,0,True,1.37,1.37,total_ms,,939.206132
create,thurbox,N=20,0,True,1.37,1.37,first_ready_ms,,122.251527
create,thurbox,N=20,0,True,1.37,1.37,last_create_ms,,35.308144
create,thurbox,N=20,0,True,1.37,1.37,mean_create_ms,,46.670309200000005
create,tmux,N=20,1,False,1.37,1.37,total_ms,,191.022313
create,tmux,N=20,1,False,1.37,1.37,first_ready_ms,,39.044244
create,tmux,N=20,1,False,1.37,1.37,last_create_ms,,4.854055
create,tmux,N=20,1,False,1.37,1.37,mean_create_ms,,8.27617135
create,herdr,N=20,1,False,1.37,1.42,total_ms,,1179.205401
create,herdr,N=20,1,False,1.37,1.42,first_ready_ms,,151.465821
create,herdr,N=20,1,False,1.37,1.42,last_create_ms,,12.896368
create,herdr,N=20,1,False,1.37,1.42,mean_create_ms,,56.87109005
create,thurbox,N=20,1,False,1.42,1.42,total_ms,,776.09851
create,thurbox,N=20,1,False,1.42,1.42,first_ready_ms,,103.995971
create,thurbox,N=20,1,False,1.42,1.42,last_create_ms,,35.008507
create,thurbox,N=20,1,False,1.42,1.42,mean_create_ms,,38.4867507
create,tmux,N=20,2,False,1.42,1.42,total_ms,,202.713506
create,tmux,N=20,2,False,1.42,1.42,first_ready_ms,,39.105
create,tmux,N=20,2,False,1.42,1.42,last_create_ms,,5.7444
create,tmux,N=20,2,False,1.42,1.42,mean_create_ms,,8.633661400000001
create,herdr,N=20,2,False,1.42,1.42,total_ms,,1076.882115
create,herdr,N=20,2,False,1.42,1.42,first_ready_ms,,150.514778
create,herdr,N=20,2,False,1.42,1.42,last_create_ms,,21.540388
create,herdr,N=20,2,False,1.42,1.42,mean_create_ms,,49.80322025
create,thurbox,N=20,2,False,1.42,1.42,total_ms,,730.336061
create,thurbox,N=20,2,False,1.42,1.42,first_ready_ms,,60.867914
create,thurbox,N=20,2,False,1.42,1.42,last_create_ms,,35.625864
create,thurbox,N=20,2,False,1.42,1.42,mean_create_ms,,36.24378265
create,tmux,N=20,3,False,1.42,1.42,total_ms,,192.735793
create,tmux,N=20,3,False,1.42,1.42,first_ready_ms,,45.462246
create,tmux,N=20,3,False,1.42,1.42,last_create_ms,,8.23042
create,tmux,N=20,3,False,1.42,1.42,mean_create_ms,,8.427154949999998
create,herdr,N=20,3,False,1.42,1.42,total_ms,,1090.622666
create,herdr,N=20,3,False,1.42,1.42,first_ready_ms,,153.720806
create,herdr,N=20,3,False,1.42,1.42,last_create_ms,,124.73895
create,herdr,N=20,3,False,1.42,1.42,mean_create_ms,,51.39664775
create,thurbox,N=20,3,False,1.42,1.47,total_ms,,706.698746
create,thurbox,N=20,3,False,1.42,1.47,first_ready_ms,,59.971404
create,thurbox,N=20,3,False,1.42,1.47,last_create_ms,,34.046562
create,thurbox,N=20,3,False,1.42,1.47,mean_create_ms,,34.960286350000004
create,tmux,N=20,4,False,1.47,1.47,total_ms,,199.963637
create,tmux,N=20,4,False,1.47,1.47,first_ready_ms,,39.253995
create,tmux,N=20,4,False,1.47,1.47,last_create_ms,,8.850697
create,tmux,N=20,4,False,1.47,1.47,mean_create_ms,,8.57629375
create,herdr,N=20,4,False,1.47,1.47,total_ms,,687.330343
create,herdr,N=20,4,False,1.47,1.47,first_ready_ms,,149.700586
create,herdr,N=20,4,False,1.47,1.47,last_create_ms,,11.122558
create,herdr,N=20,4,False,1.47,1.47,mean_create_ms,,33.10798485
create,thurbox,N=20,4,False,1.47,1.47,total_ms,,725.033227
create,thurbox,N=20,4,False,1.47,1.47,first_ready_ms,,68.996582
create,thurbox,N=20,4,False,1.47,1.47,last_create_ms,,34.238214
create,thurbox,N=20,4,False,1.47,1.47,mean_create_ms,,35.91632865
create,tmux,N=20,5,False,1.47,1.47,total_ms,,199.955113
create,tmux,N=20,5,False,1.47,1.47,first_ready_ms,,39.01516
create,tmux,N=20,5,False,1.47,1.47,last_create_ms,,6.358472
create,tmux,N=20,5,False,1.47,1.47,mean_create_ms,,8.3856192
create,herdr,N=20,5,False,1.47,1.47,total_ms,,1154.874244
create,herdr,N=20,5,False,1.47,1.47,first_ready_ms,,151.453638
create,herdr,N=20,5,False,1.47,1.47,last_create_ms,,127.541757
create,herdr,N=20,5,False,1.47,1.47,mean_create_ms,,54.40008665
create,thurbox,N=20,5,False,1.47,1.47,total_ms,,738.51978
create,thurbox,N=20,5,False,1.47,1.47,first_ready_ms,,76.384182
create,thurbox,N=20,5,False,1.47,1.47,last_create_ms,,34.884998
create,thurbox,N=20,5,False,1.47,1.47,mean_create_ms,,36.617533200000004
create,tmux,N=50,0,True,1.47,1.83,total_ms,,453.382715
create,tmux,N=50,0,True,1.47,1.83,first_ready_ms,,41.548328
create,tmux,N=50,0,True,1.47,1.83,last_create_ms,,9.909086
create,tmux,N=50,0,True,1.47,1.83,mean_create_ms,,8.5412877
create,herdr,N=50,0,True,1.83,1.83,total_ms,,2890.1933
create,herdr,N=50,0,True,1.83,1.83,first_ready_ms,,146.215312
create,herdr,N=50,0,True,1.83,1.83,last_create_ms,,34.259791
create,herdr,N=50,0,True,1.83,1.83,mean_create_ms,,56.558832880000004
create,thurbox,N=50,0,True,1.83,1.84,total_ms,,1783.007469
create,thurbox,N=50,0,True,1.83,1.84,first_ready_ms,,63.632549
create,thurbox,N=50,0,True,1.83,1.84,last_create_ms,,35.825855
create,thurbox,N=50,0,True,1.83,1.84,mean_create_ms,,35.536492880000004
create,tmux,N=50,1,False,1.84,1.84,total_ms,,448.483587
create,tmux,N=50,1,False,1.84,1.84,first_ready_ms,,41.04416
create,tmux,N=50,1,False,1.84,1.84,last_create_ms,,10.264481
create,tmux,N=50,1,False,1.84,1.84,mean_create_ms,,8.5088065
create,herdr,N=50,1,False,1.84,1.84,total_ms,,2453.38175
create,herdr,N=50,1,False,1.84,1.84,first_ready_ms,,149.13755
create,herdr,N=50,1,False,1.84,1.84,last_create_ms,,20.078244
create,herdr,N=50,1,False,1.84,1.84,mean_create_ms,,47.9756339
create,thurbox,N=50,1,False,1.84,1.86,total_ms,,1818.594684
create,thurbox,N=50,1,False,1.84,1.86,first_ready_ms,,63.601018
create,thurbox,N=50,1,False,1.84,1.86,last_create_ms,,36.28881
create,thurbox,N=50,1,False,1.84,1.86,mean_create_ms,,36.260366579999996
create,tmux,N=50,2,False,1.86,1.86,total_ms,,454.298257
create,tmux,N=50,2,False,1.86,1.86,first_ready_ms,,40.412148
create,tmux,N=50,2,False,1.86,1.86,last_create_ms,,6.876193
create,tmux,N=50,2,False,1.86,1.86,mean_create_ms,,8.6119685
create,herdr,N=50,2,False,1.86,1.86,total_ms,,2658.204622
create,herdr,N=50,2,False,1.86,1.86,first_ready_ms,,145.908695
create,herdr,N=50,2,False,1.86,1.86,last_create_ms,,31.457011
create,herdr,N=50,2,False,1.86,1.86,mean_create_ms,,51.6688112
create,thurbox,N=50,2,False,1.86,1.95,total_ms,,1805.631165
create,thurbox,N=50,2,False,1.86,1.95,first_ready_ms,,63.873295
create,thurbox,N=50,2,False,1.86,1.95,last_create_ms,,36.457771
create,thurbox,N=50,2,False,1.86,1.95,mean_create_ms,,36.005542520000006
create,tmux,N=50,3,False,1.95,1.95,total_ms,,447.993728
create,tmux,N=50,3,False,1.95,1.95,first_ready_ms,,41.503131
create,tmux,N=50,3,False,1.95,1.95,last_create_ms,,6.373026
create,tmux,N=50,3,False,1.95,1.95,mean_create_ms,,8.396960980000001
create,herdr,N=50,3,False,1.95,1.95,total_ms,,2757.565852
create,herdr,N=50,3,False,1.95,1.95,first_ready_ms,,148.206599
create,herdr,N=50,3,False,1.95,1.95,last_create_ms,,31.277182
create,herdr,N=50,3,False,1.95,1.95,mean_create_ms,,53.577294880000004
create,thurbox,N=50,3,False,1.87,1.87,total_ms,,1788.767434
create,thurbox,N=50,3,False,1.87,1.87,first_ready_ms,,59.416863
create,thurbox,N=50,3,False,1.87,1.87,last_create_ms,,36.109834
create,thurbox,N=50,3,False,1.87,1.87,mean_create_ms,,35.65494562
create,tmux,N=50,4,False,1.87,1.87,total_ms,,466.920515
create,tmux,N=50,4,False,1.87,1.87,first_ready_ms,,39.802175
create,tmux,N=50,4,False,1.87,1.87,last_create_ms,,8.129295
create,tmux,N=50,4,False,1.87,1.87,mean_create_ms,,8.6629565
create,herdr,N=50,4,False,1.87,1.87,total_ms,,2238.082843
create,herdr,N=50,4,False,1.87,1.87,first_ready_ms,,147.479746
create,herdr,N=50,4,False,1.87,1.87,last_create_ms,,115.550232
create,herdr,N=50,4,False,1.87,1.87,mean_create_ms,,43.2122709
create,thurbox,N=50,4,False,1.8,1.8,total_ms,,1799.878423
create,thurbox,N=50,4,False,1.8,1.8,first_ready_ms,,59.521408
create,thurbox,N=50,4,False,1.8,1.8,last_create_ms,,36.787571
create,thurbox,N=50,4,False,1.8,1.8,mean_create_ms,,35.90174954
create,tmux,N=50,5,False,1.8,1.8,total_ms,,458.878299
create,tmux,N=50,5,False,1.8,1.8,first_ready_ms,,39.054189
create,tmux,N=50,5,False,1.8,1.8,last_create_ms,,7.252241
create,tmux,N=50,5,False,1.8,1.8,mean_create_ms,,8.535797859999999
create,herdr,N=50,5,False,1.8,2.22,total_ms,,2802.015679
create,herdr,N=50,5,False,1.8,2.22,first_ready_ms,,148.457469
create,herdr,N=50,5,False,1.8,2.22,last_create_ms,,33.010923
create,herdr,N=50,5,False,1.8,2.22,mean_create_ms,,54.851991520000006
create,thurbox,N=50,5,False,2.22,2.22,total_ms,,1843.985856
create,thurbox,N=50,5,False,2.22,2.22,first_ready_ms,,95.665483
create,thurbox,N=50,5,False,2.22,2.22,last_create_ms,,36.15601
create,thurbox,N=50,5,False,2.22,2.22,mean_create_ms,,36.76422928
attach,tmux,N=1,0,True,2.22,2.04,attach_ms,,10.696426
attach,tmux,N=1,0,True,2.22,2.04,detach_ms,,2.604154
attach,tmux,N=1,0,True,2.22,2.04,reattach_ms,,10.592343
attach,tmux,N=1,0,True,2.22,2.04,survivors,,1
attach,herdr,N=1,0,True,2.04,1.88,attach_ms,,241.706066
attach,herdr,N=1,0,True,2.04,1.88,detach_ms,,10.460762
attach,herdr,N=1,0,True,2.04,1.88,reattach_ms,,244.323685
attach,herdr,N=1,0,True,2.04,1.88,survivors,,1
attach,thurbox,N=1,0,True,1.88,1.81,attach_ms,,92.552596
attach,thurbox,N=1,0,True,1.88,1.81,detach_ms,,12.207816
attach,thurbox,N=1,0,True,1.88,1.81,reattach_ms,,105.046269
attach,thurbox,N=1,0,True,1.88,1.81,survivors,,1
attach,tmux,N=1,1,False,1.81,1.66,attach_ms,,10.481853
attach,tmux,N=1,1,False,1.81,1.66,detach_ms,,2.524497
attach,tmux,N=1,1,False,1.81,1.66,reattach_ms,,10.821104
attach,tmux,N=1,1,False,1.81,1.66,survivors,,1
attach,herdr,N=1,1,False,1.66,1.53,attach_ms,,242.986619
attach,herdr,N=1,1,False,1.66,1.53,detach_ms,,11.01676
attach,herdr,N=1,1,False,1.66,1.53,reattach_ms,,242.930347
attach,herdr,N=1,1,False,1.66,1.53,survivors,,1
attach,thurbox,N=1,1,False,1.53,1.41,attach_ms,,83.897205
attach,thurbox,N=1,1,False,1.53,1.41,detach_ms,,12.334593
attach,thurbox,N=1,1,False,1.53,1.41,reattach_ms,,86.838383
attach,thurbox,N=1,1,False,1.53,1.41,survivors,,1
attach,tmux,N=1,2,False,1.41,1.3,attach_ms,,10.675898
attach,tmux,N=1,2,False,1.41,1.3,detach_ms,,2.644013
attach,tmux,N=1,2,False,1.41,1.3,reattach_ms,,10.353965
attach,tmux,N=1,2,False,1.41,1.3,survivors,,1
attach,herdr,N=1,2,False,1.3,1.1,attach_ms,,242.706854
attach,herdr,N=1,2,False,1.3,1.1,detach_ms,,10.890164
attach,herdr,N=1,2,False,1.3,1.1,reattach_ms,,242.204445
attach,herdr,N=1,2,False,1.3,1.1,survivors,,1
attach,thurbox,N=1,2,False,1.1,1.01,attach_ms,,90.213157
attach,thurbox,N=1,2,False,1.1,1.01,detach_ms,,12.292317
attach,thurbox,N=1,2,False,1.1,1.01,reattach_ms,,105.004123
attach,thurbox,N=1,2,False,1.1,1.01,survivors,,1
attach,tmux,N=1,3,False,1.01,0.93,attach_ms,,10.712382
attach,tmux,N=1,3,False,1.01,0.93,detach_ms,,2.537278
attach,tmux,N=1,3,False,1.01,0.93,reattach_ms,,10.513122
attach,tmux,N=1,3,False,1.01,0.93,survivors,,1
attach,herdr,N=1,3,False,0.93,0.85,attach_ms,,243.268634
attach,herdr,N=1,3,False,0.93,0.85,detach_ms,,11.099904
attach,herdr,N=1,3,False,0.93,0.85,reattach_ms,,242.437084
attach,herdr,N=1,3,False,0.93,0.85,survivors,,1
attach,thurbox,N=1,3,False,0.85,0.78,attach_ms,,92.086272
attach,thurbox,N=1,3,False,0.85,0.78,detach_ms,,12.093359
attach,thurbox,N=1,3,False,0.85,0.78,reattach_ms,,89.657385
attach,thurbox,N=1,3,False,0.85,0.78,survivors,,1
attach,tmux,N=1,4,False,0.72,0.66,attach_ms,,10.730168
attach,tmux,N=1,4,False,0.72,0.66,detach_ms,,2.562726
attach,tmux,N=1,4,False,0.72,0.66,reattach_ms,,10.52837
attach,tmux,N=1,4,False,0.72,0.66,survivors,,1
attach,herdr,N=1,4,False,0.66,0.61,attach_ms,,242.379377
attach,herdr,N=1,4,False,0.66,0.61,detach_ms,,11.080601
attach,herdr,N=1,4,False,0.66,0.61,reattach_ms,,244.83825
attach,herdr,N=1,4,False,0.66,0.61,survivors,,1
attach,thurbox,N=1,4,False,0.61,0.56,attach_ms,,87.826677
attach,thurbox,N=1,4,False,0.61,0.56,detach_ms,,12.244106
attach,thurbox,N=1,4,False,0.61,0.56,reattach_ms,,86.892308
attach,thurbox,N=1,4,False,0.61,0.56,survivors,,1
attach,tmux,N=1,5,False,0.56,0.52,attach_ms,,10.579015
attach,tmux,N=1,5,False,0.56,0.52,detach_ms,,2.570065
attach,tmux,N=1,5,False,0.56,0.52,reattach_ms,,10.564895
attach,tmux,N=1,5,False,0.56,0.52,survivors,,1
attach,herdr,N=1,5,False,0.52,0.47,attach_ms,,242.992014
attach,herdr,N=1,5,False,0.52,0.47,detach_ms,,11.081385
attach,herdr,N=1,5,False,0.52,0.47,reattach_ms,,245.098195
attach,herdr,N=1,5,False,0.52,0.47,survivors,,1
attach,thurbox,N=1,5,False,0.52,0.56,attach_ms,,85.626352
attach,thurbox,N=1,5,False,0.52,0.56,detach_ms,,12.116952
attach,thurbox,N=1,5,False,0.52,0.56,reattach_ms,,87.705314
attach,thurbox,N=1,5,False,0.52,0.56,survivors,,1
attach,tmux,N=20,0,True,0.56,0.51,attach_ms,,11.633476
attach,tmux,N=20,0,True,0.56,0.51,detach_ms,,4.892508
attach,tmux,N=20,0,True,0.56,0.51,reattach_ms,,11.667451
attach,tmux,N=20,0,True,0.56,0.51,survivors,,20
attach,herdr,N=20,0,True,0.51,0.47,attach_ms,,269.320853
attach,herdr,N=20,0,True,0.51,0.47,detach_ms,,11.180609
attach,herdr,N=20,0,True,0.51,0.47,reattach_ms,,287.76296
attach,herdr,N=20,0,True,0.51,0.47,survivors,,20
attach,thurbox,N=20,0,True,0.47,0.54,attach_ms,,123.133944
attach,thurbox,N=20,0,True,0.47,0.54,detach_ms,,15.020152
attach,thurbox,N=20,0,True,0.47,0.54,reattach_ms,,107.138785
attach,thurbox,N=20,0,True,0.47,0.54,survivors,,20
attach,tmux,N=20,1,False,0.54,0.5,attach_ms,,11.609026
attach,tmux,N=20,1,False,0.54,0.5,detach_ms,,4.959456
attach,tmux,N=20,1,False,0.54,0.5,reattach_ms,,11.679433
attach,tmux,N=20,1,False,0.54,0.5,survivors,,20
attach,herdr,N=20,1,False,0.5,0.46,attach_ms,,287.733567
attach,herdr,N=20,1,False,0.5,0.46,detach_ms,,10.75744
attach,herdr,N=20,1,False,0.5,0.46,reattach_ms,,264.359693
attach,herdr,N=20,1,False,0.5,0.46,survivors,,20
attach,thurbox,N=20,1,False,0.46,0.39,attach_ms,,147.395101
attach,thurbox,N=20,1,False,0.46,0.39,detach_ms,,15.332131
attach,thurbox,N=20,1,False,0.46,0.39,reattach_ms,,112.125214
attach,thurbox,N=20,1,False,0.46,0.39,survivors,,20
attach,tmux,N=20,2,False,0.39,0.36,attach_ms,,12.928573
attach,tmux,N=20,2,False,0.39,0.36,detach_ms,,5.005392
attach,tmux,N=20,2,False,0.39,0.36,reattach_ms,,11.696913
attach,tmux,N=20,2,False,0.39,0.36,survivors,,20
attach,herdr,N=20,2,False,0.36,0.33,attach_ms,,270.40281
attach,herdr,N=20,2,False,0.36,0.33,detach_ms,,10.99504
attach,herdr,N=20,2,False,0.36,0.33,reattach_ms,,263.827899
attach,herdr,N=20,2,False,0.36,0.33,survivors,,20
attach,thurbox,N=20,2,False,0.33,0.44,attach_ms,,138.55523
attach,thurbox,N=20,2,False,0.33,0.44,detach_ms,,15.253662
attach,thurbox,N=20,2,False,0.33,0.44,reattach_ms,,97.26611
attach,thurbox,N=20,2,False,0.33,0.44,survivors,,20
attach,tmux,N=20,3,False,0.44,0.4,attach_ms,,11.370294
attach,tmux,N=20,3,False,0.44,0.4,detach_ms,,4.952473
attach,tmux,N=20,3,False,0.44,0.4,reattach_ms,,11.420015
attach,tmux,N=20,3,False,0.44,0.4,survivors,,20
attach,herdr,N=20,3,False,0.4,0.37,attach_ms,,269.213189
attach,herdr,N=20,3,False,0.4,0.37,detach_ms,,11.108738
attach,herdr,N=20,3,False,0.4,0.37,reattach_ms,,266.118052
attach,herdr,N=20,3,False,0.4,0.37,survivors,,20
attach,thurbox,N=20,3,False,0.37,0.31,attach_ms,,113.470971
attach,thurbox,N=20,3,False,0.37,0.31,detach_ms,,14.906299
attach,thurbox,N=20,3,False,0.37,0.31,reattach_ms,,105.117144
attach,thurbox,N=20,3,False,0.37,0.31,survivors,,20
attach,tmux,N=20,4,False,0.31,0.29,attach_ms,,18.045123
attach,tmux,N=20,4,False,0.31,0.29,detach_ms,,4.919573
attach,tmux,N=20,4,False,0.31,0.29,reattach_ms,,11.637122
attach,tmux,N=20,4,False,0.31,0.29,survivors,,20
attach,herdr,N=20,4,False,0.29,0.26,attach_ms,,266.41799
attach,herdr,N=20,4,False,0.29,0.26,detach_ms,,10.696879
attach,herdr,N=20,4,False,0.29,0.26,reattach_ms,,261.89478
attach,herdr,N=20,4,False,0.29,0.26,survivors,,20
attach,thurbox,N=20,4,False,0.26,0.37,attach_ms,,107.009645
attach,thurbox,N=20,4,False,0.26,0.37,detach_ms,,14.71907
attach,thurbox,N=20,4,False,0.26,0.37,reattach_ms,,110.384256
attach,thurbox,N=20,4,False,0.26,0.37,survivors,,20
attach,tmux,N=20,5,False,0.37,0.34,attach_ms,,11.968184
attach,tmux,N=20,5,False,0.37,0.34,detach_ms,,4.93072
attach,tmux,N=20,5,False,0.37,0.34,reattach_ms,,11.63992
attach,tmux,N=20,5,False,0.37,0.34,survivors,,20
attach,herdr,N=20,5,False,0.34,0.31,attach_ms,,266.422815
attach,herdr,N=20,5,False,0.34,0.31,detach_ms,,9.842935
attach,herdr,N=20,5,False,0.34,0.31,reattach_ms,,263.343814
attach,herdr,N=20,5,False,0.34,0.31,survivors,,20
attach,thurbox,N=20,5,False,0.31,0.57,attach_ms,,103.903201
attach,thurbox,N=20,5,False,0.31,0.57,detach_ms,,14.78908
attach,thurbox,N=20,5,False,0.31,0.57,reattach_ms,,107.196685
attach,thurbox,N=20,5,False,0.31,0.57,survivors,,20
attach,tmux,N=50,0,True,0.57,0.53,attach_ms,,13.019458
attach,tmux,N=50,0,True,0.57,0.53,detach_ms,,6.421627
attach,tmux,N=50,0,True,0.57,0.53,reattach_ms,,20.009855
attach,tmux,N=50,0,True,0.57,0.53,survivors,,50
attach,herdr,N=50,0,True,0.53,0.45,attach_ms,,432.950656
attach,herdr,N=50,0,True,0.53,0.45,detach_ms,,11.120444
attach,herdr,N=50,0,True,0.53,0.45,reattach_ms,,423.370948
attach,herdr,N=50,0,True,0.53,0.45,survivors,,50
attach,thurbox,N=50,0,True,0.45,0.41,attach_ms,,146.350746
attach,thurbox,N=50,0,True,0.45,0.41,detach_ms,,21.761221
attach,thurbox,N=50,0,True,0.45,0.41,reattach_ms,,151.392687
attach,thurbox,N=50,0,True,0.45,0.41,survivors,,50
attach,tmux,N=50,1,False,0.46,0.42,attach_ms,,13.090516
attach,tmux,N=50,1,False,0.46,0.42,detach_ms,,7.131263
attach,tmux,N=50,1,False,0.46,0.42,reattach_ms,,21.566155
attach,tmux,N=50,1,False,0.46,0.42,survivors,,50
attach,herdr,N=50,1,False,0.42,0.36,attach_ms,,432.93106
attach,herdr,N=50,1,False,0.42,0.36,detach_ms,,10.702794
attach,herdr,N=50,1,False,0.42,0.36,reattach_ms,,316.181084
attach,herdr,N=50,1,False,0.42,0.36,survivors,,50
attach,thurbox,N=50,1,False,0.36,0.33,attach_ms,,178.380577
attach,thurbox,N=50,1,False,0.36,0.33,detach_ms,,24.404183
attach,thurbox,N=50,1,False,0.36,0.33,reattach_ms,,149.984293
attach,thurbox,N=50,1,False,0.36,0.33,survivors,,50
attach,tmux,N=50,2,False,0.33,0.3,attach_ms,,13.65892
attach,tmux,N=50,2,False,0.33,0.3,detach_ms,,5.749227
attach,tmux,N=50,2,False,0.33,0.3,reattach_ms,,13.126415
attach,tmux,N=50,2,False,0.33,0.3,survivors,,50
attach,herdr,N=50,2,False,0.36,0.49,attach_ms,,440.120843
attach,herdr,N=50,2,False,0.36,0.49,detach_ms,,20.195553
attach,herdr,N=50,2,False,0.36,0.49,reattach_ms,,323.267635
attach,herdr,N=50,2,False,0.36,0.49,survivors,,50
attach,thurbox,N=50,2,False,0.49,0.49,attach_ms,,178.818016
attach,thurbox,N=50,2,False,0.49,0.49,detach_ms,,20.048798
attach,thurbox,N=50,2,False,0.49,0.49,reattach_ms,,165.608984
attach,thurbox,N=50,2,False,0.49,0.49,survivors,,50
attach,tmux,N=50,3,False,0.49,0.45,attach_ms,,12.755354
attach,tmux,N=50,3,False,0.49,0.45,detach_ms,,7.148062
attach,tmux,N=50,3,False,0.49,0.45,reattach_ms,,13.215763
attach,tmux,N=50,3,False,0.49,0.45,survivors,,50
attach,herdr,N=50,3,False,0.45,0.45,attach_ms,,432.390364
attach,herdr,N=50,3,False,0.45,0.45,detach_ms,,10.641339
attach,herdr,N=50,3,False,0.45,0.45,reattach_ms,,421.86539
attach,herdr,N=50,3,False,0.45,0.45,survivors,,50
attach,thurbox,N=50,3,False,0.45,0.38,attach_ms,,155.752209
attach,thurbox,N=50,3,False,0.45,0.38,detach_ms,,21.42233
attach,thurbox,N=50,3,False,0.45,0.38,reattach_ms,,151.711845
attach,thurbox,N=50,3,False,0.45,0.38,survivors,,50
attach,tmux,N=50,4,False,0.38,0.35,attach_ms,,13.336109
attach,tmux,N=50,4,False,0.38,0.35,detach_ms,,3.075217
attach,tmux,N=50,4,False,0.38,0.35,reattach_ms,,13.211733
attach,tmux,N=50,4,False,0.38,0.35,survivors,,50
attach,herdr,N=50,4,False,0.35,0.3,attach_ms,,438.571935
attach,herdr,N=50,4,False,0.35,0.3,detach_ms,,11.018481
attach,herdr,N=50,4,False,0.35,0.3,reattach_ms,,423.319928
attach,herdr,N=50,4,False,0.35,0.3,survivors,,50
attach,thurbox,N=50,4,False,0.3,3.16,attach_ms,,178.628828
attach,thurbox,N=50,4,False,0.3,3.16,detach_ms,,21.81164
attach,thurbox,N=50,4,False,0.3,3.16,reattach_ms,,184.18996
attach,thurbox,N=50,4,False,0.3,3.16,survivors,,50
attach,tmux,N=50,5,False,3.16,2.74,attach_ms,,13.758693
attach,tmux,N=50,5,False,3.16,2.74,detach_ms,,7.065689
attach,tmux,N=50,5,False,3.16,2.74,reattach_ms,,13.220149
attach,tmux,N=50,5,False,3.16,2.74,survivors,,50
attach,herdr,N=50,5,False,2.74,2.52,attach_ms,,427.874132
attach,herdr,N=50,5,False,2.74,2.52,detach_ms,,10.643769
attach,herdr,N=50,5,False,2.74,2.52,reattach_ms,,321.362326
attach,herdr,N=50,5,False,2.74,2.52,survivors,,50
attach,thurbox,N=50,5,False,2.52,2.28,attach_ms,,147.240969
attach,thurbox,N=50,5,False,2.52,2.28,detach_ms,,22.896003
attach,thurbox,N=50,5,False,2.52,2.28,reattach_ms,,150.46784
attach,thurbox,N=50,5,False,2.52,2.28,survivors,,50
resources,tmux,N=1 headless idle,0,True,2.28,1.93,pss_mib,,3.1083984375
resources,tmux,N=1 headless idle,0,True,2.28,1.93,rss_mib,,3.84375
resources,tmux,N=1 headless idle,0,True,2.28,1.93,cpu_pct,,0.0
resources,tmux,N=1 headless output,0,True,2.28,1.5,pss_mib,,3.1083984375
resources,tmux,N=1 headless output,0,True,2.28,1.5,rss_mib,,3.84375
resources,tmux,N=1 headless output,0,True,2.28,1.5,cpu_pct,,0.19999316487363916
resources,tmux,N=1 attached idle,0,True,2.28,1.27,first_view_stale,,False
resources,tmux,N=1 attached idle,0,True,2.28,1.27,pss_mib,,5.603515625
resources,tmux,N=1 attached idle,0,True,2.28,1.27,rss_mib,,9.57421875
resources,tmux,N=1 attached idle,0,True,2.28,1.27,cpu_pct,,0.0
resources,tmux,N=1 attached output,0,True,2.28,1.15,pss_mib,,5.603515625
resources,tmux,N=1 attached output,0,True,2.28,1.15,rss_mib,,9.57421875
resources,tmux,N=1 attached output,0,True,2.28,1.15,cpu_pct,,0.29914606804445565
resources,herdr,N=1 headless idle,0,True,1.15,0.89,pss_mib,,17.67578125
resources,herdr,N=1 headless idle,0,True,1.15,0.89,rss_mib,,17.6796875
resources,herdr,N=1 headless idle,0,True,1.15,0.89,cpu_pct,,0.4999920376267427
resources,herdr,N=1 headless output,0,True,1.15,0.76,pss_mib,,17.6953125
resources,herdr,N=1 headless output,0,True,1.15,0.76,rss_mib,,17.69921875
resources,herdr,N=1 headless output,0,True,1.15,0.76,cpu_pct,,0.9999656966766083
resources,herdr,N=1 attached idle,0,True,1.15,0.59,first_view_stale,,False
resources,herdr,N=1 attached idle,0,True,1.15,0.59,pss_mib,,22.6171875
resources,herdr,N=1 attached idle,0,True,1.15,0.59,rss_mib,,32.6875
resources,herdr,N=1 attached idle,0,True,1.15,0.59,cpu_pct,,1.0981131233112966
resources,herdr,N=1 attached output,0,True,1.15,0.5,pss_mib,,22.64453125
resources,herdr,N=1 attached output,0,True,1.15,0.5,rss_mib,,32.71484375
resources,herdr,N=1 attached output,0,True,1.15,0.5,cpu_pct,,8.574436094770002
resources,thurbox,N=1 headless idle,0,True,0.5,0.49,pss_mib,,8.025390625
resources,thurbox,N=1 headless idle,0,True,0.5,0.49,rss_mib,,17.07421875
resources,thurbox,N=1 headless idle,0,True,0.5,0.49,cpu_pct,,0.0
resources,thurbox,N=1 headless output,0,True,0.5,0.38,pss_mib,,8.025390625
resources,thurbox,N=1 headless output,0,True,0.5,0.38,rss_mib,,17.07421875
resources,thurbox,N=1 headless output,0,True,0.5,0.38,cpu_pct,,0.09999658403669333
resources,thurbox,N=1 attached idle,0,True,0.5,0.32,first_view_stale,,False
resources,thurbox,N=1 attached idle,0,True,0.5,0.32,pss_mib,,28.201171875
resources,thurbox,N=1 attached idle,0,True,0.5,0.32,rss_mib,,42.4765625
resources,thurbox,N=1 attached idle,0,True,0.5,0.32,cpu_pct,,2.8885529388271616
resources,thurbox,N=1 attached output,0,True,0.5,0.27,pss_mib,,28.662109375
resources,thurbox,N=1 attached output,0,True,0.5,0.27,rss_mib,,42.9375
resources,thurbox,N=1 attached output,0,True,0.5,0.27,cpu_pct,,7.978787374873313
resources,tmux,N=1 headless idle,1,False,0.27,0.21,pss_mib,,3.1083984375
resources,tmux,N=1 headless idle,1,False,0.27,0.21,rss_mib,,3.84375
resources,tmux,N=1 headless idle,1,False,0.27,0.21,cpu_pct,,0.0
resources,tmux,N=1 headless output,1,False,0.27,0.25,pss_mib,,3.1083984375
resources,tmux,N=1 headless output,1,False,0.27,0.25,rss_mib,,3.84375
resources,tmux,N=1 headless output,1,False,0.27,0.25,cpu_pct,,0.19999300100494333
resources,tmux,N=1 attached idle,1,False,0.27,0.2,first_view_stale,,False
resources,tmux,N=1 attached idle,1,False,0.27,0.2,pss_mib,,5.603515625
resources,tmux,N=1 attached idle,1,False,0.27,0.2,rss_mib,,9.57421875
resources,tmux,N=1 attached idle,1,False,0.27,0.2,cpu_pct,,0.0
resources,tmux,N=1 attached output,1,False,0.27,0.17,pss_mib,,5.603515625
resources,tmux,N=1 attached output,1,False,0.27,0.17,rss_mib,,9.57421875
resources,tmux,N=1 attached output,1,False,0.27,0.17,cpu_pct,,0.2991975065998185
resources,herdr,N=1 headless idle,1,False,0.17,0.22,pss_mib,,17.67578125
resources,herdr,N=1 headless idle,1,False,0.17,0.22,rss_mib,,17.6796875
resources,herdr,N=1 headless idle,1,False,0.17,0.22,cpu_pct,,0.49998240646900083
resources,herdr,N=1 headless output,1,False,0.17,0.19,pss_mib,,17.6953125
resources,herdr,N=1 headless output,1,False,0.17,0.19,rss_mib,,17.69921875
resources,herdr,N=1 headless output,1,False,0.17,0.19,cpu_pct,,1.0999615153164497
resources,herdr,N=1 attached idle,1,False,0.17,0.35,first_view_stale,,False
resources,herdr,N=1 attached idle,1,False,0.17,0.35,pss_mib,,22.58984375
resources,herdr,N=1 attached idle,1,False,0.17,0.35,rss_mib,,32.66015625
resources,herdr,N=1 attached idle,1,False,0.17,0.35,cpu_pct,,0.9980824844298887
resources,herdr,N=1 attached output,1,False,0.17,0.3,pss_mib,,22.60546875
resources,herdr,N=1 attached output,1,False,0.17,0.3,rss_mib,,32.67578125
resources,herdr,N=1 attached output,1,False,0.17,0.3,cpu_pct,,8.774478449321188
resources,thurbox,N=1 headless idle,1,False,0.3,0.23,pss_mib,,8.025390625
resources,thurbox,N=1 headless idle,1,False,0.3,0.23,rss_mib,,17.07421875
resources,thurbox,N=1 headless idle,1,False,0.3,0.23,cpu_pct,,0.0
resources,thurbox,N=1 headless output,1,False,0.3,0.2,pss_mib,,8.0234375
resources,thurbox,N=1 headless output,1,False,0.3,0.2,rss_mib,,17.07421875
resources,thurbox,N=1 headless output,1,False,0.3,0.2,cpu_pct,,0.09999653632999352
resources,thurbox,N=1 attached idle,1,False,0.3,0.23,first_view_stale,,False
resources,thurbox,N=1 attached idle,1,False,0.3,0.23,pss_mib,,28.212890625
resources,thurbox,N=1 attached idle,1,False,0.3,0.23,rss_mib,,42.48828125
resources,thurbox,N=1 attached idle,1,False,0.3,0.23,cpu_pct,,2.794385541249335
resources,thurbox,N=1 attached output,1,False,0.3,0.19,pss_mib,,28.666015625
resources,thurbox,N=1 attached output,1,False,0.3,0.19,rss_mib,,42.94140625
resources,thurbox,N=1 attached output,1,False,0.3,0.19,cpu_pct,,7.982166956192474
resources,tmux,N=1 headless idle,2,False,0.19,0.16,pss_mib,,3.1083984375
resources,tmux,N=1 headless idle,2,False,0.19,0.16,rss_mib,,3.84375
resources,tmux,N=1 headless idle,2,False,0.19,0.16,cpu_pct,,0.0
resources,tmux,N=1 headless output,2,False,0.19,0.14,pss_mib,,3.1083984375
resources,tmux,N=1 headless output,2,False,0.19,0.14,rss_mib,,3.84375
resources,tmux,N=1 headless output,2,False,0.19,0.14,cpu_pct,,0.09999654897909872
resources,tmux,N=1 attached idle,2,False,0.19,0.1,first_view_stale,,False
resources,tmux,N=1 attached idle,2,False,0.19,0.1,pss_mib,,5.603515625
resources,tmux,N=1 attached idle,2,False,0.19,0.1,rss_mib,,9.57421875
resources,tmux,N=1 attached idle,2,False,0.19,0.1,cpu_pct,,0.0
resources,tmux,N=1 attached output,2,False,0.19,0.09,pss_mib,,5.603515625
resources,tmux,N=1 attached output,2,False,0.19,0.09,rss_mib,,9.57421875
resources,tmux,N=1 attached output,2,False,0.19,0.09,cpu_pct,,0.2991895458439331
resources,herdr,N=1 headless idle,2,False,0.09,0.15,pss_mib,,17.6796875
resources,herdr,N=1 headless idle,2,False,0.09,0.15,rss_mib,,17.68359375
resources,herdr,N=1 headless idle,2,False,0.09,0.15,cpu_pct,,0.5999813349405677
resources,herdr,N=1 headless output,2,False,0.09,0.12,pss_mib,,17.69921875
resources,herdr,N=1 headless output,2,False,0.09,0.12,rss_mib,,17.703125
resources,herdr,N=1 headless output,2,False,0.09,0.12,cpu_pct,,0.9999652277091438
resources,herdr,N=1 attached idle,2,False,0.09,0.1,first_view_stale,,False
resources,herdr,N=1 attached idle,2,False,0.09,0.1,pss_mib,,22.6171875
resources,herdr,N=1 attached idle,2,False,0.09,0.1,rss_mib,,32.6875
resources,herdr,N=1 attached idle,2,False,0.09,0.1,cpu_pct,,1.097733895885806
resources,herdr,N=1 attached output,2,False,0.09,0.15,pss_mib,,22.64453125
resources,herdr,N=1 attached output,2,False,0.09,0.15,rss_mib,,32.71484375
resources,herdr,N=1 attached output,2,False,0.09,0.15,cpu_pct,,8.474952278539943
resources,thurbox,N=1 headless idle,2,False,0.15,0.13,pss_mib,,8.025390625
resources,thurbox,N=1 headless idle,2,False,0.15,0.13,rss_mib,,17.07421875
resources,thurbox,N=1 headless idle,2,False,0.15,0.13,cpu_pct,,0.0
resources,thurbox,N=1 headless output,2,False,0.15,0.19,pss_mib,,8.025390625
resources,thurbox,N=1 headless output,2,False,0.15,0.19,rss_mib,,17.07421875
resources,thurbox,N=1 headless output,2,False,0.15,0.19,cpu_pct,,0.1999930808993658
resources,thurbox,N=1 attached idle,2,False,0.15,0.15,first_view_stale,,False
resources,thurbox,N=1 attached idle,2,False,0.15,0.15,pss_mib,,28.216796875
resources,thurbox,N=1 attached idle,2,False,0.15,0.15,rss_mib,,42.4921875
resources,thurbox,N=1 attached idle,2,False,0.15,0.15,cpu_pct,,2.886869675482119
resources,thurbox,N=1 attached output,2,False,0.15,0.2,pss_mib,,28.658203125
resources,thurbox,N=1 attached output,2,False,0.15,0.2,rss_mib,,42.93359375
resources,thurbox,N=1 attached output,2,False,0.15,0.2,cpu_pct,,7.8751493755095145
resources,tmux,N=1 headless idle,3,False,0.2,0.17,pss_mib,,3.1083984375
resources,tmux,N=1 headless idle,3,False,0.2,0.17,rss_mib,,3.84375
resources,tmux,N=1 headless idle,3,False,0.2,0.17,cpu_pct,,0.0
resources,tmux,N=1 headless output,3,False,0.2,0.13,pss_mib,,3.1083984375
resources,tmux,N=1 headless output,3,False,0.2,0.13,rss_mib,,3.84375
resources,tmux,N=1 headless output,3,False,0.2,0.13,cpu_pct,,0.09999684732942801
resources,tmux,N=1 attached idle,3,False,0.2,0.11,first_view_stale,,False
resources,tmux,N=1 attached idle,3,False,0.2,0.11,pss_mib,,5.603515625
resources,tmux,N=1 attached idle,3,False,0.2,0.11,rss_mib,,9.57421875
resources,tmux,N=1 attached idle,3,False,0.2,0.11,cpu_pct,,0.0
resources,tmux,N=1 attached output,3,False,0.2,0.09,pss_mib,,5.603515625
resources,tmux,N=1 attached output,3,False,0.2,0.09,rss_mib,,9.57421875
resources,tmux,N=1 attached output,3,False,0.2,0.09,cpu_pct,,0.2992062842694521
resources,herdr,N=1 headless idle,3,False,0.09,0.07,pss_mib,,17.6796875
resources,herdr,N=1 headless idle,3,False,0.09,0.07,rss_mib,,17.68359375
resources,herdr,N=1 headless idle,3,False,0.09,0.07,cpu_pct,,0.5999915732982187
resources,herdr,N=1 headless output,3,False,0.09,0.06,pss_mib,,17.69921875
resources,herdr,N=1 headless output,3,False,0.09,0.06,rss_mib,,17.703125
resources,herdr,N=1 headless output,3,False,0.09,0.06,cpu_pct,,0.99996339424013
resources,herdr,N=1 attached idle,3,False,0.09,0.05,first_view_stale,,False
resources,herdr,N=1 attached idle,3,False,0.09,0.05,pss_mib,,22.59375
resources,herdr,N=1 attached idle,3,False,0.09,0.05,rss_mib,,32.6640625
resources,herdr,N=1 attached idle,3,False,0.09,0.05,cpu_pct,,1.098050123328576
resources,herdr,N=1 attached output,3,False,0.09,0.04,pss_mib,,22.609375
resources,herdr,N=1 attached output,3,False,0.09,0.04,rss_mib,,32.6796875
resources,herdr,N=1 attached output,3,False,0.09,0.04,cpu_pct,,8.673252285803112
resources,thurbox,N=1 headless idle,3,False,0.04,0.03,pss_mib,,8.025390625
resources,thurbox,N=1 headless idle,3,False,0.04,0.03,rss_mib,,17.07421875
resources,thurbox,N=1 headless idle,3,False,0.04,0.03,cpu_pct,,0.0
resources,thurbox,N=1 headless output,3,False,0.04,0.02,pss_mib,,8.025390625
resources,thurbox,N=1 headless output,3,False,0.04,0.02,rss_mib,,17.07421875
resources,thurbox,N=1 headless output,3,False,0.04,0.02,cpu_pct,,0.0999965721475009
resources,thurbox,N=1 attached idle,3,False,0.04,0.02,first_view_stale,,False
resources,thurbox,N=1 attached idle,3,False,0.04,0.02,pss_mib,,28.205078125
resources,thurbox,N=1 attached idle,3,False,0.04,0.02,rss_mib,,42.48046875
resources,thurbox,N=1 attached idle,3,False,0.04,0.02,cpu_pct,,2.885653348766983
resources,thurbox,N=1 attached output,3,False,0.04,0.02,pss_mib,,28.646484375
resources,thurbox,N=1 attached output,3,False,0.04,0.02,rss_mib,,42.921875
resources,thurbox,N=1 attached output,3,False,0.04,0.02,cpu_pct,,8.085077298448228
resources,tmux,N=1 headless idle,4,False,0.02,0.01,pss_mib,,3.1083984375
resources,tmux,N=1 headless idle,4,False,0.02,0.01,rss_mib,,3.84375
resources,tmux,N=1 headless idle,4,False,0.02,0.01,cpu_pct,,0.0
resources,tmux,N=1 headless output,4,False,0.02,0.01,pss_mib,,3.1083984375
resources,tmux,N=1 headless output,4,False,0.02,0.01,rss_mib,,3.84375
resources,tmux,N=1 headless output,4,False,0.02,0.01,cpu_pct,,0.09999651155169634
resources,tmux,N=1 attached idle,4,False,0.02,0.01,first_view_stale,,False
resources,tmux,N=1 attached idle,4,False,0.02,0.01,pss_mib,,5.603515625
resources,tmux,N=1 attached idle,4,False,0.02,0.01,rss_mib,,9.57421875
resources,tmux,N=1 attached idle,4,False,0.02,0.01,cpu_pct,,0.0
resources,tmux,N=1 attached output,4,False,0.02,0.01,pss_mib,,5.603515625
resources,tmux,N=1 attached output,4,False,0.02,0.01,rss_mib,,9.57421875
resources,tmux,N=1 attached output,4,False,0.02,0.01,cpu_pct,,0.29923432074618167
resources,herdr,N=1 headless idle,4,False,0.01,0.0,pss_mib,,17.6796875
resources,herdr,N=1 headless idle,4,False,0.01,0.0,rss_mib,,17.68359375
resources,herdr,N=1 headless idle,4,False,0.01,0.0,cpu_pct,,0.49999086476702115
resources,herdr,N=1 headless output,4,False,0.01,0.0,pss_mib,,17.69921875
resources,herdr,N=1 headless output,4,False,0.01,0.0,rss_mib,,17.703125
resources,herdr,N=1 headless output,4,False,0.01,0.0,cpu_pct,,1.1999589578035532
resources,herdr,N=1 attached idle,4,False,0.01,0.0,first_view_stale,,False
resources,herdr,N=1 attached idle,4,False,0.01,0.0,pss_mib,,22.62109375
resources,herdr,N=1 attached idle,4,False,0.01,0.0,rss_mib,,32.69140625
resources,herdr,N=1 attached idle,4,False,0.01,0.0,cpu_pct,,1.0980627490540265
resources,herdr,N=1 attached output,4,False,0.01,0.0,pss_mib,,22.64453125
resources,herdr,N=1 attached output,4,False,0.01,0.0,rss_mib,,32.71484375
resources,herdr,N=1 attached output,4,False,0.01,0.0,cpu_pct,,8.476102540070945
resources,thurbox,N=1 headless idle,4,False,0.0,0.0,pss_mib,,8.025390625
resources,thurbox,N=1 headless idle,4,False,0.0,0.0,rss_mib,,17.07421875
resources,thurbox,N=1 headless idle,4,False,0.0,0.0,cpu_pct,,0.0
resources,thurbox,N=1 headless output,4,False,0.0,0.0,pss_mib,,8.025390625
resources,thurbox,N=1 headless output,4,False,0.0,0.0,rss_mib,,17.07421875
resources,thurbox,N=1 headless output,4,False,0.0,0.0,cpu_pct,,0.09999720627811073
resources,thurbox,N=1 attached idle,4,False,0.0,0.07,first_view_stale,,False
resources,thurbox,N=1 attached idle,4,False,0.0,0.07,pss_mib,,28.220703125
resources,thurbox,N=1 attached idle,4,False,0.0,0.07,rss_mib,,42.49609375
resources,thurbox,N=1 attached idle,4,False,0.0,0.07,cpu_pct,,2.8952680272087954
resources,thurbox,N=1 attached output,4,False,0.0,0.06,pss_mib,,28.662109375
resources,thurbox,N=1 attached output,4,False,0.0,0.06,rss_mib,,42.9375
resources,thurbox,N=1 attached output,4,False,0.0,0.06,cpu_pct,,8.099925649159045
resources,tmux,N=1 headless idle,5,False,0.06,0.05,pss_mib,,3.1083984375
resources,tmux,N=1 headless idle,5,False,0.06,0.05,rss_mib,,3.84375
resources,tmux,N=1 headless idle,5,False,0.06,0.05,cpu_pct,,0.0
resources,tmux,N=1 headless output,5,False,0.06,0.04,pss_mib,,3.1083984375
resources,tmux,N=1 headless output,5,False,0.06,0.04,rss_mib,,3.84375
resources,tmux,N=1 headless output,5,False,0.06,0.04,cpu_pct,,0.09999647651416003
resources,tmux,N=1 attached idle,5,False,0.06,0.03,first_view_stale,,False
resources,tmux,N=1 attached idle,5,False,0.06,0.03,pss_mib,,5.603515625
resources,tmux,N=1 attached idle,5,False,0.06,0.03,rss_mib,,9.57421875
resources,tmux,N=1 attached idle,5,False,0.06,0.03,cpu_pct,,0.0
resources,tmux,N=1 attached output,5,False,0.06,0.02,pss_mib,,5.603515625
resources,tmux,N=1 attached output,5,False,0.06,0.02,rss_mib,,9.57421875
resources,tmux,N=1 attached output,5,False,0.06,0.02,cpu_pct,,0.2992121983981473
resources,herdr,N=1 headless idle,5,False,0.02,0.02,pss_mib,,17.6796875
resources,herdr,N=1 headless idle,5,False,0.02,0.02,rss_mib,,17.68359375
resources,herdr,N=1 headless idle,5,False,0.02,0.02,cpu_pct,,0.49998568205994176
resources,herdr,N=1 headless output,5,False,0.02,0.02,pss_mib,,17.69921875
resources,herdr,N=1 headless output,5,False,0.02,0.02,rss_mib,,17.703125
resources,herdr,N=1 headless output,5,False,0.02,0.02,cpu_pct,,1.0999617250717444
resources,herdr,N=1 attached idle,5,False,0.02,0.09,first_view_stale,,False
resources,herdr,N=1 attached idle,5,False,0.02,0.09,pss_mib,,22.6171875
resources,herdr,N=1 attached idle,5,False,0.02,0.09,rss_mib,,32.6875
resources,herdr,N=1 attached idle,5,False,0.02,0.09,cpu_pct,,0.9982307730116373
resources,herdr,N=1 attached output,5,False,0.02,0.07,pss_mib,,22.64453125
resources,herdr,N=1 attached output,5,False,0.02,0.07,rss_mib,,32.71484375
resources,herdr,N=1 attached output,5,False,0.02,0.07,cpu_pct,,8.474045335498127
resources,thurbox,N=1 headless idle,5,False,0.07,0.12,pss_mib,,8.025390625
resources,thurbox,N=1 headless idle,5,False,0.07,0.12,rss_mib,,17.07421875
resources,thurbox,N=1 headless idle,5,False,0.07,0.12,cpu_pct,,0.0
resources,thurbox,N=1 headless output,5,False,0.07,0.1,pss_mib,,8.025390625
resources,thurbox,N=1 headless output,5,False,0.07,0.1,rss_mib,,17.07421875
resources,thurbox,N=1 headless output,5,False,0.07,0.1,cpu_pct,,0.1999930059045214
resources,thurbox,N=1 attached idle,5,False,0.07,0.08,first_view_stale,,False
resources,thurbox,N=1 attached idle,5,False,0.07,0.08,pss_mib,,28.220703125
resources,thurbox,N=1 attached idle,5,False,0.07,0.08,rss_mib,,42.49609375
resources,thurbox,N=1 attached idle,5,False,0.07,0.08,cpu_pct,,2.896777559754181
resources,thurbox,N=1 attached output,5,False,0.07,0.07,pss_mib,,28.669921875
resources,thurbox,N=1 attached output,5,False,0.07,0.07,rss_mib,,42.9453125
resources,thurbox,N=1 attached output,5,False,0.07,0.07,cpu_pct,,7.878683827758952
resources,tmux,N=20 headless idle,0,True,0.07,0.06,pss_mib,,3.259765625
resources,tmux,N=20 headless idle,0,True,0.07,0.06,rss_mib,,3.99609375
resources,tmux,N=20 headless idle,0,True,0.07,0.06,cpu_pct,,0.0
resources,tmux,N=20 headless output,0,True,0.07,0.13,pss_mib,,3.388671875
resources,tmux,N=20 headless output,0,True,0.07,0.13,rss_mib,,4.125
resources,tmux,N=20 headless output,0,True,0.07,0.13,cpu_pct,,3.499942219453463
resources,tmux,N=20 attached idle,0,True,0.07,0.17,first_view_stale,,False
resources,tmux,N=20 attached idle,0,True,0.07,0.17,pss_mib,,8.0625
resources,tmux,N=20 attached idle,0,True,0.07,0.17,rss_mib,,12.0390625
resources,tmux,N=20 attached idle,0,True,0.07,0.17,cpu_pct,,0.0
resources,tmux,N=20 attached output,0,True,0.07,0.23,pss_mib,,8.08203125
resources,tmux,N=20 attached output,0,True,0.07,0.23,rss_mib,,12.05859375
resources,tmux,N=20 attached output,0,True,0.07,0.23,cpu_pct,,3.6915829104060314
resources,herdr,N=20 headless idle,0,True,0.23,0.17,pss_mib,,26.84375
resources,herdr,N=20 headless idle,0,True,0.23,0.17,rss_mib,,26.84765625
resources,herdr,N=20 headless idle,0,True,0.23,0.17,cpu_pct,,8.999705166058309
resources,herdr,N=20 headless output,0,True,0.23,0.22,pss_mib,,27.17578125
resources,herdr,N=20 headless output,0,True,0.23,0.22,rss_mib,,27.1796875
resources,herdr,N=20 headless output,0,True,0.23,0.22,cpu_pct,,26.599837445731172
resources,herdr,N=20 attached idle,0,True,0.23,0.17,first_view_stale,,False
resources,herdr,N=20 attached idle,0,True,0.23,0.17,pss_mib,,34.8359375
resources,herdr,N=20 attached idle,0,True,0.23,0.17,rss_mib,,44.84375
resources,herdr,N=20 attached idle,0,True,0.23,0.17,cpu_pct,,18.976735535593328
resources,herdr,N=20 attached output,0,True,0.23,0.31,pss_mib,,34.88671875
resources,herdr,N=20 attached output,0,True,0.23,0.31,rss_mib,,44.89453125
resources,herdr,N=20 attached output,0,True,0.23,0.31,cpu_pct,,31.39056955209535
resources,thurbox,N=20 headless idle,0,True,0.31,0.24,pss_mib,,8.369140625
resources,thurbox,N=20 headless idle,0,True,0.31,0.24,rss_mib,,17.44140625
resources,thurbox,N=20 headless idle,0,True,0.31,0.24,cpu_pct,,0.0
resources,thurbox,N=20 headless output,0,True,0.31,0.2,pss_mib,,8.443359375
resources,thurbox,N=20 headless output,0,True,0.31,0.2,rss_mib,,17.515625
resources,thurbox,N=20 headless output,0,True,0.31,0.2,cpu_pct,,4.499924679360437
resources,thurbox,N=20 attached idle,0,True,0.31,0.24,first_view_stale,,False
resources,thurbox,N=20 attached idle,0,True,0.31,0.24,pss_mib,,35.7734375
resources,thurbox,N=20 attached idle,0,True,0.31,0.24,rss_mib,,50.07421875
resources,thurbox,N=20 attached idle,0,True,0.31,0.24,cpu_pct,,5.482414308525097
resources,thurbox,N=20 attached output,0,True,0.31,0.2,pss_mib,,36.3984375
resources,thurbox,N=20 attached output,0,True,0.31,0.2,rss_mib,,50.69921875
resources,thurbox,N=20 attached output,0,True,0.31,0.2,cpu_pct,,19.05780873483035
resources,tmux,N=20 headless idle,1,False,0.2,0.17,pss_mib,,3.263671875
resources,tmux,N=20 headless idle,1,False,0.2,0.17,rss_mib,,4.0
resources,tmux,N=20 headless idle,1,False,0.2,0.17,cpu_pct,,0.0
resources,tmux,N=20 headless output,1,False,0.2,0.14,pss_mib,,3.392578125
resources,tmux,N=20 headless output,1,False,0.2,0.14,rss_mib,,4.12890625
resources,tmux,N=20 headless output,1,False,0.2,0.14,cpu_pct,,3.499879002183122
resources,tmux,N=20 attached idle,1,False,0.2,0.11,first_view_stale,,False
resources,tmux,N=20 attached idle,1,False,0.2,0.11,pss_mib,,8.0546875
resources,tmux,N=20 attached idle,1,False,0.2,0.11,rss_mib,,12.03125
resources,tmux,N=20 attached idle,1,False,0.2,0.11,cpu_pct,,0.0
resources,tmux,N=20 attached output,1,False,0.2,0.09,pss_mib,,8.0625
resources,tmux,N=20 attached output,1,False,0.2,0.09,rss_mib,,12.0390625
resources,tmux,N=20 attached output,1,False,0.2,0.09,cpu_pct,,3.4924918769369713
resources,herdr,N=20 headless idle,1,False,0.09,0.07,pss_mib,,26.83984375
resources,herdr,N=20 headless idle,1,False,0.09,0.07,rss_mib,,26.84375
resources,herdr,N=20 headless idle,1,False,0.09,0.07,cpu_pct,,9.199840575964313
resources,herdr,N=20 headless output,1,False,0.09,0.06,pss_mib,,27.16015625
resources,herdr,N=20 headless output,1,False,0.09,0.06,rss_mib,,27.1640625
resources,herdr,N=20 headless output,1,False,0.09,0.06,cpu_pct,,18.19936415789226
resources,herdr,N=20 attached idle,1,False,0.09,0.05,first_view_stale,,False
resources,herdr,N=20 attached idle,1,False,0.09,0.05,pss_mib,,34.75
resources,herdr,N=20 attached idle,1,False,0.09,0.05,rss_mib,,44.7578125
resources,herdr,N=20 attached idle,1,False,0.09,0.05,cpu_pct,,16.69227727619005
resources,herdr,N=20 attached output,1,False,0.09,0.43,pss_mib,,34.8359375
resources,herdr,N=20 attached output,1,False,0.09,0.43,rss_mib,,44.84375
resources,herdr,N=20 attached output,1,False,0.09,0.43,cpu_pct,,33.68279626091071
resources,thurbox,N=20 headless idle,1,False,0.43,0.37,pss_mib,,8.369140625
resources,thurbox,N=20 headless idle,1,False,0.43,0.37,rss_mib,,17.44140625
resources,thurbox,N=20 headless idle,1,False,0.43,0.37,cpu_pct,,0.0
resources,thurbox,N=20 headless output,1,False,0.43,0.28,pss_mib,,8.443359375
resources,thurbox,N=20 headless output,1,False,0.43,0.28,rss_mib,,17.515625
resources,thurbox,N=20 headless output,1,False,0.43,0.28,cpu_pct,,3.599879787775575
resources,thurbox,N=20 attached idle,1,False,0.43,0.31,first_view_stale,,False
resources,thurbox,N=20 attached idle,1,False,0.43,0.31,pss_mib,,35.8125
resources,thurbox,N=20 attached idle,1,False,0.43,0.31,rss_mib,,50.11328125
resources,thurbox,N=20 attached idle,1,False,0.43,0.31,cpu_pct,,5.383367801473262
resources,thurbox,N=20 attached output,1,False,0.43,0.34,pss_mib,,36.25390625
resources,thurbox,N=20 attached output,1,False,0.43,0.34,rss_mib,,50.5546875
resources,thurbox,N=20 attached output,1,False,0.43,0.34,cpu_pct,,17.876262411470357
resources,tmux,N=20 headless idle,2,False,0.34,0.34,pss_mib,,3.263671875
resources,tmux,N=20 headless idle,2,False,0.34,0.34,rss_mib,,4.0
resources,tmux,N=20 headless idle,2,False,0.34,0.34,cpu_pct,,0.0
resources,tmux,N=20 headless output,2,False,0.34,0.29,pss_mib,,3.388671875
resources,tmux,N=20 headless output,2,False,0.34,0.29,rss_mib,,4.125
resources,tmux,N=20 headless output,2,False,0.34,0.29,cpu_pct,,3.299884684541192
resources,tmux,N=20 attached idle,2,False,0.34,0.22,first_view_stale,,False
resources,tmux,N=20 attached idle,2,False,0.34,0.22,pss_mib,,8.05859375
resources,tmux,N=20 attached idle,2,False,0.34,0.22,rss_mib,,12.03515625
resources,tmux,N=20 attached idle,2,False,0.34,0.22,cpu_pct,,0.0
resources,tmux,N=20 attached output,2,False,0.34,0.26,pss_mib,,8.08203125
resources,tmux,N=20 attached output,2,False,0.34,0.26,rss_mib,,12.05859375
resources,tmux,N=20 attached output,2,False,0.34,0.26,cpu_pct,,3.4916879237658263
resources,herdr,N=20 headless idle,2,False,0.26,0.22,pss_mib,,26.8359375
resources,herdr,N=20 headless idle,2,False,0.26,0.22,rss_mib,,26.83984375
resources,herdr,N=20 headless idle,2,False,0.26,0.22,cpu_pct,,8.99968470145098
resources,herdr,N=20 headless output,2,False,0.26,0.19,pss_mib,,27.16015625
resources,herdr,N=20 headless output,2,False,0.26,0.19,rss_mib,,27.1640625
resources,herdr,N=20 headless output,2,False,0.26,0.19,cpu_pct,,19.499636710077752
resources,herdr,N=20 attached idle,2,False,0.26,0.21,first_view_stale,,False
resources,herdr,N=20 attached idle,2,False,0.26,0.21,pss_mib,,34.78125
resources,herdr,N=20 attached idle,2,False,0.26,0.21,rss_mib,,44.7890625
resources,herdr,N=20 attached idle,2,False,0.26,0.21,cpu_pct,,21.17815042172755
resources,herdr,N=20 attached output,2,False,0.26,0.18,pss_mib,,34.84765625
resources,herdr,N=20 attached output,2,False,0.26,0.18,rss_mib,,44.85546875
resources,herdr,N=20 attached output,2,False,0.26,0.18,cpu_pct,,34.27705021580173
resources,thurbox,N=20 headless idle,2,False,0.18,0.27,pss_mib,,8.369140625
resources,thurbox,N=20 headless idle,2,False,0.18,0.27,rss_mib,,17.44140625
resources,thurbox,N=20 headless idle,2,False,0.18,0.27,cpu_pct,,0.0
resources,thurbox,N=20 headless output,2,False,0.18,0.23,pss_mib,,8.443359375
resources,thurbox,N=20 headless output,2,False,0.18,0.23,rss_mib,,17.515625
resources,thurbox,N=20 headless output,2,False,0.18,0.23,cpu_pct,,3.999860040097619
resources,thurbox,N=20 attached idle,2,False,0.18,0.18,first_view_stale,,False
resources,thurbox,N=20 attached idle,2,False,0.18,0.18,pss_mib,,35.72265625
resources,thurbox,N=20 attached idle,2,False,0.18,0.18,rss_mib,,50.0234375
resources,thurbox,N=20 attached idle,2,False,0.18,0.18,cpu_pct,,5.48093315445819
resources,thurbox,N=20 attached output,2,False,0.18,0.15,pss_mib,,36.23046875
resources,thurbox,N=20 attached output,2,False,0.18,0.15,rss_mib,,50.53125
resources,thurbox,N=20 attached output,2,False,0.18,0.15,cpu_pct,,18.59285377901594
resources,tmux,N=20 headless idle,3,False,0.15,0.13,pss_mib,,3.259765625
resources,tmux,N=20 headless idle,3,False,0.15,0.13,rss_mib,,3.99609375
resources,tmux,N=20 headless idle,3,False,0.15,0.13,cpu_pct,,0.0
resources,tmux,N=20 headless output,3,False,0.15,0.1,pss_mib,,3.388671875
resources,tmux,N=20 headless output,3,False,0.15,0.1,rss_mib,,4.125
resources,tmux,N=20 headless output,3,False,0.15,0.1,cpu_pct,,3.899862686225027
resources,tmux,N=20 attached idle,3,False,0.15,0.08,first_view_stale,,False
resources,tmux,N=20 attached idle,3,False,0.15,0.08,pss_mib,,8.06640625
resources,tmux,N=20 attached idle,3,False,0.15,0.08,rss_mib,,12.04296875
resources,tmux,N=20 attached idle,3,False,0.15,0.08,cpu_pct,,0.0
resources,tmux,N=20 attached output,3,False,0.15,0.07,pss_mib,,8.09765625
resources,tmux,N=20 attached output,3,False,0.15,0.07,rss_mib,,12.07421875
resources,tmux,N=20 attached output,3,False,0.15,0.07,cpu_pct,,4.089932463962448
resources,herdr,N=20 headless idle,3,False,0.07,0.19,pss_mib,,26.8359375
resources,herdr,N=20 headless idle,3,False,0.07,0.19,rss_mib,,26.83984375
resources,herdr,N=20 headless idle,3,False,0.07,0.19,cpu_pct,,8.499726501746574
resources,herdr,N=20 headless output,3,False,0.07,0.16,pss_mib,,27.1484375
resources,herdr,N=20 headless output,3,False,0.07,0.16,rss_mib,,27.15234375
resources,herdr,N=20 headless output,3,False,0.07,0.16,cpu_pct,,23.099681095045373
resources,herdr,N=20 attached idle,3,False,0.07,0.12,first_view_stale,,False
resources,herdr,N=20 attached idle,3,False,0.07,0.12,pss_mib,,34.80078125
resources,herdr,N=20 attached idle,3,False,0.07,0.12,rss_mib,,44.80859375
resources,herdr,N=20 attached idle,3,False,0.07,0.12,cpu_pct,,20.062904297854804
resources,herdr,N=20 attached output,3,False,0.07,0.1,pss_mib,,34.85546875
resources,herdr,N=20 attached output,3,False,0.07,0.1,rss_mib,,44.86328125
resources,herdr,N=20 attached output,3,False,0.07,0.1,cpu_pct,,41.553945274795154
resources,thurbox,N=20 headless idle,3,False,0.1,0.08,pss_mib,,8.369140625
resources,thurbox,N=20 headless idle,3,False,0.1,0.08,rss_mib,,17.44140625
resources,thurbox,N=20 headless idle,3,False,0.1,0.08,cpu_pct,,0.0
resources,thurbox,N=20 headless output,3,False,0.1,0.07,pss_mib,,8.443359375
resources,thurbox,N=20 headless output,3,False,0.1,0.07,rss_mib,,17.515625
resources,thurbox,N=20 headless output,3,False,0.1,0.07,cpu_pct,,3.2999481769541545
resources,thurbox,N=20 attached idle,3,False,0.1,0.05,first_view_stale,,False
resources,thurbox,N=20 attached idle,3,False,0.1,0.05,pss_mib,,35.8046875
resources,thurbox,N=20 attached idle,3,False,0.1,0.05,rss_mib,,50.10546875
resources,thurbox,N=20 attached idle,3,False,0.1,0.05,cpu_pct,,5.497464718802799
resources,thurbox,N=20 attached output,3,False,0.1,0.04,pss_mib,,36.29296875
resources,thurbox,N=20 attached output,3,False,0.1,0.04,rss_mib,,50.59375
resources,thurbox,N=20 attached output,3,False,0.1,0.04,cpu_pct,,19.12596461122439
resources,tmux,N=20 headless idle,4,False,0.04,0.04,pss_mib,,3.259765625
resources,tmux,N=20 headless idle,4,False,0.04,0.04,rss_mib,,3.99609375
resources,tmux,N=20 headless idle,4,False,0.04,0.04,cpu_pct,,0.0
resources,tmux,N=20 headless output,4,False,0.04,0.03,pss_mib,,3.388671875
resources,tmux,N=20 headless output,4,False,0.04,0.03,rss_mib,,4.125
resources,tmux,N=20 headless output,4,False,0.04,0.03,cpu_pct,,3.2999395045172624
resources,tmux,N=20 attached idle,4,False,0.04,0.02,first_view_stale,,False
resources,tmux,N=20 attached idle,4,False,0.04,0.02,pss_mib,,8.05859375
resources,tmux,N=20 attached idle,4,False,0.04,0.02,rss_mib,,12.03515625
resources,tmux,N=20 attached idle,4,False,0.04,0.02,cpu_pct,,0.0
resources,tmux,N=20 attached output,4,False,0.04,0.02,pss_mib,,8.08984375
resources,tmux,N=20 attached output,4,False,0.04,0.02,rss_mib,,12.06640625
resources,tmux,N=20 attached output,4,False,0.04,0.02,cpu_pct,,3.5917002957261484
resources,herdr,N=20 headless idle,4,False,0.02,0.01,pss_mib,,26.8359375
resources,herdr,N=20 headless idle,4,False,0.02,0.01,rss_mib,,26.83984375
resources,herdr,N=20 headless idle,4,False,0.02,0.01,cpu_pct,,8.899759886256724
resources,herdr,N=20 headless output,4,False,0.02,0.01,pss_mib,,27.16015625
resources,herdr,N=20 headless output,4,False,0.02,0.01,rss_mib,,27.1640625
resources,herdr,N=20 headless output,4,False,0.02,0.01,cpu_pct,,21.8996456265065
resources,herdr,N=20 attached idle,4,False,0.02,0.01,first_view_stale,,False
resources,herdr,N=20 attached idle,4,False,0.02,0.01,pss_mib,,34.81640625
resources,herdr,N=20 attached idle,4,False,0.02,0.01,rss_mib,,44.82421875
resources,herdr,N=20 attached idle,4,False,0.02,0.01,cpu_pct,,21.46005541384875
resources,herdr,N=20 attached output,4,False,0.02,0.01,pss_mib,,34.8671875
resources,herdr,N=20 attached output,4,False,0.02,0.01,rss_mib,,44.875
resources,herdr,N=20 attached output,4,False,0.02,0.01,cpu_pct,,33.469771142047506
resources,thurbox,N=20 headless idle,4,False,0.01,0.0,pss_mib,,8.369140625
resources,thurbox,N=20 headless idle,4,False,0.01,0.0,rss_mib,,17.44140625
resources,thurbox,N=20 headless idle,4,False,0.01,0.0,cpu_pct,,0.0
resources,thurbox,N=20 headless output,4,False,0.01,0.0,pss_mib,,8.447265625
resources,thurbox,N=20 headless output,4,False,0.01,0.0,rss_mib,,17.51953125
resources,thurbox,N=20 headless output,4,False,0.01,0.0,cpu_pct,,3.499905881229724
resources,thurbox,N=20 attached idle,4,False,0.01,0.0,first_view_stale,,False
resources,thurbox,N=20 attached idle,4,False,0.01,0.0,pss_mib,,35.77734375
resources,thurbox,N=20 attached idle,4,False,0.01,0.0,rss_mib,,50.078125
resources,thurbox,N=20 attached idle,4,False,0.01,0.0,cpu_pct,,5.287225497992924
resources,thurbox,N=20 attached output,4,False,0.01,0.08,pss_mib,,36.22265625
resources,thurbox,N=20 attached output,4,False,0.01,0.08,rss_mib,,50.5234375
resources,thurbox,N=20 attached output,4,False,0.01,0.08,cpu_pct,,17.762689626751342
resources,tmux,N=20 headless idle,5,False,0.08,0.06,pss_mib,,3.255859375
resources,tmux,N=20 headless idle,5,False,0.08,0.06,rss_mib,,3.9921875
resources,tmux,N=20 headless idle,5,False,0.08,0.06,cpu_pct,,0.0
resources,tmux,N=20 headless output,5,False,0.08,0.05,pss_mib,,3.388671875
resources,tmux,N=20 headless output,5,False,0.08,0.05,rss_mib,,4.125
resources,tmux,N=20 headless output,5,False,0.08,0.05,cpu_pct,,2.899955276310333
resources,tmux,N=20 attached idle,5,False,0.08,0.04,first_view_stale,,False
resources,tmux,N=20 attached idle,5,False,0.08,0.04,pss_mib,,8.05078125
resources,tmux,N=20 attached idle,5,False,0.08,0.04,rss_mib,,12.02734375
resources,tmux,N=20 attached idle,5,False,0.08,0.04,cpu_pct,,0.0
resources,tmux,N=20 attached output,5,False,0.08,0.03,pss_mib,,8.0859375
resources,tmux,N=20 attached output,5,False,0.08,0.03,rss_mib,,12.0625
resources,tmux,N=20 attached output,5,False,0.08,0.03,cpu_pct,,3.2977550977381127
resources,herdr,N=20 headless idle,5,False,0.03,0.03,pss_mib,,26.84375
resources,herdr,N=20 headless idle,5,False,0.03,0.03,rss_mib,,26.84765625
resources,herdr,N=20 headless idle,5,False,0.03,0.03,cpu_pct,,8.999732734937053
resources,herdr,N=20 headless output,5,False,0.03,0.02,pss_mib,,27.17578125
resources,herdr,N=20 headless output,5,False,0.03,0.02,rss_mib,,27.1796875
resources,herdr,N=20 headless output,5,False,0.03,0.02,cpu_pct,,19.79940736810827
resources,herdr,N=20 attached idle,5,False,0.03,0.02,first_view_stale,,False
resources,herdr,N=20 attached idle,5,False,0.03,0.02,pss_mib,,34.83203125
resources,herdr,N=20 attached idle,5,False,0.03,0.02,rss_mib,,44.83984375
resources,herdr,N=20 attached idle,5,False,0.03,0.02,cpu_pct,,22.96408613500324
resources,herdr,N=20 attached output,5,False,0.03,0.01,pss_mib,,34.875
resources,herdr,N=20 attached output,5,False,0.03,0.01,rss_mib,,44.8828125
resources,herdr,N=20 attached output,5,False,0.03,0.01,cpu_pct,,39.05176616177229
resources,thurbox,N=20 headless idle,5,False,0.01,0.01,pss_mib,,8.369140625
resources,thurbox,N=20 headless idle,5,False,0.01,0.01,rss_mib,,17.44140625
resources,thurbox,N=20 headless idle,5,False,0.01,0.01,cpu_pct,,0.0
resources,thurbox,N=20 headless output,5,False,0.01,0.01,pss_mib,,8.447265625
resources,thurbox,N=20 headless output,5,False,0.01,0.01,rss_mib,,17.51953125
resources,thurbox,N=20 headless output,5,False,0.01,0.01,cpu_pct,,3.499927457354723
resources,thurbox,N=20 attached idle,5,False,0.01,0.14,first_view_stale,,False
resources,thurbox,N=20 attached idle,5,False,0.01,0.14,pss_mib,,35.703125
resources,thurbox,N=20 attached idle,5,False,0.01,0.14,rss_mib,,50.00390625
resources,thurbox,N=20 attached idle,5,False,0.01,0.14,cpu_pct,,5.488816106309615
resources,thurbox,N=20 attached output,5,False,0.01,0.12,pss_mib,,36.23828125
resources,thurbox,N=20 attached output,5,False,0.01,0.12,rss_mib,,50.5390625
resources,thurbox,N=20 attached output,5,False,0.01,0.12,cpu_pct,,18.882350517797423
resources,tmux,N=50 headless idle,0,True,0.12,0.09,pss_mib,,3.5439453125
resources,tmux,N=50 headless idle,0,True,0.12,0.09,rss_mib,,4.28125
resources,tmux,N=50 headless idle,0,True,0.12,0.09,cpu_pct,,0.0
resources,tmux,N=50 headless output,0,True,0.12,0.08,pss_mib,,4.0009765625
resources,tmux,N=50 headless output,0,True,0.12,0.08,rss_mib,,4.73828125
resources,tmux,N=50 headless output,0,True,0.12,0.08,cpu_pct,,7.299776141413188
resources,tmux,N=50 attached idle,0,True,0.12,0.06,first_view_stale,,False
resources,tmux,N=50 attached idle,0,True,0.12,0.06,pss_mib,,12.05859375
resources,tmux,N=50 attached idle,0,True,0.12,0.06,rss_mib,,16.0390625
resources,tmux,N=50 attached idle,0,True,0.12,0.06,cpu_pct,,0.0
resources,tmux,N=50 attached output,0,True,0.12,0.05,pss_mib,,12.11328125
resources,tmux,N=50 attached output,0,True,0.12,0.05,rss_mib,,16.09375
resources,tmux,N=50 attached output,0,True,0.12,0.05,cpu_pct,,5.491889084477193
resources,herdr,N=50 headless idle,0,True,0.05,0.04,pss_mib,,41.1015625
resources,herdr,N=50 headless idle,0,True,0.05,0.04,rss_mib,,41.10546875
resources,herdr,N=50 headless idle,0,True,0.05,0.04,cpu_pct,,22.39919128391575
resources,herdr,N=50 headless output,0,True,0.05,0.03,pss_mib,,41.90625
resources,herdr,N=50 headless output,0,True,0.05,0.03,rss_mib,,41.91015625
resources,herdr,N=50 headless output,0,True,0.05,0.03,cpu_pct,,76.19794697583035
resources,herdr,N=50 attached idle,0,True,0.05,0.02,first_view_stale,,False
resources,herdr,N=50 attached idle,0,True,0.05,0.02,pss_mib,,53.72265625
resources,herdr,N=50 attached idle,0,True,0.05,0.02,rss_mib,,63.73046875
resources,herdr,N=50 attached idle,0,True,0.05,0.02,cpu_pct,,102.98357999638816
resources,herdr,N=50 attached output,0,True,0.05,0.1,pss_mib,,53.8828125
resources,herdr,N=50 attached output,0,True,0.05,0.1,rss_mib,,63.890625
resources,herdr,N=50 attached output,0,True,0.05,0.1,cpu_pct,,100.17435238381636
resources,thurbox,N=50 headless idle,0,True,0.1,0.08,pss_mib,,8.845703125
resources,thurbox,N=50 headless idle,0,True,0.1,0.08,rss_mib,,17.9375
resources,thurbox,N=50 headless idle,0,True,0.1,0.08,cpu_pct,,0.0
resources,thurbox,N=50 headless output,0,True,0.1,0.14,pss_mib,,9.115234375
resources,thurbox,N=50 headless output,0,True,0.1,0.14,rss_mib,,18.20703125
resources,thurbox,N=50 headless output,0,True,0.1,0.14,cpu_pct,,8.099928695520724
resources,thurbox,N=50 attached idle,0,True,0.1,0.18,first_view_stale,,False
resources,thurbox,N=50 attached idle,0,True,0.1,0.18,pss_mib,,46.2841796875
resources,thurbox,N=50 attached idle,0,True,0.1,0.18,rss_mib,,60.60546875
resources,thurbox,N=50 attached idle,0,True,0.1,0.18,cpu_pct,,9.660606339807808
resources,thurbox,N=50 attached output,0,True,0.1,0.15,pss_mib,,46.8193359375
resources,thurbox,N=50 attached output,0,True,0.1,0.15,rss_mib,,61.140625
resources,thurbox,N=50 attached output,0,True,0.1,0.15,cpu_pct,,35.27588114632682
resources,tmux,N=50 headless idle,1,False,0.15,0.13,pss_mib,,3.5439453125
resources,tmux,N=50 headless idle,1,False,0.15,0.13,rss_mib,,4.28125
resources,tmux,N=50 headless idle,1,False,0.15,0.13,cpu_pct,,0.0
resources,tmux,N=50 headless output,1,False,0.15,0.11,pss_mib,,3.9853515625
resources,tmux,N=50 headless output,1,False,0.15,0.11,rss_mib,,4.72265625
resources,tmux,N=50 headless output,1,False,0.15,0.11,cpu_pct,,7.599733537384427
resources,tmux,N=50 attached idle,1,False,0.15,0.08,first_view_stale,,False
resources,tmux,N=50 attached idle,1,False,0.15,0.08,pss_mib,,12.046875
resources,tmux,N=50 attached idle,1,False,0.15,0.08,rss_mib,,16.02734375
resources,tmux,N=50 attached idle,1,False,0.15,0.08,cpu_pct,,0.0
resources,tmux,N=50 attached output,1,False,0.15,0.23,pss_mib,,12.1171875
resources,tmux,N=50 attached output,1,False,0.15,0.23,rss_mib,,16.09765625
resources,tmux,N=50 attached output,1,False,0.15,0.23,cpu_pct,,5.578182523819696
resources,herdr,N=50 headless idle,1,False,0.23,0.26,pss_mib,,41.0859375
resources,herdr,N=50 headless idle,1,False,0.23,0.26,rss_mib,,41.08984375
resources,herdr,N=50 headless idle,1,False,0.23,0.26,cpu_pct,,22.399604319955646
resources,herdr,N=50 headless output,1,False,0.23,0.57,pss_mib,,41.8984375
resources,herdr,N=50 headless output,1,False,0.23,0.57,rss_mib,,41.90234375
resources,herdr,N=50 headless output,1,False,0.23,0.57,cpu_pct,,72.59881889707003
resources,herdr,N=50 attached idle,1,False,0.23,0.65,first_view_stale,,False
resources,herdr,N=50 attached idle,1,False,0.23,0.65,pss_mib,,53.71875
resources,herdr,N=50 attached idle,1,False,0.23,0.65,rss_mib,,63.7265625
resources,herdr,N=50 attached idle,1,False,0.23,0.65,cpu_pct,,87.376205741162
resources,herdr,N=50 attached output,1,False,0.23,0.62,pss_mib,,53.85546875
resources,herdr,N=50 attached output,1,False,0.23,0.62,rss_mib,,63.86328125
resources,herdr,N=50 attached output,1,False,0.23,0.62,cpu_pct,,104.39852861033181
resources,thurbox,N=50 headless idle,1,False,0.57,0.48,pss_mib,,8.845703125
resources,thurbox,N=50 headless idle,1,False,0.57,0.48,rss_mib,,17.9375
resources,thurbox,N=50 headless idle,1,False,0.57,0.48,cpu_pct,,0.0
resources,thurbox,N=50 headless output,1,False,0.57,0.37,pss_mib,,9.103515625
resources,thurbox,N=50 headless output,1,False,0.57,0.37,rss_mib,,18.1953125
resources,thurbox,N=50 headless output,1,False,0.57,0.37,cpu_pct,,9.699855084162563
resources,thurbox,N=50 attached idle,1,False,0.57,0.32,first_view_stale,,False
resources,thurbox,N=50 attached idle,1,False,0.57,0.32,pss_mib,,45.3974609375
resources,thurbox,N=50 attached idle,1,False,0.57,0.32,rss_mib,,60.86328125
resources,thurbox,N=50 attached idle,1,False,0.57,0.32,cpu_pct,,9.872083600569638
resources,thurbox,N=50 attached output,1,False,0.57,0.27,pss_mib,,46.7490234375
resources,thurbox,N=50 attached output,1,False,0.57,0.27,rss_mib,,61.0703125
resources,thurbox,N=50 attached output,1,False,0.57,0.27,cpu_pct,,35.05285448249654
resources,tmux,N=50 headless idle,2,False,0.27,0.68,pss_mib,,3.5478515625
resources,tmux,N=50 headless idle,2,False,0.27,0.68,rss_mib,,4.28515625
resources,tmux,N=50 headless idle,2,False,0.27,0.68,cpu_pct,,0.0
resources,tmux,N=50 headless output,2,False,0.27,0.58,pss_mib,,4.0048828125
resources,tmux,N=50 headless output,2,False,0.27,0.58,rss_mib,,4.7421875
resources,tmux,N=50 headless output,2,False,0.27,0.58,cpu_pct,,7.399947612074708
resources,tmux,N=50 attached idle,2,False,0.27,0.52,first_view_stale,,False
resources,tmux,N=50 attached idle,2,False,0.27,0.52,pss_mib,,12.06640625
resources,tmux,N=50 attached idle,2,False,0.27,0.52,rss_mib,,16.046875
resources,tmux,N=50 attached idle,2,False,0.27,0.52,cpu_pct,,0.0
resources,tmux,N=50 attached output,2,False,0.27,0.44,pss_mib,,12.13671875
resources,tmux,N=50 attached output,2,False,0.27,0.44,rss_mib,,16.1171875
resources,tmux,N=50 attached output,2,False,0.27,0.44,cpu_pct,,5.873350658113218
resources,herdr,N=50 headless idle,2,False,0.44,0.5,pss_mib,,41.08984375
resources,herdr,N=50 headless idle,2,False,0.44,0.5,rss_mib,,41.09375
resources,herdr,N=50 headless idle,2,False,0.44,0.5,cpu_pct,,21.599199082257147
resources,herdr,N=50 headless output,2,False,0.44,0.58,pss_mib,,41.8984375
resources,herdr,N=50 headless output,2,False,0.44,0.58,rss_mib,,41.90234375
resources,herdr,N=50 headless output,2,False,0.44,0.58,cpu_pct,,93.09918852885718
resources,herdr,N=50 attached idle,2,False,0.44,0.59,first_view_stale,,False
resources,herdr,N=50 attached idle,2,False,0.44,0.59,pss_mib,,53.7578125
resources,herdr,N=50 attached idle,2,False,0.44,0.59,rss_mib,,63.765625
resources,herdr,N=50 attached idle,2,False,0.44,0.59,cpu_pct,,76.60257194644434
resources,herdr,N=50 attached output,2,False,0.44,0.5,pss_mib,,53.95703125
resources,herdr,N=50 attached output,2,False,0.44,0.5,rss_mib,,63.96484375
resources,herdr,N=50 attached output,2,False,0.44,0.5,cpu_pct,,111.2007518494658
resources,thurbox,N=50 headless idle,2,False,0.5,0.59,pss_mib,,8.841796875
resources,thurbox,N=50 headless idle,2,False,0.5,0.59,rss_mib,,17.93359375
resources,thurbox,N=50 headless idle,2,False,0.5,0.59,cpu_pct,,0.0
resources,thurbox,N=50 headless output,2,False,0.5,0.5,pss_mib,,9.103515625
resources,thurbox,N=50 headless output,2,False,0.5,0.5,rss_mib,,18.1953125
resources,thurbox,N=50 headless output,2,False,0.5,0.5,cpu_pct,,8.699924232356429
resources,thurbox,N=50 attached idle,2,False,0.5,10.97,first_view_stale,,False
resources,thurbox,N=50 attached idle,2,False,0.5,10.97,pss_mib,,47.95703125
resources,thurbox,N=50 attached idle,2,False,0.5,10.97,rss_mib,,65.34765625
resources,thurbox,N=50 attached idle,2,False,0.5,10.97,cpu_pct,,9.65710741564765
resources,thurbox,N=50 attached output,2,False,0.5,12.45,pss_mib,,46.736328125
resources,thurbox,N=50 attached output,2,False,0.5,12.45,rss_mib,,61.05859375
resources,thurbox,N=50 attached output,2,False,0.5,12.45,cpu_pct,,36.01613029268334
resources,tmux,N=50 headless idle,3,False,12.45,9.69,pss_mib,,3.5439453125
resources,tmux,N=50 headless idle,3,False,12.45,9.69,rss_mib,,4.28125
resources,tmux,N=50 headless idle,3,False,12.45,9.69,cpu_pct,,0.0
resources,tmux,N=50 headless output,3,False,12.45,8.2,pss_mib,,4.0009765625
resources,tmux,N=50 headless output,3,False,12.45,8.2,rss_mib,,4.73828125
resources,tmux,N=50 headless output,3,False,12.45,8.2,cpu_pct,,7.999717964344058
resources,tmux,N=50 attached idle,3,False,12.45,6.39,first_view_stale,,False
resources,tmux,N=50 attached idle,3,False,12.45,6.39,pss_mib,,12.05859375
resources,tmux,N=50 attached idle,3,False,12.45,6.39,rss_mib,,16.0390625
resources,tmux,N=50 attached idle,3,False,12.45,6.39,cpu_pct,,0.0
resources,tmux,N=50 attached output,3,False,12.45,5.64,pss_mib,,12.125
resources,tmux,N=50 attached output,3,False,12.45,5.64,rss_mib,,16.10546875
resources,tmux,N=50 attached output,3,False,12.45,5.64,cpu_pct,,6.987793308275749
resources,herdr,N=50 headless idle,3,False,5.64,4.39,pss_mib,,41.0859375
resources,herdr,N=50 headless idle,3,False,5.64,4.39,rss_mib,,41.08984375
resources,herdr,N=50 headless idle,3,False,5.64,4.39,cpu_pct,,22.99971627321245
resources,herdr,N=50 headless output,3,False,5.64,4.04,pss_mib,,41.87109375
resources,herdr,N=50 headless output,3,False,5.64,4.04,rss_mib,,41.875
resources,herdr,N=50 headless output,3,False,5.64,4.04,cpu_pct,,73.19938194831701
resources,herdr,N=50 attached idle,3,False,5.64,3.53,first_view_stale,,False
resources,herdr,N=50 attached idle,3,False,5.64,3.53,pss_mib,,53.765625
resources,herdr,N=50 attached idle,3,False,5.64,3.53,rss_mib,,63.7734375
resources,herdr,N=50 attached idle,3,False,5.64,3.53,cpu_pct,,86.68643832119551
resources,herdr,N=50 attached output,3,False,5.64,3.06,pss_mib,,53.97265625
resources,herdr,N=50 attached output,3,False,5.64,3.06,rss_mib,,63.98046875
resources,herdr,N=50 attached output,3,False,5.64,3.06,cpu_pct,,101.57922004373903
resources,thurbox,N=50 headless idle,3,False,3.06,2.38,pss_mib,,8.837890625
resources,thurbox,N=50 headless idle,3,False,3.06,2.38,rss_mib,,17.9296875
resources,thurbox,N=50 headless idle,3,False,3.06,2.38,cpu_pct,,0.0
resources,thurbox,N=50 headless output,3,False,3.06,2.02,pss_mib,,9.099609375
resources,thurbox,N=50 headless output,3,False,3.06,2.02,rss_mib,,18.19140625
resources,thurbox,N=50 headless output,3,False,3.06,2.02,cpu_pct,,8.799759839599922
resources,thurbox,N=50 attached idle,3,False,3.06,5.37,first_view_stale,,False
resources,thurbox,N=50 attached idle,3,False,3.06,5.37,pss_mib,,55.3095703125
resources,thurbox,N=50 attached idle,3,False,3.06,5.37,rss_mib,,87.71875
resources,thurbox,N=50 attached idle,3,False,3.06,5.37,cpu_pct,,9.669690393170605
resources,thurbox,N=50 attached output,3,False,3.06,9.37,pss_mib,,46.7451171875
resources,thurbox,N=50 attached output,3,False,3.06,9.37,rss_mib,,61.06640625
resources,thurbox,N=50 attached output,3,False,3.06,9.37,cpu_pct,,36.349655418270935
resources,tmux,N=50 headless idle,4,False,9.37,7.93,pss_mib,,3.5478515625
resources,tmux,N=50 headless idle,4,False,9.37,7.93,rss_mib,,4.28515625
resources,tmux,N=50 headless idle,4,False,9.37,7.93,cpu_pct,,0.0
resources,tmux,N=50 headless output,4,False,9.37,6.85,pss_mib,,3.9853515625
resources,tmux,N=50 headless output,4,False,9.37,6.85,rss_mib,,4.72265625
resources,tmux,N=50 headless output,4,False,9.37,6.85,cpu_pct,,7.299766564413518
resources,tmux,N=50 attached idle,4,False,9.37,5.33,first_view_stale,,False
resources,tmux,N=50 attached idle,4,False,9.37,5.33,pss_mib,,12.0546875
resources,tmux,N=50 attached idle,4,False,9.37,5.33,rss_mib,,16.03515625
resources,tmux,N=50 attached idle,4,False,9.37,5.33,cpu_pct,,0.0
resources,tmux,N=50 attached output,4,False,9.37,4.51,pss_mib,,12.109375
resources,tmux,N=50 attached output,4,False,9.37,4.51,rss_mib,,16.08984375
resources,tmux,N=50 attached output,4,False,9.37,4.51,cpu_pct,,6.472478350208192
resources,herdr,N=50 headless idle,4,False,4.51,3.87,pss_mib,,41.09375
resources,herdr,N=50 headless idle,4,False,4.51,3.87,rss_mib,,41.09765625
resources,herdr,N=50 headless idle,4,False,4.51,3.87,cpu_pct,,22.499216575029557
resources,herdr,N=50 headless output,4,False,4.51,3.34,pss_mib,,41.91796875
resources,herdr,N=50 headless output,4,False,4.51,3.34,rss_mib,,41.921875
resources,herdr,N=50 headless output,4,False,4.51,3.34,cpu_pct,,100.49883744956715
resources,herdr,N=50 attached idle,4,False,4.51,2.82,first_view_stale,,False
resources,herdr,N=50 attached idle,4,False,4.51,2.82,pss_mib,,53.7734375
resources,herdr,N=50 attached idle,4,False,4.51,2.82,rss_mib,,63.78125
resources,herdr,N=50 attached idle,4,False,4.51,2.82,cpu_pct,,118.63338197305342
resources,herdr,N=50 attached output,4,False,4.51,2.46,pss_mib,,53.91015625
resources,herdr,N=50 attached output,4,False,4.51,2.46,rss_mib,,63.91796875
resources,herdr,N=50 attached output,4,False,4.51,2.46,cpu_pct,,119.15454825562661
resources,thurbox,N=50 headless idle,4,False,2.35,1.98,pss_mib,,8.845703125
resources,thurbox,N=50 headless idle,4,False,2.35,1.98,rss_mib,,17.9375
resources,thurbox,N=50 headless idle,4,False,2.35,1.98,cpu_pct,,0.0
resources,thurbox,N=50 headless output,4,False,2.35,1.61,pss_mib,,9.107421875
resources,thurbox,N=50 headless output,4,False,2.35,1.61,rss_mib,,18.19921875
resources,thurbox,N=50 headless output,4,False,2.35,1.61,cpu_pct,,7.999775223114057
resources,thurbox,N=50 attached idle,4,False,2.35,1.36,first_view_stale,,False
resources,thurbox,N=50 attached idle,4,False,2.35,1.36,pss_mib,,55.59375
resources,thurbox,N=50 attached idle,4,False,2.35,1.36,rss_mib,,87.953125
resources,thurbox,N=50 attached idle,4,False,2.35,1.36,cpu_pct,,10.06526919880313
resources,thurbox,N=50 attached output,4,False,2.35,1.15,pss_mib,,46.9248046875
resources,thurbox,N=50 attached output,4,False,2.35,1.15,rss_mib,,61.24609375
resources,thurbox,N=50 attached output,4,False,2.35,1.15,cpu_pct,,35.693314884836724
resources,tmux,N=50 headless idle,5,False,1.15,0.9,pss_mib,,3.5478515625
resources,tmux,N=50 headless idle,5,False,1.15,0.9,rss_mib,,4.28515625
resources,tmux,N=50 headless idle,5,False,1.15,0.9,cpu_pct,,0.0
resources,tmux,N=50 headless output,5,False,1.15,0.76,pss_mib,,3.9892578125
resources,tmux,N=50 headless output,5,False,1.15,0.76,rss_mib,,4.7265625
resources,tmux,N=50 headless output,5,False,1.15,0.76,cpu_pct,,6.49978707802825
resources,tmux,N=50 attached idle,5,False,1.15,0.59,first_view_stale,,False
resources,tmux,N=50 attached idle,5,False,1.15,0.59,pss_mib,,12.0625
resources,tmux,N=50 attached idle,5,False,1.15,0.59,rss_mib,,16.04296875
resources,tmux,N=50 attached idle,5,False,1.15,0.59,cpu_pct,,0.0
resources,tmux,N=50 attached output,5,False,1.15,0.5,pss_mib,,12.1171875
resources,tmux,N=50 attached output,5,False,1.15,0.5,rss_mib,,16.09765625
resources,tmux,N=50 attached output,5,False,1.15,0.5,cpu_pct,,5.491006266560706
resources,herdr,N=50 headless idle,5,False,0.5,0.39,pss_mib,,41.0859375
resources,herdr,N=50 headless idle,5,False,0.5,0.39,rss_mib,,41.08984375
resources,herdr,N=50 headless idle,5,False,0.5,0.39,cpu_pct,,27.499619562015898
resources,herdr,N=50 headless output,5,False,0.5,0.55,pss_mib,,41.8984375
resources,herdr,N=50 headless output,5,False,0.5,0.55,rss_mib,,41.90234375
resources,herdr,N=50 headless output,5,False,0.5,0.55,cpu_pct,,103.39873261070304
resources,herdr,N=50 attached idle,5,False,0.5,0.86,first_view_stale,,False
resources,herdr,N=50 attached idle,5,False,0.5,0.86,pss_mib,,53.69921875
resources,herdr,N=50 attached idle,5,False,0.5,0.86,rss_mib,,63.70703125
resources,herdr,N=50 attached idle,5,False,0.5,0.86,cpu_pct,,79.3411102827773
resources,herdr,N=50 attached output,5,False,0.5,0.73,pss_mib,,53.82421875
resources,herdr,N=50 attached output,5,False,0.5,0.73,rss_mib,,63.83203125
resources,herdr,N=50 attached output,5,False,0.5,0.73,cpu_pct,,84.64067109096034
resources,thurbox,N=50 headless idle,5,False,0.73,0.56,pss_mib,,8.841796875
resources,thurbox,N=50 headless idle,5,False,0.73,0.56,rss_mib,,17.93359375
resources,thurbox,N=50 headless idle,5,False,0.73,0.56,cpu_pct,,0.0
resources,thurbox,N=50 headless output,5,False,0.73,0.56,pss_mib,,9.111328125
resources,thurbox,N=50 headless output,5,False,0.73,0.56,rss_mib,,18.203125
resources,thurbox,N=50 headless output,5,False,0.73,0.56,cpu_pct,,8.69969490692164
resources,thurbox,N=50 attached idle,5,False,0.73,0.43,first_view_stale,,False
resources,thurbox,N=50 attached idle,5,False,0.73,0.43,pss_mib,,52.2841796875
resources,thurbox,N=50 attached idle,5,False,0.73,0.43,rss_mib,,78.73828125
resources,thurbox,N=50 attached idle,5,False,0.73,0.43,cpu_pct,,9.65185785916419
resources,thurbox,N=50 attached output,5,False,0.73,0.51,pss_mib,,46.8701171875
resources,thurbox,N=50 attached output,5,False,0.73,0.51,rss_mib,,61.19140625
resources,thurbox,N=50 attached output,5,False,0.73,0.51,cpu_pct,,36.5896527718534
resources,tmux,N=20 headless idle-long,0,True,0.51,0.25,pss_mib,,3.259765625
resources,tmux,N=20 headless idle-long,0,True,0.51,0.25,rss_mib,,3.99609375
resources,tmux,N=20 headless idle-long,0,True,0.51,0.25,cpu_pct,,0.0
resources,herdr,N=20 headless idle-long,0,True,0.25,0.12,pss_mib,,26.828125
resources,herdr,N=20 headless idle-long,0,True,0.25,0.12,rss_mib,,26.83203125
resources,herdr,N=20 headless idle-long,0,True,0.25,0.12,cpu_pct,,9.21533409536371
resources,thurbox,N=20 headless idle-long,0,True,0.12,0.04,pss_mib,,8.369140625
resources,thurbox,N=20 headless idle-long,0,True,0.12,0.04,rss_mib,,17.44140625
resources,thurbox,N=20 headless idle-long,0,True,0.12,0.04,cpu_pct,,0.015384533361622266
resources,tmux,N=20 headless idle-long,1,False,0.04,0.01,pss_mib,,3.259765625
resources,tmux,N=20 headless idle-long,1,False,0.04,0.01,rss_mib,,3.99609375
resources,tmux,N=20 headless idle-long,1,False,0.04,0.01,cpu_pct,,0.0
resources,herdr,N=20 headless idle-long,1,False,0.01,0.13,pss_mib,,26.83984375
resources,herdr,N=20 headless idle-long,1,False,0.01,0.13,rss_mib,,26.84375
resources,herdr,N=20 headless idle-long,1,False,0.01,0.13,cpu_pct,,8.892295076329702
resources,thurbox,N=20 headless idle-long,1,False,0.13,0.04,pss_mib,,8.369140625
resources,thurbox,N=20 headless idle-long,1,False,0.13,0.04,rss_mib,,17.44140625
resources,thurbox,N=20 headless idle-long,1,False,0.13,0.04,cpu_pct,,0.0
resources,tmux,N=20 headless idle-long,2,False,0.04,0.08,pss_mib,,3.259765625
resources,tmux,N=20 headless idle-long,2,False,0.04,0.08,rss_mib,,3.99609375
resources,tmux,N=20 headless idle-long,2,False,0.04,0.08,cpu_pct,,0.0
resources,herdr,N=20 headless idle-long,2,False,0.08,0.13,pss_mib,,26.8359375
resources,herdr,N=20 headless idle-long,2,False,0.08,0.13,rss_mib,,26.83984375
resources,herdr,N=20 headless idle-long,2,False,0.08,0.13,cpu_pct,,8.984567885831447
resources,thurbox,N=20 headless idle-long,2,False,0.13,0.04,pss_mib,,8.369140625
resources,thurbox,N=20 headless idle-long,2,False,0.13,0.04,rss_mib,,17.44140625
resources,thurbox,N=20 headless idle-long,2,False,0.13,0.04,cpu_pct,,0.0
resources,tmux,N=20 headless idle-long,3,False,0.04,0.01,pss_mib,,3.259765625
resources,tmux,N=20 headless idle-long,3,False,0.04,0.01,rss_mib,,3.99609375
resources,tmux,N=20 headless idle-long,3,False,0.04,0.01,cpu_pct,,0.0
resources,herdr,N=20 headless idle-long,3,False,0.01,0.0,pss_mib,,26.83203125
resources,herdr,N=20 headless idle-long,3,False,0.01,0.0,rss_mib,,26.8359375
resources,herdr,N=20 headless idle-long,3,False,0.01,0.0,cpu_pct,,11.307630299778396
resources,thurbox,N=20 headless idle-long,3,False,0.0,0.04,pss_mib,,8.369140625
resources,thurbox,N=20 headless idle-long,3,False,0.0,0.04,rss_mib,,17.44140625
resources,thurbox,N=20 headless idle-long,3,False,0.0,0.04,cpu_pct,,0.0
resources,tmux,N=20 headless idle-long,4,False,0.04,0.01,pss_mib,,3.263671875
resources,tmux,N=20 headless idle-long,4,False,0.04,0.01,rss_mib,,4.0
resources,tmux,N=20 headless idle-long,4,False,0.04,0.01,cpu_pct,,0.0
resources,herdr,N=20 headless idle-long,4,False,0.01,0.0,pss_mib,,26.84375
resources,herdr,N=20 headless idle-long,4,False,0.01,0.0,rss_mib,,26.84765625
resources,herdr,N=20 headless idle-long,4,False,0.01,0.0,cpu_pct,,9.076885513698617
resources,thurbox,N=20 headless idle-long,4,False,0.0,0.03,pss_mib,,8.369140625
resources,thurbox,N=20 headless idle-long,4,False,0.0,0.03,rss_mib,,17.44140625
resources,thurbox,N=20 headless idle-long,4,False,0.0,0.03,cpu_pct,,0.0
resources,tmux,N=20 headless idle-long,5,False,0.03,0.01,pss_mib,,3.263671875
resources,tmux,N=20 headless idle-long,5,False,0.03,0.01,rss_mib,,4.0
resources,tmux,N=20 headless idle-long,5,False,0.03,0.01,cpu_pct,,0.0
resources,herdr,N=20 headless idle-long,5,False,0.01,0.51,pss_mib,,26.83984375
resources,herdr,N=20 headless idle-long,5,False,0.01,0.51,rss_mib,,26.84375
resources,herdr,N=20 headless idle-long,5,False,0.01,0.51,cpu_pct,,9.01533600649564
resources,thurbox,N=20 headless idle-long,5,False,0.51,0.24,pss_mib,,8.369140625
resources,thurbox,N=20 headless idle-long,5,False,0.51,0.24,rss_mib,,17.44140625
resources,thurbox,N=20 headless idle-long,5,False,0.51,0.24,cpu_pct,,0.0
throughput,tmux,headless,0,True,0.24,0.24,producer_ms,,224.792066
throughput,tmux,headless,0,True,0.24,0.24,settle_ms,,355.301548
throughput,tmux,headless,0,True,0.24,0.24,visible_ms,,
throughput,tmux,headless,0,True,0.24,0.24,host_cpu_s,,0.22
throughput,tmux,headless,0,True,0.24,0.24,intact,,True
throughput,tmux,headless,0,True,0.24,0.24,pss_after_mib,,5.2099609375
throughput,herdr,headless,0,True,0.24,0.24,producer_ms,,131.494073
throughput,herdr,headless,0,True,0.24,0.24,settle_ms,,267.172866
throughput,herdr,headless,0,True,0.24,0.24,visible_ms,,
throughput,herdr,headless,0,True,0.24,0.24,host_cpu_s,,0.14
throughput,herdr,headless,0,True,0.24,0.24,intact,,True
throughput,herdr,headless,0,True,0.24,0.24,pss_after_mib,,24.546875
throughput,thurbox,headless,0,True,0.22,0.22,producer_ms,,230.105517
throughput,thurbox,headless,0,True,0.22,0.22,settle_ms,,355.445598
throughput,thurbox,headless,0,True,0.22,0.22,visible_ms,,
throughput,thurbox,headless,0,True,0.22,0.22,host_cpu_s,,0.23
throughput,thurbox,headless,0,True,0.22,0.22,intact,,True
throughput,thurbox,headless,0,True,0.22,0.22,pss_after_mib,,9.734375
throughput,tmux,headless,1,False,0.22,0.22,producer_ms,,222.426887
throughput,tmux,headless,1,False,0.22,0.22,settle_ms,,359.357796
throughput,tmux,headless,1,False,0.22,0.22,visible_ms,,
throughput,tmux,headless,1,False,0.22,0.22,host_cpu_s,,0.22
throughput,tmux,headless,1,False,0.22,0.22,intact,,True
throughput,tmux,headless,1,False,0.22,0.22,pss_after_mib,,5.2099609375
throughput,herdr,headless,1,False,0.22,0.2,producer_ms,,133.986349
throughput,herdr,headless,1,False,0.22,0.2,settle_ms,,276.005098
throughput,herdr,headless,1,False,0.22,0.2,visible_ms,,
throughput,herdr,headless,1,False,0.22,0.2,host_cpu_s,,0.14
throughput,herdr,headless,1,False,0.22,0.2,intact,,True
throughput,herdr,headless,1,False,0.22,0.2,pss_after_mib,,25.3125
throughput,thurbox,headless,1,False,0.2,0.2,producer_ms,,227.464876
throughput,thurbox,headless,1,False,0.2,0.2,settle_ms,,361.401076
throughput,thurbox,headless,1,False,0.2,0.2,visible_ms,,
throughput,thurbox,headless,1,False,0.2,0.2,host_cpu_s,,0.22
throughput,thurbox,headless,1,False,0.2,0.2,intact,,True
throughput,thurbox,headless,1,False,0.2,0.2,pss_after_mib,,9.73046875
throughput,tmux,headless,2,False,0.2,0.2,producer_ms,,207.481744
throughput,tmux,headless,2,False,0.2,0.2,settle_ms,,344.96246
throughput,tmux,headless,2,False,0.2,0.2,visible_ms,,
throughput,tmux,headless,2,False,0.2,0.2,host_cpu_s,,0.2
throughput,tmux,headless,2,False,0.2,0.2,intact,,True
throughput,tmux,headless,2,False,0.2,0.2,pss_after_mib,,5.2099609375
throughput,herdr,headless,2,False,0.2,0.18,producer_ms,,129.860177
throughput,herdr,headless,2,False,0.2,0.18,settle_ms,,254.74342
throughput,herdr,headless,2,False,0.2,0.18,visible_ms,,
throughput,herdr,headless,2,False,0.2,0.18,host_cpu_s,,0.13
throughput,herdr,headless,2,False,0.2,0.18,intact,,True
throughput,herdr,headless,2,False,0.2,0.18,pss_after_mib,,24.94140625
throughput,thurbox,headless,2,False,0.18,0.18,producer_ms,,228.060424
throughput,thurbox,headless,2,False,0.18,0.18,settle_ms,,362.041274
throughput,thurbox,headless,2,False,0.18,0.18,visible_ms,,
throughput,thurbox,headless,2,False,0.18,0.18,host_cpu_s,,0.22
throughput,thurbox,headless,2,False,0.18,0.18,intact,,True
throughput,thurbox,headless,2,False,0.18,0.18,pss_after_mib,,9.734375
throughput,tmux,headless,3,False,0.18,0.18,producer_ms,,225.898843
throughput,tmux,headless,3,False,0.18,0.18,settle_ms,,353.638235
throughput,tmux,headless,3,False,0.18,0.18,visible_ms,,
throughput,tmux,headless,3,False,0.18,0.18,host_cpu_s,,0.22
throughput,tmux,headless,3,False,0.18,0.18,intact,,True
throughput,tmux,headless,3,False,0.18,0.18,pss_after_mib,,5.2099609375
throughput,herdr,headless,3,False,0.18,0.17,producer_ms,,128.995162
throughput,herdr,headless,3,False,0.18,0.17,settle_ms,,256.532943
throughput,herdr,headless,3,False,0.18,0.17,visible_ms,,
throughput,herdr,headless,3,False,0.18,0.17,host_cpu_s,,0.14
throughput,herdr,headless,3,False,0.18,0.17,intact,,True
throughput,herdr,headless,3,False,0.18,0.17,pss_after_mib,,24.55078125
throughput,thurbox,headless,3,False,0.17,0.17,producer_ms,,226.565439
throughput,thurbox,headless,3,False,0.17,0.17,settle_ms,,367.409505
throughput,thurbox,headless,3,False,0.17,0.17,visible_ms,,
throughput,thurbox,headless,3,False,0.17,0.17,host_cpu_s,,0.24
throughput,thurbox,headless,3,False,0.17,0.17,intact,,True
throughput,thurbox,headless,3,False,0.17,0.17,pss_after_mib,,9.734375
throughput,tmux,headless,4,False,0.17,0.24,producer_ms,,208.17048
throughput,tmux,headless,4,False,0.17,0.24,settle_ms,,339.986956
throughput,tmux,headless,4,False,0.17,0.24,visible_ms,,
throughput,tmux,headless,4,False,0.17,0.24,host_cpu_s,,0.2
throughput,tmux,headless,4,False,0.17,0.24,intact,,True
throughput,tmux,headless,4,False,0.17,0.24,pss_after_mib,,5.2099609375
throughput,herdr,headless,4,False,0.24,0.24,producer_ms,,130.10284
throughput,herdr,headless,4,False,0.24,0.24,settle_ms,,256.597769
throughput,herdr,headless,4,False,0.24,0.24,visible_ms,,
throughput,herdr,headless,4,False,0.24,0.24,host_cpu_s,,0.13
throughput,herdr,headless,4,False,0.24,0.24,intact,,True
throughput,herdr,headless,4,False,0.24,0.24,pss_after_mib,,24.55859375
throughput,thurbox,headless,4,False,0.24,0.24,producer_ms,,222.624386
throughput,thurbox,headless,4,False,0.24,0.24,settle_ms,,360.149586
throughput,thurbox,headless,4,False,0.24,0.24,visible_ms,,
throughput,thurbox,headless,4,False,0.24,0.24,host_cpu_s,,0.22
throughput,thurbox,headless,4,False,0.24,0.24,intact,,True
throughput,thurbox,headless,4,False,0.24,0.24,pss_after_mib,,9.734375
throughput,tmux,headless,5,False,0.24,0.38,producer_ms,,224.58793
throughput,tmux,headless,5,False,0.24,0.38,settle_ms,,360.632102
throughput,tmux,headless,5,False,0.24,0.38,visible_ms,,
throughput,tmux,headless,5,False,0.24,0.38,host_cpu_s,,0.22
throughput,tmux,headless,5,False,0.24,0.38,intact,,True
throughput,tmux,headless,5,False,0.24,0.38,pss_after_mib,,5.2099609375
throughput,herdr,headless,5,False,0.38,0.38,producer_ms,,128.988566
throughput,herdr,headless,5,False,0.38,0.38,settle_ms,,259.676173
throughput,herdr,headless,5,False,0.38,0.38,visible_ms,,
throughput,herdr,headless,5,False,0.38,0.38,host_cpu_s,,0.13
throughput,herdr,headless,5,False,0.38,0.38,intact,,True
throughput,herdr,headless,5,False,0.38,0.38,pss_after_mib,,24.92578125
throughput,thurbox,headless,5,False,0.38,0.38,producer_ms,,229.158081
throughput,thurbox,headless,5,False,0.38,0.38,settle_ms,,358.763398
throughput,thurbox,headless,5,False,0.38,0.38,visible_ms,,
throughput,thurbox,headless,5,False,0.38,0.38,host_cpu_s,,0.22
throughput,thurbox,headless,5,False,0.38,0.38,intact,,True
throughput,thurbox,headless,5,False,0.38,0.38,pss_after_mib,,9.734375
throughput,tmux,attached,0,True,0.38,0.35,producer_ms,,232.99813
throughput,tmux,attached,0,True,0.38,0.35,settle_ms,,441.983595
throughput,tmux,attached,0,True,0.38,0.35,visible_ms,,330.674825
throughput,tmux,attached,0,True,0.38,0.35,host_cpu_s,,0.23
throughput,tmux,attached,0,True,0.38,0.35,intact,,True
throughput,tmux,attached,0,True,0.38,0.35,pss_after_mib,,7.677734375
throughput,herdr,attached,0,True,0.35,0.32,producer_ms,,144.425599
throughput,herdr,attached,0,True,0.35,0.32,settle_ms,,779.720147
throughput,herdr,attached,0,True,0.35,0.32,visible_ms,,157.049305
throughput,herdr,attached,0,True,0.35,0.32,host_cpu_s,,0.18
throughput,herdr,attached,0,True,0.35,0.32,intact,,True
throughput,herdr,attached,0,True,0.35,0.32,pss_after_mib,,23.1640625
throughput,thurbox,attached,0,True,0.32,0.32,producer_ms,,250.481521
throughput,thurbox,attached,0,True,0.32,0.32,settle_ms,,312.915744
throughput,thurbox,attached,0,True,0.32,0.32,visible_ms,,258.781302
throughput,thurbox,attached,0,True,0.32,0.32,host_cpu_s,,0.37
throughput,thurbox,attached,0,True,0.32,0.32,intact,,True
throughput,thurbox,attached,0,True,0.32,0.32,pss_after_mib,,36.748046875
throughput,tmux,attached,1,False,0.32,0.29,producer_ms,,228.79815
throughput,tmux,attached,1,False,0.32,0.29,settle_ms,,461.348397
throughput,tmux,attached,1,False,0.32,0.29,visible_ms,,334.537586
throughput,tmux,attached,1,False,0.32,0.29,host_cpu_s,,0.24
throughput,tmux,attached,1,False,0.32,0.29,intact,,True
throughput,tmux,attached,1,False,0.32,0.29,pss_after_mib,,7.697265625
throughput,herdr,attached,1,False,0.29,0.29,producer_ms,,142.462363
throughput,herdr,attached,1,False,0.29,0.29,settle_ms,,767.804581
throughput,herdr,attached,1,False,0.29,0.29,visible_ms,,158.896325
throughput,herdr,attached,1,False,0.29,0.29,host_cpu_s,,0.19
throughput,herdr,attached,1,False,0.29,0.29,intact,,True
throughput,herdr,attached,1,False,0.29,0.29,pss_after_mib,,23.13671875
throughput,thurbox,attached,1,False,0.29,0.27,producer_ms,,249.99181
throughput,thurbox,attached,1,False,0.29,0.27,settle_ms,,310.720425
throughput,thurbox,attached,1,False,0.29,0.27,visible_ms,,258.40146
throughput,thurbox,attached,1,False,0.29,0.27,host_cpu_s,,0.37
throughput,thurbox,attached,1,False,0.29,0.27,intact,,True
throughput,thurbox,attached,1,False,0.29,0.27,pss_after_mib,,36.744140625
throughput,tmux,attached,2,False,0.27,0.27,producer_ms,,227.729761
throughput,tmux,attached,2,False,0.27,0.27,settle_ms,,446.795521
throughput,tmux,attached,2,False,0.27,0.27,visible_ms,,335.273749
throughput,tmux,attached,2,False,0.27,0.27,host_cpu_s,,0.22
throughput,tmux,attached,2,False,0.27,0.27,intact,,True
throughput,tmux,attached,2,False,0.27,0.27,pss_after_mib,,7.720703125
throughput,herdr,attached,2,False,0.27,0.25,producer_ms,,142.472977
throughput,herdr,attached,2,False,0.27,0.25,settle_ms,,777.664329
throughput,herdr,attached,2,False,0.27,0.25,visible_ms,,158.16025
throughput,herdr,attached,2,False,0.27,0.25,host_cpu_s,,0.19
throughput,herdr,attached,2,False,0.27,0.25,intact,,True
throughput,herdr,attached,2,False,0.27,0.25,pss_after_mib,,23.16015625
throughput,thurbox,attached,2,False,0.25,0.25,producer_ms,,245.730644
throughput,thurbox,attached,2,False,0.25,0.25,settle_ms,,316.43845
throughput,thurbox,attached,2,False,0.25,0.25,visible_ms,,259.758268
throughput,thurbox,attached,2,False,0.25,0.25,host_cpu_s,,0.37
throughput,thurbox,attached,2,False,0.25,0.25,intact,,True
throughput,thurbox,attached,2,False,0.25,0.25,pss_after_mib,,36.759765625
throughput,tmux,attached,3,False,0.25,0.23,producer_ms,,228.117795
throughput,tmux,attached,3,False,0.25,0.23,settle_ms,,444.950069
throughput,tmux,attached,3,False,0.25,0.23,visible_ms,,325.085476
throughput,tmux,attached,3,False,0.25,0.23,host_cpu_s,,0.22
throughput,tmux,attached,3,False,0.25,0.23,intact,,True
throughput,tmux,attached,3,False,0.25,0.23,pss_after_mib,,7.697265625
throughput,herdr,attached,3,False,0.23,0.21,producer_ms,,141.966798
throughput,herdr,attached,3,False,0.23,0.21,settle_ms,,777.077795
throughput,herdr,attached,3,False,0.23,0.21,visible_ms,,156.873346
throughput,herdr,attached,3,False,0.23,0.21,host_cpu_s,,0.19
throughput,herdr,attached,3,False,0.23,0.21,intact,,True
throughput,herdr,attached,3,False,0.23,0.21,pss_after_mib,,23.1640625
throughput,thurbox,attached,3,False,0.21,0.21,producer_ms,,243.283333
throughput,thurbox,attached,3,False,0.21,0.21,settle_ms,,370.758692
throughput,thurbox,attached,3,False,0.21,0.21,visible_ms,,261.884262
throughput,thurbox,attached,3,False,0.21,0.21,host_cpu_s,,0.38
throughput,thurbox,attached,3,False,0.21,0.21,intact,,True
throughput,thurbox,attached,3,False,0.21,0.21,pss_after_mib,,36.755859375
throughput,tmux,attached,4,False,0.21,0.19,producer_ms,,227.611686
throughput,tmux,attached,4,False,0.21,0.19,settle_ms,,446.410899
throughput,tmux,attached,4,False,0.21,0.19,visible_ms,,334.282754
throughput,tmux,attached,4,False,0.21,0.19,host_cpu_s,,0.22
throughput,tmux,attached,4,False,0.21,0.19,intact,,True
throughput,tmux,attached,4,False,0.21,0.19,pss_after_mib,,7.728515625
throughput,herdr,attached,4,False,0.19,0.19,producer_ms,,155.970673
throughput,herdr,attached,4,False,0.19,0.19,settle_ms,,293.230386
throughput,herdr,attached,4,False,0.19,0.19,visible_ms,,162.973005
throughput,herdr,attached,4,False,0.19,0.19,host_cpu_s,,0.19
throughput,herdr,attached,4,False,0.19,0.19,intact,,True
throughput,herdr,attached,4,False,0.19,0.19,pss_after_mib,,26.5703125
throughput,thurbox,attached,4,False,0.19,0.26,producer_ms,,244.190079
throughput,thurbox,attached,4,False,0.19,0.26,settle_ms,,371.500461
throughput,thurbox,attached,4,False,0.19,0.26,visible_ms,,259.984621
throughput,thurbox,attached,4,False,0.19,0.26,host_cpu_s,,0.37
throughput,thurbox,attached,4,False,0.19,0.26,intact,,True
throughput,thurbox,attached,4,False,0.19,0.26,pss_after_mib,,36.755859375
throughput,tmux,attached,5,False,0.26,0.26,producer_ms,,229.265465
throughput,tmux,attached,5,False,0.26,0.26,settle_ms,,445.142789
throughput,tmux,attached,5,False,0.26,0.26,visible_ms,,326.214242
throughput,tmux,attached,5,False,0.26,0.26,host_cpu_s,,0.23
throughput,tmux,attached,5,False,0.26,0.26,intact,,True
throughput,tmux,attached,5,False,0.26,0.26,pss_after_mib,,7.732421875
throughput,herdr,attached,5,False,0.26,0.24,producer_ms,,141.986758
throughput,herdr,attached,5,False,0.26,0.24,settle_ms,,775.528536
throughput,herdr,attached,5,False,0.26,0.24,visible_ms,,157.410591
throughput,herdr,attached,5,False,0.26,0.24,host_cpu_s,,0.19
throughput,herdr,attached,5,False,0.26,0.24,intact,,True
throughput,herdr,attached,5,False,0.26,0.24,pss_after_mib,,23.1484375
throughput,thurbox,attached,5,False,0.24,0.24,producer_ms,,246.952877
throughput,thurbox,attached,5,False,0.24,0.24,settle_ms,,490.495625
throughput,thurbox,attached,5,False,0.24,0.24,visible_ms,,256.845024
throughput,thurbox,attached,5,False,0.24,0.24,host_cpu_s,,0.39
throughput,thurbox,attached,5,False,0.24,0.24,intact,,True
throughput,thurbox,attached,5,False,0.24,0.24,pss_after_mib,,36.751953125
scrollback,tmux,after 1 burst,0,True,0.24,0.22,retained_lines,,2001
scrollback,tmux,after 1 burst,0,True,0.24,0.22,readable_lines,,2001
scrollback,tmux,after 1 burst,0,True,0.24,0.22,held_mib,,2.08203125
scrollback,tmux,after 1 burst,0,True,0.24,0.22,read_all_ms,,9.507709
scrollback,herdr,after 1 burst,0,True,0.22,0.22,retained_lines,,5502
scrollback,herdr,after 1 burst,0,True,0.22,0.22,readable_lines,,998
scrollback,herdr,after 1 burst,0,True,0.22,0.22,held_mib,,6.94921875
scrollback,herdr,after 1 burst,0,True,0.22,0.22,read_all_ms,,5.418726
scrollback,thurbox,after 1 burst,0,True,0.22,0.28,retained_lines,,2500
scrollback,thurbox,after 1 burst,0,True,0.22,0.28,readable_lines,,2500
scrollback,thurbox,after 1 burst,0,True,0.22,0.28,held_mib,,1.669921875
scrollback,thurbox,after 1 burst,0,True,0.22,0.28,read_all_ms,,41.902826
scrollback,tmux,after 1 burst,1,False,0.28,0.28,retained_lines,,2001
scrollback,tmux,after 1 burst,1,False,0.28,0.28,readable_lines,,2001
scrollback,tmux,after 1 burst,1,False,0.28,0.28,held_mib,,2.08203125
scrollback,tmux,after 1 burst,1,False,0.28,0.28,read_all_ms,,7.796318
scrollback,herdr,after 1 burst,1,False,0.28,0.28,retained_lines,,5501
scrollback,herdr,after 1 burst,1,False,0.28,0.28,readable_lines,,998
scrollback,herdr,after 1 burst,1,False,0.28,0.28,held_mib,,6.953125
scrollback,herdr,after 1 burst,1,False,0.28,0.28,read_all_ms,,6.266986
scrollback,thurbox,after 1 burst,1,False,0.28,0.26,retained_lines,,2500
scrollback,thurbox,after 1 burst,1,False,0.28,0.26,readable_lines,,2500
scrollback,thurbox,after 1 burst,1,False,0.28,0.26,held_mib,,1.673828125
scrollback,thurbox,after 1 burst,1,False,0.28,0.26,read_all_ms,,41.861276
scrollback,tmux,after 1 burst,2,False,0.26,0.26,retained_lines,,2001
scrollback,tmux,after 1 burst,2,False,0.26,0.26,readable_lines,,2001
scrollback,tmux,after 1 burst,2,False,0.26,0.26,held_mib,,2.08203125
scrollback,tmux,after 1 burst,2,False,0.26,0.26,read_all_ms,,6.366768
scrollback,herdr,after 1 burst,2,False,0.26,0.26,retained_lines,,5502
scrollback,herdr,after 1 burst,2,False,0.26,0.26,readable_lines,,998
scrollback,herdr,after 1 burst,2,False,0.26,0.26,held_mib,,6.57421875
scrollback,herdr,after 1 burst,2,False,0.26,0.26,read_all_ms,,7.134631
scrollback,thurbox,after 1 burst,2,False,0.26,0.24,retained_lines,,2500
scrollback,thurbox,after 1 burst,2,False,0.26,0.24,readable_lines,,2500
scrollback,thurbox,after 1 burst,2,False,0.26,0.24,held_mib,,1.673828125
scrollback,thurbox,after 1 burst,2,False,0.26,0.24,read_all_ms,,41.78961
scrollback,tmux,after 1 burst,3,False,0.24,0.24,retained_lines,,2001
scrollback,tmux,after 1 burst,3,False,0.24,0.24,readable_lines,,2001
scrollback,tmux,after 1 burst,3,False,0.24,0.24,held_mib,,2.08203125
scrollback,tmux,after 1 burst,3,False,0.24,0.24,read_all_ms,,9.446893
scrollback,herdr,after 1 burst,3,False,0.24,0.3,retained_lines,,5502
scrollback,herdr,after 1 burst,3,False,0.24,0.3,readable_lines,,998
scrollback,herdr,after 1 burst,3,False,0.24,0.3,held_mib,,6.95703125
scrollback,herdr,after 1 burst,3,False,0.24,0.3,read_all_ms,,7.490324
scrollback,thurbox,after 1 burst,3,False,0.3,0.3,retained_lines,,2500
scrollback,thurbox,after 1 burst,3,False,0.3,0.3,readable_lines,,2500
scrollback,thurbox,after 1 burst,3,False,0.3,0.3,held_mib,,1.673828125
scrollback,thurbox,after 1 burst,3,False,0.3,0.3,read_all_ms,,46.423446
scrollback,tmux,after 1 burst,4,False,0.3,0.3,retained_lines,,2001
scrollback,tmux,after 1 burst,4,False,0.3,0.3,readable_lines,,2001
scrollback,tmux,after 1 burst,4,False,0.3,0.3,held_mib,,2.08203125
scrollback,tmux,after 1 burst,4,False,0.3,0.3,read_all_ms,,8.953525
scrollback,herdr,after 1 burst,4,False,0.3,0.27,retained_lines,,5501
scrollback,herdr,after 1 burst,4,False,0.3,0.27,readable_lines,,998
scrollback,herdr,after 1 burst,4,False,0.3,0.27,held_mib,,9.203125
scrollback,herdr,after 1 burst,4,False,0.3,0.27,read_all_ms,,7.887791
scrollback,thurbox,after 1 burst,4,False,0.27,0.27,retained_lines,,2500
scrollback,thurbox,after 1 burst,4,False,0.27,0.27,readable_lines,,2500
scrollback,thurbox,after 1 burst,4,False,0.27,0.27,held_mib,,1.673828125
scrollback,thurbox,after 1 burst,4,False,0.27,0.27,read_all_ms,,41.85756
scrollback,tmux,after 1 burst,5,False,0.27,0.41,retained_lines,,2001
scrollback,tmux,after 1 burst,5,False,0.27,0.41,readable_lines,,2001
scrollback,tmux,after 1 burst,5,False,0.27,0.41,held_mib,,2.08203125
scrollback,tmux,after 1 burst,5,False,0.27,0.41,read_all_ms,,6.467452
scrollback,herdr,after 1 burst,5,False,0.41,0.41,retained_lines,,5502
scrollback,herdr,after 1 burst,5,False,0.41,0.41,readable_lines,,998
scrollback,herdr,after 1 burst,5,False,0.41,0.41,held_mib,,6.57421875
scrollback,herdr,after 1 burst,5,False,0.41,0.41,read_all_ms,,7.474568
scrollback,thurbox,after 1 burst,5,False,0.41,0.41,retained_lines,,2500
scrollback,thurbox,after 1 burst,5,False,0.41,0.41,readable_lines,,2500
scrollback,thurbox,after 1 burst,5,False,0.41,0.41,held_mib,,1.669921875
scrollback,thurbox,after 1 burst,5,False,0.41,0.41,read_all_ms,,41.924887
latency,tmux,idle,0,True,0.41,0.35,echo_ms,0,1.039054
latency,tmux,idle,0,True,0.41,0.35,echo_ms,1,1.002082
latency,tmux,idle,0,True,0.41,0.35,echo_ms,2,1.001855
latency,tmux,idle,0,True,0.41,0.35,echo_ms,3,0.99672
latency,tmux,idle,0,True,0.41,0.35,echo_ms,4,0.98756
latency,tmux,idle,0,True,0.41,0.35,echo_ms,5,1.032376
latency,tmux,idle,0,True,0.41,0.35,echo_ms,6,1.060907
latency,tmux,idle,0,True,0.41,0.35,echo_ms,7,1.042776
latency,tmux,idle,0,True,0.41,0.35,echo_ms,8,0.917042
latency,tmux,idle,0,True,0.41,0.35,echo_ms,9,0.708037
latency,tmux,idle,0,True,0.41,0.35,echo_ms,10,1.061408
latency,tmux,idle,0,True,0.41,0.35,echo_ms,11,1.099215
latency,tmux,idle,0,True,0.41,0.35,echo_ms,12,0.988732
latency,tmux,idle,0,True,0.41,0.35,echo_ms,13,0.812624
latency,tmux,idle,0,True,0.41,0.35,echo_ms,14,0.759618
latency,tmux,idle,0,True,0.41,0.35,echo_ms,15,0.907061
latency,tmux,idle,0,True,0.41,0.35,echo_ms,16,1.016952
latency,tmux,idle,0,True,0.41,0.35,echo_ms,17,0.952837
latency,tmux,idle,0,True,0.41,0.35,echo_ms,18,0.723922
latency,tmux,idle,0,True,0.41,0.35,echo_ms,19,1.064175
latency,tmux,idle,0,True,0.41,0.35,echo_ms,20,0.998131
latency,tmux,idle,0,True,0.41,0.35,echo_ms,21,1.060458
latency,tmux,idle,0,True,0.41,0.35,echo_ms,22,0.883176
latency,tmux,idle,0,True,0.41,0.35,echo_ms,23,1.060564
latency,tmux,idle,0,True,0.41,0.35,echo_ms,24,0.902977
latency,tmux,idle,0,True,0.41,0.35,echo_ms,25,1.048335
latency,tmux,idle,0,True,0.41,0.35,echo_ms,26,0.987155
latency,tmux,idle,0,True,0.41,0.35,echo_ms,27,1.021758
latency,tmux,idle,0,True,0.41,0.35,echo_ms,28,1.039049
latency,tmux,idle,0,True,0.41,0.35,echo_ms,29,1.062117
latency,tmux,idle,0,True,0.41,0.35,echo_ms,30,1.054212
latency,tmux,idle,0,True,0.41,0.35,echo_ms,31,1.071086
latency,tmux,idle,0,True,0.41,0.35,echo_ms,32,1.048964
latency,tmux,idle,0,True,0.41,0.35,echo_ms,33,1.00993
latency,tmux,idle,0,True,0.41,0.35,echo_ms,34,0.980438
latency,tmux,idle,0,True,0.41,0.35,echo_ms,35,0.926336
latency,tmux,idle,0,True,0.41,0.35,echo_ms,36,1.01763
latency,tmux,idle,0,True,0.41,0.35,echo_ms,37,1.020966
latency,tmux,idle,0,True,0.41,0.35,echo_ms,38,1.038127
latency,tmux,idle,0,True,0.41,0.35,echo_ms,39,1.011439
latency,tmux,idle,0,True,0.41,0.35,echo_ms,40,1.014844
latency,tmux,idle,0,True,0.41,0.35,echo_ms,41,1.056641
latency,tmux,idle,0,True,0.41,0.35,echo_ms,42,0.986457
latency,tmux,idle,0,True,0.41,0.35,echo_ms,43,1.027837
latency,tmux,idle,0,True,0.41,0.35,echo_ms,44,1.050066
latency,tmux,idle,0,True,0.41,0.35,echo_ms,45,1.062659
latency,tmux,idle,0,True,0.41,0.35,echo_ms,46,1.050656
latency,tmux,idle,0,True,0.41,0.35,echo_ms,47,1.066656
latency,tmux,idle,0,True,0.41,0.35,echo_ms,48,1.04641
latency,tmux,idle,0,True,0.41,0.35,echo_ms,49,1.012385
latency,tmux,idle,0,True,0.41,0.35,echo_ms,50,0.809971
latency,tmux,idle,0,True,0.41,0.35,echo_ms,51,1.054319
latency,tmux,idle,0,True,0.41,0.35,echo_ms,52,1.066867
latency,tmux,idle,0,True,0.41,0.35,echo_ms,53,1.044827
latency,tmux,idle,0,True,0.41,0.35,echo_ms,54,0.918652
latency,tmux,idle,0,True,0.41,0.35,echo_ms,55,0.942461
latency,tmux,idle,0,True,0.41,0.35,echo_ms,56,1.042706
latency,tmux,idle,0,True,0.41,0.35,echo_ms,57,0.945262
latency,tmux,idle,0,True,0.41,0.35,echo_ms,58,1.012947
latency,tmux,idle,0,True,0.41,0.35,echo_ms,59,0.915964
latency,tmux,idle,0,True,0.41,0.35,echo_ms,60,1.053948
latency,tmux,idle,0,True,0.41,0.35,echo_ms,61,0.97043
latency,tmux,idle,0,True,0.41,0.35,echo_ms,62,1.052335
latency,tmux,idle,0,True,0.41,0.35,echo_ms,63,0.967719
latency,tmux,idle,0,True,0.41,0.35,echo_ms,64,0.973271
latency,tmux,idle,0,True,0.41,0.35,echo_ms,65,0.905451
latency,tmux,idle,0,True,0.41,0.35,echo_ms,66,0.945975
latency,tmux,idle,0,True,0.41,0.35,echo_ms,67,1.10149
latency,tmux,idle,0,True,0.41,0.35,echo_ms,68,1.081701
latency,tmux,idle,0,True,0.41,0.35,echo_ms,69,1.028785
latency,tmux,idle,0,True,0.41,0.35,echo_ms,70,1.000046
latency,tmux,idle,0,True,0.41,0.35,echo_ms,71,1.038512
latency,tmux,idle,0,True,0.41,0.35,echo_ms,72,1.049785
latency,tmux,idle,0,True,0.41,0.35,echo_ms,73,1.000793
latency,tmux,idle,0,True,0.41,0.35,echo_ms,74,1.079138
latency,tmux,idle,0,True,0.41,0.35,echo_ms,75,1.003641
latency,tmux,idle,0,True,0.41,0.35,echo_ms,76,0.976062
latency,tmux,idle,0,True,0.41,0.35,echo_ms,77,1.028522
latency,tmux,idle,0,True,0.41,0.35,echo_ms,78,0.983876
latency,tmux,idle,0,True,0.41,0.35,echo_ms,79,0.948853
latency,tmux,idle,0,True,0.41,0.35,echo_ms,80,1.064151
latency,tmux,idle,0,True,0.41,0.35,echo_ms,81,1.050238
latency,tmux,idle,0,True,0.41,0.35,echo_ms,82,1.004339
latency,tmux,idle,0,True,0.41,0.35,echo_ms,83,1.045941
latency,tmux,idle,0,True,0.41,0.35,echo_ms,84,1.065035
latency,tmux,idle,0,True,0.41,0.35,echo_ms,85,1.071119
latency,tmux,idle,0,True,0.41,0.35,echo_ms,86,0.984144
latency,tmux,idle,0,True,0.41,0.35,echo_ms,87,0.995558
latency,tmux,idle,0,True,0.41,0.35,echo_ms,88,1.019979
latency,tmux,idle,0,True,0.41,0.35,echo_ms,89,1.129222
latency,tmux,idle,0,True,0.41,0.35,echo_ms,90,1.088342
latency,tmux,idle,0,True,0.41,0.35,echo_ms,91,1.064849
latency,tmux,idle,0,True,0.41,0.35,echo_ms,92,0.999189
latency,tmux,idle,0,True,0.41,0.35,echo_ms,93,0.95618
latency,tmux,idle,0,True,0.41,0.35,echo_ms,94,1.093356
latency,tmux,idle,0,True,0.41,0.35,echo_ms,95,0.925385
latency,tmux,idle,0,True,0.41,0.35,echo_ms,96,1.016723
latency,tmux,idle,0,True,0.41,0.35,echo_ms,97,0.983355
latency,tmux,idle,0,True,0.41,0.35,echo_ms,98,1.026212
latency,tmux,idle,0,True,0.41,0.35,echo_ms,99,0.967029
latency,tmux,idle,0,True,0.41,0.35,timeouts,,0
latency,herdr,idle,0,True,0.35,0.37,echo_ms,0,2.206559
latency,herdr,idle,0,True,0.35,0.37,echo_ms,1,2.065681
latency,herdr,idle,0,True,0.35,0.37,echo_ms,2,2.087289
latency,herdr,idle,0,True,0.35,0.37,echo_ms,3,2.150681
latency,herdr,idle,0,True,0.35,0.37,echo_ms,4,2.082504
latency,herdr,idle,0,True,0.35,0.37,echo_ms,5,2.090055
latency,herdr,idle,0,True,0.35,0.37,echo_ms,6,2.241079
latency,herdr,idle,0,True,0.35,0.37,echo_ms,7,2.267946
latency,herdr,idle,0,True,0.35,0.37,echo_ms,8,2.19536
latency,herdr,idle,0,True,0.35,0.37,echo_ms,9,1.490344
latency,herdr,idle,0,True,0.35,0.37,echo_ms,10,2.06007
latency,herdr,idle,0,True,0.35,0.37,echo_ms,11,2.248366
latency,herdr,idle,0,True,0.35,0.37,echo_ms,12,2.208525
latency,herdr,idle,0,True,0.35,0.37,echo_ms,13,2.105766
latency,herdr,idle,0,True,0.35,0.37,echo_ms,14,2.124272
latency,herdr,idle,0,True,0.35,0.37,echo_ms,15,2.007962
latency,herdr,idle,0,True,0.35,0.37,echo_ms,16,2.027103
latency,herdr,idle,0,True,0.35,0.37,echo_ms,17,2.06738
latency,herdr,idle,0,True,0.35,0.37,echo_ms,18,2.163407
latency,herdr,idle,0,True,0.35,0.37,echo_ms,19,2.036517
latency,herdr,idle,0,True,0.35,0.37,echo_ms,20,2.093138
latency,herdr,idle,0,True,0.35,0.37,echo_ms,21,2.071702
latency,herdr,idle,0,True,0.35,0.37,echo_ms,22,2.257261
latency,herdr,idle,0,True,0.35,0.37,echo_ms,23,2.209559
latency,herdr,idle,0,True,0.35,0.37,echo_ms,24,2.068853
latency,herdr,idle,0,True,0.35,0.37,echo_ms,25,2.278877
latency,herdr,idle,0,True,0.35,0.37,echo_ms,26,2.100889
latency,herdr,idle,0,True,0.35,0.37,echo_ms,27,2.173862
latency,herdr,idle,0,True,0.35,0.37,echo_ms,28,2.145966
latency,herdr,idle,0,True,0.35,0.37,echo_ms,29,1.884747
latency,herdr,idle,0,True,0.35,0.37,echo_ms,30,2.178845
latency,herdr,idle,0,True,0.35,0.37,echo_ms,31,2.101752
latency,herdr,idle,0,True,0.35,0.37,echo_ms,32,2.01311
latency,herdr,idle,0,True,0.35,0.37,echo_ms,33,2.063968
latency,herdr,idle,0,True,0.35,0.37,echo_ms,34,2.166077
latency,herdr,idle,0,True,0.35,0.37,echo_ms,35,2.136308
latency,herdr,idle,0,True,0.35,0.37,echo_ms,36,1.553787
latency,herdr,idle,0,True,0.35,0.37,echo_ms,37,1.430088
latency,herdr,idle,0,True,0.35,0.37,echo_ms,38,2.085787
latency,herdr,idle,0,True,0.35,0.37,echo_ms,39,2.209505
latency,herdr,idle,0,True,0.35,0.37,echo_ms,40,2.117595
latency,herdr,idle,0,True,0.35,0.37,echo_ms,41,2.127326
latency,herdr,idle,0,True,0.35,0.37,echo_ms,42,2.249757
latency,herdr,idle,0,True,0.35,0.37,echo_ms,43,2.211966
latency,herdr,idle,0,True,0.35,0.37,echo_ms,44,2.138416
latency,herdr,idle,0,True,0.35,0.37,echo_ms,45,2.094043
latency,herdr,idle,0,True,0.35,0.37,echo_ms,46,1.020465
latency,herdr,idle,0,True,0.35,0.37,echo_ms,47,1.533444
latency,herdr,idle,0,True,0.35,0.37,echo_ms,48,2.134582
latency,herdr,idle,0,True,0.35,0.37,echo_ms,49,2.385701
latency,herdr,idle,0,True,0.35,0.37,echo_ms,50,2.256748
latency,herdr,idle,0,True,0.35,0.37,echo_ms,51,2.236107
latency,herdr,idle,0,True,0.35,0.37,echo_ms,52,2.015755
latency,herdr,idle,0,True,0.35,0.37,echo_ms,53,2.077681
latency,herdr,idle,0,True,0.35,0.37,echo_ms,54,1.382028
latency,herdr,idle,0,True,0.35,0.37,echo_ms,55,1.986025
latency,herdr,idle,0,True,0.35,0.37,echo_ms,56,2.253747
latency,herdr,idle,0,True,0.35,0.37,echo_ms,57,2.267622
latency,herdr,idle,0,True,0.35,0.37,echo_ms,58,2.123119
latency,herdr,idle,0,True,0.35,0.37,echo_ms,59,2.068226
latency,herdr,idle,0,True,0.35,0.37,echo_ms,60,2.275145
latency,herdr,idle,0,True,0.35,0.37,echo_ms,61,1.430744
latency,herdr,idle,0,True,0.35,0.37,echo_ms,62,2.108579
latency,herdr,idle,0,True,0.35,0.37,echo_ms,63,2.120013
latency,herdr,idle,0,True,0.35,0.37,echo_ms,64,2.191101
latency,herdr,idle,0,True,0.35,0.37,echo_ms,65,2.165985
latency,herdr,idle,0,True,0.35,0.37,echo_ms,66,2.36037
latency,herdr,idle,0,True,0.35,0.37,echo_ms,67,2.01133
latency,herdr,idle,0,True,0.35,0.37,echo_ms,68,2.132553
latency,herdr,idle,0,True,0.35,0.37,echo_ms,69,2.190627
latency,herdr,idle,0,True,0.35,0.37,echo_ms,70,2.111859
latency,herdr,idle,0,True,0.35,0.37,echo_ms,71,2.240333
latency,herdr,idle,0,True,0.35,0.37,echo_ms,72,2.287217
latency,herdr,idle,0,True,0.35,0.37,echo_ms,73,2.206534
latency,herdr,idle,0,True,0.35,0.37,echo_ms,74,2.258843
latency,herdr,idle,0,True,0.35,0.37,echo_ms,75,2.333456
latency,herdr,idle,0,True,0.35,0.37,echo_ms,76,2.249076
latency,herdr,idle,0,True,0.35,0.37,echo_ms,77,2.098531
latency,herdr,idle,0,True,0.35,0.37,echo_ms,78,2.340429
latency,herdr,idle,0,True,0.35,0.37,echo_ms,79,2.192498
latency,herdr,idle,0,True,0.35,0.37,echo_ms,80,2.249008
latency,herdr,idle,0,True,0.35,0.37,echo_ms,81,2.049079
latency,herdr,idle,0,True,0.35,0.37,echo_ms,82,2.383355
latency,herdr,idle,0,True,0.35,0.37,echo_ms,83,2.166396
latency,herdr,idle,0,True,0.35,0.37,echo_ms,84,2.127036
latency,herdr,idle,0,True,0.35,0.37,echo_ms,85,2.20923
latency,herdr,idle,0,True,0.35,0.37,echo_ms,86,2.143728
latency,herdr,idle,0,True,0.35,0.37,echo_ms,87,2.221611
latency,herdr,idle,0,True,0.35,0.37,echo_ms,88,2.167605
latency,herdr,idle,0,True,0.35,0.37,echo_ms,89,2.027537
latency,herdr,idle,0,True,0.35,0.37,echo_ms,90,2.094667
latency,herdr,idle,0,True,0.35,0.37,echo_ms,91,2.253021
latency,herdr,idle,0,True,0.35,0.37,echo_ms,92,2.195027
latency,herdr,idle,0,True,0.35,0.37,echo_ms,93,2.262388
latency,herdr,idle,0,True,0.35,0.37,echo_ms,94,2.218668
latency,herdr,idle,0,True,0.35,0.37,echo_ms,95,2.240476
latency,herdr,idle,0,True,0.35,0.37,echo_ms,96,2.308757
latency,herdr,idle,0,True,0.35,0.37,echo_ms,97,2.189085
latency,herdr,idle,0,True,0.35,0.37,echo_ms,98,2.133652
latency,herdr,idle,0,True,0.35,0.37,echo_ms,99,2.259508
latency,herdr,idle,0,True,0.35,0.37,timeouts,,0
latency,thurbox,idle,0,True,0.37,0.31,echo_ms,0,5.730791
latency,thurbox,idle,0,True,0.37,0.31,echo_ms,1,3.38352
latency,thurbox,idle,0,True,0.37,0.31,echo_ms,2,3.423737
latency,thurbox,idle,0,True,0.37,0.31,echo_ms,3,3.769146
latency,thurbox,idle,0,True,0.37,0.31,echo_ms,4,3.583745
latency,thurbox,idle,0,True,0.37,0.31,echo_ms,5,3.464307
latency,thurbox,idle,0,True,0.37,0.31,echo_ms,6,3.419757
latency,thurbox,idle,0,True,0.37,0.31,echo_ms,7,3.402967
latency,thurbox,idle,0,True,0.37,0.31,echo_ms,8,3.425804
latency,thurbox,idle,0,True,0.37,0.31,echo_ms,9,3.448012
latency,thurbox,idle,0,True,0.37,0.31,echo_ms,10,3.730753
latency,thurbox,idle,0,True,0.37,0.31,echo_ms,11,3.434933
latency,thurbox,idle,0,True,0.37,0.31,echo_ms,12,3.358762
latency,thurbox,idle,0,True,0.37,0.31,echo_ms,13,3.459551
latency,thurbox,idle,0,True,0.37,0.31,echo_ms,14,3.378462
latency,thurbox,idle,0,True,0.37,0.31,echo_ms,15,3.476999
latency,thurbox,idle,0,True,0.37,0.31,echo_ms,16,3.454264
latency,thurbox,idle,0,True,0.37,0.31,echo_ms,17,3.497243
latency,thurbox,idle,0,True,0.37,0.31,echo_ms,18,5.68692
latency,thurbox,idle,0,True,0.37,0.31,echo_ms,19,3.43458
latency,thurbox,idle,0,True,0.37,0.31,echo_ms,20,4.74688
latency,thurbox,idle,0,True,0.37,0.31,echo_ms,21,3.294991
latency,thurbox,idle,0,True,0.37,0.31,echo_ms,22,3.321913
latency,thurbox,idle,0,True,0.37,0.31,echo_ms,23,3.754539
latency,thurbox,idle,0,True,0.37,0.31,echo_ms,24,3.582747
latency,thurbox,idle,0,True,0.37,0.31,echo_ms,25,1.566078
latency,thurbox,idle,0,True,0.37,0.31,echo_ms,26,3.482918
latency,thurbox,idle,0,True,0.37,0.31,echo_ms,27,6.754092
latency,thurbox,idle,0,True,0.37,0.31,echo_ms,28,3.831004
latency,thurbox,idle,0,True,0.37,0.31,echo_ms,29,3.392672
latency,thurbox,idle,0,True,0.37,0.31,echo_ms,30,3.674618
latency,thurbox,idle,0,True,0.37,0.31,echo_ms,31,3.356189
latency,thurbox,idle,0,True,0.37,0.31,echo_ms,32,3.40244
latency,thurbox,idle,0,True,0.37,0.31,echo_ms,33,3.523604
latency,thurbox,idle,0,True,0.37,0.31,echo_ms,34,4.11113
latency,thurbox,idle,0,True,0.37,0.31,echo_ms,35,3.715508
latency,thurbox,idle,0,True,0.37,0.31,echo_ms,36,3.126154
latency,thurbox,idle,0,True,0.37,0.31,echo_ms,37,2.75445
latency,thurbox,idle,0,True,0.37,0.31,echo_ms,38,3.333853
latency,thurbox,idle,0,True,0.37,0.31,echo_ms,39,4.463677
latency,thurbox,idle,0,True,0.37,0.31,echo_ms,40,3.558145
latency,thurbox,idle,0,True,0.37,0.31,echo_ms,41,3.859085
latency,thurbox,idle,0,True,0.37,0.31,echo_ms,42,3.491423
latency,thurbox,idle,0,True,0.37,0.31,echo_ms,43,3.360305
latency,thurbox,idle,0,True,0.37,0.31,echo_ms,44,3.798452
latency,thurbox,idle,0,True,0.37,0.31,echo_ms,45,3.575173
latency,thurbox,idle,0,True,0.37,0.31,echo_ms,46,4.646307
latency,thurbox,idle,0,True,0.37,0.31,echo_ms,47,4.728101
latency,thurbox,idle,0,True,0.37,0.31,echo_ms,48,3.286331
latency,thurbox,idle,0,True,0.37,0.31,echo_ms,49,3.190381
latency,thurbox,idle,0,True,0.37,0.31,echo_ms,50,3.331222
latency,thurbox,idle,0,True,0.37,0.31,echo_ms,51,3.70818
latency,thurbox,idle,0,True,0.37,0.31,echo_ms,52,3.29091
latency,thurbox,idle,0,True,0.37,0.31,echo_ms,53,5.452634
latency,thurbox,idle,0,True,0.37,0.31,echo_ms,54,3.506808
latency,thurbox,idle,0,True,0.37,0.31,echo_ms,55,3.355988
latency,thurbox,idle,0,True,0.37,0.31,echo_ms,56,1.641426
latency,thurbox,idle,0,True,0.37,0.31,echo_ms,57,3.485956
latency,thurbox,idle,0,True,0.37,0.31,echo_ms,58,3.850232
latency,thurbox,idle,0,True,0.37,0.31,echo_ms,59,3.522486
latency,thurbox,idle,0,True,0.37,0.31,echo_ms,60,3.516289
latency,thurbox,idle,0,True,0.37,0.31,echo_ms,61,3.466569
latency,thurbox,idle,0,True,0.37,0.31,echo_ms,62,3.412959
latency,thurbox,idle,0,True,0.37,0.31,echo_ms,63,5.762121
latency,thurbox,idle,0,True,0.37,0.31,echo_ms,64,3.497559
latency,thurbox,idle,0,True,0.37,0.31,echo_ms,65,3.287499
latency,thurbox,idle,0,True,0.37,0.31,echo_ms,66,3.351072
latency,thurbox,idle,0,True,0.37,0.31,echo_ms,67,3.328983
latency,thurbox,idle,0,True,0.37,0.31,echo_ms,68,3.434804
latency,thurbox,idle,0,True,0.37,0.31,echo_ms,69,3.130884
latency,thurbox,idle,0,True,0.37,0.31,echo_ms,70,3.383615
latency,thurbox,idle,0,True,0.37,0.31,echo_ms,71,4.518659
latency,thurbox,idle,0,True,0.37,0.31,echo_ms,72,6.031702
latency,thurbox,idle,0,True,0.37,0.31,echo_ms,73,3.390912
latency,thurbox,idle,0,True,0.37,0.31,echo_ms,74,3.313765
latency,thurbox,idle,0,True,0.37,0.31,echo_ms,75,3.394944
latency,thurbox,idle,0,True,0.37,0.31,echo_ms,76,3.252681
latency,thurbox,idle,0,True,0.37,0.31,echo_ms,77,3.499907
latency,thurbox,idle,0,True,0.37,0.31,echo_ms,78,3.409624
latency,thurbox,idle,0,True,0.37,0.31,echo_ms,79,3.374183
latency,thurbox,idle,0,True,0.37,0.31,echo_ms,80,3.457055
latency,thurbox,idle,0,True,0.37,0.31,echo_ms,81,3.350694
latency,thurbox,idle,0,True,0.37,0.31,echo_ms,82,3.318261
latency,thurbox,idle,0,True,0.37,0.31,echo_ms,83,3.505687
latency,thurbox,idle,0,True,0.37,0.31,echo_ms,84,3.34308
latency,thurbox,idle,0,True,0.37,0.31,echo_ms,85,3.503461
latency,thurbox,idle,0,True,0.37,0.31,echo_ms,86,1.83207
latency,thurbox,idle,0,True,0.37,0.31,echo_ms,87,2.668775
latency,thurbox,idle,0,True,0.37,0.31,echo_ms,88,3.477596
latency,thurbox,idle,0,True,0.37,0.31,echo_ms,89,3.436625
latency,thurbox,idle,0,True,0.37,0.31,echo_ms,90,3.254036
latency,thurbox,idle,0,True,0.37,0.31,echo_ms,91,5.22155
latency,thurbox,idle,0,True,0.37,0.31,echo_ms,92,3.432673
latency,thurbox,idle,0,True,0.37,0.31,echo_ms,93,4.560462
latency,thurbox,idle,0,True,0.37,0.31,echo_ms,94,3.380184
latency,thurbox,idle,0,True,0.37,0.31,echo_ms,95,3.369759
latency,thurbox,idle,0,True,0.37,0.31,echo_ms,96,3.31297
latency,thurbox,idle,0,True,0.37,0.31,echo_ms,97,3.576962
latency,thurbox,idle,0,True,0.37,0.31,echo_ms,98,3.402222
latency,thurbox,idle,0,True,0.37,0.31,echo_ms,99,3.238635
latency,thurbox,idle,0,True,0.37,0.31,timeouts,,0
latency,tmux,idle,1,False,0.31,0.26,echo_ms,0,1.097727
latency,tmux,idle,1,False,0.31,0.26,echo_ms,1,0.938609
latency,tmux,idle,1,False,0.31,0.26,echo_ms,2,1.013589
latency,tmux,idle,1,False,0.31,0.26,echo_ms,3,0.903836
latency,tmux,idle,1,False,0.31,0.26,echo_ms,4,0.976186
latency,tmux,idle,1,False,0.31,0.26,echo_ms,5,1.008102
latency,tmux,idle,1,False,0.31,0.26,echo_ms,6,0.868941
latency,tmux,idle,1,False,0.31,0.26,echo_ms,7,0.981504
latency,tmux,idle,1,False,0.31,0.26,echo_ms,8,1.014101
latency,tmux,idle,1,False,0.31,0.26,echo_ms,9,0.946033
latency,tmux,idle,1,False,0.31,0.26,echo_ms,10,0.98347
latency,tmux,idle,1,False,0.31,0.26,echo_ms,11,0.972
latency,tmux,idle,1,False,0.31,0.26,echo_ms,12,1.006038
latency,tmux,idle,1,False,0.31,0.26,echo_ms,13,0.98654
latency,tmux,idle,1,False,0.31,0.26,echo_ms,14,0.999659
latency,tmux,idle,1,False,0.31,0.26,echo_ms,15,1.03242
latency,tmux,idle,1,False,0.31,0.26,echo_ms,16,1.009146
latency,tmux,idle,1,False,0.31,0.26,echo_ms,17,0.986724
latency,tmux,idle,1,False,0.31,0.26,echo_ms,18,0.960081
latency,tmux,idle,1,False,0.31,0.26,echo_ms,19,0.978171
latency,tmux,idle,1,False,0.31,0.26,echo_ms,20,0.978734
latency,tmux,idle,1,False,0.31,0.26,echo_ms,21,0.951411
latency,tmux,idle,1,False,0.31,0.26,echo_ms,22,0.86088
latency,tmux,idle,1,False,0.31,0.26,echo_ms,23,1.052072
latency,tmux,idle,1,False,0.31,0.26,echo_ms,24,0.974656
latency,tmux,idle,1,False,0.31,0.26,echo_ms,25,0.96073
latency,tmux,idle,1,False,0.31,0.26,echo_ms,26,1.045332
latency,tmux,idle,1,False,0.31,0.26,echo_ms,27,1.032015
latency,tmux,idle,1,False,0.31,0.26,echo_ms,28,1.00341
latency,tmux,idle,1,False,0.31,0.26,echo_ms,29,1.008839
latency,tmux,idle,1,False,0.31,0.26,echo_ms,30,0.956156
latency,tmux,idle,1,False,0.31,0.26,echo_ms,31,1.006689
latency,tmux,idle,1,False,0.31,0.26,echo_ms,32,1.048316
latency,tmux,idle,1,False,0.31,0.26,echo_ms,33,0.979101
latency,tmux,idle,1,False,0.31,0.26,echo_ms,34,0.967482
latency,tmux,idle,1,False,0.31,0.26,echo_ms,35,1.056872
latency,tmux,idle,1,False,0.31,0.26,echo_ms,36,0.998471
latency,tmux,idle,1,False,0.31,0.26,echo_ms,37,0.641956
latency,tmux,idle,1,False,0.31,0.26,echo_ms,38,0.591778
latency,tmux,idle,1,False,0.31,0.26,echo_ms,39,0.890382
latency,tmux,idle,1,False,0.31,0.26,echo_ms,40,0.920966
latency,tmux,idle,1,False,0.31,0.26,echo_ms,41,0.737525
latency,tmux,idle,1,False,0.31,0.26,echo_ms,42,0.633721
latency,tmux,idle,1,False,0.31,0.26,echo_ms,43,0.764479
latency,tmux,idle,1,False,0.31,0.26,echo_ms,44,0.966585
latency,tmux,idle,1,False,0.31,0.26,echo_ms,45,1.024015
latency,tmux,idle,1,False,0.31,0.26,echo_ms,46,1.037477
latency,tmux,idle,1,False,0.31,0.26,echo_ms,47,0.912567
latency,tmux,idle,1,False,0.31,0.26,echo_ms,48,0.954935
latency,tmux,idle,1,False,0.31,0.26,echo_ms,49,0.931694
latency,tmux,idle,1,False,0.31,0.26,echo_ms,50,0.966385
latency,tmux,idle,1,False,0.31,0.26,echo_ms,51,0.957804
latency,tmux,idle,1,False,0.31,0.26,echo_ms,52,0.961442
latency,tmux,idle,1,False,0.31,0.26,echo_ms,53,0.876745
latency,tmux,idle,1,False,0.31,0.26,echo_ms,54,0.922448
latency,tmux,idle,1,False,0.31,0.26,echo_ms,55,0.905181
latency,tmux,idle,1,False,0.31,0.26,echo_ms,56,0.909645
latency,tmux,idle,1,False,0.31,0.26,echo_ms,57,0.896493
latency,tmux,idle,1,False,0.31,0.26,echo_ms,58,0.911092
latency,tmux,idle,1,False,0.31,0.26,echo_ms,59,0.895069
latency,tmux,idle,1,False,0.31,0.26,echo_ms,60,0.982304
latency,tmux,idle,1,False,0.31,0.26,echo_ms,61,0.9384
latency,tmux,idle,1,False,0.31,0.26,echo_ms,62,1.066487
latency,tmux,idle,1,False,0.31,0.26,echo_ms,63,0.988996
latency,tmux,idle,1,False,0.31,0.26,echo_ms,64,0.927285
latency,tmux,idle,1,False,0.31,0.26,echo_ms,65,1.014407
latency,tmux,idle,1,False,0.31,0.26,echo_ms,66,1.000424
latency,tmux,idle,1,False,0.31,0.26,echo_ms,67,0.998489
latency,tmux,idle,1,False,0.31,0.26,echo_ms,68,0.989207
latency,tmux,idle,1,False,0.31,0.26,echo_ms,69,0.944478
latency,tmux,idle,1,False,0.31,0.26,echo_ms,70,0.978065
latency,tmux,idle,1,False,0.31,0.26,echo_ms,71,0.966311
latency,tmux,idle,1,False,0.31,0.26,echo_ms,72,0.938426
latency,tmux,idle,1,False,0.31,0.26,echo_ms,73,0.965537
latency,tmux,idle,1,False,0.31,0.26,echo_ms,74,0.997937
latency,tmux,idle,1,False,0.31,0.26,echo_ms,75,0.996543
latency,tmux,idle,1,False,0.31,0.26,echo_ms,76,0.993099
latency,tmux,idle,1,False,0.31,0.26,echo_ms,77,0.980284
latency,tmux,idle,1,False,0.31,0.26,echo_ms,78,0.945214
latency,tmux,idle,1,False,0.31,0.26,echo_ms,79,0.945778
latency,tmux,idle,1,False,0.31,0.26,echo_ms,80,1.05176
latency,tmux,idle,1,False,0.31,0.26,echo_ms,81,0.987511
latency,tmux,idle,1,False,0.31,0.26,echo_ms,82,0.998409
latency,tmux,idle,1,False,0.31,0.26,echo_ms,83,0.98463
latency,tmux,idle,1,False,0.31,0.26,echo_ms,84,0.991023
latency,tmux,idle,1,False,0.31,0.26,echo_ms,85,1.02258
latency,tmux,idle,1,False,0.31,0.26,echo_ms,86,0.919139
latency,tmux,idle,1,False,0.31,0.26,echo_ms,87,1.059878
latency,tmux,idle,1,False,0.31,0.26,echo_ms,88,1.031889
latency,tmux,idle,1,False,0.31,0.26,echo_ms,89,1.023032
latency,tmux,idle,1,False,0.31,0.26,echo_ms,90,0.991425
latency,tmux,idle,1,False,0.31,0.26,echo_ms,91,0.970643
latency,tmux,idle,1,False,0.31,0.26,echo_ms,92,0.990017
latency,tmux,idle,1,False,0.31,0.26,echo_ms,93,0.944786
latency,tmux,idle,1,False,0.31,0.26,echo_ms,94,0.964525
latency,tmux,idle,1,False,0.31,0.26,echo_ms,95,0.975963
latency,tmux,idle,1,False,0.31,0.26,echo_ms,96,0.997525
latency,tmux,idle,1,False,0.31,0.26,echo_ms,97,0.956795
latency,tmux,idle,1,False,0.31,0.26,echo_ms,98,0.990211
latency,tmux,idle,1,False,0.31,0.26,echo_ms,99,1.007756
latency,tmux,idle,1,False,0.31,0.26,timeouts,,0
latency,herdr,idle,1,False,0.26,0.22,echo_ms,0,2.097843
latency,herdr,idle,1,False,0.26,0.22,echo_ms,1,2.046495
latency,herdr,idle,1,False,0.26,0.22,echo_ms,2,2.282976
latency,herdr,idle,1,False,0.26,0.22,echo_ms,3,1.941757
latency,herdr,idle,1,False,0.26,0.22,echo_ms,4,2.114312
latency,herdr,idle,1,False,0.26,0.22,echo_ms,5,2.021049
latency,herdr,idle,1,False,0.26,0.22,echo_ms,6,2.009799
latency,herdr,idle,1,False,0.26,0.22,echo_ms,7,2.088295
latency,herdr,idle,1,False,0.26,0.22,echo_ms,8,2.199503
latency,herdr,idle,1,False,0.26,0.22,echo_ms,9,2.066645
latency,herdr,idle,1,False,0.26,0.22,echo_ms,10,2.036314
latency,herdr,idle,1,False,0.26,0.22,echo_ms,11,2.015492
latency,herdr,idle,1,False,0.26,0.22,echo_ms,12,2.196483
latency,herdr,idle,1,False,0.26,0.22,echo_ms,13,2.168308
latency,herdr,idle,1,False,0.26,0.22,echo_ms,14,2.168333
latency,herdr,idle,1,False,0.26,0.22,echo_ms,15,2.153663
latency,herdr,idle,1,False,0.26,0.22,echo_ms,16,2.089432
latency,herdr,idle,1,False,0.26,0.22,echo_ms,17,2.192143
latency,herdr,idle,1,False,0.26,0.22,echo_ms,18,2.040796
latency,herdr,idle,1,False,0.26,0.22,echo_ms,19,2.084459
latency,herdr,idle,1,False,0.26,0.22,echo_ms,20,2.008018
latency,herdr,idle,1,False,0.26,0.22,echo_ms,21,1.945141
latency,herdr,idle,1,False,0.26,0.22,echo_ms,22,2.093043
latency,herdr,idle,1,False,0.26,0.22,echo_ms,23,2.053213
latency,herdr,idle,1,False,0.26,0.22,echo_ms,24,2.095683
latency,herdr,idle,1,False,0.26,0.22,echo_ms,25,2.052247
latency,herdr,idle,1,False,0.26,0.22,echo_ms,26,2.126858
latency,herdr,idle,1,False,0.26,0.22,echo_ms,27,2.01738
latency,herdr,idle,1,False,0.26,0.22,echo_ms,28,2.067256
latency,herdr,idle,1,False,0.26,0.22,echo_ms,29,2.090952
latency,herdr,idle,1,False,0.26,0.22,echo_ms,30,2.066639
latency,herdr,idle,1,False,0.26,0.22,echo_ms,31,1.988003
latency,herdr,idle,1,False,0.26,0.22,echo_ms,32,2.085057
latency,herdr,idle,1,False,0.26,0.22,echo_ms,33,1.276575
latency,herdr,idle,1,False,0.26,0.22,echo_ms,34,2.036588
latency,herdr,idle,1,False,0.26,0.22,echo_ms,35,1.980295
latency,herdr,idle,1,False,0.26,0.22,echo_ms,36,2.062158
latency,herdr,idle,1,False,0.26,0.22,echo_ms,37,2.093278
latency,herdr,idle,1,False,0.26,0.22,echo_ms,38,2.05259
latency,herdr,idle,1,False,0.26,0.22,echo_ms,39,2.128122
latency,herdr,idle,1,False,0.26,0.22,echo_ms,40,2.109417
latency,herdr,idle,1,False,0.26,0.22,echo_ms,41,2.17466
latency,herdr,idle,1,False,0.26,0.22,echo_ms,42,2.076596
latency,herdr,idle,1,False,0.26,0.22,echo_ms,43,1.980548
latency,herdr,idle,1,False,0.26,0.22,echo_ms,44,1.992573
latency,herdr,idle,1,False,0.26,0.22,echo_ms,45,3.870567
latency,herdr,idle,1,False,0.26,0.22,echo_ms,46,2.119342
latency,herdr,idle,1,False,0.26,0.22,echo_ms,47,2.014928
latency,herdr,idle,1,False,0.26,0.22,echo_ms,48,2.245096
latency,herdr,idle,1,False,0.26,0.22,echo_ms,49,2.047856
latency,herdr,idle,1,False,0.26,0.22,echo_ms,50,2.040568
latency,herdr,idle,1,False,0.26,0.22,echo_ms,51,2.068148
latency,herdr,idle,1,False,0.26,0.22,echo_ms,52,1.978564
latency,herdr,idle,1,False,0.26,0.22,echo_ms,53,2.247893
latency,herdr,idle,1,False,0.26,0.22,echo_ms,54,2.002925
latency,herdr,idle,1,False,0.26,0.22,echo_ms,55,2.10367
latency,herdr,idle,1,False,0.26,0.22,echo_ms,56,2.02817
latency,herdr,idle,1,False,0.26,0.22,echo_ms,57,1.95564
latency,herdr,idle,1,False,0.26,0.22,echo_ms,58,2.245531
latency,herdr,idle,1,False,0.26,0.22,echo_ms,59,2.046029
latency,herdr,idle,1,False,0.26,0.22,echo_ms,60,2.090431
latency,herdr,idle,1,False,0.26,0.22,echo_ms,61,2.238955
latency,herdr,idle,1,False,0.26,0.22,echo_ms,62,2.127074
latency,herdr,idle,1,False,0.26,0.22,echo_ms,63,2.066103
latency,herdr,idle,1,False,0.26,0.22,echo_ms,64,1.918915
latency,herdr,idle,1,False,0.26,0.22,echo_ms,65,2.001567
latency,herdr,idle,1,False,0.26,0.22,echo_ms,66,1.702823
latency,herdr,idle,1,False,0.26,0.22,echo_ms,67,2.044972
latency,herdr,idle,1,False,0.26,0.22,echo_ms,68,2.163655
latency,herdr,idle,1,False,0.26,0.22,echo_ms,69,1.842989
latency,herdr,idle,1,False,0.26,0.22,echo_ms,70,1.28469
latency,herdr,idle,1,False,0.26,0.22,echo_ms,71,2.189169
latency,herdr,idle,1,False,0.26,0.22,echo_ms,72,2.079307
latency,herdr,idle,1,False,0.26,0.22,echo_ms,73,2.046144
latency,herdr,idle,1,False,0.26,0.22,echo_ms,74,2.187668
latency,herdr,idle,1,False,0.26,0.22,echo_ms,75,2.081229
latency,herdr,idle,1,False,0.26,0.22,echo_ms,76,2.545919
latency,herdr,idle,1,False,0.26,0.22,echo_ms,77,2.151619
latency,herdr,idle,1,False,0.26,0.22,echo_ms,78,2.104003
latency,herdr,idle,1,False,0.26,0.22,echo_ms,79,2.059874
latency,herdr,idle,1,False,0.26,0.22,echo_ms,80,2.026856
latency,herdr,idle,1,False,0.26,0.22,echo_ms,81,1.883121
latency,herdr,idle,1,False,0.26,0.22,echo_ms,82,1.675801
latency,herdr,idle,1,False,0.26,0.22,echo_ms,83,1.398351
latency,herdr,idle,1,False,0.26,0.22,echo_ms,84,2.029288
latency,herdr,idle,1,False,0.26,0.22,echo_ms,85,2.027956
latency,herdr,idle,1,False,0.26,0.22,echo_ms,86,2.092729
latency,herdr,idle,1,False,0.26,0.22,echo_ms,87,2.054779
latency,herdr,idle,1,False,0.26,0.22,echo_ms,88,2.00799
latency,herdr,idle,1,False,0.26,0.22,echo_ms,89,2.055402
latency,herdr,idle,1,False,0.26,0.22,echo_ms,90,2.052711
latency,herdr,idle,1,False,0.26,0.22,echo_ms,91,2.109993
latency,herdr,idle,1,False,0.26,0.22,echo_ms,92,2.138108
latency,herdr,idle,1,False,0.26,0.22,echo_ms,93,2.102017
latency,herdr,idle,1,False,0.26,0.22,echo_ms,94,2.043641
latency,herdr,idle,1,False,0.26,0.22,echo_ms,95,2.074306
latency,herdr,idle,1,False,0.26,0.22,echo_ms,96,2.006609
latency,herdr,idle,1,False,0.26,0.22,echo_ms,97,2.068672
latency,herdr,idle,1,False,0.26,0.22,echo_ms,98,2.132546
latency,herdr,idle,1,False,0.26,0.22,echo_ms,99,2.033885
latency,herdr,idle,1,False,0.26,0.22,timeouts,,0
latency,thurbox,idle,1,False,0.22,0.19,echo_ms,0,6.886488
latency,thurbox,idle,1,False,0.22,0.19,echo_ms,1,3.428571
latency,thurbox,idle,1,False,0.22,0.19,echo_ms,2,3.854986
latency,thurbox,idle,1,False,0.22,0.19,echo_ms,3,3.441676
latency,thurbox,idle,1,False,0.22,0.19,echo_ms,4,3.476509
latency,thurbox,idle,1,False,0.22,0.19,echo_ms,5,3.361187
latency,thurbox,idle,1,False,0.22,0.19,echo_ms,6,3.428076
latency,thurbox,idle,1,False,0.22,0.19,echo_ms,7,3.318601
latency,thurbox,idle,1,False,0.22,0.19,echo_ms,8,2.371827
latency,thurbox,idle,1,False,0.22,0.19,echo_ms,9,3.697105
latency,thurbox,idle,1,False,0.22,0.19,echo_ms,10,3.360772
latency,thurbox,idle,1,False,0.22,0.19,echo_ms,11,3.351944
latency,thurbox,idle,1,False,0.22,0.19,echo_ms,12,3.268456
latency,thurbox,idle,1,False,0.22,0.19,echo_ms,13,3.431199
latency,thurbox,idle,1,False,0.22,0.19,echo_ms,14,3.407574
latency,thurbox,idle,1,False,0.22,0.19,echo_ms,15,3.31426
latency,thurbox,idle,1,False,0.22,0.19,echo_ms,16,3.431978
latency,thurbox,idle,1,False,0.22,0.19,echo_ms,17,6.276527
latency,thurbox,idle,1,False,0.22,0.19,echo_ms,18,3.495759
latency,thurbox,idle,1,False,0.22,0.19,echo_ms,19,3.48186
latency,thurbox,idle,1,False,0.22,0.19,echo_ms,20,3.188182
latency,thurbox,idle,1,False,0.22,0.19,echo_ms,21,3.418251
latency,thurbox,idle,1,False,0.22,0.19,echo_ms,22,3.727825
latency,thurbox,idle,1,False,0.22,0.19,echo_ms,23,3.48365
latency,thurbox,idle,1,False,0.22,0.19,echo_ms,24,3.51994
latency,thurbox,idle,1,False,0.22,0.19,echo_ms,25,1.816849
latency,thurbox,idle,1,False,0.22,0.19,echo_ms,26,3.492037
latency,thurbox,idle,1,False,0.22,0.19,echo_ms,27,3.245487
latency,thurbox,idle,1,False,0.22,0.19,echo_ms,28,3.358067
latency,thurbox,idle,1,False,0.22,0.19,echo_ms,29,3.482793
latency,thurbox,idle,1,False,0.22,0.19,echo_ms,30,3.345606
latency,thurbox,idle,1,False,0.22,0.19,echo_ms,31,3.54337
latency,thurbox,idle,1,False,0.22,0.19,echo_ms,32,3.346668
latency,thurbox,idle,1,False,0.22,0.19,echo_ms,33,1.418513
latency,thurbox,idle,1,False,0.22,0.19,echo_ms,34,3.394301
latency,thurbox,idle,1,False,0.22,0.19,echo_ms,35,3.609488
latency,thurbox,idle,1,False,0.22,0.19,echo_ms,36,3.321505
latency,thurbox,idle,1,False,0.22,0.19,echo_ms,37,3.405256
latency,thurbox,idle,1,False,0.22,0.19,echo_ms,38,3.382778
latency,thurbox,idle,1,False,0.22,0.19,echo_ms,39,6.140586
latency,thurbox,idle,1,False,0.22,0.19,echo_ms,40,3.452054
latency,thurbox,idle,1,False,0.22,0.19,echo_ms,41,3.486443
latency,thurbox,idle,1,False,0.22,0.19,echo_ms,42,3.393875
latency,thurbox,idle,1,False,0.22,0.19,echo_ms,43,3.483854
latency,thurbox,idle,1,False,0.22,0.19,echo_ms,44,3.404389
latency,thurbox,idle,1,False,0.22,0.19,echo_ms,45,3.400803
latency,thurbox,idle,1,False,0.22,0.19,echo_ms,46,3.311818
latency,thurbox,idle,1,False,0.22,0.19,echo_ms,47,3.093357
latency,thurbox,idle,1,False,0.22,0.19,echo_ms,48,3.368876
latency,thurbox,idle,1,False,0.22,0.19,echo_ms,49,3.574482
latency,thurbox,idle,1,False,0.22,0.19,echo_ms,50,3.328377
latency,thurbox,idle,1,False,0.22,0.19,echo_ms,51,4.139763
latency,thurbox,idle,1,False,0.22,0.19,echo_ms,52,3.378271
latency,thurbox,idle,1,False,0.22,0.19,echo_ms,53,2.205287
latency,thurbox,idle,1,False,0.22,0.19,echo_ms,54,3.325239
latency,thurbox,idle,1,False,0.22,0.19,echo_ms,55,3.340265
latency,thurbox,idle,1,False,0.22,0.19,echo_ms,56,3.262122
latency,thurbox,idle,1,False,0.22,0.19,echo_ms,57,3.333888
latency,thurbox,idle,1,False,0.22,0.19,echo_ms,58,3.247448
latency,thurbox,idle,1,False,0.22,0.19,echo_ms,59,3.421152
latency,thurbox,idle,1,False,0.22,0.19,echo_ms,60,3.307744
latency,thurbox,idle,1,False,0.22,0.19,echo_ms,61,3.382414
latency,thurbox,idle,1,False,0.22,0.19,echo_ms,62,3.370333
latency,thurbox,idle,1,False,0.22,0.19,echo_ms,63,3.326768
latency,thurbox,idle,1,False,0.22,0.19,echo_ms,64,2.085197
latency,thurbox,idle,1,False,0.22,0.19,echo_ms,65,4.436644
latency,thurbox,idle,1,False,0.22,0.19,echo_ms,66,3.358263
latency,thurbox,idle,1,False,0.22,0.19,echo_ms,67,3.672841
latency,thurbox,idle,1,False,0.22,0.19,echo_ms,68,3.236285
latency,thurbox,idle,1,False,0.22,0.19,echo_ms,69,3.487947
latency,thurbox,idle,1,False,0.22,0.19,echo_ms,70,3.306208
latency,thurbox,idle,1,False,0.22,0.19,echo_ms,71,3.427283
latency,thurbox,idle,1,False,0.22,0.19,echo_ms,72,3.297337
latency,thurbox,idle,1,False,0.22,0.19,echo_ms,73,3.299201
latency,thurbox,idle,1,False,0.22,0.19,echo_ms,74,3.357121
latency,thurbox,idle,1,False,0.22,0.19,echo_ms,75,3.505395
latency,thurbox,idle,1,False,0.22,0.19,echo_ms,76,3.331429
latency,thurbox,idle,1,False,0.22,0.19,echo_ms,77,7.183322
latency,thurbox,idle,1,False,0.22,0.19,echo_ms,78,3.388557
latency,thurbox,idle,1,False,0.22,0.19,echo_ms,79,3.472005
latency,thurbox,idle,1,False,0.22,0.19,echo_ms,80,3.394745
latency,thurbox,idle,1,False,0.22,0.19,echo_ms,81,3.839312
latency,thurbox,idle,1,False,0.22,0.19,echo_ms,82,3.338591
latency,thurbox,idle,1,False,0.22,0.19,echo_ms,83,3.323969
latency,thurbox,idle,1,False,0.22,0.19,echo_ms,84,3.770271
latency,thurbox,idle,1,False,0.22,0.19,echo_ms,85,3.183729
latency,thurbox,idle,1,False,0.22,0.19,echo_ms,86,3.546054
latency,thurbox,idle,1,False,0.22,0.19,echo_ms,87,3.469914
latency,thurbox,idle,1,False,0.22,0.19,echo_ms,88,3.486176
latency,thurbox,idle,1,False,0.22,0.19,echo_ms,89,3.364651
latency,thurbox,idle,1,False,0.22,0.19,echo_ms,90,3.461106
latency,thurbox,idle,1,False,0.22,0.19,echo_ms,91,3.381542
latency,thurbox,idle,1,False,0.22,0.19,echo_ms,92,4.352327
latency,thurbox,idle,1,False,0.22,0.19,echo_ms,93,3.288856
latency,thurbox,idle,1,False,0.22,0.19,echo_ms,94,3.340902
latency,thurbox,idle,1,False,0.22,0.19,echo_ms,95,3.289978
latency,thurbox,idle,1,False,0.22,0.19,echo_ms,96,5.537032
latency,thurbox,idle,1,False,0.22,0.19,echo_ms,97,3.404328
latency,thurbox,idle,1,False,0.22,0.19,echo_ms,98,3.416478
latency,thurbox,idle,1,False,0.22,0.19,echo_ms,99,3.422798
latency,thurbox,idle,1,False,0.22,0.19,timeouts,,0
latency,tmux,idle,2,False,0.19,0.16,echo_ms,0,0.936586
latency,tmux,idle,2,False,0.19,0.16,echo_ms,1,1.00824
latency,tmux,idle,2,False,0.19,0.16,echo_ms,2,0.985155
latency,tmux,idle,2,False,0.19,0.16,echo_ms,3,1.035234
latency,tmux,idle,2,False,0.19,0.16,echo_ms,4,0.962621
latency,tmux,idle,2,False,0.19,0.16,echo_ms,5,0.988936
latency,tmux,idle,2,False,0.19,0.16,echo_ms,6,0.975651
latency,tmux,idle,2,False,0.19,0.16,echo_ms,7,0.958311
latency,tmux,idle,2,False,0.19,0.16,echo_ms,8,0.937106
latency,tmux,idle,2,False,0.19,0.16,echo_ms,9,0.98461
latency,tmux,idle,2,False,0.19,0.16,echo_ms,10,0.999705
latency,tmux,idle,2,False,0.19,0.16,echo_ms,11,0.999984
latency,tmux,idle,2,False,0.19,0.16,echo_ms,12,0.997529
latency,tmux,idle,2,False,0.19,0.16,echo_ms,13,0.987881
latency,tmux,idle,2,False,0.19,0.16,echo_ms,14,0.94206
latency,tmux,idle,2,False,0.19,0.16,echo_ms,15,0.996179
latency,tmux,idle,2,False,0.19,0.16,echo_ms,16,0.970033
latency,tmux,idle,2,False,0.19,0.16,echo_ms,17,0.994254
latency,tmux,idle,2,False,0.19,0.16,echo_ms,18,1.008649
latency,tmux,idle,2,False,0.19,0.16,echo_ms,19,1.00178
latency,tmux,idle,2,False,0.19,0.16,echo_ms,20,0.966652
latency,tmux,idle,2,False,0.19,0.16,echo_ms,21,1.004487
latency,tmux,idle,2,False,0.19,0.16,echo_ms,22,1.000907
latency,tmux,idle,2,False,0.19,0.16,echo_ms,23,0.995643
latency,tmux,idle,2,False,0.19,0.16,echo_ms,24,1.019551
latency,tmux,idle,2,False,0.19,0.16,echo_ms,25,1.005001
latency,tmux,idle,2,False,0.19,0.16,echo_ms,26,1.004159
latency,tmux,idle,2,False,0.19,0.16,echo_ms,27,0.993569
latency,tmux,idle,2,False,0.19,0.16,echo_ms,28,0.933194
latency,tmux,idle,2,False,0.19,0.16,echo_ms,29,0.918233
latency,tmux,idle,2,False,0.19,0.16,echo_ms,30,0.994583
latency,tmux,idle,2,False,0.19,0.16,echo_ms,31,0.952306
latency,tmux,idle,2,False,0.19,0.16,echo_ms,32,1.000103
latency,tmux,idle,2,False,0.19,0.16,echo_ms,33,0.999452
latency,tmux,idle,2,False,0.19,0.16,echo_ms,34,0.966073
latency,tmux,idle,2,False,0.19,0.16,echo_ms,35,1.005825
latency,tmux,idle,2,False,0.19,0.16,echo_ms,36,0.92936
latency,tmux,idle,2,False,0.19,0.16,echo_ms,37,1.016955
latency,tmux,idle,2,False,0.19,0.16,echo_ms,38,0.939324
latency,tmux,idle,2,False,0.19,0.16,echo_ms,39,1.033102
latency,tmux,idle,2,False,0.19,0.16,echo_ms,40,1.047476
latency,tmux,idle,2,False,0.19,0.16,echo_ms,41,1.031076
latency,tmux,idle,2,False,0.19,0.16,echo_ms,42,0.966383
latency,tmux,idle,2,False,0.19,0.16,echo_ms,43,0.98344
latency,tmux,idle,2,False,0.19,0.16,echo_ms,44,1.00625
latency,tmux,idle,2,False,0.19,0.16,echo_ms,45,1.006711
latency,tmux,idle,2,False,0.19,0.16,echo_ms,46,1.008852
latency,tmux,idle,2,False,0.19,0.16,echo_ms,47,1.010012
latency,tmux,idle,2,False,0.19,0.16,echo_ms,48,0.996396
latency,tmux,idle,2,False,0.19,0.16,echo_ms,49,0.978121
latency,tmux,idle,2,False,0.19,0.16,echo_ms,50,0.967846
latency,tmux,idle,2,False,0.19,0.16,echo_ms,51,1.078548
latency,tmux,idle,2,False,0.19,0.16,echo_ms,52,0.95417
latency,tmux,idle,2,False,0.19,0.16,echo_ms,53,1.002947
latency,tmux,idle,2,False,0.19,0.16,echo_ms,54,1.012753
latency,tmux,idle,2,False,0.19,0.16,echo_ms,55,1.035093
latency,tmux,idle,2,False,0.19,0.16,echo_ms,56,0.938367
latency,tmux,idle,2,False,0.19,0.16,echo_ms,57,0.599471
latency,tmux,idle,2,False,0.19,0.16,echo_ms,58,1.010827
latency,tmux,idle,2,False,0.19,0.16,echo_ms,59,0.96663
latency,tmux,idle,2,False,0.19,0.16,echo_ms,60,1.038886
latency,tmux,idle,2,False,0.19,0.16,echo_ms,61,0.790293
latency,tmux,idle,2,False,0.19,0.16,echo_ms,62,0.804911
latency,tmux,idle,2,False,0.19,0.16,echo_ms,63,0.97471
latency,tmux,idle,2,False,0.19,0.16,echo_ms,64,1.062103
latency,tmux,idle,2,False,0.19,0.16,echo_ms,65,1.044024
latency,tmux,idle,2,False,0.19,0.16,echo_ms,66,0.969647
latency,tmux,idle,2,False,0.19,0.16,echo_ms,67,1.013146
latency,tmux,idle,2,False,0.19,0.16,echo_ms,68,0.978468
latency,tmux,idle,2,False,0.19,0.16,echo_ms,69,0.971267
latency,tmux,idle,2,False,0.19,0.16,echo_ms,70,1.005805
latency,tmux,idle,2,False,0.19,0.16,echo_ms,71,1.008728
latency,tmux,idle,2,False,0.19,0.16,echo_ms,72,0.905439
latency,tmux,idle,2,False,0.19,0.16,echo_ms,73,1.010888
latency,tmux,idle,2,False,0.19,0.16,echo_ms,74,1.010328
latency,tmux,idle,2,False,0.19,0.16,echo_ms,75,0.871289
latency,tmux,idle,2,False,0.19,0.16,echo_ms,76,1.060162
latency,tmux,idle,2,False,0.19,0.16,echo_ms,77,0.925464
latency,tmux,idle,2,False,0.19,0.16,echo_ms,78,0.99715
latency,tmux,idle,2,False,0.19,0.16,echo_ms,79,0.966115
latency,tmux,idle,2,False,0.19,0.16,echo_ms,80,1.021779
latency,tmux,idle,2,False,0.19,0.16,echo_ms,81,0.98062
latency,tmux,idle,2,False,0.19,0.16,echo_ms,82,1.002639
latency,tmux,idle,2,False,0.19,0.16,echo_ms,83,1.002406
latency,tmux,idle,2,False,0.19,0.16,echo_ms,84,0.983599
latency,tmux,idle,2,False,0.19,0.16,echo_ms,85,0.97734
latency,tmux,idle,2,False,0.19,0.16,echo_ms,86,1.005568
latency,tmux,idle,2,False,0.19,0.16,echo_ms,87,0.911371
latency,tmux,idle,2,False,0.19,0.16,echo_ms,88,0.94617
latency,tmux,idle,2,False,0.19,0.16,echo_ms,89,1.012279
latency,tmux,idle,2,False,0.19,0.16,echo_ms,90,0.776632
latency,tmux,idle,2,False,0.19,0.16,echo_ms,91,1.005763
latency,tmux,idle,2,False,0.19,0.16,echo_ms,92,0.989315
latency,tmux,idle,2,False,0.19,0.16,echo_ms,93,1.0539
latency,tmux,idle,2,False,0.19,0.16,echo_ms,94,0.961599
latency,tmux,idle,2,False,0.19,0.16,echo_ms,95,0.99155
latency,tmux,idle,2,False,0.19,0.16,echo_ms,96,0.904032
latency,tmux,idle,2,False,0.19,0.16,echo_ms,97,0.976754
latency,tmux,idle,2,False,0.19,0.16,echo_ms,98,0.983378
latency,tmux,idle,2,False,0.19,0.16,echo_ms,99,0.977571
latency,tmux,idle,2,False,0.19,0.16,timeouts,,0
latency,herdr,idle,2,False,0.16,0.13,echo_ms,0,2.036913
latency,herdr,idle,2,False,0.16,0.13,echo_ms,1,2.055216
latency,herdr,idle,2,False,0.16,0.13,echo_ms,2,1.984316
latency,herdr,idle,2,False,0.16,0.13,echo_ms,3,1.44777
latency,herdr,idle,2,False,0.16,0.13,echo_ms,4,1.679172
latency,herdr,idle,2,False,0.16,0.13,echo_ms,5,2.030927
latency,herdr,idle,2,False,0.16,0.13,echo_ms,6,2.164126
latency,herdr,idle,2,False,0.16,0.13,echo_ms,7,2.069381
latency,herdr,idle,2,False,0.16,0.13,echo_ms,8,2.041365
latency,herdr,idle,2,False,0.16,0.13,echo_ms,9,0.77209
latency,herdr,idle,2,False,0.16,0.13,echo_ms,10,2.114515
latency,herdr,idle,2,False,0.16,0.13,echo_ms,11,2.118557
latency,herdr,idle,2,False,0.16,0.13,echo_ms,12,1.919308
latency,herdr,idle,2,False,0.16,0.13,echo_ms,13,2.081609
latency,herdr,idle,2,False,0.16,0.13,echo_ms,14,2.069228
latency,herdr,idle,2,False,0.16,0.13,echo_ms,15,2.253436
latency,herdr,idle,2,False,0.16,0.13,echo_ms,16,2.10177
latency,herdr,idle,2,False,0.16,0.13,echo_ms,17,2.089091
latency,herdr,idle,2,False,0.16,0.13,echo_ms,18,2.149542
latency,herdr,idle,2,False,0.16,0.13,echo_ms,19,2.102667
latency,herdr,idle,2,False,0.16,0.13,echo_ms,20,2.109007
latency,herdr,idle,2,False,0.16,0.13,echo_ms,21,1.963598
latency,herdr,idle,2,False,0.16,0.13,echo_ms,22,1.963357
latency,herdr,idle,2,False,0.16,0.13,echo_ms,23,2.004554
latency,herdr,idle,2,False,0.16,0.13,echo_ms,24,1.990796
latency,herdr,idle,2,False,0.16,0.13,echo_ms,25,2.169501
latency,herdr,idle,2,False,0.16,0.13,echo_ms,26,2.070976
latency,herdr,idle,2,False,0.16,0.13,echo_ms,27,2.202328
latency,herdr,idle,2,False,0.16,0.13,echo_ms,28,2.092921
latency,herdr,idle,2,False,0.16,0.13,echo_ms,29,2.178738
latency,herdr,idle,2,False,0.16,0.13,echo_ms,30,2.164565
latency,herdr,idle,2,False,0.16,0.13,echo_ms,31,2.129684
latency,herdr,idle,2,False,0.16,0.13,echo_ms,32,2.116535
latency,herdr,idle,2,False,0.16,0.13,echo_ms,33,2.036193
latency,herdr,idle,2,False,0.16,0.13,echo_ms,34,2.047516
latency,herdr,idle,2,False,0.16,0.13,echo_ms,35,2.062406
latency,herdr,idle,2,False,0.16,0.13,echo_ms,36,2.164691
latency,herdr,idle,2,False,0.16,0.13,echo_ms,37,2.130867
latency,herdr,idle,2,False,0.16,0.13,echo_ms,38,1.987893
latency,herdr,idle,2,False,0.16,0.13,echo_ms,39,2.041639
latency,herdr,idle,2,False,0.16,0.13,echo_ms,40,2.148951
latency,herdr,idle,2,False,0.16,0.13,echo_ms,41,1.002568
latency,herdr,idle,2,False,0.16,0.13,echo_ms,42,1.927192
latency,herdr,idle,2,False,0.16,0.13,echo_ms,43,2.080996
latency,herdr,idle,2,False,0.16,0.13,echo_ms,44,1.937698
latency,herdr,idle,2,False,0.16,0.13,echo_ms,45,2.144313
latency,herdr,idle,2,False,0.16,0.13,echo_ms,46,1.839862
latency,herdr,idle,2,False,0.16,0.13,echo_ms,47,2.045271
latency,herdr,idle,2,False,0.16,0.13,echo_ms,48,1.997804
latency,herdr,idle,2,False,0.16,0.13,echo_ms,49,1.96392
latency,herdr,idle,2,False,0.16,0.13,echo_ms,50,2.105768
latency,herdr,idle,2,False,0.16,0.13,echo_ms,51,1.997462
latency,herdr,idle,2,False,0.16,0.13,echo_ms,52,2.143174
latency,herdr,idle,2,False,0.16,0.13,echo_ms,53,2.110845
latency,herdr,idle,2,False,0.16,0.13,echo_ms,54,2.142078
latency,herdr,idle,2,False,0.16,0.13,echo_ms,55,2.147513
latency,herdr,idle,2,False,0.16,0.13,echo_ms,56,2.09766
latency,herdr,idle,2,False,0.16,0.13,echo_ms,57,2.118868
latency,herdr,idle,2,False,0.16,0.13,echo_ms,58,2.172657
latency,herdr,idle,2,False,0.16,0.13,echo_ms,59,2.150676
latency,herdr,idle,2,False,0.16,0.13,echo_ms,60,2.109378
latency,herdr,idle,2,False,0.16,0.13,echo_ms,61,2.080779
latency,herdr,idle,2,False,0.16,0.13,echo_ms,62,2.168175
latency,herdr,idle,2,False,0.16,0.13,echo_ms,63,2.058743
latency,herdr,idle,2,False,0.16,0.13,echo_ms,64,2.20206
latency,herdr,idle,2,False,0.16,0.13,echo_ms,65,2.032498
latency,herdr,idle,2,False,0.16,0.13,echo_ms,66,2.009775
latency,herdr,idle,2,False,0.16,0.13,echo_ms,67,2.079047
latency,herdr,idle,2,False,0.16,0.13,echo_ms,68,2.021876
latency,herdr,idle,2,False,0.16,0.13,echo_ms,69,1.843319
latency,herdr,idle,2,False,0.16,0.13,echo_ms,70,1.445857
latency,herdr,idle,2,False,0.16,0.13,echo_ms,71,2.017625
latency,herdr,idle,2,False,0.16,0.13,echo_ms,72,2.024662
latency,herdr,idle,2,False,0.16,0.13,echo_ms,73,2.100306
latency,herdr,idle,2,False,0.16,0.13,echo_ms,74,2.043499
latency,herdr,idle,2,False,0.16,0.13,echo_ms,75,2.036909
latency,herdr,idle,2,False,0.16,0.13,echo_ms,76,2.158262
latency,herdr,idle,2,False,0.16,0.13,echo_ms,77,2.134943
latency,herdr,idle,2,False,0.16,0.13,echo_ms,78,2.160003
latency,herdr,idle,2,False,0.16,0.13,echo_ms,79,2.107218
latency,herdr,idle,2,False,0.16,0.13,echo_ms,80,2.068147
latency,herdr,idle,2,False,0.16,0.13,echo_ms,81,1.961094
latency,herdr,idle,2,False,0.16,0.13,echo_ms,82,1.705835
latency,herdr,idle,2,False,0.16,0.13,echo_ms,83,2.126957
latency,herdr,idle,2,False,0.16,0.13,echo_ms,84,1.966145
latency,herdr,idle,2,False,0.16,0.13,echo_ms,85,2.121322
latency,herdr,idle,2,False,0.16,0.13,echo_ms,86,2.081728
latency,herdr,idle,2,False,0.16,0.13,echo_ms,87,2.042005
latency,herdr,idle,2,False,0.16,0.13,echo_ms,88,2.041987
latency,herdr,idle,2,False,0.16,0.13,echo_ms,89,1.901052
latency,herdr,idle,2,False,0.16,0.13,echo_ms,90,2.02331
latency,herdr,idle,2,False,0.16,0.13,echo_ms,91,2.076206
latency,herdr,idle,2,False,0.16,0.13,echo_ms,92,2.167009
latency,herdr,idle,2,False,0.16,0.13,echo_ms,93,2.131387
latency,herdr,idle,2,False,0.16,0.13,echo_ms,94,2.047978
latency,herdr,idle,2,False,0.16,0.13,echo_ms,95,1.958344
latency,herdr,idle,2,False,0.16,0.13,echo_ms,96,2.19091
latency,herdr,idle,2,False,0.16,0.13,echo_ms,97,2.097777
latency,herdr,idle,2,False,0.16,0.13,echo_ms,98,2.145312
latency,herdr,idle,2,False,0.16,0.13,echo_ms,99,2.109338
latency,herdr,idle,2,False,0.16,0.13,timeouts,,0
latency,thurbox,idle,2,False,0.13,0.11,echo_ms,0,3.324787
latency,thurbox,idle,2,False,0.13,0.11,echo_ms,1,3.453867
latency,thurbox,idle,2,False,0.13,0.11,echo_ms,2,3.342446
latency,thurbox,idle,2,False,0.13,0.11,echo_ms,3,3.730024
latency,thurbox,idle,2,False,0.13,0.11,echo_ms,4,3.313561
latency,thurbox,idle,2,False,0.13,0.11,echo_ms,5,3.307539
latency,thurbox,idle,2,False,0.13,0.11,echo_ms,6,3.344867
latency,thurbox,idle,2,False,0.13,0.11,echo_ms,7,3.331655
latency,thurbox,idle,2,False,0.13,0.11,echo_ms,8,3.346797
latency,thurbox,idle,2,False,0.13,0.11,echo_ms,9,3.27116
latency,thurbox,idle,2,False,0.13,0.11,echo_ms,10,3.405671
latency,thurbox,idle,2,False,0.13,0.11,echo_ms,11,3.32756
latency,thurbox,idle,2,False,0.13,0.11,echo_ms,12,3.626879
latency,thurbox,idle,2,False,0.13,0.11,echo_ms,13,6.248162
latency,thurbox,idle,2,False,0.13,0.11,echo_ms,14,4.456679
latency,thurbox,idle,2,False,0.13,0.11,echo_ms,15,3.383
latency,thurbox,idle,2,False,0.13,0.11,echo_ms,16,3.406389
latency,thurbox,idle,2,False,0.13,0.11,echo_ms,17,3.410784
latency,thurbox,idle,2,False,0.13,0.11,echo_ms,18,3.337648
latency,thurbox,idle,2,False,0.13,0.11,echo_ms,19,1.773677
latency,thurbox,idle,2,False,0.13,0.11,echo_ms,20,3.379937
latency,thurbox,idle,2,False,0.13,0.11,echo_ms,21,3.308003
latency,thurbox,idle,2,False,0.13,0.11,echo_ms,22,3.757935
latency,thurbox,idle,2,False,0.13,0.11,echo_ms,23,3.370433
latency,thurbox,idle,2,False,0.13,0.11,echo_ms,24,2.186819
latency,thurbox,idle,2,False,0.13,0.11,echo_ms,25,3.344238
latency,thurbox,idle,2,False,0.13,0.11,echo_ms,26,3.722118
latency,thurbox,idle,2,False,0.13,0.11,echo_ms,27,4.360823
latency,thurbox,idle,2,False,0.13,0.11,echo_ms,28,3.368151
latency,thurbox,idle,2,False,0.13,0.11,echo_ms,29,3.35386
latency,thurbox,idle,2,False,0.13,0.11,echo_ms,30,3.179321
latency,thurbox,idle,2,False,0.13,0.11,echo_ms,31,3.345052
latency,thurbox,idle,2,False,0.13,0.11,echo_ms,32,5.449457
latency,thurbox,idle,2,False,0.13,0.11,echo_ms,33,2.33206
latency,thurbox,idle,2,False,0.13,0.11,echo_ms,34,3.3717
latency,thurbox,idle,2,False,0.13,0.11,echo_ms,35,3.389694
latency,thurbox,idle,2,False,0.13,0.11,echo_ms,36,3.334842
latency,thurbox,idle,2,False,0.13,0.11,echo_ms,37,3.340331
latency,thurbox,idle,2,False,0.13,0.11,echo_ms,38,3.37209
latency,thurbox,idle,2,False,0.13,0.11,echo_ms,39,3.363963
latency,thurbox,idle,2,False,0.13,0.11,echo_ms,40,3.345816
latency,thurbox,idle,2,False,0.13,0.11,echo_ms,41,3.374214
latency,thurbox,idle,2,False,0.13,0.11,echo_ms,42,3.458349
latency,thurbox,idle,2,False,0.13,0.11,echo_ms,43,3.403609
latency,thurbox,idle,2,False,0.13,0.11,echo_ms,44,3.375323
latency,thurbox,idle,2,False,0.13,0.11,echo_ms,45,3.662184
latency,thurbox,idle,2,False,0.13,0.11,echo_ms,46,5.256952
latency,thurbox,idle,2,False,0.13,0.11,echo_ms,47,3.332292
latency,thurbox,idle,2,False,0.13,0.11,echo_ms,48,5.442261
latency,thurbox,idle,2,False,0.13,0.11,echo_ms,49,3.117352
latency,thurbox,idle,2,False,0.13,0.11,echo_ms,50,3.315198
latency,thurbox,idle,2,False,0.13,0.11,echo_ms,51,3.318431
latency,thurbox,idle,2,False,0.13,0.11,echo_ms,52,3.356764
latency,thurbox,idle,2,False,0.13,0.11,echo_ms,53,3.279618
latency,thurbox,idle,2,False,0.13,0.11,echo_ms,54,1.86626
latency,thurbox,idle,2,False,0.13,0.11,echo_ms,55,3.68932
latency,thurbox,idle,2,False,0.13,0.11,echo_ms,56,3.303475
latency,thurbox,idle,2,False,0.13,0.11,echo_ms,57,3.302129
latency,thurbox,idle,2,False,0.13,0.11,echo_ms,58,3.231464
latency,thurbox,idle,2,False,0.13,0.11,echo_ms,59,3.37652
latency,thurbox,idle,2,False,0.13,0.11,echo_ms,60,3.36311
latency,thurbox,idle,2,False,0.13,0.11,echo_ms,61,2.047022
latency,thurbox,idle,2,False,0.13,0.11,echo_ms,62,3.32615
latency,thurbox,idle,2,False,0.13,0.11,echo_ms,63,3.278423
latency,thurbox,idle,2,False,0.13,0.11,echo_ms,64,3.828101
latency,thurbox,idle,2,False,0.13,0.11,echo_ms,65,3.347911
latency,thurbox,idle,2,False,0.13,0.11,echo_ms,66,3.349611
latency,thurbox,idle,2,False,0.13,0.11,echo_ms,67,2.543139
latency,thurbox,idle,2,False,0.13,0.11,echo_ms,68,3.416646
latency,thurbox,idle,2,False,0.13,0.11,echo_ms,69,3.3358
latency,thurbox,idle,2,False,0.13,0.11,echo_ms,70,3.437215
latency,thurbox,idle,2,False,0.13,0.11,echo_ms,71,3.015968
latency,thurbox,idle,2,False,0.13,0.11,echo_ms,72,3.381853
latency,thurbox,idle,2,False,0.13,0.11,echo_ms,73,3.446384
latency,thurbox,idle,2,False,0.13,0.11,echo_ms,74,3.291666
latency,thurbox,idle,2,False,0.13,0.11,echo_ms,75,3.247192
latency,thurbox,idle,2,False,0.13,0.11,echo_ms,76,3.348922
latency,thurbox,idle,2,False,0.13,0.11,echo_ms,77,3.19053
latency,thurbox,idle,2,False,0.13,0.11,echo_ms,78,3.487286
latency,thurbox,idle,2,False,0.13,0.11,echo_ms,79,3.40682
latency,thurbox,idle,2,False,0.13,0.11,echo_ms,80,3.492804
latency,thurbox,idle,2,False,0.13,0.11,echo_ms,81,3.773044
latency,thurbox,idle,2,False,0.13,0.11,echo_ms,82,3.374152
latency,thurbox,idle,2,False,0.13,0.11,echo_ms,83,3.426906
latency,thurbox,idle,2,False,0.13,0.11,echo_ms,84,3.438209
latency,thurbox,idle,2,False,0.13,0.11,echo_ms,85,3.405336
latency,thurbox,idle,2,False,0.13,0.11,echo_ms,86,3.357013
latency,thurbox,idle,2,False,0.13,0.11,echo_ms,87,3.367183
latency,thurbox,idle,2,False,0.13,0.11,echo_ms,88,3.60275
latency,thurbox,idle,2,False,0.13,0.11,echo_ms,89,3.321007
latency,thurbox,idle,2,False,0.13,0.11,echo_ms,90,3.175249
latency,thurbox,idle,2,False,0.13,0.11,echo_ms,91,3.37223
latency,thurbox,idle,2,False,0.13,0.11,echo_ms,92,3.384449
latency,thurbox,idle,2,False,0.13,0.11,echo_ms,93,3.259294
latency,thurbox,idle,2,False,0.13,0.11,echo_ms,94,4.980142
latency,thurbox,idle,2,False,0.13,0.11,echo_ms,95,3.476174
latency,thurbox,idle,2,False,0.13,0.11,echo_ms,96,3.340571
latency,thurbox,idle,2,False,0.13,0.11,echo_ms,97,3.389908
latency,thurbox,idle,2,False,0.13,0.11,echo_ms,98,3.307707
latency,thurbox,idle,2,False,0.13,0.11,echo_ms,99,3.435991
latency,thurbox,idle,2,False,0.13,0.11,timeouts,,0
latency,tmux,idle,3,False,0.11,0.1,echo_ms,0,0.937851
latency,tmux,idle,3,False,0.11,0.1,echo_ms,1,0.936291
latency,tmux,idle,3,False,0.11,0.1,echo_ms,2,0.933277
latency,tmux,idle,3,False,0.11,0.1,echo_ms,3,0.901114
latency,tmux,idle,3,False,0.11,0.1,echo_ms,4,0.903573
latency,tmux,idle,3,False,0.11,0.1,echo_ms,5,0.902757
latency,tmux,idle,3,False,0.11,0.1,echo_ms,6,1.045005
latency,tmux,idle,3,False,0.11,0.1,echo_ms,7,1.000597
latency,tmux,idle,3,False,0.11,0.1,echo_ms,8,0.903712
latency,tmux,idle,3,False,0.11,0.1,echo_ms,9,1.004813
latency,tmux,idle,3,False,0.11,0.1,echo_ms,10,0.910812
latency,tmux,idle,3,False,0.11,0.1,echo_ms,11,0.954463
latency,tmux,idle,3,False,0.11,0.1,echo_ms,12,0.933448
latency,tmux,idle,3,False,0.11,0.1,echo_ms,13,0.908826
latency,tmux,idle,3,False,0.11,0.1,echo_ms,14,1.044567
latency,tmux,idle,3,False,0.11,0.1,echo_ms,15,0.928772
latency,tmux,idle,3,False,0.11,0.1,echo_ms,16,0.913124
latency,tmux,idle,3,False,0.11,0.1,echo_ms,17,0.929536
latency,tmux,idle,3,False,0.11,0.1,echo_ms,18,0.942246
latency,tmux,idle,3,False,0.11,0.1,echo_ms,19,1.067027
latency,tmux,idle,3,False,0.11,0.1,echo_ms,20,0.980541
latency,tmux,idle,3,False,0.11,0.1,echo_ms,21,0.963348
latency,tmux,idle,3,False,0.11,0.1,echo_ms,22,0.907512
latency,tmux,idle,3,False,0.11,0.1,echo_ms,23,0.932786
latency,tmux,idle,3,False,0.11,0.1,echo_ms,24,0.954535
latency,tmux,idle,3,False,0.11,0.1,echo_ms,25,0.959575
latency,tmux,idle,3,False,0.11,0.1,echo_ms,26,1.074059
latency,tmux,idle,3,False,0.11,0.1,echo_ms,27,0.954675
latency,tmux,idle,3,False,0.11,0.1,echo_ms,28,0.948118
latency,tmux,idle,3,False,0.11,0.1,echo_ms,29,0.959695
latency,tmux,idle,3,False,0.11,0.1,echo_ms,30,0.915913
latency,tmux,idle,3,False,0.11,0.1,echo_ms,31,0.959399
latency,tmux,idle,3,False,0.11,0.1,echo_ms,32,0.938951
latency,tmux,idle,3,False,0.11,0.1,echo_ms,33,0.944334
latency,tmux,idle,3,False,0.11,0.1,echo_ms,34,0.93996
latency,tmux,idle,3,False,0.11,0.1,echo_ms,35,0.904494
latency,tmux,idle,3,False,0.11,0.1,echo_ms,36,0.940523
latency,tmux,idle,3,False,0.11,0.1,echo_ms,37,0.926109
latency,tmux,idle,3,False,0.11,0.1,echo_ms,38,0.924591
latency,tmux,idle,3,False,0.11,0.1,echo_ms,39,0.975276
latency,tmux,idle,3,False,0.11,0.1,echo_ms,40,0.966716
latency,tmux,idle,3,False,0.11,0.1,echo_ms,41,0.959924
latency,tmux,idle,3,False,0.11,0.1,echo_ms,42,0.93963
latency,tmux,idle,3,False,0.11,0.1,echo_ms,43,0.942879
latency,tmux,idle,3,False,0.11,0.1,echo_ms,44,0.912904
latency,tmux,idle,3,False,0.11,0.1,echo_ms,45,0.914312
latency,tmux,idle,3,False,0.11,0.1,echo_ms,46,0.98475
latency,tmux,idle,3,False,0.11,0.1,echo_ms,47,0.912165
latency,tmux,idle,3,False,0.11,0.1,echo_ms,48,0.889495
latency,tmux,idle,3,False,0.11,0.1,echo_ms,49,0.980299
latency,tmux,idle,3,False,0.11,0.1,echo_ms,50,0.979052
latency,tmux,idle,3,False,0.11,0.1,echo_ms,51,1.037651
latency,tmux,idle,3,False,0.11,0.1,echo_ms,52,0.911247
latency,tmux,idle,3,False,0.11,0.1,echo_ms,53,0.987152
latency,tmux,idle,3,False,0.11,0.1,echo_ms,54,0.945215
latency,tmux,idle,3,False,0.11,0.1,echo_ms,55,1.046905
latency,tmux,idle,3,False,0.11,0.1,echo_ms,56,0.995452
latency,tmux,idle,3,False,0.11,0.1,echo_ms,57,0.966598
latency,tmux,idle,3,False,0.11,0.1,echo_ms,58,0.976226
latency,tmux,idle,3,False,0.11,0.1,echo_ms,59,0.909676
latency,tmux,idle,3,False,0.11,0.1,echo_ms,60,0.984882
latency,tmux,idle,3,False,0.11,0.1,echo_ms,61,0.888678
latency,tmux,idle,3,False,0.11,0.1,echo_ms,62,0.933977
latency,tmux,idle,3,False,0.11,0.1,echo_ms,63,0.879022
latency,tmux,idle,3,False,0.11,0.1,echo_ms,64,0.907405
latency,tmux,idle,3,False,0.11,0.1,echo_ms,65,0.915709
latency,tmux,idle,3,False,0.11,0.1,echo_ms,66,0.941974
latency,tmux,idle,3,False,0.11,0.1,echo_ms,67,0.87805
latency,tmux,idle,3,False,0.11,0.1,echo_ms,68,0.957141
latency,tmux,idle,3,False,0.11,0.1,echo_ms,69,0.850939
latency,tmux,idle,3,False,0.11,0.1,echo_ms,70,0.990929
latency,tmux,idle,3,False,0.11,0.1,echo_ms,71,0.990972
latency,tmux,idle,3,False,0.11,0.1,echo_ms,72,0.975138
latency,tmux,idle,3,False,0.11,0.1,echo_ms,73,0.987947
latency,tmux,idle,3,False,0.11,0.1,echo_ms,74,1.016074
latency,tmux,idle,3,False,0.11,0.1,echo_ms,75,0.991322
latency,tmux,idle,3,False,0.11,0.1,echo_ms,76,1.000718
latency,tmux,idle,3,False,0.11,0.1,echo_ms,77,0.999172
latency,tmux,idle,3,False,0.11,0.1,echo_ms,78,0.753759
latency,tmux,idle,3,False,0.11,0.1,echo_ms,79,0.922102
latency,tmux,idle,3,False,0.11,0.1,echo_ms,80,0.983806
latency,tmux,idle,3,False,0.11,0.1,echo_ms,81,0.789181
latency,tmux,idle,3,False,0.11,0.1,echo_ms,82,0.682226
latency,tmux,idle,3,False,0.11,0.1,echo_ms,83,0.932257
latency,tmux,idle,3,False,0.11,0.1,echo_ms,84,1.010592
latency,tmux,idle,3,False,0.11,0.1,echo_ms,85,0.934234
latency,tmux,idle,3,False,0.11,0.1,echo_ms,86,0.910804
latency,tmux,idle,3,False,0.11,0.1,echo_ms,87,1.050997
latency,tmux,idle,3,False,0.11,0.1,echo_ms,88,0.97698
latency,tmux,idle,3,False,0.11,0.1,echo_ms,89,0.942849
latency,tmux,idle,3,False,0.11,0.1,echo_ms,90,0.838519
latency,tmux,idle,3,False,0.11,0.1,echo_ms,91,0.964632
latency,tmux,idle,3,False,0.11,0.1,echo_ms,92,0.933063
latency,tmux,idle,3,False,0.11,0.1,echo_ms,93,0.890259
latency,tmux,idle,3,False,0.11,0.1,echo_ms,94,1.101914
latency,tmux,idle,3,False,0.11,0.1,echo_ms,95,0.934562
latency,tmux,idle,3,False,0.11,0.1,echo_ms,96,0.940249
latency,tmux,idle,3,False,0.11,0.1,echo_ms,97,0.934576
latency,tmux,idle,3,False,0.11,0.1,echo_ms,98,0.904584
latency,tmux,idle,3,False,0.11,0.1,echo_ms,99,0.941206
latency,tmux,idle,3,False,0.11,0.1,timeouts,,0
latency,herdr,idle,3,False,0.1,0.32,echo_ms,0,2.129213
latency,herdr,idle,3,False,0.1,0.32,echo_ms,1,1.907862
latency,herdr,idle,3,False,0.1,0.32,echo_ms,2,2.04387
latency,herdr,idle,3,False,0.1,0.32,echo_ms,3,1.932962
latency,herdr,idle,3,False,0.1,0.32,echo_ms,4,2.024473
latency,herdr,idle,3,False,0.1,0.32,echo_ms,5,2.135402
latency,herdr,idle,3,False,0.1,0.32,echo_ms,6,1.937616
latency,herdr,idle,3,False,0.1,0.32,echo_ms,7,1.9863
latency,herdr,idle,3,False,0.1,0.32,echo_ms,8,2.040654
latency,herdr,idle,3,False,0.1,0.32,echo_ms,9,2.193288
latency,herdr,idle,3,False,0.1,0.32,echo_ms,10,2.05646
latency,herdr,idle,3,False,0.1,0.32,echo_ms,11,1.920073
latency,herdr,idle,3,False,0.1,0.32,echo_ms,12,2.065024
latency,herdr,idle,3,False,0.1,0.32,echo_ms,13,2.087655
latency,herdr,idle,3,False,0.1,0.32,echo_ms,14,2.035564
latency,herdr,idle,3,False,0.1,0.32,echo_ms,15,2.024904
latency,herdr,idle,3,False,0.1,0.32,echo_ms,16,2.051015
latency,herdr,idle,3,False,0.1,0.32,echo_ms,17,2.029968
latency,herdr,idle,3,False,0.1,0.32,echo_ms,18,1.990693
latency,herdr,idle,3,False,0.1,0.32,echo_ms,19,2.081578
latency,herdr,idle,3,False,0.1,0.32,echo_ms,20,2.063261
latency,herdr,idle,3,False,0.1,0.32,echo_ms,21,2.059061
latency,herdr,idle,3,False,0.1,0.32,echo_ms,22,2.065606
latency,herdr,idle,3,False,0.1,0.32,echo_ms,23,2.200013
latency,herdr,idle,3,False,0.1,0.32,echo_ms,24,2.24448
latency,herdr,idle,3,False,0.1,0.32,echo_ms,25,1.976558
latency,herdr,idle,3,False,0.1,0.32,echo_ms,26,2.051729
latency,herdr,idle,3,False,0.1,0.32,echo_ms,27,2.065687
latency,herdr,idle,3,False,0.1,0.32,echo_ms,28,2.02647
latency,herdr,idle,3,False,0.1,0.32,echo_ms,29,2.068966
latency,herdr,idle,3,False,0.1,0.32,echo_ms,30,2.067652
latency,herdr,idle,3,False,0.1,0.32,echo_ms,31,2.022296
latency,herdr,idle,3,False,0.1,0.32,echo_ms,32,2.02809
latency,herdr,idle,3,False,0.1,0.32,echo_ms,33,1.9819
latency,herdr,idle,3,False,0.1,0.32,echo_ms,34,2.064964
latency,herdr,idle,3,False,0.1,0.32,echo_ms,35,2.084398
latency,herdr,idle,3,False,0.1,0.32,echo_ms,36,2.128713
latency,herdr,idle,3,False,0.1,0.32,echo_ms,37,2.077188
latency,herdr,idle,3,False,0.1,0.32,echo_ms,38,1.978659
latency,herdr,idle,3,False,0.1,0.32,echo_ms,39,2.077207
latency,herdr,idle,3,False,0.1,0.32,echo_ms,40,2.115535
latency,herdr,idle,3,False,0.1,0.32,echo_ms,41,2.059916
latency,herdr,idle,3,False,0.1,0.32,echo_ms,42,2.09633
latency,herdr,idle,3,False,0.1,0.32,echo_ms,43,2.062508
latency,herdr,idle,3,False,0.1,0.32,echo_ms,44,2.009735
latency,herdr,idle,3,False,0.1,0.32,echo_ms,45,2.138108
latency,herdr,idle,3,False,0.1,0.32,echo_ms,46,2.173384
latency,herdr,idle,3,False,0.1,0.32,echo_ms,47,2.046989
latency,herdr,idle,3,False,0.1,0.32,echo_ms,48,2.051063
latency,herdr,idle,3,False,0.1,0.32,echo_ms,49,2.000315
latency,herdr,idle,3,False,0.1,0.32,echo_ms,50,1.989873
latency,herdr,idle,3,False,0.1,0.32,echo_ms,51,2.004712
latency,herdr,idle,3,False,0.1,0.32,echo_ms,52,2.061135
latency,herdr,idle,3,False,0.1,0.32,echo_ms,53,2.073386
latency,herdr,idle,3,False,0.1,0.32,echo_ms,54,2.062222
latency,herdr,idle,3,False,0.1,0.32,echo_ms,55,2.046443
latency,herdr,idle,3,False,0.1,0.32,echo_ms,56,2.064263
latency,herdr,idle,3,False,0.1,0.32,echo_ms,57,2.02535
latency,herdr,idle,3,False,0.1,0.32,echo_ms,58,1.995156
latency,herdr,idle,3,False,0.1,0.32,echo_ms,59,2.036004
latency,herdr,idle,3,False,0.1,0.32,echo_ms,60,2.068543
latency,herdr,idle,3,False,0.1,0.32,echo_ms,61,2.047314
latency,herdr,idle,3,False,0.1,0.32,echo_ms,62,2.096637
latency,herdr,idle,3,False,0.1,0.32,echo_ms,63,1.987904
latency,herdr,idle,3,False,0.1,0.32,echo_ms,64,1.920791
latency,herdr,idle,3,False,0.1,0.32,echo_ms,65,1.303211
latency,herdr,idle,3,False,0.1,0.32,echo_ms,66,2.050164
latency,herdr,idle,3,False,0.1,0.32,echo_ms,67,2.007356
latency,herdr,idle,3,False,0.1,0.32,echo_ms,68,2.12463
latency,herdr,idle,3,False,0.1,0.32,echo_ms,69,2.040662
latency,herdr,idle,3,False,0.1,0.32,echo_ms,70,2.084601
latency,herdr,idle,3,False,0.1,0.32,echo_ms,71,2.029282
latency,herdr,idle,3,False,0.1,0.32,echo_ms,72,2.007261
latency,herdr,idle,3,False,0.1,0.32,echo_ms,73,2.126294
latency,herdr,idle,3,False,0.1,0.32,echo_ms,74,2.062038
latency,herdr,idle,3,False,0.1,0.32,echo_ms,75,2.113382
latency,herdr,idle,3,False,0.1,0.32,echo_ms,76,2.11617
latency,herdr,idle,3,False,0.1,0.32,echo_ms,77,2.06524
latency,herdr,idle,3,False,0.1,0.32,echo_ms,78,2.07695
latency,herdr,idle,3,False,0.1,0.32,echo_ms,79,2.077348
latency,herdr,idle,3,False,0.1,0.32,echo_ms,80,2.22766
latency,herdr,idle,3,False,0.1,0.32,echo_ms,81,2.040332
latency,herdr,idle,3,False,0.1,0.32,echo_ms,82,1.994738
latency,herdr,idle,3,False,0.1,0.32,echo_ms,83,1.447444
latency,herdr,idle,3,False,0.1,0.32,echo_ms,84,2.045141
latency,herdr,idle,3,False,0.1,0.32,echo_ms,85,2.097484
latency,herdr,idle,3,False,0.1,0.32,echo_ms,86,2.064459
latency,herdr,idle,3,False,0.1,0.32,echo_ms,87,2.135935
latency,herdr,idle,3,False,0.1,0.32,echo_ms,88,2.109818
latency,herdr,idle,3,False,0.1,0.32,echo_ms,89,2.91269
latency,herdr,idle,3,False,0.1,0.32,echo_ms,90,1.996182
latency,herdr,idle,3,False,0.1,0.32,echo_ms,91,2.072407
latency,herdr,idle,3,False,0.1,0.32,echo_ms,92,2.103447
latency,herdr,idle,3,False,0.1,0.32,echo_ms,93,2.004044
latency,herdr,idle,3,False,0.1,0.32,echo_ms,94,2.059534
latency,herdr,idle,3,False,0.1,0.32,echo_ms,95,2.072523
latency,herdr,idle,3,False,0.1,0.32,echo_ms,96,2.057704
latency,herdr,idle,3,False,0.1,0.32,echo_ms,97,1.991658
latency,herdr,idle,3,False,0.1,0.32,echo_ms,98,2.044132
latency,herdr,idle,3,False,0.1,0.32,echo_ms,99,1.953647
latency,herdr,idle,3,False,0.1,0.32,timeouts,,0
latency,thurbox,idle,3,False,0.32,0.35,echo_ms,0,3.365859
latency,thurbox,idle,3,False,0.32,0.35,echo_ms,1,3.447389
latency,thurbox,idle,3,False,0.32,0.35,echo_ms,2,3.418542
latency,thurbox,idle,3,False,0.32,0.35,echo_ms,3,3.815879
latency,thurbox,idle,3,False,0.32,0.35,echo_ms,4,3.328646
latency,thurbox,idle,3,False,0.32,0.35,echo_ms,5,3.524263
latency,thurbox,idle,3,False,0.32,0.35,echo_ms,6,3.41458
latency,thurbox,idle,3,False,0.32,0.35,echo_ms,7,3.36823
latency,thurbox,idle,3,False,0.32,0.35,echo_ms,8,3.374406
latency,thurbox,idle,3,False,0.32,0.35,echo_ms,9,3.307563
latency,thurbox,idle,3,False,0.32,0.35,echo_ms,10,3.443017
latency,thurbox,idle,3,False,0.32,0.35,echo_ms,11,3.393009
latency,thurbox,idle,3,False,0.32,0.35,echo_ms,12,3.397271
latency,thurbox,idle,3,False,0.32,0.35,echo_ms,13,3.731094
latency,thurbox,idle,3,False,0.32,0.35,echo_ms,14,3.344105
latency,thurbox,idle,3,False,0.32,0.35,echo_ms,15,3.492972
latency,thurbox,idle,3,False,0.32,0.35,echo_ms,16,3.345175
latency,thurbox,idle,3,False,0.32,0.35,echo_ms,17,3.402315
latency,thurbox,idle,3,False,0.32,0.35,echo_ms,18,3.364047
latency,thurbox,idle,3,False,0.32,0.35,echo_ms,19,3.387921
latency,thurbox,idle,3,False,0.32,0.35,echo_ms,20,3.389914
latency,thurbox,idle,3,False,0.32,0.35,echo_ms,21,3.425265
latency,thurbox,idle,3,False,0.32,0.35,echo_ms,22,3.375035
latency,thurbox,idle,3,False,0.32,0.35,echo_ms,23,3.321421
latency,thurbox,idle,3,False,0.32,0.35,echo_ms,24,3.413129
latency,thurbox,idle,3,False,0.32,0.35,echo_ms,25,2.02812
latency,thurbox,idle,3,False,0.32,0.35,echo_ms,26,3.318451
latency,thurbox,idle,3,False,0.32,0.35,echo_ms,27,4.978253
latency,thurbox,idle,3,False,0.32,0.35,echo_ms,28,6.569095
latency,thurbox,idle,3,False,0.32,0.35,echo_ms,29,3.815415
latency,thurbox,idle,3,False,0.32,0.35,echo_ms,30,3.408959
latency,thurbox,idle,3,False,0.32,0.35,echo_ms,31,3.430841
latency,thurbox,idle,3,False,0.32,0.35,echo_ms,32,3.706367
latency,thurbox,idle,3,False,0.32,0.35,echo_ms,33,3.340765
latency,thurbox,idle,3,False,0.32,0.35,echo_ms,34,3.395762
latency,thurbox,idle,3,False,0.32,0.35,echo_ms,35,3.399211
latency,thurbox,idle,3,False,0.32,0.35,echo_ms,36,3.34464
latency,thurbox,idle,3,False,0.32,0.35,echo_ms,37,2.383188
latency,thurbox,idle,3,False,0.32,0.35,echo_ms,38,3.640138
latency,thurbox,idle,3,False,0.32,0.35,echo_ms,39,3.369741
latency,thurbox,idle,3,False,0.32,0.35,echo_ms,40,3.330596
latency,thurbox,idle,3,False,0.32,0.35,echo_ms,41,3.627572
latency,thurbox,idle,3,False,0.32,0.35,echo_ms,42,3.338216
latency,thurbox,idle,3,False,0.32,0.35,echo_ms,43,5.627149
latency,thurbox,idle,3,False,0.32,0.35,echo_ms,44,3.313826
latency,thurbox,idle,3,False,0.32,0.35,echo_ms,45,3.311873
latency,thurbox,idle,3,False,0.32,0.35,echo_ms,46,3.308946
latency,thurbox,idle,3,False,0.32,0.35,echo_ms,47,3.38471
latency,thurbox,idle,3,False,0.32,0.35,echo_ms,48,3.320972
latency,thurbox,idle,3,False,0.32,0.35,echo_ms,49,3.312906
latency,thurbox,idle,3,False,0.32,0.35,echo_ms,50,3.298973
latency,thurbox,idle,3,False,0.32,0.35,echo_ms,51,3.717538
latency,thurbox,idle,3,False,0.32,0.35,echo_ms,52,5.279757
latency,thurbox,idle,3,False,0.32,0.35,echo_ms,53,3.3537
latency,thurbox,idle,3,False,0.32,0.35,echo_ms,54,1.812812
latency,thurbox,idle,3,False,0.32,0.35,echo_ms,55,3.276255
latency,thurbox,idle,3,False,0.32,0.35,echo_ms,56,3.158957
latency,thurbox,idle,3,False,0.32,0.35,echo_ms,57,3.32346
latency,thurbox,idle,3,False,0.32,0.35,echo_ms,58,3.373334
latency,thurbox,idle,3,False,0.32,0.35,echo_ms,59,3.293512
latency,thurbox,idle,3,False,0.32,0.35,echo_ms,60,3.320154
latency,thurbox,idle,3,False,0.32,0.35,echo_ms,61,3.195731
latency,thurbox,idle,3,False,0.32,0.35,echo_ms,62,3.456004
latency,thurbox,idle,3,False,0.32,0.35,echo_ms,63,3.395254
latency,thurbox,idle,3,False,0.32,0.35,echo_ms,64,1.794524
latency,thurbox,idle,3,False,0.32,0.35,echo_ms,65,3.372518
latency,thurbox,idle,3,False,0.32,0.35,echo_ms,66,3.385584
latency,thurbox,idle,3,False,0.32,0.35,echo_ms,67,3.276432
latency,thurbox,idle,3,False,0.32,0.35,echo_ms,68,3.367204
latency,thurbox,idle,3,False,0.32,0.35,echo_ms,69,5.33901
latency,thurbox,idle,3,False,0.32,0.35,echo_ms,70,3.338342
latency,thurbox,idle,3,False,0.32,0.35,echo_ms,71,3.359871
latency,thurbox,idle,3,False,0.32,0.35,echo_ms,72,3.353265
latency,thurbox,idle,3,False,0.32,0.35,echo_ms,73,3.436007
latency,thurbox,idle,3,False,0.32,0.35,echo_ms,74,3.325277
latency,thurbox,idle,3,False,0.32,0.35,echo_ms,75,3.380154
latency,thurbox,idle,3,False,0.32,0.35,echo_ms,76,3.482896
latency,thurbox,idle,3,False,0.32,0.35,echo_ms,77,3.33559
latency,thurbox,idle,3,False,0.32,0.35,echo_ms,78,3.339166
latency,thurbox,idle,3,False,0.32,0.35,echo_ms,79,3.347434
latency,thurbox,idle,3,False,0.32,0.35,echo_ms,80,5.576795
latency,thurbox,idle,3,False,0.32,0.35,echo_ms,81,3.268763
latency,thurbox,idle,3,False,0.32,0.35,echo_ms,82,3.290002
latency,thurbox,idle,3,False,0.32,0.35,echo_ms,83,3.262909
latency,thurbox,idle,3,False,0.32,0.35,echo_ms,84,3.344147
latency,thurbox,idle,3,False,0.32,0.35,echo_ms,85,1.322209
latency,thurbox,idle,3,False,0.32,0.35,echo_ms,86,3.365839
latency,thurbox,idle,3,False,0.32,0.35,echo_ms,87,6.546884
latency,thurbox,idle,3,False,0.32,0.35,echo_ms,88,3.499616
latency,thurbox,idle,3,False,0.32,0.35,echo_ms,89,3.397702
latency,thurbox,idle,3,False,0.32,0.35,echo_ms,90,3.436
latency,thurbox,idle,3,False,0.32,0.35,echo_ms,91,3.310353
latency,thurbox,idle,3,False,0.32,0.35,echo_ms,92,3.371272
latency,thurbox,idle,3,False,0.32,0.35,echo_ms,93,3.368451
latency,thurbox,idle,3,False,0.32,0.35,echo_ms,94,3.389104
latency,thurbox,idle,3,False,0.32,0.35,echo_ms,95,3.344341
latency,thurbox,idle,3,False,0.32,0.35,echo_ms,96,5.523096
latency,thurbox,idle,3,False,0.32,0.35,echo_ms,97,3.309687
latency,thurbox,idle,3,False,0.32,0.35,echo_ms,98,3.24658
latency,thurbox,idle,3,False,0.32,0.35,echo_ms,99,3.373462
latency,thurbox,idle,3,False,0.32,0.35,timeouts,,0
latency,tmux,idle,4,False,0.35,0.37,echo_ms,0,1.053603
latency,tmux,idle,4,False,0.35,0.37,echo_ms,1,0.906792
latency,tmux,idle,4,False,0.35,0.37,echo_ms,2,0.940921
latency,tmux,idle,4,False,0.35,0.37,echo_ms,3,0.991553
latency,tmux,idle,4,False,0.35,0.37,echo_ms,4,0.981538
latency,tmux,idle,4,False,0.35,0.37,echo_ms,5,0.962485
latency,tmux,idle,4,False,0.35,0.37,echo_ms,6,0.985772
latency,tmux,idle,4,False,0.35,0.37,echo_ms,7,1.027282
latency,tmux,idle,4,False,0.35,0.37,echo_ms,8,0.98125
latency,tmux,idle,4,False,0.35,0.37,echo_ms,9,0.949373
latency,tmux,idle,4,False,0.35,0.37,echo_ms,10,0.988142
latency,tmux,idle,4,False,0.35,0.37,echo_ms,11,0.987154
latency,tmux,idle,4,False,0.35,0.37,echo_ms,12,1.000332
latency,tmux,idle,4,False,0.35,0.37,echo_ms,13,1.005888
latency,tmux,idle,4,False,0.35,0.37,echo_ms,14,0.964798
latency,tmux,idle,4,False,0.35,0.37,echo_ms,15,0.999446
latency,tmux,idle,4,False,0.35,0.37,echo_ms,16,1.000858
latency,tmux,idle,4,False,0.35,0.37,echo_ms,17,1.067083
latency,tmux,idle,4,False,0.35,0.37,echo_ms,18,0.795409
latency,tmux,idle,4,False,0.35,0.37,echo_ms,19,0.979169
latency,tmux,idle,4,False,0.35,0.37,echo_ms,20,1.016788
latency,tmux,idle,4,False,0.35,0.37,echo_ms,21,0.941105
latency,tmux,idle,4,False,0.35,0.37,echo_ms,22,0.882075
latency,tmux,idle,4,False,0.35,0.37,echo_ms,23,0.899804
latency,tmux,idle,4,False,0.35,0.37,echo_ms,24,0.896537
latency,tmux,idle,4,False,0.35,0.37,echo_ms,25,0.971395
latency,tmux,idle,4,False,0.35,0.37,echo_ms,26,0.90241
latency,tmux,idle,4,False,0.35,0.37,echo_ms,27,0.928256
latency,tmux,idle,4,False,0.35,0.37,echo_ms,28,0.91381
latency,tmux,idle,4,False,0.35,0.37,echo_ms,29,0.879478
latency,tmux,idle,4,False,0.35,0.37,echo_ms,30,0.947991
latency,tmux,idle,4,False,0.35,0.37,echo_ms,31,0.887664
latency,tmux,idle,4,False,0.35,0.37,echo_ms,32,0.942498
latency,tmux,idle,4,False,0.35,0.37,echo_ms,33,1.105115
latency,tmux,idle,4,False,0.35,0.37,echo_ms,34,0.911067
latency,tmux,idle,4,False,0.35,0.37,echo_ms,35,0.999636
latency,tmux,idle,4,False,0.35,0.37,echo_ms,36,0.911211
latency,tmux,idle,4,False,0.35,0.37,echo_ms,37,0.908177
latency,tmux,idle,4,False,0.35,0.37,echo_ms,38,0.991221
latency,tmux,idle,4,False,0.35,0.37,echo_ms,39,0.955355
latency,tmux,idle,4,False,0.35,0.37,echo_ms,40,0.822868
latency,tmux,idle,4,False,0.35,0.37,echo_ms,41,0.923328
latency,tmux,idle,4,False,0.35,0.37,echo_ms,42,0.920948
latency,tmux,idle,4,False,0.35,0.37,echo_ms,43,0.901199
latency,tmux,idle,4,False,0.35,0.37,echo_ms,44,0.912756
latency,tmux,idle,4,False,0.35,0.37,echo_ms,45,0.964361
latency,tmux,idle,4,False,0.35,0.37,echo_ms,46,0.922436
latency,tmux,idle,4,False,0.35,0.37,echo_ms,47,0.942966
latency,tmux,idle,4,False,0.35,0.37,echo_ms,48,0.945229
latency,tmux,idle,4,False,0.35,0.37,echo_ms,49,0.881598
latency,tmux,idle,4,False,0.35,0.37,echo_ms,50,0.914928
latency,tmux,idle,4,False,0.35,0.37,echo_ms,51,0.99698
latency,tmux,idle,4,False,0.35,0.37,echo_ms,52,0.921312
latency,tmux,idle,4,False,0.35,0.37,echo_ms,53,1.00843
latency,tmux,idle,4,False,0.35,0.37,echo_ms,54,0.976308
latency,tmux,idle,4,False,0.35,0.37,echo_ms,55,1.01422
latency,tmux,idle,4,False,0.35,0.37,echo_ms,56,0.963764
latency,tmux,idle,4,False,0.35,0.37,echo_ms,57,0.980394
latency,tmux,idle,4,False,0.35,0.37,echo_ms,58,1.004269
latency,tmux,idle,4,False,0.35,0.37,echo_ms,59,1.047148
latency,tmux,idle,4,False,0.35,0.37,echo_ms,60,0.945101
latency,tmux,idle,4,False,0.35,0.37,echo_ms,61,1.063107
latency,tmux,idle,4,False,0.35,0.37,echo_ms,62,0.98043
latency,tmux,idle,4,False,0.35,0.37,echo_ms,63,1.018436
latency,tmux,idle,4,False,0.35,0.37,echo_ms,64,0.78378
latency,tmux,idle,4,False,0.35,0.37,echo_ms,65,1.012235
latency,tmux,idle,4,False,0.35,0.37,echo_ms,66,0.95328
latency,tmux,idle,4,False,0.35,0.37,echo_ms,67,1.007137
latency,tmux,idle,4,False,0.35,0.37,echo_ms,68,0.942179
latency,tmux,idle,4,False,0.35,0.37,echo_ms,69,1.014061
latency,tmux,idle,4,False,0.35,0.37,echo_ms,70,0.913276
latency,tmux,idle,4,False,0.35,0.37,echo_ms,71,0.895787
latency,tmux,idle,4,False,0.35,0.37,echo_ms,72,0.901044
latency,tmux,idle,4,False,0.35,0.37,echo_ms,73,0.931805
latency,tmux,idle,4,False,0.35,0.37,echo_ms,74,0.917187
latency,tmux,idle,4,False,0.35,0.37,echo_ms,75,0.950948
latency,tmux,idle,4,False,0.35,0.37,echo_ms,76,0.983309
latency,tmux,idle,4,False,0.35,0.37,echo_ms,77,0.933313
latency,tmux,idle,4,False,0.35,0.37,echo_ms,78,0.915874
latency,tmux,idle,4,False,0.35,0.37,echo_ms,79,0.985148
latency,tmux,idle,4,False,0.35,0.37,echo_ms,80,0.803429
latency,tmux,idle,4,False,0.35,0.37,echo_ms,81,0.906757
latency,tmux,idle,4,False,0.35,0.37,echo_ms,82,0.950416
latency,tmux,idle,4,False,0.35,0.37,echo_ms,83,0.953224
latency,tmux,idle,4,False,0.35,0.37,echo_ms,84,1.068937
latency,tmux,idle,4,False,0.35,0.37,echo_ms,85,0.914367
latency,tmux,idle,4,False,0.35,0.37,echo_ms,86,0.946261
latency,tmux,idle,4,False,0.35,0.37,echo_ms,87,0.912834
latency,tmux,idle,4,False,0.35,0.37,echo_ms,88,0.936811
latency,tmux,idle,4,False,0.35,0.37,echo_ms,89,1.03489
latency,tmux,idle,4,False,0.35,0.37,echo_ms,90,0.968516
latency,tmux,idle,4,False,0.35,0.37,echo_ms,91,0.876584
latency,tmux,idle,4,False,0.35,0.37,echo_ms,92,0.94011
latency,tmux,idle,4,False,0.35,0.37,echo_ms,93,0.947333
latency,tmux,idle,4,False,0.35,0.37,echo_ms,94,0.93645
latency,tmux,idle,4,False,0.35,0.37,echo_ms,95,0.939657
latency,tmux,idle,4,False,0.35,0.37,echo_ms,96,0.912084
latency,tmux,idle,4,False,0.35,0.37,echo_ms,97,0.732113
latency,tmux,idle,4,False,0.35,0.37,echo_ms,98,0.817157
latency,tmux,idle,4,False,0.35,0.37,echo_ms,99,0.797132
latency,tmux,idle,4,False,0.35,0.37,timeouts,,0
latency,herdr,idle,4,False,0.37,0.46,echo_ms,0,1.99959
latency,herdr,idle,4,False,0.37,0.46,echo_ms,1,2.254484
latency,herdr,idle,4,False,0.37,0.46,echo_ms,2,2.130796
latency,herdr,idle,4,False,0.37,0.46,echo_ms,3,1.908273
latency,herdr,idle,4,False,0.37,0.46,echo_ms,4,1.893607
latency,herdr,idle,4,False,0.37,0.46,echo_ms,5,1.931501
latency,herdr,idle,4,False,0.37,0.46,echo_ms,6,2.038615
latency,herdr,idle,4,False,0.37,0.46,echo_ms,7,2.006075
latency,herdr,idle,4,False,0.37,0.46,echo_ms,8,2.034707
latency,herdr,idle,4,False,0.37,0.46,echo_ms,9,2.050197
latency,herdr,idle,4,False,0.37,0.46,echo_ms,10,2.096393
latency,herdr,idle,4,False,0.37,0.46,echo_ms,11,2.094316
latency,herdr,idle,4,False,0.37,0.46,echo_ms,12,2.059214
latency,herdr,idle,4,False,0.37,0.46,echo_ms,13,2.084886
latency,herdr,idle,4,False,0.37,0.46,echo_ms,14,2.113415
latency,herdr,idle,4,False,0.37,0.46,echo_ms,15,2.041908
latency,herdr,idle,4,False,0.37,0.46,echo_ms,16,2.034423
latency,herdr,idle,4,False,0.37,0.46,echo_ms,17,2.034402
latency,herdr,idle,4,False,0.37,0.46,echo_ms,18,1.981097
latency,herdr,idle,4,False,0.37,0.46,echo_ms,19,2.08419
latency,herdr,idle,4,False,0.37,0.46,echo_ms,20,2.084392
latency,herdr,idle,4,False,0.37,0.46,echo_ms,21,2.118506
latency,herdr,idle,4,False,0.37,0.46,echo_ms,22,2.032096
latency,herdr,idle,4,False,0.37,0.46,echo_ms,23,2.018347
latency,herdr,idle,4,False,0.37,0.46,echo_ms,24,2.134903
latency,herdr,idle,4,False,0.37,0.46,echo_ms,25,1.982801
latency,herdr,idle,4,False,0.37,0.46,echo_ms,26,2.143786
latency,herdr,idle,4,False,0.37,0.46,echo_ms,27,1.90658
latency,herdr,idle,4,False,0.37,0.46,echo_ms,28,2.131896
latency,herdr,idle,4,False,0.37,0.46,echo_ms,29,2.134866
latency,herdr,idle,4,False,0.37,0.46,echo_ms,30,1.916214
latency,herdr,idle,4,False,0.37,0.46,echo_ms,31,2.088424
latency,herdr,idle,4,False,0.37,0.46,echo_ms,32,1.961508
latency,herdr,idle,4,False,0.37,0.46,echo_ms,33,1.809696
latency,herdr,idle,4,False,0.37,0.46,echo_ms,34,2.086451
latency,herdr,idle,4,False,0.37,0.46,echo_ms,35,1.982807
latency,herdr,idle,4,False,0.37,0.46,echo_ms,36,2.095058
latency,herdr,idle,4,False,0.37,0.46,echo_ms,37,1.985652
latency,herdr,idle,4,False,0.37,0.46,echo_ms,38,2.030563
latency,herdr,idle,4,False,0.37,0.46,echo_ms,39,2.115851
latency,herdr,idle,4,False,0.37,0.46,echo_ms,40,1.989014
latency,herdr,idle,4,False,0.37,0.46,echo_ms,41,2.097304
latency,herdr,idle,4,False,0.37,0.46,echo_ms,42,2.00495
latency,herdr,idle,4,False,0.37,0.46,echo_ms,43,2.141424
latency,herdr,idle,4,False,0.37,0.46,echo_ms,44,2.099369
latency,herdr,idle,4,False,0.37,0.46,echo_ms,45,1.99817
latency,herdr,idle,4,False,0.37,0.46,echo_ms,46,2.19898
latency,herdr,idle,4,False,0.37,0.46,echo_ms,47,2.052003
latency,herdr,idle,4,False,0.37,0.46,echo_ms,48,2.136516
latency,herdr,idle,4,False,0.37,0.46,echo_ms,49,1.996598
latency,herdr,idle,4,False,0.37,0.46,echo_ms,50,1.998018
latency,herdr,idle,4,False,0.37,0.46,echo_ms,51,1.969402
latency,herdr,idle,4,False,0.37,0.46,echo_ms,52,2.114617
latency,herdr,idle,4,False,0.37,0.46,echo_ms,53,2.138589
latency,herdr,idle,4,False,0.37,0.46,echo_ms,54,1.965083
latency,herdr,idle,4,False,0.37,0.46,echo_ms,55,2.039222
latency,herdr,idle,4,False,0.37,0.46,echo_ms,56,2.063044
latency,herdr,idle,4,False,0.37,0.46,echo_ms,57,2.087635
latency,herdr,idle,4,False,0.37,0.46,echo_ms,58,1.404503
latency,herdr,idle,4,False,0.37,0.46,echo_ms,59,2.248321
latency,herdr,idle,4,False,0.37,0.46,echo_ms,60,2.029476
latency,herdr,idle,4,False,0.37,0.46,echo_ms,61,2.068253
latency,herdr,idle,4,False,0.37,0.46,echo_ms,62,2.065449
latency,herdr,idle,4,False,0.37,0.46,echo_ms,63,2.019212
latency,herdr,idle,4,False,0.37,0.46,echo_ms,64,2.010754
latency,herdr,idle,4,False,0.37,0.46,echo_ms,65,2.043239
latency,herdr,idle,4,False,0.37,0.46,echo_ms,66,1.863979
latency,herdr,idle,4,False,0.37,0.46,echo_ms,67,2.055296
latency,herdr,idle,4,False,0.37,0.46,echo_ms,68,1.958876
latency,herdr,idle,4,False,0.37,0.46,echo_ms,69,2.191132
latency,herdr,idle,4,False,0.37,0.46,echo_ms,70,2.660532
latency,herdr,idle,4,False,0.37,0.46,echo_ms,71,2.011364
latency,herdr,idle,4,False,0.37,0.46,echo_ms,72,2.034008
latency,herdr,idle,4,False,0.37,0.46,echo_ms,73,2.031924
latency,herdr,idle,4,False,0.37,0.46,echo_ms,74,2.082167
latency,herdr,idle,4,False,0.37,0.46,echo_ms,75,2.182616
latency,herdr,idle,4,False,0.37,0.46,echo_ms,76,2.052891
latency,herdr,idle,4,False,0.37,0.46,echo_ms,77,2.08594
latency,herdr,idle,4,False,0.37,0.46,echo_ms,78,2.194375
latency,herdr,idle,4,False,0.37,0.46,echo_ms,79,2.136757
latency,herdr,idle,4,False,0.37,0.46,echo_ms,80,2.02162
latency,herdr,idle,4,False,0.37,0.46,echo_ms,81,2.158267
latency,herdr,idle,4,False,0.37,0.46,echo_ms,82,2.079183
latency,herdr,idle,4,False,0.37,0.46,echo_ms,83,1.500975
latency,herdr,idle,4,False,0.37,0.46,echo_ms,84,1.951677
latency,herdr,idle,4,False,0.37,0.46,echo_ms,85,2.086957
latency,herdr,idle,4,False,0.37,0.46,echo_ms,86,2.07378
latency,herdr,idle,4,False,0.37,0.46,echo_ms,87,2.058467
latency,herdr,idle,4,False,0.37,0.46,echo_ms,88,2.047104
latency,herdr,idle,4,False,0.37,0.46,echo_ms,89,2.073151
latency,herdr,idle,4,False,0.37,0.46,echo_ms,90,2.060913
latency,herdr,idle,4,False,0.37,0.46,echo_ms,91,1.952986
latency,herdr,idle,4,False,0.37,0.46,echo_ms,92,2.264571
latency,herdr,idle,4,False,0.37,0.46,echo_ms,93,1.729439
latency,herdr,idle,4,False,0.37,0.46,echo_ms,94,1.993036
latency,herdr,idle,4,False,0.37,0.46,echo_ms,95,1.993899
latency,herdr,idle,4,False,0.37,0.46,echo_ms,96,1.944404
latency,herdr,idle,4,False,0.37,0.46,echo_ms,97,2.094263
latency,herdr,idle,4,False,0.37,0.46,echo_ms,98,2.053569
latency,herdr,idle,4,False,0.37,0.46,echo_ms,99,1.983682
latency,herdr,idle,4,False,0.37,0.46,timeouts,,0
latency,thurbox,idle,4,False,0.46,0.39,echo_ms,0,3.261134
latency,thurbox,idle,4,False,0.46,0.39,echo_ms,1,3.327958
latency,thurbox,idle,4,False,0.46,0.39,echo_ms,2,3.377525
latency,thurbox,idle,4,False,0.46,0.39,echo_ms,3,7.125011
latency,thurbox,idle,4,False,0.46,0.39,echo_ms,4,3.289758
latency,thurbox,idle,4,False,0.46,0.39,echo_ms,5,3.40441
latency,thurbox,idle,4,False,0.46,0.39,echo_ms,6,3.222436
latency,thurbox,idle,4,False,0.46,0.39,echo_ms,7,3.360403
latency,thurbox,idle,4,False,0.46,0.39,echo_ms,8,3.411328
latency,thurbox,idle,4,False,0.46,0.39,echo_ms,9,3.348592
latency,thurbox,idle,4,False,0.46,0.39,echo_ms,10,3.415852
latency,thurbox,idle,4,False,0.46,0.39,echo_ms,11,4.015138
latency,thurbox,idle,4,False,0.46,0.39,echo_ms,12,3.367015
latency,thurbox,idle,4,False,0.46,0.39,echo_ms,13,3.390314
latency,thurbox,idle,4,False,0.46,0.39,echo_ms,14,3.416517
latency,thurbox,idle,4,False,0.46,0.39,echo_ms,15,3.38238
latency,thurbox,idle,4,False,0.46,0.39,echo_ms,16,3.27092
latency,thurbox,idle,4,False,0.46,0.39,echo_ms,17,3.311836
latency,thurbox,idle,4,False,0.46,0.39,echo_ms,18,3.430765
latency,thurbox,idle,4,False,0.46,0.39,echo_ms,19,3.404187
latency,thurbox,idle,4,False,0.46,0.39,echo_ms,20,3.379819
latency,thurbox,idle,4,False,0.46,0.39,echo_ms,21,3.351608
latency,thurbox,idle,4,False,0.46,0.39,echo_ms,22,3.381466
latency,thurbox,idle,4,False,0.46,0.39,echo_ms,23,3.357812
latency,thurbox,idle,4,False,0.46,0.39,echo_ms,24,3.43811
latency,thurbox,idle,4,False,0.46,0.39,echo_ms,25,3.348127
latency,thurbox,idle,4,False,0.46,0.39,echo_ms,26,3.267461
latency,thurbox,idle,4,False,0.46,0.39,echo_ms,27,3.391974
latency,thurbox,idle,4,False,0.46,0.39,echo_ms,28,3.241995
latency,thurbox,idle,4,False,0.46,0.39,echo_ms,29,3.402277
latency,thurbox,idle,4,False,0.46,0.39,echo_ms,30,3.667601
latency,thurbox,idle,4,False,0.46,0.39,echo_ms,31,3.216204
latency,thurbox,idle,4,False,0.46,0.39,echo_ms,32,3.291322
latency,thurbox,idle,4,False,0.46,0.39,echo_ms,33,3.695778
latency,thurbox,idle,4,False,0.46,0.39,echo_ms,34,3.315919
latency,thurbox,idle,4,False,0.46,0.39,echo_ms,35,3.427034
latency,thurbox,idle,4,False,0.46,0.39,echo_ms,36,3.641192
latency,thurbox,idle,4,False,0.46,0.39,echo_ms,37,3.336449
latency,thurbox,idle,4,False,0.46,0.39,echo_ms,38,3.293659
latency,thurbox,idle,4,False,0.46,0.39,echo_ms,39,3.631978
latency,thurbox,idle,4,False,0.46,0.39,echo_ms,40,3.415477
latency,thurbox,idle,4,False,0.46,0.39,echo_ms,41,3.1714
latency,thurbox,idle,4,False,0.46,0.39,echo_ms,42,3.41285
latency,thurbox,idle,4,False,0.46,0.39,echo_ms,43,3.306725
latency,thurbox,idle,4,False,0.46,0.39,echo_ms,44,3.353923
latency,thurbox,idle,4,False,0.46,0.39,echo_ms,45,3.549854
latency,thurbox,idle,4,False,0.46,0.39,echo_ms,46,6.973555
latency,thurbox,idle,4,False,0.46,0.39,echo_ms,47,3.337183
latency,thurbox,idle,4,False,0.46,0.39,echo_ms,48,3.34139
latency,thurbox,idle,4,False,0.46,0.39,echo_ms,49,3.793437
latency,thurbox,idle,4,False,0.46,0.39,echo_ms,50,3.359392
latency,thurbox,idle,4,False,0.46,0.39,echo_ms,51,3.333376
latency,thurbox,idle,4,False,0.46,0.39,echo_ms,52,4.559847
latency,thurbox,idle,4,False,0.46,0.39,echo_ms,53,3.453229
latency,thurbox,idle,4,False,0.46,0.39,echo_ms,54,3.495354
latency,thurbox,idle,4,False,0.46,0.39,echo_ms,55,1.309238
latency,thurbox,idle,4,False,0.46,0.39,echo_ms,56,3.276204
latency,thurbox,idle,4,False,0.46,0.39,echo_ms,57,3.304454
latency,thurbox,idle,4,False,0.46,0.39,echo_ms,58,3.358311
latency,thurbox,idle,4,False,0.46,0.39,echo_ms,59,3.355708
latency,thurbox,idle,4,False,0.46,0.39,echo_ms,60,3.973311
latency,thurbox,idle,4,False,0.46,0.39,echo_ms,61,3.387348
latency,thurbox,idle,4,False,0.46,0.39,echo_ms,62,3.331625
latency,thurbox,idle,4,False,0.46,0.39,echo_ms,63,3.309234
latency,thurbox,idle,4,False,0.46,0.39,echo_ms,64,3.350063
latency,thurbox,idle,4,False,0.46,0.39,echo_ms,65,2.006
latency,thurbox,idle,4,False,0.46,0.39,echo_ms,66,4.178551
latency,thurbox,idle,4,False,0.46,0.39,echo_ms,67,3.376576
latency,thurbox,idle,4,False,0.46,0.39,echo_ms,68,3.320094
latency,thurbox,idle,4,False,0.46,0.39,echo_ms,69,3.682649
latency,thurbox,idle,4,False,0.46,0.39,echo_ms,70,3.587782
latency,thurbox,idle,4,False,0.46,0.39,echo_ms,71,3.437569
latency,thurbox,idle,4,False,0.46,0.39,echo_ms,72,3.436158
latency,thurbox,idle,4,False,0.46,0.39,echo_ms,73,3.357152
latency,thurbox,idle,4,False,0.46,0.39,echo_ms,74,3.526314
latency,thurbox,idle,4,False,0.46,0.39,echo_ms,75,5.150197
latency,thurbox,idle,4,False,0.46,0.39,echo_ms,76,3.371709
latency,thurbox,idle,4,False,0.46,0.39,echo_ms,77,3.386629
latency,thurbox,idle,4,False,0.46,0.39,echo_ms,78,3.355255
latency,thurbox,idle,4,False,0.46,0.39,echo_ms,79,3.379699
latency,thurbox,idle,4,False,0.46,0.39,echo_ms,80,3.432262
latency,thurbox,idle,4,False,0.46,0.39,echo_ms,81,3.39537
latency,thurbox,idle,4,False,0.46,0.39,echo_ms,82,3.428156
latency,thurbox,idle,4,False,0.46,0.39,echo_ms,83,3.20915
latency,thurbox,idle,4,False,0.46,0.39,echo_ms,84,3.373299
latency,thurbox,idle,4,False,0.46,0.39,echo_ms,85,3.408212
latency,thurbox,idle,4,False,0.46,0.39,echo_ms,86,2.347786
latency,thurbox,idle,4,False,0.46,0.39,echo_ms,87,3.309959
latency,thurbox,idle,4,False,0.46,0.39,echo_ms,88,3.407689
latency,thurbox,idle,4,False,0.46,0.39,echo_ms,89,6.570825
latency,thurbox,idle,4,False,0.46,0.39,echo_ms,90,3.266141
latency,thurbox,idle,4,False,0.46,0.39,echo_ms,91,3.367523
latency,thurbox,idle,4,False,0.46,0.39,echo_ms,92,3.387016
latency,thurbox,idle,4,False,0.46,0.39,echo_ms,93,3.33946
latency,thurbox,idle,4,False,0.46,0.39,echo_ms,94,4.479959
latency,thurbox,idle,4,False,0.46,0.39,echo_ms,95,3.306442
latency,thurbox,idle,4,False,0.46,0.39,echo_ms,96,3.323458
latency,thurbox,idle,4,False,0.46,0.39,echo_ms,97,1.360241
latency,thurbox,idle,4,False,0.46,0.39,echo_ms,98,3.343342
latency,thurbox,idle,4,False,0.46,0.39,echo_ms,99,3.424557
latency,thurbox,idle,4,False,0.46,0.39,timeouts,,0
latency,tmux,idle,5,False,0.39,0.33,echo_ms,0,1.048583
latency,tmux,idle,5,False,0.39,0.33,echo_ms,1,0.908132
latency,tmux,idle,5,False,0.39,0.33,echo_ms,2,0.952004
latency,tmux,idle,5,False,0.39,0.33,echo_ms,3,1.045283
latency,tmux,idle,5,False,0.39,0.33,echo_ms,4,1.069733
latency,tmux,idle,5,False,0.39,0.33,echo_ms,5,1.004021
latency,tmux,idle,5,False,0.39,0.33,echo_ms,6,0.969464
latency,tmux,idle,5,False,0.39,0.33,echo_ms,7,0.926725
latency,tmux,idle,5,False,0.39,0.33,echo_ms,8,0.982743
latency,tmux,idle,5,False,0.39,0.33,echo_ms,9,0.982341
latency,tmux,idle,5,False,0.39,0.33,echo_ms,10,0.998555
latency,tmux,idle,5,False,0.39,0.33,echo_ms,11,0.969571
latency,tmux,idle,5,False,0.39,0.33,echo_ms,12,1.001147
latency,tmux,idle,5,False,0.39,0.33,echo_ms,13,1.008304
latency,tmux,idle,5,False,0.39,0.33,echo_ms,14,0.996766
latency,tmux,idle,5,False,0.39,0.33,echo_ms,15,0.997027
latency,tmux,idle,5,False,0.39,0.33,echo_ms,16,0.955636
latency,tmux,idle,5,False,0.39,0.33,echo_ms,17,0.94053
latency,tmux,idle,5,False,0.39,0.33,echo_ms,18,0.998565
latency,tmux,idle,5,False,0.39,0.33,echo_ms,19,1.014493
latency,tmux,idle,5,False,0.39,0.33,echo_ms,20,0.967182
latency,tmux,idle,5,False,0.39,0.33,echo_ms,21,1.008438
latency,tmux,idle,5,False,0.39,0.33,echo_ms,22,1.006888
latency,tmux,idle,5,False,0.39,0.33,echo_ms,23,1.003273
latency,tmux,idle,5,False,0.39,0.33,echo_ms,24,0.904779
latency,tmux,idle,5,False,0.39,0.33,echo_ms,25,1.000693
latency,tmux,idle,5,False,0.39,0.33,echo_ms,26,0.964365
latency,tmux,idle,5,False,0.39,0.33,echo_ms,27,0.967807
latency,tmux,idle,5,False,0.39,0.33,echo_ms,28,0.991495
latency,tmux,idle,5,False,0.39,0.33,echo_ms,29,1.005894
latency,tmux,idle,5,False,0.39,0.33,echo_ms,30,1.05955
latency,tmux,idle,5,False,0.39,0.33,echo_ms,31,0.979777
latency,tmux,idle,5,False,0.39,0.33,echo_ms,32,1.00311
latency,tmux,idle,5,False,0.39,0.33,echo_ms,33,1.05582
latency,tmux,idle,5,False,0.39,0.33,echo_ms,34,1.060162
latency,tmux,idle,5,False,0.39,0.33,echo_ms,35,1.064356
latency,tmux,idle,5,False,0.39,0.33,echo_ms,36,1.058383
latency,tmux,idle,5,False,0.39,0.33,echo_ms,37,1.006446
latency,tmux,idle,5,False,0.39,0.33,echo_ms,38,1.026008
latency,tmux,idle,5,False,0.39,0.33,echo_ms,39,0.995433
latency,tmux,idle,5,False,0.39,0.33,echo_ms,40,0.983827
latency,tmux,idle,5,False,0.39,0.33,echo_ms,41,0.932849
latency,tmux,idle,5,False,0.39,0.33,echo_ms,42,1.067476
latency,tmux,idle,5,False,0.39,0.33,echo_ms,43,1.005018
latency,tmux,idle,5,False,0.39,0.33,echo_ms,44,0.945442
latency,tmux,idle,5,False,0.39,0.33,echo_ms,45,0.998069
latency,tmux,idle,5,False,0.39,0.33,echo_ms,46,0.924029
latency,tmux,idle,5,False,0.39,0.33,echo_ms,47,0.820197
latency,tmux,idle,5,False,0.39,0.33,echo_ms,48,0.95695
latency,tmux,idle,5,False,0.39,0.33,echo_ms,49,0.865488
latency,tmux,idle,5,False,0.39,0.33,echo_ms,50,0.94272
latency,tmux,idle,5,False,0.39,0.33,echo_ms,51,1.074005
latency,tmux,idle,5,False,0.39,0.33,echo_ms,52,1.029693
latency,tmux,idle,5,False,0.39,0.33,echo_ms,53,0.908533
latency,tmux,idle,5,False,0.39,0.33,echo_ms,54,1.015909
latency,tmux,idle,5,False,0.39,0.33,echo_ms,55,1.043762
latency,tmux,idle,5,False,0.39,0.33,echo_ms,56,0.900628
latency,tmux,idle,5,False,0.39,0.33,echo_ms,57,0.911701
latency,tmux,idle,5,False,0.39,0.33,echo_ms,58,0.913794
latency,tmux,idle,5,False,0.39,0.33,echo_ms,59,0.950414
latency,tmux,idle,5,False,0.39,0.33,echo_ms,60,0.941382
latency,tmux,idle,5,False,0.39,0.33,echo_ms,61,0.882549
latency,tmux,idle,5,False,0.39,0.33,echo_ms,62,0.958215
latency,tmux,idle,5,False,0.39,0.33,echo_ms,63,1.051
latency,tmux,idle,5,False,0.39,0.33,echo_ms,64,0.914965
latency,tmux,idle,5,False,0.39,0.33,echo_ms,65,0.902255
latency,tmux,idle,5,False,0.39,0.33,echo_ms,66,0.931668
latency,tmux,idle,5,False,0.39,0.33,echo_ms,67,1.002037
latency,tmux,idle,5,False,0.39,0.33,echo_ms,68,0.997106
latency,tmux,idle,5,False,0.39,0.33,echo_ms,69,0.960943
latency,tmux,idle,5,False,0.39,0.33,echo_ms,70,0.963776
latency,tmux,idle,5,False,0.39,0.33,echo_ms,71,0.903961
latency,tmux,idle,5,False,0.39,0.33,echo_ms,72,0.966471
latency,tmux,idle,5,False,0.39,0.33,echo_ms,73,0.882002
latency,tmux,idle,5,False,0.39,0.33,echo_ms,74,0.938416
latency,tmux,idle,5,False,0.39,0.33,echo_ms,75,0.948836
latency,tmux,idle,5,False,0.39,0.33,echo_ms,76,0.960259
latency,tmux,idle,5,False,0.39,0.33,echo_ms,77,0.988553
latency,tmux,idle,5,False,0.39,0.33,echo_ms,78,0.989147
latency,tmux,idle,5,False,0.39,0.33,echo_ms,79,0.978706
latency,tmux,idle,5,False,0.39,0.33,echo_ms,80,0.993049
latency,tmux,idle,5,False,0.39,0.33,echo_ms,81,0.981508
latency,tmux,idle,5,False,0.39,0.33,echo_ms,82,1.00803
latency,tmux,idle,5,False,0.39,0.33,echo_ms,83,1.038007
latency,tmux,idle,5,False,0.39,0.33,echo_ms,84,0.961399
latency,tmux,idle,5,False,0.39,0.33,echo_ms,85,1.016033
latency,tmux,idle,5,False,0.39,0.33,echo_ms,86,0.983181
latency,tmux,idle,5,False,0.39,0.33,echo_ms,87,0.915092
latency,tmux,idle,5,False,0.39,0.33,echo_ms,88,0.877339
latency,tmux,idle,5,False,0.39,0.33,echo_ms,89,0.912752
latency,tmux,idle,5,False,0.39,0.33,echo_ms,90,0.915645
latency,tmux,idle,5,False,0.39,0.33,echo_ms,91,0.836611
latency,tmux,idle,5,False,0.39,0.33,echo_ms,92,0.945364
latency,tmux,idle,5,False,0.39,0.33,echo_ms,93,0.914988
latency,tmux,idle,5,False,0.39,0.33,echo_ms,94,0.937556
latency,tmux,idle,5,False,0.39,0.33,echo_ms,95,0.904266
latency,tmux,idle,5,False,0.39,0.33,echo_ms,96,0.914374
latency,tmux,idle,5,False,0.39,0.33,echo_ms,97,0.884327
latency,tmux,idle,5,False,0.39,0.33,echo_ms,98,0.915246
latency,tmux,idle,5,False,0.39,0.33,echo_ms,99,0.854932
latency,tmux,idle,5,False,0.39,0.33,timeouts,,0
latency,herdr,idle,5,False,0.33,0.28,echo_ms,0,2.091935
latency,herdr,idle,5,False,0.33,0.28,echo_ms,1,2.095584
latency,herdr,idle,5,False,0.33,0.28,echo_ms,2,2.108779
latency,herdr,idle,5,False,0.33,0.28,echo_ms,3,1.778673
latency,herdr,idle,5,False,0.33,0.28,echo_ms,4,2.079229
latency,herdr,idle,5,False,0.33,0.28,echo_ms,5,1.854737
latency,herdr,idle,5,False,0.33,0.28,echo_ms,6,1.83614
latency,herdr,idle,5,False,0.33,0.28,echo_ms,7,1.343312
latency,herdr,idle,5,False,0.33,0.28,echo_ms,8,2.100767
latency,herdr,idle,5,False,0.33,0.28,echo_ms,9,2.076053
latency,herdr,idle,5,False,0.33,0.28,echo_ms,10,2.089729
latency,herdr,idle,5,False,0.33,0.28,echo_ms,11,2.10759
latency,herdr,idle,5,False,0.33,0.28,echo_ms,12,2.21762
latency,herdr,idle,5,False,0.33,0.28,echo_ms,13,2.127618
latency,herdr,idle,5,False,0.33,0.28,echo_ms,14,2.105151
latency,herdr,idle,5,False,0.33,0.28,echo_ms,15,2.225732
latency,herdr,idle,5,False,0.33,0.28,echo_ms,16,2.070187
latency,herdr,idle,5,False,0.33,0.28,echo_ms,17,2.050605
latency,herdr,idle,5,False,0.33,0.28,echo_ms,18,1.925629
latency,herdr,idle,5,False,0.33,0.28,echo_ms,19,2.070617
latency,herdr,idle,5,False,0.33,0.28,echo_ms,20,2.164669
latency,herdr,idle,5,False,0.33,0.28,echo_ms,21,1.717134
latency,herdr,idle,5,False,0.33,0.28,echo_ms,22,1.963264
latency,herdr,idle,5,False,0.33,0.28,echo_ms,23,2.02911
latency,herdr,idle,5,False,0.33,0.28,echo_ms,24,1.941966
latency,herdr,idle,5,False,0.33,0.28,echo_ms,25,1.958687
latency,herdr,idle,5,False,0.33,0.28,echo_ms,26,2.013232
latency,herdr,idle,5,False,0.33,0.28,echo_ms,27,2.129303
latency,herdr,idle,5,False,0.33,0.28,echo_ms,28,1.987469
latency,herdr,idle,5,False,0.33,0.28,echo_ms,29,2.01491
latency,herdr,idle,5,False,0.33,0.28,echo_ms,30,2.071078
latency,herdr,idle,5,False,0.33,0.28,echo_ms,31,2.027612
latency,herdr,idle,5,False,0.33,0.28,echo_ms,32,2.033777
latency,herdr,idle,5,False,0.33,0.28,echo_ms,33,2.095972
latency,herdr,idle,5,False,0.33,0.28,echo_ms,34,2.032734
latency,herdr,idle,5,False,0.33,0.28,echo_ms,35,2.102236
latency,herdr,idle,5,False,0.33,0.28,echo_ms,36,2.159898
latency,herdr,idle,5,False,0.33,0.28,echo_ms,37,2.034001
latency,herdr,idle,5,False,0.33,0.28,echo_ms,38,2.014029
latency,herdr,idle,5,False,0.33,0.28,echo_ms,39,1.839984
latency,herdr,idle,5,False,0.33,0.28,echo_ms,40,2.137834
latency,herdr,idle,5,False,0.33,0.28,echo_ms,41,2.052529
latency,herdr,idle,5,False,0.33,0.28,echo_ms,42,2.022543
latency,herdr,idle,5,False,0.33,0.28,echo_ms,43,2.152122
latency,herdr,idle,5,False,0.33,0.28,echo_ms,44,2.115642
latency,herdr,idle,5,False,0.33,0.28,echo_ms,45,2.134858
latency,herdr,idle,5,False,0.33,0.28,echo_ms,46,2.078487
latency,herdr,idle,5,False,0.33,0.28,echo_ms,47,2.065885
latency,herdr,idle,5,False,0.33,0.28,echo_ms,48,2.037617
latency,herdr,idle,5,False,0.33,0.28,echo_ms,49,2.001565
latency,herdr,idle,5,False,0.33,0.28,echo_ms,50,1.941662
latency,herdr,idle,5,False,0.33,0.28,echo_ms,51,2.1036
latency,herdr,idle,5,False,0.33,0.28,echo_ms,52,2.024221
latency,herdr,idle,5,False,0.33,0.28,echo_ms,53,2.199152
latency,herdr,idle,5,False,0.33,0.28,echo_ms,54,2.018973
latency,herdr,idle,5,False,0.33,0.28,echo_ms,55,2.047352
latency,herdr,idle,5,False,0.33,0.28,echo_ms,56,2.166174
latency,herdr,idle,5,False,0.33,0.28,echo_ms,57,2.066173
latency,herdr,idle,5,False,0.33,0.28,echo_ms,58,1.901308
latency,herdr,idle,5,False,0.33,0.28,echo_ms,59,1.564165
latency,herdr,idle,5,False,0.33,0.28,echo_ms,60,2.010543
latency,herdr,idle,5,False,0.33,0.28,echo_ms,61,1.925336
latency,herdr,idle,5,False,0.33,0.28,echo_ms,62,2.179853
latency,herdr,idle,5,False,0.33,0.28,echo_ms,63,1.980322
latency,herdr,idle,5,False,0.33,0.28,echo_ms,64,1.625939
latency,herdr,idle,5,False,0.33,0.28,echo_ms,65,1.459027
latency,herdr,idle,5,False,0.33,0.28,echo_ms,66,2.16109
latency,herdr,idle,5,False,0.33,0.28,echo_ms,67,2.052755
latency,herdr,idle,5,False,0.33,0.28,echo_ms,68,2.181551
latency,herdr,idle,5,False,0.33,0.28,echo_ms,69,2.106365
latency,herdr,idle,5,False,0.33,0.28,echo_ms,70,2.139465
latency,herdr,idle,5,False,0.33,0.28,echo_ms,71,2.105474
latency,herdr,idle,5,False,0.33,0.28,echo_ms,72,2.045822
latency,herdr,idle,5,False,0.33,0.28,echo_ms,73,2.042654
latency,herdr,idle,5,False,0.33,0.28,echo_ms,74,1.955025
latency,herdr,idle,5,False,0.33,0.28,echo_ms,75,2.025434
latency,herdr,idle,5,False,0.33,0.28,echo_ms,76,2.196295
latency,herdr,idle,5,False,0.33,0.28,echo_ms,77,2.056137
latency,herdr,idle,5,False,0.33,0.28,echo_ms,78,2.094662
latency,herdr,idle,5,False,0.33,0.28,echo_ms,79,2.101507
latency,herdr,idle,5,False,0.33,0.28,echo_ms,80,2.103127
latency,herdr,idle,5,False,0.33,0.28,echo_ms,81,2.085179
latency,herdr,idle,5,False,0.33,0.28,echo_ms,82,2.039902
latency,herdr,idle,5,False,0.33,0.28,echo_ms,83,2.070199
latency,herdr,idle,5,False,0.33,0.28,echo_ms,84,1.973732
latency,herdr,idle,5,False,0.33,0.28,echo_ms,85,1.557386
latency,herdr,idle,5,False,0.33,0.28,echo_ms,86,2.238527
latency,herdr,idle,5,False,0.33,0.28,echo_ms,87,2.038276
latency,herdr,idle,5,False,0.33,0.28,echo_ms,88,1.973977
latency,herdr,idle,5,False,0.33,0.28,echo_ms,89,1.949583
latency,herdr,idle,5,False,0.33,0.28,echo_ms,90,2.04601
latency,herdr,idle,5,False,0.33,0.28,echo_ms,91,2.147984
latency,herdr,idle,5,False,0.33,0.28,echo_ms,92,2.038778
latency,herdr,idle,5,False,0.33,0.28,echo_ms,93,2.18452
latency,herdr,idle,5,False,0.33,0.28,echo_ms,94,1.956637
latency,herdr,idle,5,False,0.33,0.28,echo_ms,95,2.045234
latency,herdr,idle,5,False,0.33,0.28,echo_ms,96,2.129421
latency,herdr,idle,5,False,0.33,0.28,echo_ms,97,2.067779
latency,herdr,idle,5,False,0.33,0.28,echo_ms,98,2.142787
latency,herdr,idle,5,False,0.33,0.28,echo_ms,99,2.091596
latency,herdr,idle,5,False,0.33,0.28,timeouts,,0
latency,thurbox,idle,5,False,0.28,0.23,echo_ms,0,3.299929
latency,thurbox,idle,5,False,0.28,0.23,echo_ms,1,3.263247
latency,thurbox,idle,5,False,0.28,0.23,echo_ms,2,3.637395
latency,thurbox,idle,5,False,0.28,0.23,echo_ms,3,3.419597
latency,thurbox,idle,5,False,0.28,0.23,echo_ms,4,3.389315
latency,thurbox,idle,5,False,0.28,0.23,echo_ms,5,3.2634
latency,thurbox,idle,5,False,0.28,0.23,echo_ms,6,3.2626
latency,thurbox,idle,5,False,0.28,0.23,echo_ms,7,3.110954
latency,thurbox,idle,5,False,0.28,0.23,echo_ms,8,3.290936
latency,thurbox,idle,5,False,0.28,0.23,echo_ms,9,4.200566
latency,thurbox,idle,5,False,0.28,0.23,echo_ms,10,3.582474
latency,thurbox,idle,5,False,0.28,0.23,echo_ms,11,3.319152
latency,thurbox,idle,5,False,0.28,0.23,echo_ms,12,3.295226
latency,thurbox,idle,5,False,0.28,0.23,echo_ms,13,3.145399
latency,thurbox,idle,5,False,0.28,0.23,echo_ms,14,3.31109
latency,thurbox,idle,5,False,0.28,0.23,echo_ms,15,3.984764
latency,thurbox,idle,5,False,0.28,0.23,echo_ms,16,3.344318
latency,thurbox,idle,5,False,0.28,0.23,echo_ms,17,2.077959
latency,thurbox,idle,5,False,0.28,0.23,echo_ms,18,3.950801
latency,thurbox,idle,5,False,0.28,0.23,echo_ms,19,3.035202
latency,thurbox,idle,5,False,0.28,0.23,echo_ms,20,3.193327
latency,thurbox,idle,5,False,0.28,0.23,echo_ms,21,3.156103
latency,thurbox,idle,5,False,0.28,0.23,echo_ms,22,2.143404
latency,thurbox,idle,5,False,0.28,0.23,echo_ms,23,3.316087
latency,thurbox,idle,5,False,0.28,0.23,echo_ms,24,3.345038
latency,thurbox,idle,5,False,0.28,0.23,echo_ms,25,1.410347
latency,thurbox,idle,5,False,0.28,0.23,echo_ms,26,3.722468
latency,thurbox,idle,5,False,0.28,0.23,echo_ms,27,3.426015
latency,thurbox,idle,5,False,0.28,0.23,echo_ms,28,3.34544
latency,thurbox,idle,5,False,0.28,0.23,echo_ms,29,3.374896
latency,thurbox,idle,5,False,0.28,0.23,echo_ms,30,3.371496
latency,thurbox,idle,5,False,0.28,0.23,echo_ms,31,3.363203
latency,thurbox,idle,5,False,0.28,0.23,echo_ms,32,3.418687
latency,thurbox,idle,5,False,0.28,0.23,echo_ms,33,3.095375
latency,thurbox,idle,5,False,0.28,0.23,echo_ms,34,3.319568
latency,thurbox,idle,5,False,0.28,0.23,echo_ms,35,6.662302
latency,thurbox,idle,5,False,0.28,0.23,echo_ms,36,3.367502
latency,thurbox,idle,5,False,0.28,0.23,echo_ms,37,4.659668
latency,thurbox,idle,5,False,0.28,0.23,echo_ms,38,3.20658
latency,thurbox,idle,5,False,0.28,0.23,echo_ms,39,3.625235
latency,thurbox,idle,5,False,0.28,0.23,echo_ms,40,3.348708
latency,thurbox,idle,5,False,0.28,0.23,echo_ms,41,3.385243
latency,thurbox,idle,5,False,0.28,0.23,echo_ms,42,3.736264
latency,thurbox,idle,5,False,0.28,0.23,echo_ms,43,3.41532
latency,thurbox,idle,5,False,0.28,0.23,echo_ms,44,1.956017
latency,thurbox,idle,5,False,0.28,0.23,echo_ms,45,3.397574
latency,thurbox,idle,5,False,0.28,0.23,echo_ms,46,3.460952
latency,thurbox,idle,5,False,0.28,0.23,echo_ms,47,3.314125
latency,thurbox,idle,5,False,0.28,0.23,echo_ms,48,3.330564
latency,thurbox,idle,5,False,0.28,0.23,echo_ms,49,3.35686
latency,thurbox,idle,5,False,0.28,0.23,echo_ms,50,3.371899
latency,thurbox,idle,5,False,0.28,0.23,echo_ms,51,3.393401
latency,thurbox,idle,5,False,0.28,0.23,echo_ms,52,4.286908
latency,thurbox,idle,5,False,0.28,0.23,echo_ms,53,3.385624
latency,thurbox,idle,5,False,0.28,0.23,echo_ms,54,3.429756
latency,thurbox,idle,5,False,0.28,0.23,echo_ms,55,1.782244
latency,thurbox,idle,5,False,0.28,0.23,echo_ms,56,3.309879
latency,thurbox,idle,5,False,0.28,0.23,echo_ms,57,3.411511
latency,thurbox,idle,5,False,0.28,0.23,echo_ms,58,3.758873
latency,thurbox,idle,5,False,0.28,0.23,echo_ms,59,3.190322
latency,thurbox,idle,5,False,0.28,0.23,echo_ms,60,3.327084
latency,thurbox,idle,5,False,0.28,0.23,echo_ms,61,3.360014
latency,thurbox,idle,5,False,0.28,0.23,echo_ms,62,3.344215
latency,thurbox,idle,5,False,0.28,0.23,echo_ms,63,3.136569
latency,thurbox,idle,5,False,0.28,0.23,echo_ms,64,3.286252
latency,thurbox,idle,5,False,0.28,0.23,echo_ms,65,2.670601
latency,thurbox,idle,5,False,0.28,0.23,echo_ms,66,3.352848
latency,thurbox,idle,5,False,0.28,0.23,echo_ms,67,3.317612
latency,thurbox,idle,5,False,0.28,0.23,echo_ms,68,3.401097
latency,thurbox,idle,5,False,0.28,0.23,echo_ms,69,3.361314
latency,thurbox,idle,5,False,0.28,0.23,echo_ms,70,3.217785
latency,thurbox,idle,5,False,0.28,0.23,echo_ms,71,3.367579
latency,thurbox,idle,5,False,0.28,0.23,echo_ms,72,5.383484
latency,thurbox,idle,5,False,0.28,0.23,echo_ms,73,3.371504
latency,thurbox,idle,5,False,0.28,0.23,echo_ms,74,3.314641
latency,thurbox,idle,5,False,0.28,0.23,echo_ms,75,1.941777
latency,thurbox,idle,5,False,0.28,0.23,echo_ms,76,3.356242
latency,thurbox,idle,5,False,0.28,0.23,echo_ms,77,3.381226
latency,thurbox,idle,5,False,0.28,0.23,echo_ms,78,3.375954
latency,thurbox,idle,5,False,0.28,0.23,echo_ms,79,3.337144
latency,thurbox,idle,5,False,0.28,0.23,echo_ms,80,5.425019
latency,thurbox,idle,5,False,0.28,0.23,echo_ms,81,3.697628
latency,thurbox,idle,5,False,0.28,0.23,echo_ms,82,3.353259
latency,thurbox,idle,5,False,0.28,0.23,echo_ms,83,3.378379
latency,thurbox,idle,5,False,0.28,0.23,echo_ms,84,3.341468
latency,thurbox,idle,5,False,0.28,0.23,echo_ms,85,2.491605
latency,thurbox,idle,5,False,0.28,0.23,echo_ms,86,3.358239
latency,thurbox,idle,5,False,0.28,0.23,echo_ms,87,3.417512
latency,thurbox,idle,5,False,0.28,0.23,echo_ms,88,3.361334
latency,thurbox,idle,5,False,0.28,0.23,echo_ms,89,3.519872
latency,thurbox,idle,5,False,0.28,0.23,echo_ms,90,3.388589
latency,thurbox,idle,5,False,0.28,0.23,echo_ms,91,3.363452
latency,thurbox,idle,5,False,0.28,0.23,echo_ms,92,3.308494
latency,thurbox,idle,5,False,0.28,0.23,echo_ms,93,3.261826
latency,thurbox,idle,5,False,0.28,0.23,echo_ms,94,3.382754
latency,thurbox,idle,5,False,0.28,0.23,echo_ms,95,3.398875
latency,thurbox,idle,5,False,0.28,0.23,echo_ms,96,3.171577
latency,thurbox,idle,5,False,0.28,0.23,echo_ms,97,3.232329
latency,thurbox,idle,5,False,0.28,0.23,echo_ms,98,3.724085
latency,thurbox,idle,5,False,0.28,0.23,echo_ms,99,2.1332
latency,thurbox,idle,5,False,0.28,0.23,timeouts,,0
latency,tmux,other-busy,0,True,0.23,0.35,echo_ms,0,0.791521
latency,tmux,other-busy,0,True,0.23,0.35,echo_ms,1,0.831409
latency,tmux,other-busy,0,True,0.23,0.35,echo_ms,2,0.709875
latency,tmux,other-busy,0,True,0.23,0.35,echo_ms,3,0.866883
latency,tmux,other-busy,0,True,0.23,0.35,echo_ms,4,0.987257
latency,tmux,other-busy,0,True,0.23,0.35,echo_ms,5,0.725401
latency,tmux,other-busy,0,True,0.23,0.35,echo_ms,6,0.773578
latency,tmux,other-busy,0,True,0.23,0.35,echo_ms,7,0.772286
latency,tmux,other-busy,0,True,0.23,0.35,echo_ms,8,0.962486
latency,tmux,other-busy,0,True,0.23,0.35,echo_ms,9,0.805083
latency,tmux,other-busy,0,True,0.23,0.35,echo_ms,10,0.603196
latency,tmux,other-busy,0,True,0.23,0.35,echo_ms,11,0.865025
latency,tmux,other-busy,0,True,0.23,0.35,echo_ms,12,0.892915
latency,tmux,other-busy,0,True,0.23,0.35,echo_ms,13,0.665101
latency,tmux,other-busy,0,True,0.23,0.35,echo_ms,14,0.880355
latency,tmux,other-busy,0,True,0.23,0.35,echo_ms,15,0.795959
latency,tmux,other-busy,0,True,0.23,0.35,echo_ms,16,0.896148
latency,tmux,other-busy,0,True,0.23,0.35,echo_ms,17,0.72219
latency,tmux,other-busy,0,True,0.23,0.35,echo_ms,18,0.982496
latency,tmux,other-busy,0,True,0.23,0.35,echo_ms,19,0.904284
latency,tmux,other-busy,0,True,0.23,0.35,echo_ms,20,1.016681
latency,tmux,other-busy,0,True,0.23,0.35,echo_ms,21,0.893788
latency,tmux,other-busy,0,True,0.23,0.35,echo_ms,22,0.796057
latency,tmux,other-busy,0,True,0.23,0.35,echo_ms,23,0.558362
latency,tmux,other-busy,0,True,0.23,0.35,echo_ms,24,0.795736
latency,tmux,other-busy,0,True,0.23,0.35,echo_ms,25,0.832232
latency,tmux,other-busy,0,True,0.23,0.35,echo_ms,26,0.723868
latency,tmux,other-busy,0,True,0.23,0.35,echo_ms,27,0.891977
latency,tmux,other-busy,0,True,0.23,0.35,echo_ms,28,0.786281
latency,tmux,other-busy,0,True,0.23,0.35,echo_ms,29,0.806409
latency,tmux,other-busy,0,True,0.23,0.35,echo_ms,30,0.886015
latency,tmux,other-busy,0,True,0.23,0.35,echo_ms,31,0.747281
latency,tmux,other-busy,0,True,0.23,0.35,echo_ms,32,0.863548
latency,tmux,other-busy,0,True,0.23,0.35,echo_ms,33,0.792975
latency,tmux,other-busy,0,True,0.23,0.35,echo_ms,34,0.709614
latency,tmux,other-busy,0,True,0.23,0.35,echo_ms,35,0.726725
latency,tmux,other-busy,0,True,0.23,0.35,echo_ms,36,0.70825
latency,tmux,other-busy,0,True,0.23,0.35,echo_ms,37,0.650651
latency,tmux,other-busy,0,True,0.23,0.35,echo_ms,38,0.73317
latency,tmux,other-busy,0,True,0.23,0.35,echo_ms,39,0.757297
latency,tmux,other-busy,0,True,0.23,0.35,echo_ms,40,0.766611
latency,tmux,other-busy,0,True,0.23,0.35,echo_ms,41,0.823603
latency,tmux,other-busy,0,True,0.23,0.35,echo_ms,42,0.810772
latency,tmux,other-busy,0,True,0.23,0.35,echo_ms,43,0.884664
latency,tmux,other-busy,0,True,0.23,0.35,echo_ms,44,0.735896
latency,tmux,other-busy,0,True,0.23,0.35,echo_ms,45,0.630168
latency,tmux,other-busy,0,True,0.23,0.35,echo_ms,46,0.72434
latency,tmux,other-busy,0,True,0.23,0.35,echo_ms,47,0.95158
latency,tmux,other-busy,0,True,0.23,0.35,echo_ms,48,0.650377
latency,tmux,other-busy,0,True,0.23,0.35,echo_ms,49,0.92135
latency,tmux,other-busy,0,True,0.23,0.35,echo_ms,50,0.883818
latency,tmux,other-busy,0,True,0.23,0.35,echo_ms,51,0.69631
latency,tmux,other-busy,0,True,0.23,0.35,echo_ms,52,0.288232
latency,tmux,other-busy,0,True,0.23,0.35,echo_ms,53,0.727899
latency,tmux,other-busy,0,True,0.23,0.35,echo_ms,54,0.858933
latency,tmux,other-busy,0,True,0.23,0.35,echo_ms,55,0.659971
latency,tmux,other-busy,0,True,0.23,0.35,echo_ms,56,0.611724
latency,tmux,other-busy,0,True,0.23,0.35,echo_ms,57,0.953472
latency,tmux,other-busy,0,True,0.23,0.35,echo_ms,58,0.675911
latency,tmux,other-busy,0,True,0.23,0.35,echo_ms,59,0.79549
latency,tmux,other-busy,0,True,0.23,0.35,echo_ms,60,0.847718
latency,tmux,other-busy,0,True,0.23,0.35,echo_ms,61,1.023017
latency,tmux,other-busy,0,True,0.23,0.35,echo_ms,62,0.547636
latency,tmux,other-busy,0,True,0.23,0.35,echo_ms,63,0.911855
latency,tmux,other-busy,0,True,0.23,0.35,echo_ms,64,0.822725
latency,tmux,other-busy,0,True,0.23,0.35,echo_ms,65,0.811064
latency,tmux,other-busy,0,True,0.23,0.35,echo_ms,66,0.750134
latency,tmux,other-busy,0,True,0.23,0.35,echo_ms,67,0.851255
latency,tmux,other-busy,0,True,0.23,0.35,echo_ms,68,0.565915
latency,tmux,other-busy,0,True,0.23,0.35,echo_ms,69,0.949235
latency,tmux,other-busy,0,True,0.23,0.35,echo_ms,70,1.077736
latency,tmux,other-busy,0,True,0.23,0.35,echo_ms,71,0.740255
latency,tmux,other-busy,0,True,0.23,0.35,echo_ms,72,0.640211
latency,tmux,other-busy,0,True,0.23,0.35,echo_ms,73,0.837088
latency,tmux,other-busy,0,True,0.23,0.35,echo_ms,74,0.67204
latency,tmux,other-busy,0,True,0.23,0.35,echo_ms,75,0.797632
latency,tmux,other-busy,0,True,0.23,0.35,echo_ms,76,0.851608
latency,tmux,other-busy,0,True,0.23,0.35,echo_ms,77,1.05406
latency,tmux,other-busy,0,True,0.23,0.35,echo_ms,78,0.939564
latency,tmux,other-busy,0,True,0.23,0.35,echo_ms,79,0.627323
latency,tmux,other-busy,0,True,0.23,0.35,echo_ms,80,0.766938
latency,tmux,other-busy,0,True,0.23,0.35,echo_ms,81,0.823305
latency,tmux,other-busy,0,True,0.23,0.35,echo_ms,82,0.552964
latency,tmux,other-busy,0,True,0.23,0.35,echo_ms,83,0.604836
latency,tmux,other-busy,0,True,0.23,0.35,echo_ms,84,1.064696
latency,tmux,other-busy,0,True,0.23,0.35,echo_ms,85,0.568845
latency,tmux,other-busy,0,True,0.23,0.35,echo_ms,86,0.636526
latency,tmux,other-busy,0,True,0.23,0.35,echo_ms,87,0.798603
latency,tmux,other-busy,0,True,0.23,0.35,echo_ms,88,0.646514
latency,tmux,other-busy,0,True,0.23,0.35,echo_ms,89,0.609856
latency,tmux,other-busy,0,True,0.23,0.35,echo_ms,90,0.800807
latency,tmux,other-busy,0,True,0.23,0.35,echo_ms,91,0.677562
latency,tmux,other-busy,0,True,0.23,0.35,echo_ms,92,0.889775
latency,tmux,other-busy,0,True,0.23,0.35,echo_ms,93,0.735037
latency,tmux,other-busy,0,True,0.23,0.35,echo_ms,94,0.7561
latency,tmux,other-busy,0,True,0.23,0.35,echo_ms,95,0.608429
latency,tmux,other-busy,0,True,0.23,0.35,echo_ms,96,0.788412
latency,tmux,other-busy,0,True,0.23,0.35,echo_ms,97,0.859542
latency,tmux,other-busy,0,True,0.23,0.35,echo_ms,98,0.625306
latency,tmux,other-busy,0,True,0.23,0.35,echo_ms,99,0.682761
latency,tmux,other-busy,0,True,0.23,0.35,timeouts,,0
latency,herdr,other-busy,0,True,0.35,0.45,echo_ms,0,0.441635
latency,herdr,other-busy,0,True,0.35,0.45,echo_ms,1,1.598404
latency,herdr,other-busy,0,True,0.35,0.45,echo_ms,2,0.46011
latency,herdr,other-busy,0,True,0.35,0.45,echo_ms,3,0.538536
latency,herdr,other-busy,0,True,0.35,0.45,echo_ms,4,0.423492
latency,herdr,other-busy,0,True,0.35,0.45,echo_ms,5,0.614677
latency,herdr,other-busy,0,True,0.35,0.45,echo_ms,6,0.452287
latency,herdr,other-busy,0,True,0.35,0.45,echo_ms,7,0.473617
latency,herdr,other-busy,0,True,0.35,0.45,echo_ms,8,0.486776
latency,herdr,other-busy,0,True,0.35,0.45,echo_ms,9,0.502028
latency,herdr,other-busy,0,True,0.35,0.45,echo_ms,10,0.661575
latency,herdr,other-busy,0,True,0.35,0.45,echo_ms,11,1.34274
latency,herdr,other-busy,0,True,0.35,0.45,echo_ms,12,0.474228
latency,herdr,other-busy,0,True,0.35,0.45,echo_ms,13,0.440819
latency,herdr,other-busy,0,True,0.35,0.45,echo_ms,14,0.474874
latency,herdr,other-busy,0,True,0.35,0.45,echo_ms,15,0.441804
latency,herdr,other-busy,0,True,0.35,0.45,echo_ms,16,0.517223
latency,herdr,other-busy,0,True,0.35,0.45,echo_ms,17,0.530859
latency,herdr,other-busy,0,True,0.35,0.45,echo_ms,18,0.437251
latency,herdr,other-busy,0,True,0.35,0.45,echo_ms,19,0.519347
latency,herdr,other-busy,0,True,0.35,0.45,echo_ms,20,0.490336
latency,herdr,other-busy,0,True,0.35,0.45,echo_ms,21,0.601658
latency,herdr,other-busy,0,True,0.35,0.45,echo_ms,22,0.447296
latency,herdr,other-busy,0,True,0.35,0.45,echo_ms,23,0.460103
latency,herdr,other-busy,0,True,0.35,0.45,echo_ms,24,0.482414
latency,herdr,other-busy,0,True,0.35,0.45,echo_ms,25,0.490612
latency,herdr,other-busy,0,True,0.35,0.45,echo_ms,26,0.50124
latency,herdr,other-busy,0,True,0.35,0.45,echo_ms,27,0.474094
latency,herdr,other-busy,0,True,0.35,0.45,echo_ms,28,0.550823
latency,herdr,other-busy,0,True,0.35,0.45,echo_ms,29,0.493559
latency,herdr,other-busy,0,True,0.35,0.45,echo_ms,30,0.429207
latency,herdr,other-busy,0,True,0.35,0.45,echo_ms,31,0.460332
latency,herdr,other-busy,0,True,0.35,0.45,echo_ms,32,0.468197
latency,herdr,other-busy,0,True,0.35,0.45,echo_ms,33,0.478078
latency,herdr,other-busy,0,True,0.35,0.45,echo_ms,34,0.469253
latency,herdr,other-busy,0,True,0.35,0.45,echo_ms,35,0.485442
latency,herdr,other-busy,0,True,0.35,0.45,echo_ms,36,0.861272
latency,herdr,other-busy,0,True,0.35,0.45,echo_ms,37,0.439238
latency,herdr,other-busy,0,True,0.35,0.45,echo_ms,38,0.445036
latency,herdr,other-busy,0,True,0.35,0.45,echo_ms,39,0.408103
latency,herdr,other-busy,0,True,0.35,0.45,echo_ms,40,0.474265
latency,herdr,other-busy,0,True,0.35,0.45,echo_ms,41,0.449023
latency,herdr,other-busy,0,True,0.35,0.45,echo_ms,42,0.440166
latency,herdr,other-busy,0,True,0.35,0.45,echo_ms,43,0.460312
latency,herdr,other-busy,0,True,0.35,0.45,echo_ms,44,0.496983
latency,herdr,other-busy,0,True,0.35,0.45,echo_ms,45,0.459184
latency,herdr,other-busy,0,True,0.35,0.45,echo_ms,46,0.427711
latency,herdr,other-busy,0,True,0.35,0.45,echo_ms,47,0.430334
latency,herdr,other-busy,0,True,0.35,0.45,echo_ms,48,0.479215
latency,herdr,other-busy,0,True,0.35,0.45,echo_ms,49,0.455064
latency,herdr,other-busy,0,True,0.35,0.45,echo_ms,50,0.458798
latency,herdr,other-busy,0,True,0.35,0.45,echo_ms,51,0.452906
latency,herdr,other-busy,0,True,0.35,0.45,echo_ms,52,0.486921
latency,herdr,other-busy,0,True,0.35,0.45,echo_ms,53,0.545801
latency,herdr,other-busy,0,True,0.35,0.45,echo_ms,54,0.505232
latency,herdr,other-busy,0,True,0.35,0.45,echo_ms,55,0.458268
latency,herdr,other-busy,0,True,0.35,0.45,echo_ms,56,0.430572
latency,herdr,other-busy,0,True,0.35,0.45,echo_ms,57,0.420403
latency,herdr,other-busy,0,True,0.35,0.45,echo_ms,58,0.52368
latency,herdr,other-busy,0,True,0.35,0.45,echo_ms,59,0.493279
latency,herdr,other-busy,0,True,0.35,0.45,echo_ms,60,0.479544
latency,herdr,other-busy,0,True,0.35,0.45,echo_ms,61,0.418319
latency,herdr,other-busy,0,True,0.35,0.45,echo_ms,62,0.422876
latency,herdr,other-busy,0,True,0.35,0.45,echo_ms,63,0.440035
latency,herdr,other-busy,0,True,0.35,0.45,echo_ms,64,0.527853
latency,herdr,other-busy,0,True,0.35,0.45,echo_ms,65,0.40623
latency,herdr,other-busy,0,True,0.35,0.45,echo_ms,66,0.475829
latency,herdr,other-busy,0,True,0.35,0.45,echo_ms,67,0.515375
latency,herdr,other-busy,0,True,0.35,0.45,echo_ms,68,0.472288
latency,herdr,other-busy,0,True,0.35,0.45,echo_ms,69,0.446752
latency,herdr,other-busy,0,True,0.35,0.45,echo_ms,70,0.450376
latency,herdr,other-busy,0,True,0.35,0.45,echo_ms,71,0.446988
latency,herdr,other-busy,0,True,0.35,0.45,echo_ms,72,0.474094
latency,herdr,other-busy,0,True,0.35,0.45,echo_ms,73,0.528461
latency,herdr,other-busy,0,True,0.35,0.45,echo_ms,74,0.438454
latency,herdr,other-busy,0,True,0.35,0.45,echo_ms,75,0.496023
latency,herdr,other-busy,0,True,0.35,0.45,echo_ms,76,0.413504
latency,herdr,other-busy,0,True,0.35,0.45,echo_ms,77,0.547829
latency,herdr,other-busy,0,True,0.35,0.45,echo_ms,78,0.459365
latency,herdr,other-busy,0,True,0.35,0.45,echo_ms,79,0.617694
latency,herdr,other-busy,0,True,0.35,0.45,echo_ms,80,0.443943
latency,herdr,other-busy,0,True,0.35,0.45,echo_ms,81,0.432732
latency,herdr,other-busy,0,True,0.35,0.45,echo_ms,82,0.487183
latency,herdr,other-busy,0,True,0.35,0.45,echo_ms,83,0.452
latency,herdr,other-busy,0,True,0.35,0.45,echo_ms,84,0.47909
latency,herdr,other-busy,0,True,0.35,0.45,echo_ms,85,0.508184
latency,herdr,other-busy,0,True,0.35,0.45,echo_ms,86,0.427061
latency,herdr,other-busy,0,True,0.35,0.45,echo_ms,87,0.49434
latency,herdr,other-busy,0,True,0.35,0.45,echo_ms,88,0.480111
latency,herdr,other-busy,0,True,0.35,0.45,echo_ms,89,0.475346
latency,herdr,other-busy,0,True,0.35,0.45,echo_ms,90,0.443516
latency,herdr,other-busy,0,True,0.35,0.45,echo_ms,91,0.419328
latency,herdr,other-busy,0,True,0.35,0.45,echo_ms,92,0.412047
latency,herdr,other-busy,0,True,0.35,0.45,echo_ms,93,0.46108
latency,herdr,other-busy,0,True,0.35,0.45,echo_ms,94,0.45188
latency,herdr,other-busy,0,True,0.35,0.45,echo_ms,95,0.460223
latency,herdr,other-busy,0,True,0.35,0.45,echo_ms,96,0.620856
latency,herdr,other-busy,0,True,0.35,0.45,echo_ms,97,0.475331
latency,herdr,other-busy,0,True,0.35,0.45,echo_ms,98,0.516071
latency,herdr,other-busy,0,True,0.35,0.45,echo_ms,99,0.421942
latency,herdr,other-busy,0,True,0.35,0.45,timeouts,,0
latency,thurbox,other-busy,0,True,0.45,0.58,echo_ms,0,1.797458
latency,thurbox,other-busy,0,True,0.45,0.58,echo_ms,1,1.767004
latency,thurbox,other-busy,0,True,0.45,0.58,echo_ms,2,1.599826
latency,thurbox,other-busy,0,True,0.45,0.58,echo_ms,3,1.321278
latency,thurbox,other-busy,0,True,0.45,0.58,echo_ms,4,1.42862
latency,thurbox,other-busy,0,True,0.45,0.58,echo_ms,5,1.612034
latency,thurbox,other-busy,0,True,0.45,0.58,echo_ms,6,1.47218
latency,thurbox,other-busy,0,True,0.45,0.58,echo_ms,7,2.366944
latency,thurbox,other-busy,0,True,0.45,0.58,echo_ms,8,1.332048
latency,thurbox,other-busy,0,True,0.45,0.58,echo_ms,9,1.353386
latency,thurbox,other-busy,0,True,0.45,0.58,echo_ms,10,1.041667
latency,thurbox,other-busy,0,True,0.45,0.58,echo_ms,11,2.407392
latency,thurbox,other-busy,0,True,0.45,0.58,echo_ms,12,2.593016
latency,thurbox,other-busy,0,True,0.45,0.58,echo_ms,13,1.730476
latency,thurbox,other-busy,0,True,0.45,0.58,echo_ms,14,1.479828
latency,thurbox,other-busy,0,True,0.45,0.58,echo_ms,15,1.431628
latency,thurbox,other-busy,0,True,0.45,0.58,echo_ms,16,1.702932
latency,thurbox,other-busy,0,True,0.45,0.58,echo_ms,17,1.89851
latency,thurbox,other-busy,0,True,0.45,0.58,echo_ms,18,1.674757
latency,thurbox,other-busy,0,True,0.45,0.58,echo_ms,19,1.374813
latency,thurbox,other-busy,0,True,0.45,0.58,echo_ms,20,1.636204
latency,thurbox,other-busy,0,True,0.45,0.58,echo_ms,21,1.545518
latency,thurbox,other-busy,0,True,0.45,0.58,echo_ms,22,1.848971
latency,thurbox,other-busy,0,True,0.45,0.58,echo_ms,23,1.52409
latency,thurbox,other-busy,0,True,0.45,0.58,echo_ms,24,2.916296
latency,thurbox,other-busy,0,True,0.45,0.58,echo_ms,25,1.479639
latency,thurbox,other-busy,0,True,0.45,0.58,echo_ms,26,1.836381
latency,thurbox,other-busy,0,True,0.45,0.58,echo_ms,27,1.489077
latency,thurbox,other-busy,0,True,0.45,0.58,echo_ms,28,2.147552
latency,thurbox,other-busy,0,True,0.45,0.58,echo_ms,29,2.354243
latency,thurbox,other-busy,0,True,0.45,0.58,echo_ms,30,2.360874
latency,thurbox,other-busy,0,True,0.45,0.58,echo_ms,31,2.192972
latency,thurbox,other-busy,0,True,0.45,0.58,echo_ms,32,1.768847
latency,thurbox,other-busy,0,True,0.45,0.58,echo_ms,33,2.007876
latency,thurbox,other-busy,0,True,0.45,0.58,echo_ms,34,1.481611
latency,thurbox,other-busy,0,True,0.45,0.58,echo_ms,35,1.441655
latency,thurbox,other-busy,0,True,0.45,0.58,echo_ms,36,1.644088
latency,thurbox,other-busy,0,True,0.45,0.58,echo_ms,37,1.511787
latency,thurbox,other-busy,0,True,0.45,0.58,echo_ms,38,1.748358
latency,thurbox,other-busy,0,True,0.45,0.58,echo_ms,39,1.551521
latency,thurbox,other-busy,0,True,0.45,0.58,echo_ms,40,1.401969
latency,thurbox,other-busy,0,True,0.45,0.58,echo_ms,41,1.500227
latency,thurbox,other-busy,0,True,0.45,0.58,echo_ms,42,1.523013
latency,thurbox,other-busy,0,True,0.45,0.58,echo_ms,43,1.729569
latency,thurbox,other-busy,0,True,0.45,0.58,echo_ms,44,1.831036
latency,thurbox,other-busy,0,True,0.45,0.58,echo_ms,45,1.634717
latency,thurbox,other-busy,0,True,0.45,0.58,echo_ms,46,1.331868
latency,thurbox,other-busy,0,True,0.45,0.58,echo_ms,47,1.460103
latency,thurbox,other-busy,0,True,0.45,0.58,echo_ms,48,1.929096
latency,thurbox,other-busy,0,True,0.45,0.58,echo_ms,49,1.548229
latency,thurbox,other-busy,0,True,0.45,0.58,echo_ms,50,2.001472
latency,thurbox,other-busy,0,True,0.45,0.58,echo_ms,51,1.247478
latency,thurbox,other-busy,0,True,0.45,0.58,echo_ms,52,1.38347
latency,thurbox,other-busy,0,True,0.45,0.58,echo_ms,53,1.402247
latency,thurbox,other-busy,0,True,0.45,0.58,echo_ms,54,1.918164
latency,thurbox,other-busy,0,True,0.45,0.58,echo_ms,55,1.526084
latency,thurbox,other-busy,0,True,0.45,0.58,echo_ms,56,2.051888
latency,thurbox,other-busy,0,True,0.45,0.58,echo_ms,57,1.54066
latency,thurbox,other-busy,0,True,0.45,0.58,echo_ms,58,1.315178
latency,thurbox,other-busy,0,True,0.45,0.58,echo_ms,59,1.344147
latency,thurbox,other-busy,0,True,0.45,0.58,echo_ms,60,2.672905
latency,thurbox,other-busy,0,True,0.45,0.58,echo_ms,61,1.47603
latency,thurbox,other-busy,0,True,0.45,0.58,echo_ms,62,1.656277
latency,thurbox,other-busy,0,True,0.45,0.58,echo_ms,63,1.882304
latency,thurbox,other-busy,0,True,0.45,0.58,echo_ms,64,1.647661
latency,thurbox,other-busy,0,True,0.45,0.58,echo_ms,65,1.563772
latency,thurbox,other-busy,0,True,0.45,0.58,echo_ms,66,1.736123
latency,thurbox,other-busy,0,True,0.45,0.58,echo_ms,67,1.359233
latency,thurbox,other-busy,0,True,0.45,0.58,echo_ms,68,1.464056
latency,thurbox,other-busy,0,True,0.45,0.58,echo_ms,69,1.825731
latency,thurbox,other-busy,0,True,0.45,0.58,echo_ms,70,1.262493
latency,thurbox,other-busy,0,True,0.45,0.58,echo_ms,71,1.589739
latency,thurbox,other-busy,0,True,0.45,0.58,echo_ms,72,1.652877
latency,thurbox,other-busy,0,True,0.45,0.58,echo_ms,73,1.818014
latency,thurbox,other-busy,0,True,0.45,0.58,echo_ms,74,1.796816
latency,thurbox,other-busy,0,True,0.45,0.58,echo_ms,75,1.315387
latency,thurbox,other-busy,0,True,0.45,0.58,echo_ms,76,1.438535
latency,thurbox,other-busy,0,True,0.45,0.58,echo_ms,77,1.767018
latency,thurbox,other-busy,0,True,0.45,0.58,echo_ms,78,1.42618
latency,thurbox,other-busy,0,True,0.45,0.58,echo_ms,79,2.331595
latency,thurbox,other-busy,0,True,0.45,0.58,echo_ms,80,1.761809
latency,thurbox,other-busy,0,True,0.45,0.58,echo_ms,81,1.28364
latency,thurbox,other-busy,0,True,0.45,0.58,echo_ms,82,1.76613
latency,thurbox,other-busy,0,True,0.45,0.58,echo_ms,83,1.723398
latency,thurbox,other-busy,0,True,0.45,0.58,echo_ms,84,1.731573
latency,thurbox,other-busy,0,True,0.45,0.58,echo_ms,85,2.502846
latency,thurbox,other-busy,0,True,0.45,0.58,echo_ms,86,2.34812
latency,thurbox,other-busy,0,True,0.45,0.58,echo_ms,87,1.613587
latency,thurbox,other-busy,0,True,0.45,0.58,echo_ms,88,1.628741
latency,thurbox,other-busy,0,True,0.45,0.58,echo_ms,89,1.769586
latency,thurbox,other-busy,0,True,0.45,0.58,echo_ms,90,1.497467
latency,thurbox,other-busy,0,True,0.45,0.58,echo_ms,91,1.898862
latency,thurbox,other-busy,0,True,0.45,0.58,echo_ms,92,1.234341
latency,thurbox,other-busy,0,True,0.45,0.58,echo_ms,93,1.519951
latency,thurbox,other-busy,0,True,0.45,0.58,echo_ms,94,1.43706
latency,thurbox,other-busy,0,True,0.45,0.58,echo_ms,95,1.55351
latency,thurbox,other-busy,0,True,0.45,0.58,echo_ms,96,1.623264
latency,thurbox,other-busy,0,True,0.45,0.58,echo_ms,97,1.732363
latency,thurbox,other-busy,0,True,0.45,0.58,echo_ms,98,1.609616
latency,thurbox,other-busy,0,True,0.45,0.58,echo_ms,99,1.701125
latency,thurbox,other-busy,0,True,0.45,0.58,timeouts,,0
latency,tmux,other-busy,1,False,0.85,0.87,echo_ms,0,0.600714
latency,tmux,other-busy,1,False,0.85,0.87,echo_ms,1,0.740214
latency,tmux,other-busy,1,False,0.85,0.87,echo_ms,2,0.760396
latency,tmux,other-busy,1,False,0.85,0.87,echo_ms,3,0.866022
latency,tmux,other-busy,1,False,0.85,0.87,echo_ms,4,0.648917
latency,tmux,other-busy,1,False,0.85,0.87,echo_ms,5,0.611825
latency,tmux,other-busy,1,False,0.85,0.87,echo_ms,6,0.722028
latency,tmux,other-busy,1,False,0.85,0.87,echo_ms,7,0.675022
latency,tmux,other-busy,1,False,0.85,0.87,echo_ms,8,0.645867
latency,tmux,other-busy,1,False,0.85,0.87,echo_ms,9,0.603655
latency,tmux,other-busy,1,False,0.85,0.87,echo_ms,10,0.885098
latency,tmux,other-busy,1,False,0.85,0.87,echo_ms,11,0.947881
latency,tmux,other-busy,1,False,0.85,0.87,echo_ms,12,0.90778
latency,tmux,other-busy,1,False,0.85,0.87,echo_ms,13,0.909812
latency,tmux,other-busy,1,False,0.85,0.87,echo_ms,14,0.777432
latency,tmux,other-busy,1,False,0.85,0.87,echo_ms,15,1.035385
latency,tmux,other-busy,1,False,0.85,0.87,echo_ms,16,0.644645
latency,tmux,other-busy,1,False,0.85,0.87,echo_ms,17,0.69441
latency,tmux,other-busy,1,False,0.85,0.87,echo_ms,18,0.771603
latency,tmux,other-busy,1,False,0.85,0.87,echo_ms,19,0.608779
latency,tmux,other-busy,1,False,0.85,0.87,echo_ms,20,0.847851
latency,tmux,other-busy,1,False,0.85,0.87,echo_ms,21,0.765646
latency,tmux,other-busy,1,False,0.85,0.87,echo_ms,22,0.467534
latency,tmux,other-busy,1,False,0.85,0.87,echo_ms,23,0.817595
latency,tmux,other-busy,1,False,0.85,0.87,echo_ms,24,0.882705
latency,tmux,other-busy,1,False,0.85,0.87,echo_ms,25,1.055445
latency,tmux,other-busy,1,False,0.85,0.87,echo_ms,26,0.866031
latency,tmux,other-busy,1,False,0.85,0.87,echo_ms,27,0.957056
latency,tmux,other-busy,1,False,0.85,0.87,echo_ms,28,0.597989
latency,tmux,other-busy,1,False,0.85,0.87,echo_ms,29,0.633445
latency,tmux,other-busy,1,False,0.85,0.87,echo_ms,30,0.945033
latency,tmux,other-busy,1,False,0.85,0.87,echo_ms,31,0.790221
latency,tmux,other-busy,1,False,0.85,0.87,echo_ms,32,0.86823
latency,tmux,other-busy,1,False,0.85,0.87,echo_ms,33,0.924295
latency,tmux,other-busy,1,False,0.85,0.87,echo_ms,34,0.82769
latency,tmux,other-busy,1,False,0.85,0.87,echo_ms,35,0.917685
latency,tmux,other-busy,1,False,0.85,0.87,echo_ms,36,0.590731
latency,tmux,other-busy,1,False,0.85,0.87,echo_ms,37,0.57299
latency,tmux,other-busy,1,False,0.85,0.87,echo_ms,38,0.876239
latency,tmux,other-busy,1,False,0.85,0.87,echo_ms,39,0.639233
latency,tmux,other-busy,1,False,0.85,0.87,echo_ms,40,0.706791
latency,tmux,other-busy,1,False,0.85,0.87,echo_ms,41,0.844771
latency,tmux,other-busy,1,False,0.85,0.87,echo_ms,42,0.583279
latency,tmux,other-busy,1,False,0.85,0.87,echo_ms,43,0.229902
latency,tmux,other-busy,1,False,0.85,0.87,echo_ms,44,0.668292
latency,tmux,other-busy,1,False,0.85,0.87,echo_ms,45,0.653943
latency,tmux,other-busy,1,False,0.85,0.87,echo_ms,46,0.928205
latency,tmux,other-busy,1,False,0.85,0.87,echo_ms,47,0.567251
latency,tmux,other-busy,1,False,0.85,0.87,echo_ms,48,0.692107
latency,tmux,other-busy,1,False,0.85,0.87,echo_ms,49,0.98998
latency,tmux,other-busy,1,False,0.85,0.87,echo_ms,50,0.839946
latency,tmux,other-busy,1,False,0.85,0.87,echo_ms,51,0.789579
latency,tmux,other-busy,1,False,0.85,0.87,echo_ms,52,0.892643
latency,tmux,other-busy,1,False,0.85,0.87,echo_ms,53,0.841029
latency,tmux,other-busy,1,False,0.85,0.87,echo_ms,54,0.899427
latency,tmux,other-busy,1,False,0.85,0.87,echo_ms,55,0.581413
latency,tmux,other-busy,1,False,0.85,0.87,echo_ms,56,0.762815
latency,tmux,other-busy,1,False,0.85,0.87,echo_ms,57,0.824215
latency,tmux,other-busy,1,False,0.85,0.87,echo_ms,58,0.846324
latency,tmux,other-busy,1,False,0.85,0.87,echo_ms,59,0.92663
latency,tmux,other-busy,1,False,0.85,0.87,echo_ms,60,0.744051
latency,tmux,other-busy,1,False,0.85,0.87,echo_ms,61,0.74236
latency,tmux,other-busy,1,False,0.85,0.87,echo_ms,62,0.779996
latency,tmux,other-busy,1,False,0.85,0.87,echo_ms,63,0.976143
latency,tmux,other-busy,1,False,0.85,0.87,echo_ms,64,0.926261
latency,tmux,other-busy,1,False,0.85,0.87,echo_ms,65,0.761425
latency,tmux,other-busy,1,False,0.85,0.87,echo_ms,66,0.587808
latency,tmux,other-busy,1,False,0.85,0.87,echo_ms,67,0.924677
latency,tmux,other-busy,1,False,0.85,0.87,echo_ms,68,0.717111
latency,tmux,other-busy,1,False,0.85,0.87,echo_ms,69,1.051941
latency,tmux,other-busy,1,False,0.85,0.87,echo_ms,70,0.658843
latency,tmux,other-busy,1,False,0.85,0.87,echo_ms,71,0.59638
latency,tmux,other-busy,1,False,0.85,0.87,echo_ms,72,0.731682
latency,tmux,other-busy,1,False,0.85,0.87,echo_ms,73,0.842252
latency,tmux,other-busy,1,False,0.85,0.87,echo_ms,74,0.723314
latency,tmux,other-busy,1,False,0.85,0.87,echo_ms,75,0.896336
latency,tmux,other-busy,1,False,0.85,0.87,echo_ms,76,1.027038
latency,tmux,other-busy,1,False,0.85,0.87,echo_ms,77,0.716357
latency,tmux,other-busy,1,False,0.85,0.87,echo_ms,78,0.673138
latency,tmux,other-busy,1,False,0.85,0.87,echo_ms,79,0.693612
latency,tmux,other-busy,1,False,0.85,0.87,echo_ms,80,0.637937
latency,tmux,other-busy,1,False,0.85,0.87,echo_ms,81,0.753535
latency,tmux,other-busy,1,False,0.85,0.87,echo_ms,82,0.645599
latency,tmux,other-busy,1,False,0.85,0.87,echo_ms,83,0.758471
latency,tmux,other-busy,1,False,0.85,0.87,echo_ms,84,0.763139
latency,tmux,other-busy,1,False,0.85,0.87,echo_ms,85,1.019956
latency,tmux,other-busy,1,False,0.85,0.87,echo_ms,86,0.826135
latency,tmux,other-busy,1,False,0.85,0.87,echo_ms,87,0.85213
latency,tmux,other-busy,1,False,0.85,0.87,echo_ms,88,0.79001
latency,tmux,other-busy,1,False,0.85,0.87,echo_ms,89,0.570701
latency,tmux,other-busy,1,False,0.85,0.87,echo_ms,90,0.809798
latency,tmux,other-busy,1,False,0.85,0.87,echo_ms,91,0.745964
latency,tmux,other-busy,1,False,0.85,0.87,echo_ms,92,0.827449
latency,tmux,other-busy,1,False,0.85,0.87,echo_ms,93,0.66014
latency,tmux,other-busy,1,False,0.85,0.87,echo_ms,94,0.92924
latency,tmux,other-busy,1,False,0.85,0.87,echo_ms,95,0.709146
latency,tmux,other-busy,1,False,0.85,0.87,echo_ms,96,0.755672
latency,tmux,other-busy,1,False,0.85,0.87,echo_ms,97,0.684862
latency,tmux,other-busy,1,False,0.85,0.87,echo_ms,98,0.886775
latency,tmux,other-busy,1,False,0.85,0.87,echo_ms,99,0.777411
latency,tmux,other-busy,1,False,0.85,0.87,timeouts,,0
latency,herdr,other-busy,1,False,0.87,0.96,echo_ms,0,0.473936
latency,herdr,other-busy,1,False,0.87,0.96,echo_ms,1,0.508783
latency,herdr,other-busy,1,False,0.87,0.96,echo_ms,2,0.435126
latency,herdr,other-busy,1,False,0.87,0.96,echo_ms,3,0.46968
latency,herdr,other-busy,1,False,0.87,0.96,echo_ms,4,0.453153
latency,herdr,other-busy,1,False,0.87,0.96,echo_ms,5,0.603941
latency,herdr,other-busy,1,False,0.87,0.96,echo_ms,6,0.454556
latency,herdr,other-busy,1,False,0.87,0.96,echo_ms,7,0.422296
latency,herdr,other-busy,1,False,0.87,0.96,echo_ms,8,0.539755
latency,herdr,other-busy,1,False,0.87,0.96,echo_ms,9,0.496353
latency,herdr,other-busy,1,False,0.87,0.96,echo_ms,10,0.426141
latency,herdr,other-busy,1,False,0.87,0.96,echo_ms,11,0.406346
latency,herdr,other-busy,1,False,0.87,0.96,echo_ms,12,0.517673
latency,herdr,other-busy,1,False,0.87,0.96,echo_ms,13,0.390581
latency,herdr,other-busy,1,False,0.87,0.96,echo_ms,14,0.446839
latency,herdr,other-busy,1,False,0.87,0.96,echo_ms,15,0.48537
latency,herdr,other-busy,1,False,0.87,0.96,echo_ms,16,0.434416
latency,herdr,other-busy,1,False,0.87,0.96,echo_ms,17,0.494024
latency,herdr,other-busy,1,False,0.87,0.96,echo_ms,18,0.49428
latency,herdr,other-busy,1,False,0.87,0.96,echo_ms,19,0.468369
latency,herdr,other-busy,1,False,0.87,0.96,echo_ms,20,0.487306
latency,herdr,other-busy,1,False,0.87,0.96,echo_ms,21,0.406566
latency,herdr,other-busy,1,False,0.87,0.96,echo_ms,22,0.476388
latency,herdr,other-busy,1,False,0.87,0.96,echo_ms,23,0.443074
latency,herdr,other-busy,1,False,0.87,0.96,echo_ms,24,0.399094
latency,herdr,other-busy,1,False,0.87,0.96,echo_ms,25,0.440638
latency,herdr,other-busy,1,False,0.87,0.96,echo_ms,26,0.492406
latency,herdr,other-busy,1,False,0.87,0.96,echo_ms,27,0.758033
latency,herdr,other-busy,1,False,0.87,0.96,echo_ms,28,0.438427
latency,herdr,other-busy,1,False,0.87,0.96,echo_ms,29,0.416871
latency,herdr,other-busy,1,False,0.87,0.96,echo_ms,30,1.304754
latency,herdr,other-busy,1,False,0.87,0.96,echo_ms,31,0.439618
latency,herdr,other-busy,1,False,0.87,0.96,echo_ms,32,0.419897
latency,herdr,other-busy,1,False,0.87,0.96,echo_ms,33,0.461572
latency,herdr,other-busy,1,False,0.87,0.96,echo_ms,34,0.476087
latency,herdr,other-busy,1,False,0.87,0.96,echo_ms,35,0.463398
latency,herdr,other-busy,1,False,0.87,0.96,echo_ms,36,0.441352
latency,herdr,other-busy,1,False,0.87,0.96,echo_ms,37,0.554261
latency,herdr,other-busy,1,False,0.87,0.96,echo_ms,38,0.435566
latency,herdr,other-busy,1,False,0.87,0.96,echo_ms,39,0.449913
latency,herdr,other-busy,1,False,0.87,0.96,echo_ms,40,0.427454
latency,herdr,other-busy,1,False,0.87,0.96,echo_ms,41,0.447624
latency,herdr,other-busy,1,False,0.87,0.96,echo_ms,42,0.419701
latency,herdr,other-busy,1,False,0.87,0.96,echo_ms,43,0.433904
latency,herdr,other-busy,1,False,0.87,0.96,echo_ms,44,0.50602
latency,herdr,other-busy,1,False,0.87,0.96,echo_ms,45,0.415524
latency,herdr,other-busy,1,False,0.87,0.96,echo_ms,46,0.420885
latency,herdr,other-busy,1,False,0.87,0.96,echo_ms,47,0.420217
latency,herdr,other-busy,1,False,0.87,0.96,echo_ms,48,0.46689
latency,herdr,other-busy,1,False,0.87,0.96,echo_ms,49,0.438046
latency,herdr,other-busy,1,False,0.87,0.96,echo_ms,50,0.452432
latency,herdr,other-busy,1,False,0.87,0.96,echo_ms,51,0.436751
latency,herdr,other-busy,1,False,0.87,0.96,echo_ms,52,0.414744
latency,herdr,other-busy,1,False,0.87,0.96,echo_ms,53,0.465365
latency,herdr,other-busy,1,False,0.87,0.96,echo_ms,54,0.44697
latency,herdr,other-busy,1,False,0.87,0.96,echo_ms,55,0.504897
latency,herdr,other-busy,1,False,0.87,0.96,echo_ms,56,0.434958
latency,herdr,other-busy,1,False,0.87,0.96,echo_ms,57,0.446525
latency,herdr,other-busy,1,False,0.87,0.96,echo_ms,58,0.488053
latency,herdr,other-busy,1,False,0.87,0.96,echo_ms,59,0.453485
latency,herdr,other-busy,1,False,0.87,0.96,echo_ms,60,0.435197
latency,herdr,other-busy,1,False,0.87,0.96,echo_ms,61,0.445318
latency,herdr,other-busy,1,False,0.87,0.96,echo_ms,62,0.426369
latency,herdr,other-busy,1,False,0.87,0.96,echo_ms,63,0.424978
latency,herdr,other-busy,1,False,0.87,0.96,echo_ms,64,0.437199
latency,herdr,other-busy,1,False,0.87,0.96,echo_ms,65,0.459947
latency,herdr,other-busy,1,False,0.87,0.96,echo_ms,66,0.410771
latency,herdr,other-busy,1,False,0.87,0.96,echo_ms,67,0.401363
latency,herdr,other-busy,1,False,0.87,0.96,echo_ms,68,0.473981
latency,herdr,other-busy,1,False,0.87,0.96,echo_ms,69,0.472109
latency,herdr,other-busy,1,False,0.87,0.96,echo_ms,70,0.429006
latency,herdr,other-busy,1,False,0.87,0.96,echo_ms,71,0.482004
latency,herdr,other-busy,1,False,0.87,0.96,echo_ms,72,0.506818
latency,herdr,other-busy,1,False,0.87,0.96,echo_ms,73,0.493297
latency,herdr,other-busy,1,False,0.87,0.96,echo_ms,74,0.408104
latency,herdr,other-busy,1,False,0.87,0.96,echo_ms,75,0.518475
latency,herdr,other-busy,1,False,0.87,0.96,echo_ms,76,0.518557
latency,herdr,other-busy,1,False,0.87,0.96,echo_ms,77,0.433167
latency,herdr,other-busy,1,False,0.87,0.96,echo_ms,78,1.009069
latency,herdr,other-busy,1,False,0.87,0.96,echo_ms,79,0.505833
latency,herdr,other-busy,1,False,0.87,0.96,echo_ms,80,0.39189
latency,herdr,other-busy,1,False,0.87,0.96,echo_ms,81,0.415731
latency,herdr,other-busy,1,False,0.87,0.96,echo_ms,82,0.425161
latency,herdr,other-busy,1,False,0.87,0.96,echo_ms,83,0.539712
latency,herdr,other-busy,1,False,0.87,0.96,echo_ms,84,0.489973
latency,herdr,other-busy,1,False,0.87,0.96,echo_ms,85,0.41676
latency,herdr,other-busy,1,False,0.87,0.96,echo_ms,86,0.46931
latency,herdr,other-busy,1,False,0.87,0.96,echo_ms,87,0.419872
latency,herdr,other-busy,1,False,0.87,0.96,echo_ms,88,0.511879
latency,herdr,other-busy,1,False,0.87,0.96,echo_ms,89,0.486542
latency,herdr,other-busy,1,False,0.87,0.96,echo_ms,90,1.049751
latency,herdr,other-busy,1,False,0.87,0.96,echo_ms,91,0.440165
latency,herdr,other-busy,1,False,0.87,0.96,echo_ms,92,0.423589
latency,herdr,other-busy,1,False,0.87,0.96,echo_ms,93,0.551417
latency,herdr,other-busy,1,False,0.87,0.96,echo_ms,94,0.455645
latency,herdr,other-busy,1,False,0.87,0.96,echo_ms,95,0.416915
latency,herdr,other-busy,1,False,0.87,0.96,echo_ms,96,0.424029
latency,herdr,other-busy,1,False,0.87,0.96,echo_ms,97,0.461323
latency,herdr,other-busy,1,False,0.87,0.96,echo_ms,98,0.491982
latency,herdr,other-busy,1,False,0.87,0.96,echo_ms,99,0.437932
latency,herdr,other-busy,1,False,0.87,0.96,timeouts,,0
latency,thurbox,other-busy,1,False,0.96,1.05,echo_ms,0,1.41196
latency,thurbox,other-busy,1,False,0.96,1.05,echo_ms,1,1.560872
latency,thurbox,other-busy,1,False,0.96,1.05,echo_ms,2,1.734965
latency,thurbox,other-busy,1,False,0.96,1.05,echo_ms,3,1.588674
latency,thurbox,other-busy,1,False,0.96,1.05,echo_ms,4,2.426052
latency,thurbox,other-busy,1,False,0.96,1.05,echo_ms,5,1.260062
latency,thurbox,other-busy,1,False,0.96,1.05,echo_ms,6,2.243763
latency,thurbox,other-busy,1,False,0.96,1.05,echo_ms,7,1.509563
latency,thurbox,other-busy,1,False,0.96,1.05,echo_ms,8,1.452714
latency,thurbox,other-busy,1,False,0.96,1.05,echo_ms,9,1.640697
latency,thurbox,other-busy,1,False,0.96,1.05,echo_ms,10,1.560933
latency,thurbox,other-busy,1,False,0.96,1.05,echo_ms,11,1.390371
latency,thurbox,other-busy,1,False,0.96,1.05,echo_ms,12,1.715179
latency,thurbox,other-busy,1,False,0.96,1.05,echo_ms,13,1.585258
latency,thurbox,other-busy,1,False,0.96,1.05,echo_ms,14,1.878447
latency,thurbox,other-busy,1,False,0.96,1.05,echo_ms,15,1.526442
latency,thurbox,other-busy,1,False,0.96,1.05,echo_ms,16,1.455226
latency,thurbox,other-busy,1,False,0.96,1.05,echo_ms,17,1.816908
latency,thurbox,other-busy,1,False,0.96,1.05,echo_ms,18,1.305668
latency,thurbox,other-busy,1,False,0.96,1.05,echo_ms,19,1.514427
latency,thurbox,other-busy,1,False,0.96,1.05,echo_ms,20,2.18141
latency,thurbox,other-busy,1,False,0.96,1.05,echo_ms,21,1.595412
latency,thurbox,other-busy,1,False,0.96,1.05,echo_ms,22,1.593264
latency,thurbox,other-busy,1,False,0.96,1.05,echo_ms,23,1.30597
latency,thurbox,other-busy,1,False,0.96,1.05,echo_ms,24,1.628119
latency,thurbox,other-busy,1,False,0.96,1.05,echo_ms,25,1.401801
latency,thurbox,other-busy,1,False,0.96,1.05,echo_ms,26,1.53025
latency,thurbox,other-busy,1,False,0.96,1.05,echo_ms,27,1.652826
latency,thurbox,other-busy,1,False,0.96,1.05,echo_ms,28,2.067289
latency,thurbox,other-busy,1,False,0.96,1.05,echo_ms,29,1.636987
latency,thurbox,other-busy,1,False,0.96,1.05,echo_ms,30,1.34389
latency,thurbox,other-busy,1,False,0.96,1.05,echo_ms,31,1.779742
latency,thurbox,other-busy,1,False,0.96,1.05,echo_ms,32,2.408063
latency,thurbox,other-busy,1,False,0.96,1.05,echo_ms,33,1.498328
latency,thurbox,other-busy,1,False,0.96,1.05,echo_ms,34,1.619768
latency,thurbox,other-busy,1,False,0.96,1.05,echo_ms,35,1.79144
latency,thurbox,other-busy,1,False,0.96,1.05,echo_ms,36,1.321865
latency,thurbox,other-busy,1,False,0.96,1.05,echo_ms,37,1.357679
latency,thurbox,other-busy,1,False,0.96,1.05,echo_ms,38,1.646206
latency,thurbox,other-busy,1,False,0.96,1.05,echo_ms,39,1.440585
latency,thurbox,other-busy,1,False,0.96,1.05,echo_ms,40,1.323295
latency,thurbox,other-busy,1,False,0.96,1.05,echo_ms,41,1.72156
latency,thurbox,other-busy,1,False,0.96,1.05,echo_ms,42,1.361623
latency,thurbox,other-busy,1,False,0.96,1.05,echo_ms,43,1.704262
latency,thurbox,other-busy,1,False,0.96,1.05,echo_ms,44,1.991473
latency,thurbox,other-busy,1,False,0.96,1.05,echo_ms,45,1.589293
latency,thurbox,other-busy,1,False,0.96,1.05,echo_ms,46,1.678543
latency,thurbox,other-busy,1,False,0.96,1.05,echo_ms,47,1.554556
latency,thurbox,other-busy,1,False,0.96,1.05,echo_ms,48,1.7662
latency,thurbox,other-busy,1,False,0.96,1.05,echo_ms,49,3.163448
latency,thurbox,other-busy,1,False,0.96,1.05,echo_ms,50,1.423518
latency,thurbox,other-busy,1,False,0.96,1.05,echo_ms,51,1.427811
latency,thurbox,other-busy,1,False,0.96,1.05,echo_ms,52,1.766784
latency,thurbox,other-busy,1,False,0.96,1.05,echo_ms,53,1.554695
latency,thurbox,other-busy,1,False,0.96,1.05,echo_ms,54,2.638254
latency,thurbox,other-busy,1,False,0.96,1.05,echo_ms,55,1.692482
latency,thurbox,other-busy,1,False,0.96,1.05,echo_ms,56,1.520114
latency,thurbox,other-busy,1,False,0.96,1.05,echo_ms,57,7.917539
latency,thurbox,other-busy,1,False,0.96,1.05,echo_ms,58,1.901165
latency,thurbox,other-busy,1,False,0.96,1.05,echo_ms,59,1.942444
latency,thurbox,other-busy,1,False,0.96,1.05,echo_ms,60,1.641043
latency,thurbox,other-busy,1,False,0.96,1.05,echo_ms,61,1.666261
latency,thurbox,other-busy,1,False,0.96,1.05,echo_ms,62,2.009561
latency,thurbox,other-busy,1,False,0.96,1.05,echo_ms,63,1.701995
latency,thurbox,other-busy,1,False,0.96,1.05,echo_ms,64,1.422305
latency,thurbox,other-busy,1,False,0.96,1.05,echo_ms,65,1.75048
latency,thurbox,other-busy,1,False,0.96,1.05,echo_ms,66,1.614088
latency,thurbox,other-busy,1,False,0.96,1.05,echo_ms,67,1.42774
latency,thurbox,other-busy,1,False,0.96,1.05,echo_ms,68,1.239779
latency,thurbox,other-busy,1,False,0.96,1.05,echo_ms,69,1.900802
latency,thurbox,other-busy,1,False,0.96,1.05,echo_ms,70,1.844103
latency,thurbox,other-busy,1,False,0.96,1.05,echo_ms,71,3.350113
latency,thurbox,other-busy,1,False,0.96,1.05,echo_ms,72,2.580112
latency,thurbox,other-busy,1,False,0.96,1.05,echo_ms,73,1.523058
latency,thurbox,other-busy,1,False,0.96,1.05,echo_ms,74,1.392655
latency,thurbox,other-busy,1,False,0.96,1.05,echo_ms,75,1.45655
latency,thurbox,other-busy,1,False,0.96,1.05,echo_ms,76,1.606797
latency,thurbox,other-busy,1,False,0.96,1.05,echo_ms,77,2.00328
latency,thurbox,other-busy,1,False,0.96,1.05,echo_ms,78,1.877949
latency,thurbox,other-busy,1,False,0.96,1.05,echo_ms,79,1.508627
latency,thurbox,other-busy,1,False,0.96,1.05,echo_ms,80,1.699338
latency,thurbox,other-busy,1,False,0.96,1.05,echo_ms,81,1.58451
latency,thurbox,other-busy,1,False,0.96,1.05,echo_ms,82,1.475932
latency,thurbox,other-busy,1,False,0.96,1.05,echo_ms,83,1.211213
latency,thurbox,other-busy,1,False,0.96,1.05,echo_ms,84,1.611934
latency,thurbox,other-busy,1,False,0.96,1.05,echo_ms,85,1.815188
latency,thurbox,other-busy,1,False,0.96,1.05,echo_ms,86,1.910874
latency,thurbox,other-busy,1,False,0.96,1.05,echo_ms,87,1.563762
latency,thurbox,other-busy,1,False,0.96,1.05,echo_ms,88,1.346973
latency,thurbox,other-busy,1,False,0.96,1.05,echo_ms,89,1.509779
latency,thurbox,other-busy,1,False,0.96,1.05,echo_ms,90,1.6197
latency,thurbox,other-busy,1,False,0.96,1.05,echo_ms,91,1.223586
latency,thurbox,other-busy,1,False,0.96,1.05,echo_ms,92,1.567769
latency,thurbox,other-busy,1,False,0.96,1.05,echo_ms,93,1.421602
latency,thurbox,other-busy,1,False,0.96,1.05,echo_ms,94,1.649477
latency,thurbox,other-busy,1,False,0.96,1.05,echo_ms,95,1.406898
latency,thurbox,other-busy,1,False,0.96,1.05,echo_ms,96,1.386254
latency,thurbox,other-busy,1,False,0.96,1.05,echo_ms,97,1.947085
latency,thurbox,other-busy,1,False,0.96,1.05,echo_ms,98,1.745843
latency,thurbox,other-busy,1,False,0.96,1.05,echo_ms,99,1.544874
latency,thurbox,other-busy,1,False,0.96,1.05,timeouts,,0
latency,tmux,other-busy,2,False,1.05,1.04,echo_ms,0,0.644654
latency,tmux,other-busy,2,False,1.05,1.04,echo_ms,1,0.68594
latency,tmux,other-busy,2,False,1.05,1.04,echo_ms,2,0.747752
latency,tmux,other-busy,2,False,1.05,1.04,echo_ms,3,0.870925
latency,tmux,other-busy,2,False,1.05,1.04,echo_ms,4,0.606407
latency,tmux,other-busy,2,False,1.05,1.04,echo_ms,5,0.823124
latency,tmux,other-busy,2,False,1.05,1.04,echo_ms,6,0.80945
latency,tmux,other-busy,2,False,1.05,1.04,echo_ms,7,0.630083
latency,tmux,other-busy,2,False,1.05,1.04,echo_ms,8,0.751216
latency,tmux,other-busy,2,False,1.05,1.04,echo_ms,9,1.013837
latency,tmux,other-busy,2,False,1.05,1.04,echo_ms,10,0.874302
latency,tmux,other-busy,2,False,1.05,1.04,echo_ms,11,0.680088
latency,tmux,other-busy,2,False,1.05,1.04,echo_ms,12,0.712146
latency,tmux,other-busy,2,False,1.05,1.04,echo_ms,13,0.687905
latency,tmux,other-busy,2,False,1.05,1.04,echo_ms,14,0.574994
latency,tmux,other-busy,2,False,1.05,1.04,echo_ms,15,0.943689
latency,tmux,other-busy,2,False,1.05,1.04,echo_ms,16,0.737703
latency,tmux,other-busy,2,False,1.05,1.04,echo_ms,17,0.823638
latency,tmux,other-busy,2,False,1.05,1.04,echo_ms,18,0.911611
latency,tmux,other-busy,2,False,1.05,1.04,echo_ms,19,0.859522
latency,tmux,other-busy,2,False,1.05,1.04,echo_ms,20,0.693348
latency,tmux,other-busy,2,False,1.05,1.04,echo_ms,21,0.971388
latency,tmux,other-busy,2,False,1.05,1.04,echo_ms,22,0.864112
latency,tmux,other-busy,2,False,1.05,1.04,echo_ms,23,0.59343
latency,tmux,other-busy,2,False,1.05,1.04,echo_ms,24,1.083379
latency,tmux,other-busy,2,False,1.05,1.04,echo_ms,25,0.617122
latency,tmux,other-busy,2,False,1.05,1.04,echo_ms,26,0.737756
latency,tmux,other-busy,2,False,1.05,1.04,echo_ms,27,0.848034
latency,tmux,other-busy,2,False,1.05,1.04,echo_ms,28,1.066985
latency,tmux,other-busy,2,False,1.05,1.04,echo_ms,29,0.579667
latency,tmux,other-busy,2,False,1.05,1.04,echo_ms,30,0.688609
latency,tmux,other-busy,2,False,1.05,1.04,echo_ms,31,0.787514
latency,tmux,other-busy,2,False,1.05,1.04,echo_ms,32,0.917157
latency,tmux,other-busy,2,False,1.05,1.04,echo_ms,33,0.778732
latency,tmux,other-busy,2,False,1.05,1.04,echo_ms,34,0.808021
latency,tmux,other-busy,2,False,1.05,1.04,echo_ms,35,0.905345
latency,tmux,other-busy,2,False,1.05,1.04,echo_ms,36,0.823514
latency,tmux,other-busy,2,False,1.05,1.04,echo_ms,37,0.699293
latency,tmux,other-busy,2,False,1.05,1.04,echo_ms,38,0.678282
latency,tmux,other-busy,2,False,1.05,1.04,echo_ms,39,0.684549
latency,tmux,other-busy,2,False,1.05,1.04,echo_ms,40,0.762252
latency,tmux,other-busy,2,False,1.05,1.04,echo_ms,41,0.851591
latency,tmux,other-busy,2,False,1.05,1.04,echo_ms,42,0.845629
latency,tmux,other-busy,2,False,1.05,1.04,echo_ms,43,0.975738
latency,tmux,other-busy,2,False,1.05,1.04,echo_ms,44,0.661147
latency,tmux,other-busy,2,False,1.05,1.04,echo_ms,45,0.845635
latency,tmux,other-busy,2,False,1.05,1.04,echo_ms,46,0.680842
latency,tmux,other-busy,2,False,1.05,1.04,echo_ms,47,0.670587
latency,tmux,other-busy,2,False,1.05,1.04,echo_ms,48,0.737012
latency,tmux,other-busy,2,False,1.05,1.04,echo_ms,49,0.849183
latency,tmux,other-busy,2,False,1.05,1.04,echo_ms,50,0.707148
latency,tmux,other-busy,2,False,1.05,1.04,echo_ms,51,0.78637
latency,tmux,other-busy,2,False,1.05,1.04,echo_ms,52,0.840796
latency,tmux,other-busy,2,False,1.05,1.04,echo_ms,53,0.583671
latency,tmux,other-busy,2,False,1.05,1.04,echo_ms,54,0.740053
latency,tmux,other-busy,2,False,1.05,1.04,echo_ms,55,0.839712
latency,tmux,other-busy,2,False,1.05,1.04,echo_ms,56,0.756543
latency,tmux,other-busy,2,False,1.05,1.04,echo_ms,57,0.736498
latency,tmux,other-busy,2,False,1.05,1.04,echo_ms,58,0.620603
latency,tmux,other-busy,2,False,1.05,1.04,echo_ms,59,0.713424
latency,tmux,other-busy,2,False,1.05,1.04,echo_ms,60,0.633259
latency,tmux,other-busy,2,False,1.05,1.04,echo_ms,61,0.587178
latency,tmux,other-busy,2,False,1.05,1.04,echo_ms,62,0.601755
latency,tmux,other-busy,2,False,1.05,1.04,echo_ms,63,0.56346
latency,tmux,other-busy,2,False,1.05,1.04,echo_ms,64,0.544846
latency,tmux,other-busy,2,False,1.05,1.04,echo_ms,65,0.859364
latency,tmux,other-busy,2,False,1.05,1.04,echo_ms,66,0.722911
latency,tmux,other-busy,2,False,1.05,1.04,echo_ms,67,0.937018
latency,tmux,other-busy,2,False,1.05,1.04,echo_ms,68,0.799615
latency,tmux,other-busy,2,False,1.05,1.04,echo_ms,69,0.6444
latency,tmux,other-busy,2,False,1.05,1.04,echo_ms,70,0.779822
latency,tmux,other-busy,2,False,1.05,1.04,echo_ms,71,0.659756
latency,tmux,other-busy,2,False,1.05,1.04,echo_ms,72,0.781985
latency,tmux,other-busy,2,False,1.05,1.04,echo_ms,73,0.695892
latency,tmux,other-busy,2,False,1.05,1.04,echo_ms,74,1.112735
latency,tmux,other-busy,2,False,1.05,1.04,echo_ms,75,0.838041
latency,tmux,other-busy,2,False,1.05,1.04,echo_ms,76,0.658046
latency,tmux,other-busy,2,False,1.05,1.04,echo_ms,77,0.315914
latency,tmux,other-busy,2,False,1.05,1.04,echo_ms,78,0.679905
latency,tmux,other-busy,2,False,1.05,1.04,echo_ms,79,0.817706
latency,tmux,other-busy,2,False,1.05,1.04,echo_ms,80,0.893888
latency,tmux,other-busy,2,False,1.05,1.04,echo_ms,81,0.826023
latency,tmux,other-busy,2,False,1.05,1.04,echo_ms,82,0.873596
latency,tmux,other-busy,2,False,1.05,1.04,echo_ms,83,0.740598
latency,tmux,other-busy,2,False,1.05,1.04,echo_ms,84,0.969384
latency,tmux,other-busy,2,False,1.05,1.04,echo_ms,85,0.730651
latency,tmux,other-busy,2,False,1.05,1.04,echo_ms,86,0.572013
latency,tmux,other-busy,2,False,1.05,1.04,echo_ms,87,0.562703
latency,tmux,other-busy,2,False,1.05,1.04,echo_ms,88,0.683339
latency,tmux,other-busy,2,False,1.05,1.04,echo_ms,89,0.799739
latency,tmux,other-busy,2,False,1.05,1.04,echo_ms,90,0.578564
latency,tmux,other-busy,2,False,1.05,1.04,echo_ms,91,0.634273
latency,tmux,other-busy,2,False,1.05,1.04,echo_ms,92,0.859322
latency,tmux,other-busy,2,False,1.05,1.04,echo_ms,93,0.603789
latency,tmux,other-busy,2,False,1.05,1.04,echo_ms,94,0.575957
latency,tmux,other-busy,2,False,1.05,1.04,echo_ms,95,0.675458
latency,tmux,other-busy,2,False,1.05,1.04,echo_ms,96,0.671423
latency,tmux,other-busy,2,False,1.05,1.04,echo_ms,97,0.958878
latency,tmux,other-busy,2,False,1.05,1.04,echo_ms,98,0.715818
latency,tmux,other-busy,2,False,1.05,1.04,echo_ms,99,0.619259
latency,tmux,other-busy,2,False,1.05,1.04,timeouts,,0
latency,herdr,other-busy,2,False,1.04,1.04,echo_ms,0,0.437631
latency,herdr,other-busy,2,False,1.04,1.04,echo_ms,1,0.445584
latency,herdr,other-busy,2,False,1.04,1.04,echo_ms,2,0.432088
latency,herdr,other-busy,2,False,1.04,1.04,echo_ms,3,0.438589
latency,herdr,other-busy,2,False,1.04,1.04,echo_ms,4,0.41815
latency,herdr,other-busy,2,False,1.04,1.04,echo_ms,5,0.442626
latency,herdr,other-busy,2,False,1.04,1.04,echo_ms,6,0.408398
latency,herdr,other-busy,2,False,1.04,1.04,echo_ms,7,0.442134
latency,herdr,other-busy,2,False,1.04,1.04,echo_ms,8,0.412595
latency,herdr,other-busy,2,False,1.04,1.04,echo_ms,9,0.467265
latency,herdr,other-busy,2,False,1.04,1.04,echo_ms,10,0.413239
latency,herdr,other-busy,2,False,1.04,1.04,echo_ms,11,0.423422
latency,herdr,other-busy,2,False,1.04,1.04,echo_ms,12,0.45382
latency,herdr,other-busy,2,False,1.04,1.04,echo_ms,13,0.521363
latency,herdr,other-busy,2,False,1.04,1.04,echo_ms,14,0.43524
latency,herdr,other-busy,2,False,1.04,1.04,echo_ms,15,0.462089
latency,herdr,other-busy,2,False,1.04,1.04,echo_ms,16,0.430656
latency,herdr,other-busy,2,False,1.04,1.04,echo_ms,17,0.452176
latency,herdr,other-busy,2,False,1.04,1.04,echo_ms,18,0.516363
latency,herdr,other-busy,2,False,1.04,1.04,echo_ms,19,0.487891
latency,herdr,other-busy,2,False,1.04,1.04,echo_ms,20,0.466812
latency,herdr,other-busy,2,False,1.04,1.04,echo_ms,21,0.486443
latency,herdr,other-busy,2,False,1.04,1.04,echo_ms,22,0.420722
latency,herdr,other-busy,2,False,1.04,1.04,echo_ms,23,0.427647
latency,herdr,other-busy,2,False,1.04,1.04,echo_ms,24,0.481815
latency,herdr,other-busy,2,False,1.04,1.04,echo_ms,25,0.431471
latency,herdr,other-busy,2,False,1.04,1.04,echo_ms,26,0.429997
latency,herdr,other-busy,2,False,1.04,1.04,echo_ms,27,0.465956
latency,herdr,other-busy,2,False,1.04,1.04,echo_ms,28,0.507298
latency,herdr,other-busy,2,False,1.04,1.04,echo_ms,29,0.496766
latency,herdr,other-busy,2,False,1.04,1.04,echo_ms,30,0.476367
latency,herdr,other-busy,2,False,1.04,1.04,echo_ms,31,0.442223
latency,herdr,other-busy,2,False,1.04,1.04,echo_ms,32,0.45858
latency,herdr,other-busy,2,False,1.04,1.04,echo_ms,33,0.551089
latency,herdr,other-busy,2,False,1.04,1.04,echo_ms,34,0.53077
latency,herdr,other-busy,2,False,1.04,1.04,echo_ms,35,0.445291
latency,herdr,other-busy,2,False,1.04,1.04,echo_ms,36,0.477198
latency,herdr,other-busy,2,False,1.04,1.04,echo_ms,37,0.380867
latency,herdr,other-busy,2,False,1.04,1.04,echo_ms,38,0.540373
latency,herdr,other-busy,2,False,1.04,1.04,echo_ms,39,0.4843
latency,herdr,other-busy,2,False,1.04,1.04,echo_ms,40,0.438317
latency,herdr,other-busy,2,False,1.04,1.04,echo_ms,41,0.511321
latency,herdr,other-busy,2,False,1.04,1.04,echo_ms,42,0.552205
latency,herdr,other-busy,2,False,1.04,1.04,echo_ms,43,0.484846
latency,herdr,other-busy,2,False,1.04,1.04,echo_ms,44,0.512001
latency,herdr,other-busy,2,False,1.04,1.04,echo_ms,45,0.919445
latency,herdr,other-busy,2,False,1.04,1.04,echo_ms,46,1.273444
latency,herdr,other-busy,2,False,1.04,1.04,echo_ms,47,0.464253
latency,herdr,other-busy,2,False,1.04,1.04,echo_ms,48,0.476599
latency,herdr,other-busy,2,False,1.04,1.04,echo_ms,49,0.577773
latency,herdr,other-busy,2,False,1.04,1.04,echo_ms,50,0.480942
latency,herdr,other-busy,2,False,1.04,1.04,echo_ms,51,0.483987
latency,herdr,other-busy,2,False,1.04,1.04,echo_ms,52,0.60304
latency,herdr,other-busy,2,False,1.04,1.04,echo_ms,53,0.831375
latency,herdr,other-busy,2,False,1.04,1.04,echo_ms,54,0.421042
latency,herdr,other-busy,2,False,1.04,1.04,echo_ms,55,0.465293
latency,herdr,other-busy,2,False,1.04,1.04,echo_ms,56,0.412057
latency,herdr,other-busy,2,False,1.04,1.04,echo_ms,57,0.419809
latency,herdr,other-busy,2,False,1.04,1.04,echo_ms,58,0.418927
latency,herdr,other-busy,2,False,1.04,1.04,echo_ms,59,0.507439
latency,herdr,other-busy,2,False,1.04,1.04,echo_ms,60,0.46409
latency,herdr,other-busy,2,False,1.04,1.04,echo_ms,61,0.415605
latency,herdr,other-busy,2,False,1.04,1.04,echo_ms,62,0.452662
latency,herdr,other-busy,2,False,1.04,1.04,echo_ms,63,0.452924
latency,herdr,other-busy,2,False,1.04,1.04,echo_ms,64,0.414952
latency,herdr,other-busy,2,False,1.04,1.04,echo_ms,65,0.426108
latency,herdr,other-busy,2,False,1.04,1.04,echo_ms,66,0.468662
latency,herdr,other-busy,2,False,1.04,1.04,echo_ms,67,0.475516
latency,herdr,other-busy,2,False,1.04,1.04,echo_ms,68,0.429581
latency,herdr,other-busy,2,False,1.04,1.04,echo_ms,69,0.423956
latency,herdr,other-busy,2,False,1.04,1.04,echo_ms,70,0.41931
latency,herdr,other-busy,2,False,1.04,1.04,echo_ms,71,0.445052
latency,herdr,other-busy,2,False,1.04,1.04,echo_ms,72,0.450694
latency,herdr,other-busy,2,False,1.04,1.04,echo_ms,73,0.460927
latency,herdr,other-busy,2,False,1.04,1.04,echo_ms,74,0.453318
latency,herdr,other-busy,2,False,1.04,1.04,echo_ms,75,0.422502
latency,herdr,other-busy,2,False,1.04,1.04,echo_ms,76,0.463371
latency,herdr,other-busy,2,False,1.04,1.04,echo_ms,77,0.467397
latency,herdr,other-busy,2,False,1.04,1.04,echo_ms,78,0.444914
latency,herdr,other-busy,2,False,1.04,1.04,echo_ms,79,0.4725
latency,herdr,other-busy,2,False,1.04,1.04,echo_ms,80,0.461016
latency,herdr,other-busy,2,False,1.04,1.04,echo_ms,81,0.450885
latency,herdr,other-busy,2,False,1.04,1.04,echo_ms,82,0.434136
latency,herdr,other-busy,2,False,1.04,1.04,echo_ms,83,0.44094
latency,herdr,other-busy,2,False,1.04,1.04,echo_ms,84,0.389476
latency,herdr,other-busy,2,False,1.04,1.04,echo_ms,85,0.42205
latency,herdr,other-busy,2,False,1.04,1.04,echo_ms,86,0.489687
latency,herdr,other-busy,2,False,1.04,1.04,echo_ms,87,0.468042
latency,herdr,other-busy,2,False,1.04,1.04,echo_ms,88,0.506037
latency,herdr,other-busy,2,False,1.04,1.04,echo_ms,89,0.426078
latency,herdr,other-busy,2,False,1.04,1.04,echo_ms,90,0.425525
latency,herdr,other-busy,2,False,1.04,1.04,echo_ms,91,0.429978
latency,herdr,other-busy,2,False,1.04,1.04,echo_ms,92,0.467392
latency,herdr,other-busy,2,False,1.04,1.04,echo_ms,93,0.426013
latency,herdr,other-busy,2,False,1.04,1.04,echo_ms,94,0.416762
latency,herdr,other-busy,2,False,1.04,1.04,echo_ms,95,0.421096
latency,herdr,other-busy,2,False,1.04,1.04,echo_ms,96,0.405261
latency,herdr,other-busy,2,False,1.04,1.04,echo_ms,97,0.437606
latency,herdr,other-busy,2,False,1.04,1.04,echo_ms,98,0.457643
latency,herdr,other-busy,2,False,1.04,1.04,echo_ms,99,0.622895
latency,herdr,other-busy,2,False,1.04,1.04,timeouts,,0
latency,thurbox,other-busy,2,False,1.04,1.27,echo_ms,0,1.77332
latency,thurbox,other-busy,2,False,1.04,1.27,echo_ms,1,1.444831
latency,thurbox,other-busy,2,False,1.04,1.27,echo_ms,2,1.671163
latency,thurbox,other-busy,2,False,1.04,1.27,echo_ms,3,1.421445
latency,thurbox,other-busy,2,False,1.04,1.27,echo_ms,4,2.042851
latency,thurbox,other-busy,2,False,1.04,1.27,echo_ms,5,3.27786
latency,thurbox,other-busy,2,False,1.04,1.27,echo_ms,6,3.137923
latency,thurbox,other-busy,2,False,1.04,1.27,echo_ms,7,1.625564
latency,thurbox,other-busy,2,False,1.04,1.27,echo_ms,8,1.492147
latency,thurbox,other-busy,2,False,1.04,1.27,echo_ms,9,1.962051
latency,thurbox,other-busy,2,False,1.04,1.27,echo_ms,10,1.909184
latency,thurbox,other-busy,2,False,1.04,1.27,echo_ms,11,1.483301
latency,thurbox,other-busy,2,False,1.04,1.27,echo_ms,12,2.0755
latency,thurbox,other-busy,2,False,1.04,1.27,echo_ms,13,1.43447
latency,thurbox,other-busy,2,False,1.04,1.27,echo_ms,14,1.870392
latency,thurbox,other-busy,2,False,1.04,1.27,echo_ms,15,1.983854
latency,thurbox,other-busy,2,False,1.04,1.27,echo_ms,16,1.642992
latency,thurbox,other-busy,2,False,1.04,1.27,echo_ms,17,1.721001
latency,thurbox,other-busy,2,False,1.04,1.27,echo_ms,18,1.871039
latency,thurbox,other-busy,2,False,1.04,1.27,echo_ms,19,1.255232
latency,thurbox,other-busy,2,False,1.04,1.27,echo_ms,20,1.498341
latency,thurbox,other-busy,2,False,1.04,1.27,echo_ms,21,2.679824
latency,thurbox,other-busy,2,False,1.04,1.27,echo_ms,22,2.010333
latency,thurbox,other-busy,2,False,1.04,1.27,echo_ms,23,2.195129
latency,thurbox,other-busy,2,False,1.04,1.27,echo_ms,24,1.671427
latency,thurbox,other-busy,2,False,1.04,1.27,echo_ms,25,3.337091
latency,thurbox,other-busy,2,False,1.04,1.27,echo_ms,26,1.720385
latency,thurbox,other-busy,2,False,1.04,1.27,echo_ms,27,1.405874
latency,thurbox,other-busy,2,False,1.04,1.27,echo_ms,28,1.496186
latency,thurbox,other-busy,2,False,1.04,1.27,echo_ms,29,1.305768
latency,thurbox,other-busy,2,False,1.04,1.27,echo_ms,30,1.688801
latency,thurbox,other-busy,2,False,1.04,1.27,echo_ms,31,1.339715
latency,thurbox,other-busy,2,False,1.04,1.27,echo_ms,32,1.390362
latency,thurbox,other-busy,2,False,1.04,1.27,echo_ms,33,1.278752
latency,thurbox,other-busy,2,False,1.04,1.27,echo_ms,34,1.572452
latency,thurbox,other-busy,2,False,1.04,1.27,echo_ms,35,1.517579
latency,thurbox,other-busy,2,False,1.04,1.27,echo_ms,36,1.680227
latency,thurbox,other-busy,2,False,1.04,1.27,echo_ms,37,1.435625
latency,thurbox,other-busy,2,False,1.04,1.27,echo_ms,38,2.061998
latency,thurbox,other-busy,2,False,1.04,1.27,echo_ms,39,1.264464
latency,thurbox,other-busy,2,False,1.04,1.27,echo_ms,40,1.779826
latency,thurbox,other-busy,2,False,1.04,1.27,echo_ms,41,1.869842
latency,thurbox,other-busy,2,False,1.04,1.27,echo_ms,42,1.857907
latency,thurbox,other-busy,2,False,1.04,1.27,echo_ms,43,1.477131
latency,thurbox,other-busy,2,False,1.04,1.27,echo_ms,44,2.227372
latency,thurbox,other-busy,2,False,1.04,1.27,echo_ms,45,1.722084
latency,thurbox,other-busy,2,False,1.04,1.27,echo_ms,46,1.631384
latency,thurbox,other-busy,2,False,1.04,1.27,echo_ms,47,1.590366
latency,thurbox,other-busy,2,False,1.04,1.27,echo_ms,48,1.640428
latency,thurbox,other-busy,2,False,1.04,1.27,echo_ms,49,2.033452
latency,thurbox,other-busy,2,False,1.04,1.27,echo_ms,50,1.71933
latency,thurbox,other-busy,2,False,1.04,1.27,echo_ms,51,1.799398
latency,thurbox,other-busy,2,False,1.04,1.27,echo_ms,52,1.910398
latency,thurbox,other-busy,2,False,1.04,1.27,echo_ms,53,1.756407
latency,thurbox,other-busy,2,False,1.04,1.27,echo_ms,54,1.464819
latency,thurbox,other-busy,2,False,1.04,1.27,echo_ms,55,1.56664
latency,thurbox,other-busy,2,False,1.04,1.27,echo_ms,56,1.747051
latency,thurbox,other-busy,2,False,1.04,1.27,echo_ms,57,1.491486
latency,thurbox,other-busy,2,False,1.04,1.27,echo_ms,58,1.646978
latency,thurbox,other-busy,2,False,1.04,1.27,echo_ms,59,2.435265
latency,thurbox,other-busy,2,False,1.04,1.27,echo_ms,60,1.903912
latency,thurbox,other-busy,2,False,1.04,1.27,echo_ms,61,1.340528
latency,thurbox,other-busy,2,False,1.04,1.27,echo_ms,62,1.507964
latency,thurbox,other-busy,2,False,1.04,1.27,echo_ms,63,1.467326
latency,thurbox,other-busy,2,False,1.04,1.27,echo_ms,64,1.723222
latency,thurbox,other-busy,2,False,1.04,1.27,echo_ms,65,1.648476
latency,thurbox,other-busy,2,False,1.04,1.27,echo_ms,66,2.443804
latency,thurbox,other-busy,2,False,1.04,1.27,echo_ms,67,1.399209
latency,thurbox,other-busy,2,False,1.04,1.27,echo_ms,68,1.532079
latency,thurbox,other-busy,2,False,1.04,1.27,echo_ms,69,1.877746
latency,thurbox,other-busy,2,False,1.04,1.27,echo_ms,70,1.609811
latency,thurbox,other-busy,2,False,1.04,1.27,echo_ms,71,1.723356
latency,thurbox,other-busy,2,False,1.04,1.27,echo_ms,72,1.664121
latency,thurbox,other-busy,2,False,1.04,1.27,echo_ms,73,1.49562
latency,thurbox,other-busy,2,False,1.04,1.27,echo_ms,74,2.217683
latency,thurbox,other-busy,2,False,1.04,1.27,echo_ms,75,1.579998
latency,thurbox,other-busy,2,False,1.04,1.27,echo_ms,76,1.551457
latency,thurbox,other-busy,2,False,1.04,1.27,echo_ms,77,1.652555
latency,thurbox,other-busy,2,False,1.04,1.27,echo_ms,78,1.64964
latency,thurbox,other-busy,2,False,1.04,1.27,echo_ms,79,1.641221
latency,thurbox,other-busy,2,False,1.04,1.27,echo_ms,80,1.561007
latency,thurbox,other-busy,2,False,1.04,1.27,echo_ms,81,1.614512
latency,thurbox,other-busy,2,False,1.04,1.27,echo_ms,82,1.655756
latency,thurbox,other-busy,2,False,1.04,1.27,echo_ms,83,1.354844
latency,thurbox,other-busy,2,False,1.04,1.27,echo_ms,84,1.360273
latency,thurbox,other-busy,2,False,1.04,1.27,echo_ms,85,1.560503
latency,thurbox,other-busy,2,False,1.04,1.27,echo_ms,86,1.963443
latency,thurbox,other-busy,2,False,1.04,1.27,echo_ms,87,2.016143
latency,thurbox,other-busy,2,False,1.04,1.27,echo_ms,88,1.629437
latency,thurbox,other-busy,2,False,1.04,1.27,echo_ms,89,1.869222
latency,thurbox,other-busy,2,False,1.04,1.27,echo_ms,90,1.452437
latency,thurbox,other-busy,2,False,1.04,1.27,echo_ms,91,1.620317
latency,thurbox,other-busy,2,False,1.04,1.27,echo_ms,92,1.825725
latency,thurbox,other-busy,2,False,1.04,1.27,echo_ms,93,3.577305
latency,thurbox,other-busy,2,False,1.04,1.27,echo_ms,94,1.613765
latency,thurbox,other-busy,2,False,1.04,1.27,echo_ms,95,1.990399
latency,thurbox,other-busy,2,False,1.04,1.27,echo_ms,96,1.675577
latency,thurbox,other-busy,2,False,1.04,1.27,echo_ms,97,1.528609
latency,thurbox,other-busy,2,False,1.04,1.27,echo_ms,98,1.868824
latency,thurbox,other-busy,2,False,1.04,1.27,echo_ms,99,2.146358
latency,thurbox,other-busy,2,False,1.04,1.27,timeouts,,0
latency,tmux,other-busy,3,False,1.27,1.3,echo_ms,0,0.558216
latency,tmux,other-busy,3,False,1.27,1.3,echo_ms,1,0.640953
latency,tmux,other-busy,3,False,1.27,1.3,echo_ms,2,0.74458
latency,tmux,other-busy,3,False,1.27,1.3,echo_ms,3,0.843528
latency,tmux,other-busy,3,False,1.27,1.3,echo_ms,4,0.931531
latency,tmux,other-busy,3,False,1.27,1.3,echo_ms,5,0.7724
latency,tmux,other-busy,3,False,1.27,1.3,echo_ms,6,0.651406
latency,tmux,other-busy,3,False,1.27,1.3,echo_ms,7,0.732896
latency,tmux,other-busy,3,False,1.27,1.3,echo_ms,8,0.855402
latency,tmux,other-busy,3,False,1.27,1.3,echo_ms,9,0.698063
latency,tmux,other-busy,3,False,1.27,1.3,echo_ms,10,0.758615
latency,tmux,other-busy,3,False,1.27,1.3,echo_ms,11,0.751253
latency,tmux,other-busy,3,False,1.27,1.3,echo_ms,12,0.624288
latency,tmux,other-busy,3,False,1.27,1.3,echo_ms,13,0.890179
latency,tmux,other-busy,3,False,1.27,1.3,echo_ms,14,0.801126
latency,tmux,other-busy,3,False,1.27,1.3,echo_ms,15,0.7736
latency,tmux,other-busy,3,False,1.27,1.3,echo_ms,16,0.728718
latency,tmux,other-busy,3,False,1.27,1.3,echo_ms,17,0.640889
latency,tmux,other-busy,3,False,1.27,1.3,echo_ms,18,0.579763
latency,tmux,other-busy,3,False,1.27,1.3,echo_ms,19,0.721152
latency,tmux,other-busy,3,False,1.27,1.3,echo_ms,20,0.751899
latency,tmux,other-busy,3,False,1.27,1.3,echo_ms,21,0.660743
latency,tmux,other-busy,3,False,1.27,1.3,echo_ms,22,0.879533
latency,tmux,other-busy,3,False,1.27,1.3,echo_ms,23,0.632928
latency,tmux,other-busy,3,False,1.27,1.3,echo_ms,24,0.600471
latency,tmux,other-busy,3,False,1.27,1.3,echo_ms,25,0.704001
latency,tmux,other-busy,3,False,1.27,1.3,echo_ms,26,0.734114
latency,tmux,other-busy,3,False,1.27,1.3,echo_ms,27,0.632998
latency,tmux,other-busy,3,False,1.27,1.3,echo_ms,28,0.635039
latency,tmux,other-busy,3,False,1.27,1.3,echo_ms,29,0.819292
latency,tmux,other-busy,3,False,1.27,1.3,echo_ms,30,1.112624
latency,tmux,other-busy,3,False,1.27,1.3,echo_ms,31,0.601331
latency,tmux,other-busy,3,False,1.27,1.3,echo_ms,32,0.964239
latency,tmux,other-busy,3,False,1.27,1.3,echo_ms,33,0.748783
latency,tmux,other-busy,3,False,1.27,1.3,echo_ms,34,0.627988
latency,tmux,other-busy,3,False,1.27,1.3,echo_ms,35,0.756336
latency,tmux,other-busy,3,False,1.27,1.3,echo_ms,36,0.560607
latency,tmux,other-busy,3,False,1.27,1.3,echo_ms,37,0.634834
latency,tmux,other-busy,3,False,1.27,1.3,echo_ms,38,0.813313
latency,tmux,other-busy,3,False,1.27,1.3,echo_ms,39,0.911064
latency,tmux,other-busy,3,False,1.27,1.3,echo_ms,40,0.810038
latency,tmux,other-busy,3,False,1.27,1.3,echo_ms,41,0.679261
latency,tmux,other-busy,3,False,1.27,1.3,echo_ms,42,1.013354
latency,tmux,other-busy,3,False,1.27,1.3,echo_ms,43,0.788628
latency,tmux,other-busy,3,False,1.27,1.3,echo_ms,44,0.882111
latency,tmux,other-busy,3,False,1.27,1.3,echo_ms,45,0.660972
latency,tmux,other-busy,3,False,1.27,1.3,echo_ms,46,0.631684
latency,tmux,other-busy,3,False,1.27,1.3,echo_ms,47,0.646739
latency,tmux,other-busy,3,False,1.27,1.3,echo_ms,48,0.669991
latency,tmux,other-busy,3,False,1.27,1.3,echo_ms,49,0.561696
latency,tmux,other-busy,3,False,1.27,1.3,echo_ms,50,0.646858
latency,tmux,other-busy,3,False,1.27,1.3,echo_ms,51,0.633164
latency,tmux,other-busy,3,False,1.27,1.3,echo_ms,52,0.674648
latency,tmux,other-busy,3,False,1.27,1.3,echo_ms,53,0.856636
latency,tmux,other-busy,3,False,1.27,1.3,echo_ms,54,0.631252
latency,tmux,other-busy,3,False,1.27,1.3,echo_ms,55,0.97891
latency,tmux,other-busy,3,False,1.27,1.3,echo_ms,56,0.859379
latency,tmux,other-busy,3,False,1.27,1.3,echo_ms,57,0.847843
latency,tmux,other-busy,3,False,1.27,1.3,echo_ms,58,0.624657
latency,tmux,other-busy,3,False,1.27,1.3,echo_ms,59,0.718907
latency,tmux,other-busy,3,False,1.27,1.3,echo_ms,60,0.752678
latency,tmux,other-busy,3,False,1.27,1.3,echo_ms,61,0.68397
latency,tmux,other-busy,3,False,1.27,1.3,echo_ms,62,0.612561
latency,tmux,other-busy,3,False,1.27,1.3,echo_ms,63,0.843527
latency,tmux,other-busy,3,False,1.27,1.3,echo_ms,64,0.610503
latency,tmux,other-busy,3,False,1.27,1.3,echo_ms,65,0.597175
latency,tmux,other-busy,3,False,1.27,1.3,echo_ms,66,0.786587
latency,tmux,other-busy,3,False,1.27,1.3,echo_ms,67,0.581774
latency,tmux,other-busy,3,False,1.27,1.3,echo_ms,68,0.637803
latency,tmux,other-busy,3,False,1.27,1.3,echo_ms,69,0.919496
latency,tmux,other-busy,3,False,1.27,1.3,echo_ms,70,0.63721
latency,tmux,other-busy,3,False,1.27,1.3,echo_ms,71,0.711139
latency,tmux,other-busy,3,False,1.27,1.3,echo_ms,72,0.646892
latency,tmux,other-busy,3,False,1.27,1.3,echo_ms,73,0.619315
latency,tmux,other-busy,3,False,1.27,1.3,echo_ms,74,0.75822
latency,tmux,other-busy,3,False,1.27,1.3,echo_ms,75,0.858899
latency,tmux,other-busy,3,False,1.27,1.3,echo_ms,76,0.910373
latency,tmux,other-busy,3,False,1.27,1.3,echo_ms,77,0.555364
latency,tmux,other-busy,3,False,1.27,1.3,echo_ms,78,0.632325
latency,tmux,other-busy,3,False,1.27,1.3,echo_ms,79,0.658475
latency,tmux,other-busy,3,False,1.27,1.3,echo_ms,80,0.853182
latency,tmux,other-busy,3,False,1.27,1.3,echo_ms,81,0.797263
latency,tmux,other-busy,3,False,1.27,1.3,echo_ms,82,0.594467
latency,tmux,other-busy,3,False,1.27,1.3,echo_ms,83,0.834802
latency,tmux,other-busy,3,False,1.27,1.3,echo_ms,84,0.88885
latency,tmux,other-busy,3,False,1.27,1.3,echo_ms,85,0.626345
latency,tmux,other-busy,3,False,1.27,1.3,echo_ms,86,0.714834
latency,tmux,other-busy,3,False,1.27,1.3,echo_ms,87,0.588018
latency,tmux,other-busy,3,False,1.27,1.3,echo_ms,88,0.847145
latency,tmux,other-busy,3,False,1.27,1.3,echo_ms,89,0.628175
latency,tmux,other-busy,3,False,1.27,1.3,echo_ms,90,0.57887
latency,tmux,other-busy,3,False,1.27,1.3,echo_ms,91,0.690447
latency,tmux,other-busy,3,False,1.27,1.3,echo_ms,92,0.639823
latency,tmux,other-busy,3,False,1.27,1.3,echo_ms,93,0.732474
latency,tmux,other-busy,3,False,1.27,1.3,echo_ms,94,0.825462
latency,tmux,other-busy,3,False,1.27,1.3,echo_ms,95,0.808275
latency,tmux,other-busy,3,False,1.27,1.3,echo_ms,96,0.236634
latency,tmux,other-busy,3,False,1.27,1.3,echo_ms,97,0.741797
latency,tmux,other-busy,3,False,1.27,1.3,echo_ms,98,0.932874
latency,tmux,other-busy,3,False,1.27,1.3,echo_ms,99,0.834475
latency,tmux,other-busy,3,False,1.27,1.3,timeouts,,0
latency,herdr,other-busy,3,False,1.3,1.33,echo_ms,0,0.412428
latency,herdr,other-busy,3,False,1.3,1.33,echo_ms,1,0.443007
latency,herdr,other-busy,3,False,1.3,1.33,echo_ms,2,0.474994
latency,herdr,other-busy,3,False,1.3,1.33,echo_ms,3,0.452803
latency,herdr,other-busy,3,False,1.3,1.33,echo_ms,4,0.449049
latency,herdr,other-busy,3,False,1.3,1.33,echo_ms,5,0.423582
latency,herdr,other-busy,3,False,1.3,1.33,echo_ms,6,0.414067
latency,herdr,other-busy,3,False,1.3,1.33,echo_ms,7,0.445018
latency,herdr,other-busy,3,False,1.3,1.33,echo_ms,8,0.444188
latency,herdr,other-busy,3,False,1.3,1.33,echo_ms,9,0.4737
latency,herdr,other-busy,3,False,1.3,1.33,echo_ms,10,0.472903
latency,herdr,other-busy,3,False,1.3,1.33,echo_ms,11,0.516616
latency,herdr,other-busy,3,False,1.3,1.33,echo_ms,12,0.435851
latency,herdr,other-busy,3,False,1.3,1.33,echo_ms,13,0.486435
latency,herdr,other-busy,3,False,1.3,1.33,echo_ms,14,0.483185
latency,herdr,other-busy,3,False,1.3,1.33,echo_ms,15,0.509991
latency,herdr,other-busy,3,False,1.3,1.33,echo_ms,16,0.511262
latency,herdr,other-busy,3,False,1.3,1.33,echo_ms,17,0.434295
latency,herdr,other-busy,3,False,1.3,1.33,echo_ms,18,0.435181
latency,herdr,other-busy,3,False,1.3,1.33,echo_ms,19,0.417557
latency,herdr,other-busy,3,False,1.3,1.33,echo_ms,20,0.497668
latency,herdr,other-busy,3,False,1.3,1.33,echo_ms,21,0.484059
latency,herdr,other-busy,3,False,1.3,1.33,echo_ms,22,0.552972
latency,herdr,other-busy,3,False,1.3,1.33,echo_ms,23,0.483492
latency,herdr,other-busy,3,False,1.3,1.33,echo_ms,24,0.45675
latency,herdr,other-busy,3,False,1.3,1.33,echo_ms,25,0.433905
latency,herdr,other-busy,3,False,1.3,1.33,echo_ms,26,0.47063
latency,herdr,other-busy,3,False,1.3,1.33,echo_ms,27,0.477226
latency,herdr,other-busy,3,False,1.3,1.33,echo_ms,28,0.52475
latency,herdr,other-busy,3,False,1.3,1.33,echo_ms,29,0.482474
latency,herdr,other-busy,3,False,1.3,1.33,echo_ms,30,0.484857
latency,herdr,other-busy,3,False,1.3,1.33,echo_ms,31,0.481008
latency,herdr,other-busy,3,False,1.3,1.33,echo_ms,32,0.432052
latency,herdr,other-busy,3,False,1.3,1.33,echo_ms,33,0.479414
latency,herdr,other-busy,3,False,1.3,1.33,echo_ms,34,0.438067
latency,herdr,other-busy,3,False,1.3,1.33,echo_ms,35,0.45802
latency,herdr,other-busy,3,False,1.3,1.33,echo_ms,36,1.031538
latency,herdr,other-busy,3,False,1.3,1.33,echo_ms,37,0.489281
latency,herdr,other-busy,3,False,1.3,1.33,echo_ms,38,0.465881
latency,herdr,other-busy,3,False,1.3,1.33,echo_ms,39,0.410856
latency,herdr,other-busy,3,False,1.3,1.33,echo_ms,40,0.428843
latency,herdr,other-busy,3,False,1.3,1.33,echo_ms,41,0.481893
latency,herdr,other-busy,3,False,1.3,1.33,echo_ms,42,0.427572
latency,herdr,other-busy,3,False,1.3,1.33,echo_ms,43,0.444168
latency,herdr,other-busy,3,False,1.3,1.33,echo_ms,44,0.428459
latency,herdr,other-busy,3,False,1.3,1.33,echo_ms,45,0.489248
latency,herdr,other-busy,3,False,1.3,1.33,echo_ms,46,0.569585
latency,herdr,other-busy,3,False,1.3,1.33,echo_ms,47,0.974968
latency,herdr,other-busy,3,False,1.3,1.33,echo_ms,48,0.442944
latency,herdr,other-busy,3,False,1.3,1.33,echo_ms,49,0.468667
latency,herdr,other-busy,3,False,1.3,1.33,echo_ms,50,0.558655
latency,herdr,other-busy,3,False,1.3,1.33,echo_ms,51,0.557942
latency,herdr,other-busy,3,False,1.3,1.33,echo_ms,52,0.428995
latency,herdr,other-busy,3,False,1.3,1.33,echo_ms,53,0.410097
latency,herdr,other-busy,3,False,1.3,1.33,echo_ms,54,0.434501
latency,herdr,other-busy,3,False,1.3,1.33,echo_ms,55,0.441233
latency,herdr,other-busy,3,False,1.3,1.33,echo_ms,56,0.454159
latency,herdr,other-busy,3,False,1.3,1.33,echo_ms,57,0.46909
latency,herdr,other-busy,3,False,1.3,1.33,echo_ms,58,0.457785
latency,herdr,other-busy,3,False,1.3,1.33,echo_ms,59,0.432205
latency,herdr,other-busy,3,False,1.3,1.33,echo_ms,60,0.440707
latency,herdr,other-busy,3,False,1.3,1.33,echo_ms,61,0.484312
latency,herdr,other-busy,3,False,1.3,1.33,echo_ms,62,0.44627
latency,herdr,other-busy,3,False,1.3,1.33,echo_ms,63,0.493337
latency,herdr,other-busy,3,False,1.3,1.33,echo_ms,64,0.471303
latency,herdr,other-busy,3,False,1.3,1.33,echo_ms,65,0.537271
latency,herdr,other-busy,3,False,1.3,1.33,echo_ms,66,0.455549
latency,herdr,other-busy,3,False,1.3,1.33,echo_ms,67,0.542529
latency,herdr,other-busy,3,False,1.3,1.33,echo_ms,68,0.438117
latency,herdr,other-busy,3,False,1.3,1.33,echo_ms,69,0.463991
latency,herdr,other-busy,3,False,1.3,1.33,echo_ms,70,0.48853
latency,herdr,other-busy,3,False,1.3,1.33,echo_ms,71,0.40711
latency,herdr,other-busy,3,False,1.3,1.33,echo_ms,72,0.437006
latency,herdr,other-busy,3,False,1.3,1.33,echo_ms,73,0.454751
latency,herdr,other-busy,3,False,1.3,1.33,echo_ms,74,0.441176
latency,herdr,other-busy,3,False,1.3,1.33,echo_ms,75,0.499398
latency,herdr,other-busy,3,False,1.3,1.33,echo_ms,76,0.411782
latency,herdr,other-busy,3,False,1.3,1.33,echo_ms,77,0.469403
latency,herdr,other-busy,3,False,1.3,1.33,echo_ms,78,0.520255
latency,herdr,other-busy,3,False,1.3,1.33,echo_ms,79,0.803057
latency,herdr,other-busy,3,False,1.3,1.33,echo_ms,80,0.468233
latency,herdr,other-busy,3,False,1.3,1.33,echo_ms,81,0.50014
latency,herdr,other-busy,3,False,1.3,1.33,echo_ms,82,0.445693
latency,herdr,other-busy,3,False,1.3,1.33,echo_ms,83,0.425836
latency,herdr,other-busy,3,False,1.3,1.33,echo_ms,84,0.52935
latency,herdr,other-busy,3,False,1.3,1.33,echo_ms,85,0.496747
latency,herdr,other-busy,3,False,1.3,1.33,echo_ms,86,0.537566
latency,herdr,other-busy,3,False,1.3,1.33,echo_ms,87,0.41834
latency,herdr,other-busy,3,False,1.3,1.33,echo_ms,88,0.427007
latency,herdr,other-busy,3,False,1.3,1.33,echo_ms,89,0.549135
latency,herdr,other-busy,3,False,1.3,1.33,echo_ms,90,0.444653
latency,herdr,other-busy,3,False,1.3,1.33,echo_ms,91,0.415588
latency,herdr,other-busy,3,False,1.3,1.33,echo_ms,92,0.479606
latency,herdr,other-busy,3,False,1.3,1.33,echo_ms,93,0.480141
latency,herdr,other-busy,3,False,1.3,1.33,echo_ms,94,0.480353
latency,herdr,other-busy,3,False,1.3,1.33,echo_ms,95,0.442052
latency,herdr,other-busy,3,False,1.3,1.33,echo_ms,96,0.467556
latency,herdr,other-busy,3,False,1.3,1.33,echo_ms,97,0.494596
latency,herdr,other-busy,3,False,1.3,1.33,echo_ms,98,0.562219
latency,herdr,other-busy,3,False,1.3,1.33,echo_ms,99,0.491117
latency,herdr,other-busy,3,False,1.3,1.33,timeouts,,0
latency,thurbox,other-busy,3,False,1.33,1.28,echo_ms,0,1.814697
latency,thurbox,other-busy,3,False,1.33,1.28,echo_ms,1,1.683267
latency,thurbox,other-busy,3,False,1.33,1.28,echo_ms,2,1.85347
latency,thurbox,other-busy,3,False,1.33,1.28,echo_ms,3,1.536608
latency,thurbox,other-busy,3,False,1.33,1.28,echo_ms,4,1.333566
latency,thurbox,other-busy,3,False,1.33,1.28,echo_ms,5,2.049119
latency,thurbox,other-busy,3,False,1.33,1.28,echo_ms,6,1.689537
latency,thurbox,other-busy,3,False,1.33,1.28,echo_ms,7,1.702271
latency,thurbox,other-busy,3,False,1.33,1.28,echo_ms,8,1.832417
latency,thurbox,other-busy,3,False,1.33,1.28,echo_ms,9,1.843044
latency,thurbox,other-busy,3,False,1.33,1.28,echo_ms,10,1.839423
latency,thurbox,other-busy,3,False,1.33,1.28,echo_ms,11,1.743832
latency,thurbox,other-busy,3,False,1.33,1.28,echo_ms,12,1.263936
latency,thurbox,other-busy,3,False,1.33,1.28,echo_ms,13,1.465553
latency,thurbox,other-busy,3,False,1.33,1.28,echo_ms,14,2.134473
latency,thurbox,other-busy,3,False,1.33,1.28,echo_ms,15,1.381942
latency,thurbox,other-busy,3,False,1.33,1.28,echo_ms,16,1.497109
latency,thurbox,other-busy,3,False,1.33,1.28,echo_ms,17,1.590718
latency,thurbox,other-busy,3,False,1.33,1.28,echo_ms,18,1.522419
latency,thurbox,other-busy,3,False,1.33,1.28,echo_ms,19,1.480312
latency,thurbox,other-busy,3,False,1.33,1.28,echo_ms,20,1.57853
latency,thurbox,other-busy,3,False,1.33,1.28,echo_ms,21,1.312489
latency,thurbox,other-busy,3,False,1.33,1.28,echo_ms,22,1.725902
latency,thurbox,other-busy,3,False,1.33,1.28,echo_ms,23,1.713501
latency,thurbox,other-busy,3,False,1.33,1.28,echo_ms,24,1.459674
latency,thurbox,other-busy,3,False,1.33,1.28,echo_ms,25,1.833595
latency,thurbox,other-busy,3,False,1.33,1.28,echo_ms,26,1.598756
latency,thurbox,other-busy,3,False,1.33,1.28,echo_ms,27,1.947216
latency,thurbox,other-busy,3,False,1.33,1.28,echo_ms,28,1.846053
latency,thurbox,other-busy,3,False,1.33,1.28,echo_ms,29,2.047765
latency,thurbox,other-busy,3,False,1.33,1.28,echo_ms,30,1.896526
latency,thurbox,other-busy,3,False,1.33,1.28,echo_ms,31,1.313168
latency,thurbox,other-busy,3,False,1.33,1.28,echo_ms,32,1.543159
latency,thurbox,other-busy,3,False,1.33,1.28,echo_ms,33,1.631247
latency,thurbox,other-busy,3,False,1.33,1.28,echo_ms,34,1.711097
latency,thurbox,other-busy,3,False,1.33,1.28,echo_ms,35,1.551335
latency,thurbox,other-busy,3,False,1.33,1.28,echo_ms,36,1.361835
latency,thurbox,other-busy,3,False,1.33,1.28,echo_ms,37,1.933931
latency,thurbox,other-busy,3,False,1.33,1.28,echo_ms,38,1.921067
latency,thurbox,other-busy,3,False,1.33,1.28,echo_ms,39,1.495003
latency,thurbox,other-busy,3,False,1.33,1.28,echo_ms,40,2.044805
latency,thurbox,other-busy,3,False,1.33,1.28,echo_ms,41,1.399072
latency,thurbox,other-busy,3,False,1.33,1.28,echo_ms,42,1.581358
latency,thurbox,other-busy,3,False,1.33,1.28,echo_ms,43,1.900204
latency,thurbox,other-busy,3,False,1.33,1.28,echo_ms,44,1.507588
latency,thurbox,other-busy,3,False,1.33,1.28,echo_ms,45,1.654411
latency,thurbox,other-busy,3,False,1.33,1.28,echo_ms,46,1.33165
latency,thurbox,other-busy,3,False,1.33,1.28,echo_ms,47,2.06949
latency,thurbox,other-busy,3,False,1.33,1.28,echo_ms,48,1.608219
latency,thurbox,other-busy,3,False,1.33,1.28,echo_ms,49,1.610687
latency,thurbox,other-busy,3,False,1.33,1.28,echo_ms,50,1.359369
latency,thurbox,other-busy,3,False,1.33,1.28,echo_ms,51,1.604542
latency,thurbox,other-busy,3,False,1.33,1.28,echo_ms,52,1.287577
latency,thurbox,other-busy,3,False,1.33,1.28,echo_ms,53,1.813291
latency,thurbox,other-busy,3,False,1.33,1.28,echo_ms,54,1.714874
latency,thurbox,other-busy,3,False,1.33,1.28,echo_ms,55,3.052774
latency,thurbox,other-busy,3,False,1.33,1.28,echo_ms,56,1.906344
latency,thurbox,other-busy,3,False,1.33,1.28,echo_ms,57,1.658361
latency,thurbox,other-busy,3,False,1.33,1.28,echo_ms,58,1.512295
latency,thurbox,other-busy,3,False,1.33,1.28,echo_ms,59,1.594608
latency,thurbox,other-busy,3,False,1.33,1.28,echo_ms,60,1.461369
latency,thurbox,other-busy,3,False,1.33,1.28,echo_ms,61,1.430226
latency,thurbox,other-busy,3,False,1.33,1.28,echo_ms,62,1.45909
latency,thurbox,other-busy,3,False,1.33,1.28,echo_ms,63,1.676058
latency,thurbox,other-busy,3,False,1.33,1.28,echo_ms,64,1.712905
latency,thurbox,other-busy,3,False,1.33,1.28,echo_ms,65,1.817082
latency,thurbox,other-busy,3,False,1.33,1.28,echo_ms,66,1.365851
latency,thurbox,other-busy,3,False,1.33,1.28,echo_ms,67,2.33132
latency,thurbox,other-busy,3,False,1.33,1.28,echo_ms,68,1.453868
latency,thurbox,other-busy,3,False,1.33,1.28,echo_ms,69,1.745362
latency,thurbox,other-busy,3,False,1.33,1.28,echo_ms,70,1.312751
latency,thurbox,other-busy,3,False,1.33,1.28,echo_ms,71,1.419706
latency,thurbox,other-busy,3,False,1.33,1.28,echo_ms,72,1.460316
latency,thurbox,other-busy,3,False,1.33,1.28,echo_ms,73,1.630834
latency,thurbox,other-busy,3,False,1.33,1.28,echo_ms,74,1.529099
latency,thurbox,other-busy,3,False,1.33,1.28,echo_ms,75,1.392332
latency,thurbox,other-busy,3,False,1.33,1.28,echo_ms,76,1.865021
latency,thurbox,other-busy,3,False,1.33,1.28,echo_ms,77,1.841386
latency,thurbox,other-busy,3,False,1.33,1.28,echo_ms,78,1.602052
latency,thurbox,other-busy,3,False,1.33,1.28,echo_ms,79,1.724561
latency,thurbox,other-busy,3,False,1.33,1.28,echo_ms,80,1.994672
latency,thurbox,other-busy,3,False,1.33,1.28,echo_ms,81,2.211753
latency,thurbox,other-busy,3,False,1.33,1.28,echo_ms,82,2.190262
latency,thurbox,other-busy,3,False,1.33,1.28,echo_ms,83,1.844505
latency,thurbox,other-busy,3,False,1.33,1.28,echo_ms,84,1.820746
latency,thurbox,other-busy,3,False,1.33,1.28,echo_ms,85,1.226214
latency,thurbox,other-busy,3,False,1.33,1.28,echo_ms,86,1.725772
latency,thurbox,other-busy,3,False,1.33,1.28,echo_ms,87,1.776607
latency,thurbox,other-busy,3,False,1.33,1.28,echo_ms,88,1.74564
latency,thurbox,other-busy,3,False,1.33,1.28,echo_ms,89,1.608596
latency,thurbox,other-busy,3,False,1.33,1.28,echo_ms,90,1.74101
latency,thurbox,other-busy,3,False,1.33,1.28,echo_ms,91,1.841512
latency,thurbox,other-busy,3,False,1.33,1.28,echo_ms,92,1.565433
latency,thurbox,other-busy,3,False,1.33,1.28,echo_ms,93,1.532846
latency,thurbox,other-busy,3,False,1.33,1.28,echo_ms,94,1.277482
latency,thurbox,other-busy,3,False,1.33,1.28,echo_ms,95,1.793422
latency,thurbox,other-busy,3,False,1.33,1.28,echo_ms,96,2.748658
latency,thurbox,other-busy,3,False,1.33,1.28,echo_ms,97,2.384664
latency,thurbox,other-busy,3,False,1.33,1.28,echo_ms,98,1.623354
latency,thurbox,other-busy,3,False,1.33,1.28,echo_ms,99,1.645772
latency,thurbox,other-busy,3,False,1.33,1.28,timeouts,,0
latency,tmux,other-busy,4,False,1.28,1.24,echo_ms,0,0.827058
latency,tmux,other-busy,4,False,1.28,1.24,echo_ms,1,0.732901
latency,tmux,other-busy,4,False,1.28,1.24,echo_ms,2,0.747416
latency,tmux,other-busy,4,False,1.28,1.24,echo_ms,3,0.760568
latency,tmux,other-busy,4,False,1.28,1.24,echo_ms,4,0.786395
latency,tmux,other-busy,4,False,1.28,1.24,echo_ms,5,0.685654
latency,tmux,other-busy,4,False,1.28,1.24,echo_ms,6,0.580186
latency,tmux,other-busy,4,False,1.28,1.24,echo_ms,7,0.657805
latency,tmux,other-busy,4,False,1.28,1.24,echo_ms,8,0.843566
latency,tmux,other-busy,4,False,1.28,1.24,echo_ms,9,0.929493
latency,tmux,other-busy,4,False,1.28,1.24,echo_ms,10,0.719871
latency,tmux,other-busy,4,False,1.28,1.24,echo_ms,11,0.596278
latency,tmux,other-busy,4,False,1.28,1.24,echo_ms,12,0.771512
latency,tmux,other-busy,4,False,1.28,1.24,echo_ms,13,0.926284
latency,tmux,other-busy,4,False,1.28,1.24,echo_ms,14,0.891911
latency,tmux,other-busy,4,False,1.28,1.24,echo_ms,15,0.825842
latency,tmux,other-busy,4,False,1.28,1.24,echo_ms,16,0.55621
latency,tmux,other-busy,4,False,1.28,1.24,echo_ms,17,0.694005
latency,tmux,other-busy,4,False,1.28,1.24,echo_ms,18,0.71333
latency,tmux,other-busy,4,False,1.28,1.24,echo_ms,19,0.942516
latency,tmux,other-busy,4,False,1.28,1.24,echo_ms,20,0.995488
latency,tmux,other-busy,4,False,1.28,1.24,echo_ms,21,0.847994
latency,tmux,other-busy,4,False,1.28,1.24,echo_ms,22,0.725787
latency,tmux,other-busy,4,False,1.28,1.24,echo_ms,23,0.615165
latency,tmux,other-busy,4,False,1.28,1.24,echo_ms,24,0.866741
latency,tmux,other-busy,4,False,1.28,1.24,echo_ms,25,0.627737
latency,tmux,other-busy,4,False,1.28,1.24,echo_ms,26,0.645493
latency,tmux,other-busy,4,False,1.28,1.24,echo_ms,27,0.654773
latency,tmux,other-busy,4,False,1.28,1.24,echo_ms,28,0.619099
latency,tmux,other-busy,4,False,1.28,1.24,echo_ms,29,0.620871
latency,tmux,other-busy,4,False,1.28,1.24,echo_ms,30,0.645651
latency,tmux,other-busy,4,False,1.28,1.24,echo_ms,31,0.832785
latency,tmux,other-busy,4,False,1.28,1.24,echo_ms,32,0.630121
latency,tmux,other-busy,4,False,1.28,1.24,echo_ms,33,0.793416
latency,tmux,other-busy,4,False,1.28,1.24,echo_ms,34,0.661213
latency,tmux,other-busy,4,False,1.28,1.24,echo_ms,35,0.569888
latency,tmux,other-busy,4,False,1.28,1.24,echo_ms,36,0.94805
latency,tmux,other-busy,4,False,1.28,1.24,echo_ms,37,0.645429
latency,tmux,other-busy,4,False,1.28,1.24,echo_ms,38,0.616618
latency,tmux,other-busy,4,False,1.28,1.24,echo_ms,39,0.956406
latency,tmux,other-busy,4,False,1.28,1.24,echo_ms,40,0.870532
latency,tmux,other-busy,4,False,1.28,1.24,echo_ms,41,0.615215
latency,tmux,other-busy,4,False,1.28,1.24,echo_ms,42,0.785339
latency,tmux,other-busy,4,False,1.28,1.24,echo_ms,43,0.679988
latency,tmux,other-busy,4,False,1.28,1.24,echo_ms,44,0.856953
latency,tmux,other-busy,4,False,1.28,1.24,echo_ms,45,0.558983
latency,tmux,other-busy,4,False,1.28,1.24,echo_ms,46,0.56647
latency,tmux,other-busy,4,False,1.28,1.24,echo_ms,47,0.857377
latency,tmux,other-busy,4,False,1.28,1.24,echo_ms,48,0.593588
latency,tmux,other-busy,4,False,1.28,1.24,echo_ms,49,0.591911
latency,tmux,other-busy,4,False,1.28,1.24,echo_ms,50,1.025956
latency,tmux,other-busy,4,False,1.28,1.24,echo_ms,51,0.688995
latency,tmux,other-busy,4,False,1.28,1.24,echo_ms,52,0.768676
latency,tmux,other-busy,4,False,1.28,1.24,echo_ms,53,0.843964
latency,tmux,other-busy,4,False,1.28,1.24,echo_ms,54,0.748728
latency,tmux,other-busy,4,False,1.28,1.24,echo_ms,55,0.665602
latency,tmux,other-busy,4,False,1.28,1.24,echo_ms,56,1.162842
latency,tmux,other-busy,4,False,1.28,1.24,echo_ms,57,0.68285
latency,tmux,other-busy,4,False,1.28,1.24,echo_ms,58,0.668869
latency,tmux,other-busy,4,False,1.28,1.24,echo_ms,59,0.679708
latency,tmux,other-busy,4,False,1.28,1.24,echo_ms,60,0.655229
latency,tmux,other-busy,4,False,1.28,1.24,echo_ms,61,0.758506
latency,tmux,other-busy,4,False,1.28,1.24,echo_ms,62,0.545708
latency,tmux,other-busy,4,False,1.28,1.24,echo_ms,63,0.761228
latency,tmux,other-busy,4,False,1.28,1.24,echo_ms,64,0.928815
latency,tmux,other-busy,4,False,1.28,1.24,echo_ms,65,0.986877
latency,tmux,other-busy,4,False,1.28,1.24,echo_ms,66,0.702096
latency,tmux,other-busy,4,False,1.28,1.24,echo_ms,67,1.06495
latency,tmux,other-busy,4,False,1.28,1.24,echo_ms,68,0.878579
latency,tmux,other-busy,4,False,1.28,1.24,echo_ms,69,0.609079
latency,tmux,other-busy,4,False,1.28,1.24,echo_ms,70,0.717837
latency,tmux,other-busy,4,False,1.28,1.24,echo_ms,71,0.715335
latency,tmux,other-busy,4,False,1.28,1.24,echo_ms,72,0.923151
latency,tmux,other-busy,4,False,1.28,1.24,echo_ms,73,0.826341
latency,tmux,other-busy,4,False,1.28,1.24,echo_ms,74,0.761285
latency,tmux,other-busy,4,False,1.28,1.24,echo_ms,75,0.716682
latency,tmux,other-busy,4,False,1.28,1.24,echo_ms,76,0.831448
latency,tmux,other-busy,4,False,1.28,1.24,echo_ms,77,0.988867
latency,tmux,other-busy,4,False,1.28,1.24,echo_ms,78,0.792735
latency,tmux,other-busy,4,False,1.28,1.24,echo_ms,79,0.839285
latency,tmux,other-busy,4,False,1.28,1.24,echo_ms,80,0.718762
latency,tmux,other-busy,4,False,1.28,1.24,echo_ms,81,0.836082
latency,tmux,other-busy,4,False,1.28,1.24,echo_ms,82,0.714624
latency,tmux,other-busy,4,False,1.28,1.24,echo_ms,83,0.665667
latency,tmux,other-busy,4,False,1.28,1.24,echo_ms,84,0.801419
latency,tmux,other-busy,4,False,1.28,1.24,echo_ms,85,0.8992
latency,tmux,other-busy,4,False,1.28,1.24,echo_ms,86,0.672778
latency,tmux,other-busy,4,False,1.28,1.24,echo_ms,87,0.670691
latency,tmux,other-busy,4,False,1.28,1.24,echo_ms,88,0.610429
latency,tmux,other-busy,4,False,1.28,1.24,echo_ms,89,0.919459
latency,tmux,other-busy,4,False,1.28,1.24,echo_ms,90,0.685843
latency,tmux,other-busy,4,False,1.28,1.24,echo_ms,91,0.672232
latency,tmux,other-busy,4,False,1.28,1.24,echo_ms,92,0.923101
latency,tmux,other-busy,4,False,1.28,1.24,echo_ms,93,0.726101
latency,tmux,other-busy,4,False,1.28,1.24,echo_ms,94,0.906255
latency,tmux,other-busy,4,False,1.28,1.24,echo_ms,95,0.651428
latency,tmux,other-busy,4,False,1.28,1.24,echo_ms,96,0.856241
latency,tmux,other-busy,4,False,1.28,1.24,echo_ms,97,0.646693
latency,tmux,other-busy,4,False,1.28,1.24,echo_ms,98,0.714815
latency,tmux,other-busy,4,False,1.28,1.24,echo_ms,99,0.824235
latency,tmux,other-busy,4,False,1.28,1.24,timeouts,,0
latency,herdr,other-busy,4,False,1.24,1.2,echo_ms,0,0.662737
latency,herdr,other-busy,4,False,1.24,1.2,echo_ms,1,0.440844
latency,herdr,other-busy,4,False,1.24,1.2,echo_ms,2,0.399939
latency,herdr,other-busy,4,False,1.24,1.2,echo_ms,3,0.420569
latency,herdr,other-busy,4,False,1.24,1.2,echo_ms,4,0.440897
latency,herdr,other-busy,4,False,1.24,1.2,echo_ms,5,0.425973
latency,herdr,other-busy,4,False,1.24,1.2,echo_ms,6,0.408327
latency,herdr,other-busy,4,False,1.24,1.2,echo_ms,7,0.438529
latency,herdr,other-busy,4,False,1.24,1.2,echo_ms,8,0.439094
latency,herdr,other-busy,4,False,1.24,1.2,echo_ms,9,0.440277
latency,herdr,other-busy,4,False,1.24,1.2,echo_ms,10,0.479887
latency,herdr,other-busy,4,False,1.24,1.2,echo_ms,11,0.497432
latency,herdr,other-busy,4,False,1.24,1.2,echo_ms,12,0.483806
latency,herdr,other-busy,4,False,1.24,1.2,echo_ms,13,1.244405
latency,herdr,other-busy,4,False,1.24,1.2,echo_ms,14,0.450655
latency,herdr,other-busy,4,False,1.24,1.2,echo_ms,15,0.476886
latency,herdr,other-busy,4,False,1.24,1.2,echo_ms,16,0.482604
latency,herdr,other-busy,4,False,1.24,1.2,echo_ms,17,0.491061
latency,herdr,other-busy,4,False,1.24,1.2,echo_ms,18,0.497764
latency,herdr,other-busy,4,False,1.24,1.2,echo_ms,19,0.435536
latency,herdr,other-busy,4,False,1.24,1.2,echo_ms,20,0.45666
latency,herdr,other-busy,4,False,1.24,1.2,echo_ms,21,0.452623
latency,herdr,other-busy,4,False,1.24,1.2,echo_ms,22,0.446395
latency,herdr,other-busy,4,False,1.24,1.2,echo_ms,23,0.416358
latency,herdr,other-busy,4,False,1.24,1.2,echo_ms,24,0.45027
latency,herdr,other-busy,4,False,1.24,1.2,echo_ms,25,0.451684
latency,herdr,other-busy,4,False,1.24,1.2,echo_ms,26,0.414447
latency,herdr,other-busy,4,False,1.24,1.2,echo_ms,27,0.439814
latency,herdr,other-busy,4,False,1.24,1.2,echo_ms,28,0.427946
latency,herdr,other-busy,4,False,1.24,1.2,echo_ms,29,0.484143
latency,herdr,other-busy,4,False,1.24,1.2,echo_ms,30,0.47981
latency,herdr,other-busy,4,False,1.24,1.2,echo_ms,31,0.458846
latency,herdr,other-busy,4,False,1.24,1.2,echo_ms,32,0.51979
latency,herdr,other-busy,4,False,1.24,1.2,echo_ms,33,0.457992
latency,herdr,other-busy,4,False,1.24,1.2,echo_ms,34,0.453661
latency,herdr,other-busy,4,False,1.24,1.2,echo_ms,35,0.454725
latency,herdr,other-busy,4,False,1.24,1.2,echo_ms,36,0.453983
latency,herdr,other-busy,4,False,1.24,1.2,echo_ms,37,0.458053
latency,herdr,other-busy,4,False,1.24,1.2,echo_ms,38,0.4378
latency,herdr,other-busy,4,False,1.24,1.2,echo_ms,39,0.429292
latency,herdr,other-busy,4,False,1.24,1.2,echo_ms,40,0.460758
latency,herdr,other-busy,4,False,1.24,1.2,echo_ms,41,0.803182
latency,herdr,other-busy,4,False,1.24,1.2,echo_ms,42,0.478074
latency,herdr,other-busy,4,False,1.24,1.2,echo_ms,43,0.428926
latency,herdr,other-busy,4,False,1.24,1.2,echo_ms,44,0.453071
latency,herdr,other-busy,4,False,1.24,1.2,echo_ms,45,0.437396
latency,herdr,other-busy,4,False,1.24,1.2,echo_ms,46,0.52001
latency,herdr,other-busy,4,False,1.24,1.2,echo_ms,47,0.417614
latency,herdr,other-busy,4,False,1.24,1.2,echo_ms,48,0.402207
latency,herdr,other-busy,4,False,1.24,1.2,echo_ms,49,0.420008
latency,herdr,other-busy,4,False,1.24,1.2,echo_ms,50,0.535526
latency,herdr,other-busy,4,False,1.24,1.2,echo_ms,51,0.43933
latency,herdr,other-busy,4,False,1.24,1.2,echo_ms,52,0.451169
latency,herdr,other-busy,4,False,1.24,1.2,echo_ms,53,0.429036
latency,herdr,other-busy,4,False,1.24,1.2,echo_ms,54,0.480688
latency,herdr,other-busy,4,False,1.24,1.2,echo_ms,55,0.458638
latency,herdr,other-busy,4,False,1.24,1.2,echo_ms,56,0.488763
latency,herdr,other-busy,4,False,1.24,1.2,echo_ms,57,1.287181
latency,herdr,other-busy,4,False,1.24,1.2,echo_ms,58,0.424308
latency,herdr,other-busy,4,False,1.24,1.2,echo_ms,59,0.558863
latency,herdr,other-busy,4,False,1.24,1.2,echo_ms,60,0.44271
latency,herdr,other-busy,4,False,1.24,1.2,echo_ms,61,0.449257
latency,herdr,other-busy,4,False,1.24,1.2,echo_ms,62,0.603403
latency,herdr,other-busy,4,False,1.24,1.2,echo_ms,63,0.442059
latency,herdr,other-busy,4,False,1.24,1.2,echo_ms,64,0.444648
latency,herdr,other-busy,4,False,1.24,1.2,echo_ms,65,0.496708
latency,herdr,other-busy,4,False,1.24,1.2,echo_ms,66,0.562251
latency,herdr,other-busy,4,False,1.24,1.2,echo_ms,67,0.449764
latency,herdr,other-busy,4,False,1.24,1.2,echo_ms,68,0.454708
latency,herdr,other-busy,4,False,1.24,1.2,echo_ms,69,0.448099
latency,herdr,other-busy,4,False,1.24,1.2,echo_ms,70,0.468676
latency,herdr,other-busy,4,False,1.24,1.2,echo_ms,71,0.459824
latency,herdr,other-busy,4,False,1.24,1.2,echo_ms,72,0.486176
latency,herdr,other-busy,4,False,1.24,1.2,echo_ms,73,0.452973
latency,herdr,other-busy,4,False,1.24,1.2,echo_ms,74,0.455665
latency,herdr,other-busy,4,False,1.24,1.2,echo_ms,75,0.488039
latency,herdr,other-busy,4,False,1.24,1.2,echo_ms,76,0.417813
latency,herdr,other-busy,4,False,1.24,1.2,echo_ms,77,0.428404
latency,herdr,other-busy,4,False,1.24,1.2,echo_ms,78,0.47049
latency,herdr,other-busy,4,False,1.24,1.2,echo_ms,79,0.414278
latency,herdr,other-busy,4,False,1.24,1.2,echo_ms,80,0.54571
latency,herdr,other-busy,4,False,1.24,1.2,echo_ms,81,0.4552
latency,herdr,other-busy,4,False,1.24,1.2,echo_ms,82,1.3236
latency,herdr,other-busy,4,False,1.24,1.2,echo_ms,83,0.4944
latency,herdr,other-busy,4,False,1.24,1.2,echo_ms,84,0.428559
latency,herdr,other-busy,4,False,1.24,1.2,echo_ms,85,0.444706
latency,herdr,other-busy,4,False,1.24,1.2,echo_ms,86,0.465411
latency,herdr,other-busy,4,False,1.24,1.2,echo_ms,87,0.47557
latency,herdr,other-busy,4,False,1.24,1.2,echo_ms,88,0.435741
latency,herdr,other-busy,4,False,1.24,1.2,echo_ms,89,0.481967
latency,herdr,other-busy,4,False,1.24,1.2,echo_ms,90,0.434136
latency,herdr,other-busy,4,False,1.24,1.2,echo_ms,91,0.467127
latency,herdr,other-busy,4,False,1.24,1.2,echo_ms,92,0.455375
latency,herdr,other-busy,4,False,1.24,1.2,echo_ms,93,0.457913
latency,herdr,other-busy,4,False,1.24,1.2,echo_ms,94,0.533765
latency,herdr,other-busy,4,False,1.24,1.2,echo_ms,95,0.455191
latency,herdr,other-busy,4,False,1.24,1.2,echo_ms,96,0.494594
latency,herdr,other-busy,4,False,1.24,1.2,echo_ms,97,0.495347
latency,herdr,other-busy,4,False,1.24,1.2,echo_ms,98,0.446339
latency,herdr,other-busy,4,False,1.24,1.2,echo_ms,99,0.441738
latency,herdr,other-busy,4,False,1.24,1.2,timeouts,,0
latency,thurbox,other-busy,4,False,1.2,1.32,echo_ms,0,1.568627
latency,thurbox,other-busy,4,False,1.2,1.32,echo_ms,1,1.502477
latency,thurbox,other-busy,4,False,1.2,1.32,echo_ms,2,1.514592
latency,thurbox,other-busy,4,False,1.2,1.32,echo_ms,3,1.560951
latency,thurbox,other-busy,4,False,1.2,1.32,echo_ms,4,1.417334
latency,thurbox,other-busy,4,False,1.2,1.32,echo_ms,5,1.562325
latency,thurbox,other-busy,4,False,1.2,1.32,echo_ms,6,1.288692
latency,thurbox,other-busy,4,False,1.2,1.32,echo_ms,7,1.356067
latency,thurbox,other-busy,4,False,1.2,1.32,echo_ms,8,1.577904
latency,thurbox,other-busy,4,False,1.2,1.32,echo_ms,9,1.437087
latency,thurbox,other-busy,4,False,1.2,1.32,echo_ms,10,1.640403
latency,thurbox,other-busy,4,False,1.2,1.32,echo_ms,11,1.50018
latency,thurbox,other-busy,4,False,1.2,1.32,echo_ms,12,1.902539
latency,thurbox,other-busy,4,False,1.2,1.32,echo_ms,13,1.400003
latency,thurbox,other-busy,4,False,1.2,1.32,echo_ms,14,3.021886
latency,thurbox,other-busy,4,False,1.2,1.32,echo_ms,15,1.492085
latency,thurbox,other-busy,4,False,1.2,1.32,echo_ms,16,1.412688
latency,thurbox,other-busy,4,False,1.2,1.32,echo_ms,17,2.763849
latency,thurbox,other-busy,4,False,1.2,1.32,echo_ms,18,1.87786
latency,thurbox,other-busy,4,False,1.2,1.32,echo_ms,19,1.778213
latency,thurbox,other-busy,4,False,1.2,1.32,echo_ms,20,1.688477
latency,thurbox,other-busy,4,False,1.2,1.32,echo_ms,21,1.799402
latency,thurbox,other-busy,4,False,1.2,1.32,echo_ms,22,2.315058
latency,thurbox,other-busy,4,False,1.2,1.32,echo_ms,23,1.615737
latency,thurbox,other-busy,4,False,1.2,1.32,echo_ms,24,1.476839
latency,thurbox,other-busy,4,False,1.2,1.32,echo_ms,25,4.746832
latency,thurbox,other-busy,4,False,1.2,1.32,echo_ms,26,1.226665
latency,thurbox,other-busy,4,False,1.2,1.32,echo_ms,27,1.609958
latency,thurbox,other-busy,4,False,1.2,1.32,echo_ms,28,1.545358
latency,thurbox,other-busy,4,False,1.2,1.32,echo_ms,29,1.716088
latency,thurbox,other-busy,4,False,1.2,1.32,echo_ms,30,1.820673
latency,thurbox,other-busy,4,False,1.2,1.32,echo_ms,31,1.216147
latency,thurbox,other-busy,4,False,1.2,1.32,echo_ms,32,1.561158
latency,thurbox,other-busy,4,False,1.2,1.32,echo_ms,33,1.426825
latency,thurbox,other-busy,4,False,1.2,1.32,echo_ms,34,1.68821
latency,thurbox,other-busy,4,False,1.2,1.32,echo_ms,35,1.554649
latency,thurbox,other-busy,4,False,1.2,1.32,echo_ms,36,1.65972
latency,thurbox,other-busy,4,False,1.2,1.32,echo_ms,37,1.253242
latency,thurbox,other-busy,4,False,1.2,1.32,echo_ms,38,1.615521
latency,thurbox,other-busy,4,False,1.2,1.32,echo_ms,39,1.860413
latency,thurbox,other-busy,4,False,1.2,1.32,echo_ms,40,1.862792
latency,thurbox,other-busy,4,False,1.2,1.32,echo_ms,41,1.52322
latency,thurbox,other-busy,4,False,1.2,1.32,echo_ms,42,1.486655
latency,thurbox,other-busy,4,False,1.2,1.32,echo_ms,43,1.491402
latency,thurbox,other-busy,4,False,1.2,1.32,echo_ms,44,1.763491
latency,thurbox,other-busy,4,False,1.2,1.32,echo_ms,45,1.373354
latency,thurbox,other-busy,4,False,1.2,1.32,echo_ms,46,1.530798
latency,thurbox,other-busy,4,False,1.2,1.32,echo_ms,47,1.414578
latency,thurbox,other-busy,4,False,1.2,1.32,echo_ms,48,1.709981
latency,thurbox,other-busy,4,False,1.2,1.32,echo_ms,49,1.828744
latency,thurbox,other-busy,4,False,1.2,1.32,echo_ms,50,1.413143
latency,thurbox,other-busy,4,False,1.2,1.32,echo_ms,51,1.944488
latency,thurbox,other-busy,4,False,1.2,1.32,echo_ms,52,3.349384
latency,thurbox,other-busy,4,False,1.2,1.32,echo_ms,53,1.734293
latency,thurbox,other-busy,4,False,1.2,1.32,echo_ms,54,1.85194
latency,thurbox,other-busy,4,False,1.2,1.32,echo_ms,55,1.339907
latency,thurbox,other-busy,4,False,1.2,1.32,echo_ms,56,1.808617
latency,thurbox,other-busy,4,False,1.2,1.32,echo_ms,57,1.781718
latency,thurbox,other-busy,4,False,1.2,1.32,echo_ms,58,1.525691
latency,thurbox,other-busy,4,False,1.2,1.32,echo_ms,59,2.730508
latency,thurbox,other-busy,4,False,1.2,1.32,echo_ms,60,1.781281
latency,thurbox,other-busy,4,False,1.2,1.32,echo_ms,61,1.301739
latency,thurbox,other-busy,4,False,1.2,1.32,echo_ms,62,1.314318
latency,thurbox,other-busy,4,False,1.2,1.32,echo_ms,63,1.473518
latency,thurbox,other-busy,4,False,1.2,1.32,echo_ms,64,1.351623
latency,thurbox,other-busy,4,False,1.2,1.32,echo_ms,65,1.355738
latency,thurbox,other-busy,4,False,1.2,1.32,echo_ms,66,1.831759
latency,thurbox,other-busy,4,False,1.2,1.32,echo_ms,67,1.665121
latency,thurbox,other-busy,4,False,1.2,1.32,echo_ms,68,1.801547
latency,thurbox,other-busy,4,False,1.2,1.32,echo_ms,69,1.725029
latency,thurbox,other-busy,4,False,1.2,1.32,echo_ms,70,1.665185
latency,thurbox,other-busy,4,False,1.2,1.32,echo_ms,71,1.431799
latency,thurbox,other-busy,4,False,1.2,1.32,echo_ms,72,1.646154
latency,thurbox,other-busy,4,False,1.2,1.32,echo_ms,73,1.578276
latency,thurbox,other-busy,4,False,1.2,1.32,echo_ms,74,1.24824
latency,thurbox,other-busy,4,False,1.2,1.32,echo_ms,75,2.03627
latency,thurbox,other-busy,4,False,1.2,1.32,echo_ms,76,1.414802
latency,thurbox,other-busy,4,False,1.2,1.32,echo_ms,77,1.706254
latency,thurbox,other-busy,4,False,1.2,1.32,echo_ms,78,1.496333
latency,thurbox,other-busy,4,False,1.2,1.32,echo_ms,79,1.739987
latency,thurbox,other-busy,4,False,1.2,1.32,echo_ms,80,1.77007
latency,thurbox,other-busy,4,False,1.2,1.32,echo_ms,81,1.367707
latency,thurbox,other-busy,4,False,1.2,1.32,echo_ms,82,4.4572
latency,thurbox,other-busy,4,False,1.2,1.32,echo_ms,83,1.697804
latency,thurbox,other-busy,4,False,1.2,1.32,echo_ms,84,1.690103
latency,thurbox,other-busy,4,False,1.2,1.32,echo_ms,85,1.544705
latency,thurbox,other-busy,4,False,1.2,1.32,echo_ms,86,1.737063
latency,thurbox,other-busy,4,False,1.2,1.32,echo_ms,87,2.074083
latency,thurbox,other-busy,4,False,1.2,1.32,echo_ms,88,1.630043
latency,thurbox,other-busy,4,False,1.2,1.32,echo_ms,89,1.405967
latency,thurbox,other-busy,4,False,1.2,1.32,echo_ms,90,1.66878
latency,thurbox,other-busy,4,False,1.2,1.32,echo_ms,91,2.063968
latency,thurbox,other-busy,4,False,1.2,1.32,echo_ms,92,2.477965
latency,thurbox,other-busy,4,False,1.2,1.32,echo_ms,93,1.389901
latency,thurbox,other-busy,4,False,1.2,1.32,echo_ms,94,1.792714
latency,thurbox,other-busy,4,False,1.2,1.32,echo_ms,95,1.694192
latency,thurbox,other-busy,4,False,1.2,1.32,echo_ms,96,1.325131
latency,thurbox,other-busy,4,False,1.2,1.32,echo_ms,97,1.557772
latency,thurbox,other-busy,4,False,1.2,1.32,echo_ms,98,1.797932
latency,thurbox,other-busy,4,False,1.2,1.32,echo_ms,99,1.556505
latency,thurbox,other-busy,4,False,1.2,1.32,timeouts,,0
latency,tmux,other-busy,5,False,1.32,1.27,echo_ms,0,0.567507
latency,tmux,other-busy,5,False,1.32,1.27,echo_ms,1,0.705351
latency,tmux,other-busy,5,False,1.32,1.27,echo_ms,2,0.712068
latency,tmux,other-busy,5,False,1.32,1.27,echo_ms,3,0.875804
latency,tmux,other-busy,5,False,1.32,1.27,echo_ms,4,0.954477
latency,tmux,other-busy,5,False,1.32,1.27,echo_ms,5,0.808673
latency,tmux,other-busy,5,False,1.32,1.27,echo_ms,6,0.784261
latency,tmux,other-busy,5,False,1.32,1.27,echo_ms,7,0.745671
latency,tmux,other-busy,5,False,1.32,1.27,echo_ms,8,0.847314
latency,tmux,other-busy,5,False,1.32,1.27,echo_ms,9,0.653581
latency,tmux,other-busy,5,False,1.32,1.27,echo_ms,10,0.702692
latency,tmux,other-busy,5,False,1.32,1.27,echo_ms,11,0.693659
latency,tmux,other-busy,5,False,1.32,1.27,echo_ms,12,0.66641
latency,tmux,other-busy,5,False,1.32,1.27,echo_ms,13,0.833583
latency,tmux,other-busy,5,False,1.32,1.27,echo_ms,14,0.786587
latency,tmux,other-busy,5,False,1.32,1.27,echo_ms,15,0.803136
latency,tmux,other-busy,5,False,1.32,1.27,echo_ms,16,0.983552
latency,tmux,other-busy,5,False,1.32,1.27,echo_ms,17,0.740819
latency,tmux,other-busy,5,False,1.32,1.27,echo_ms,18,0.6298
latency,tmux,other-busy,5,False,1.32,1.27,echo_ms,19,0.795067
latency,tmux,other-busy,5,False,1.32,1.27,echo_ms,20,0.563987
latency,tmux,other-busy,5,False,1.32,1.27,echo_ms,21,0.606476
latency,tmux,other-busy,5,False,1.32,1.27,echo_ms,22,0.625246
latency,tmux,other-busy,5,False,1.32,1.27,echo_ms,23,0.739735
latency,tmux,other-busy,5,False,1.32,1.27,echo_ms,24,0.590292
latency,tmux,other-busy,5,False,1.32,1.27,echo_ms,25,0.67377
latency,tmux,other-busy,5,False,1.32,1.27,echo_ms,26,0.858411
latency,tmux,other-busy,5,False,1.32,1.27,echo_ms,27,0.857149
latency,tmux,other-busy,5,False,1.32,1.27,echo_ms,28,0.683773
latency,tmux,other-busy,5,False,1.32,1.27,echo_ms,29,0.783855
latency,tmux,other-busy,5,False,1.32,1.27,echo_ms,30,0.587243
latency,tmux,other-busy,5,False,1.32,1.27,echo_ms,31,0.726873
latency,tmux,other-busy,5,False,1.32,1.27,echo_ms,32,0.566914
latency,tmux,other-busy,5,False,1.32,1.27,echo_ms,33,0.888897
latency,tmux,other-busy,5,False,1.32,1.27,echo_ms,34,0.805579
latency,tmux,other-busy,5,False,1.32,1.27,echo_ms,35,0.5867
latency,tmux,other-busy,5,False,1.32,1.27,echo_ms,36,0.752549
latency,tmux,other-busy,5,False,1.32,1.27,echo_ms,37,0.709426
latency,tmux,other-busy,5,False,1.32,1.27,echo_ms,38,0.725335
latency,tmux,other-busy,5,False,1.32,1.27,echo_ms,39,0.759692
latency,tmux,other-busy,5,False,1.32,1.27,echo_ms,40,0.931086
latency,tmux,other-busy,5,False,1.32,1.27,echo_ms,41,0.700426
latency,tmux,other-busy,5,False,1.32,1.27,echo_ms,42,0.758127
latency,tmux,other-busy,5,False,1.32,1.27,echo_ms,43,0.736015
latency,tmux,other-busy,5,False,1.32,1.27,echo_ms,44,0.722323
latency,tmux,other-busy,5,False,1.32,1.27,echo_ms,45,0.656761
latency,tmux,other-busy,5,False,1.32,1.27,echo_ms,46,0.790299
latency,tmux,other-busy,5,False,1.32,1.27,echo_ms,47,0.737707
latency,tmux,other-busy,5,False,1.32,1.27,echo_ms,48,0.710356
latency,tmux,other-busy,5,False,1.32,1.27,echo_ms,49,1.035163
latency,tmux,other-busy,5,False,1.32,1.27,echo_ms,50,0.583295
latency,tmux,other-busy,5,False,1.32,1.27,echo_ms,51,0.805824
latency,tmux,other-busy,5,False,1.32,1.27,echo_ms,52,0.581565
latency,tmux,other-busy,5,False,1.32,1.27,echo_ms,53,0.566954
latency,tmux,other-busy,5,False,1.32,1.27,echo_ms,54,0.63939
latency,tmux,other-busy,5,False,1.32,1.27,echo_ms,55,0.549877
latency,tmux,other-busy,5,False,1.32,1.27,echo_ms,56,0.994851
latency,tmux,other-busy,5,False,1.32,1.27,echo_ms,57,0.798399
latency,tmux,other-busy,5,False,1.32,1.27,echo_ms,58,0.610771
latency,tmux,other-busy,5,False,1.32,1.27,echo_ms,59,0.760452
latency,tmux,other-busy,5,False,1.32,1.27,echo_ms,60,0.810945
latency,tmux,other-busy,5,False,1.32,1.27,echo_ms,61,0.720967
latency,tmux,other-busy,5,False,1.32,1.27,echo_ms,62,0.804517
latency,tmux,other-busy,5,False,1.32,1.27,echo_ms,63,0.848965
latency,tmux,other-busy,5,False,1.32,1.27,echo_ms,64,0.878093
latency,tmux,other-busy,5,False,1.32,1.27,echo_ms,65,0.717644
latency,tmux,other-busy,5,False,1.32,1.27,echo_ms,66,0.822093
latency,tmux,other-busy,5,False,1.32,1.27,echo_ms,67,0.630866
latency,tmux,other-busy,5,False,1.32,1.27,echo_ms,68,1.0265
latency,tmux,other-busy,5,False,1.32,1.27,echo_ms,69,0.692248
latency,tmux,other-busy,5,False,1.32,1.27,echo_ms,70,1.103224
latency,tmux,other-busy,5,False,1.32,1.27,echo_ms,71,0.700511
latency,tmux,other-busy,5,False,1.32,1.27,echo_ms,72,0.688997
latency,tmux,other-busy,5,False,1.32,1.27,echo_ms,73,0.753652
latency,tmux,other-busy,5,False,1.32,1.27,echo_ms,74,0.700321
latency,tmux,other-busy,5,False,1.32,1.27,echo_ms,75,0.603783
latency,tmux,other-busy,5,False,1.32,1.27,echo_ms,76,0.624632
latency,tmux,other-busy,5,False,1.32,1.27,echo_ms,77,0.85184
latency,tmux,other-busy,5,False,1.32,1.27,echo_ms,78,0.825712
latency,tmux,other-busy,5,False,1.32,1.27,echo_ms,79,0.674966
latency,tmux,other-busy,5,False,1.32,1.27,echo_ms,80,0.656031
latency,tmux,other-busy,5,False,1.32,1.27,echo_ms,81,0.79825
latency,tmux,other-busy,5,False,1.32,1.27,echo_ms,82,0.797973
latency,tmux,other-busy,5,False,1.32,1.27,echo_ms,83,0.619916
latency,tmux,other-busy,5,False,1.32,1.27,echo_ms,84,0.695343
latency,tmux,other-busy,5,False,1.32,1.27,echo_ms,85,0.746687
latency,tmux,other-busy,5,False,1.32,1.27,echo_ms,86,0.551651
latency,tmux,other-busy,5,False,1.32,1.27,echo_ms,87,0.822165
latency,tmux,other-busy,5,False,1.32,1.27,echo_ms,88,0.864299
latency,tmux,other-busy,5,False,1.32,1.27,echo_ms,89,0.808769
latency,tmux,other-busy,5,False,1.32,1.27,echo_ms,90,0.688095
latency,tmux,other-busy,5,False,1.32,1.27,echo_ms,91,0.797638
latency,tmux,other-busy,5,False,1.32,1.27,echo_ms,92,0.592488
latency,tmux,other-busy,5,False,1.32,1.27,echo_ms,93,0.816421
latency,tmux,other-busy,5,False,1.32,1.27,echo_ms,94,0.779485
latency,tmux,other-busy,5,False,1.32,1.27,echo_ms,95,0.814869
latency,tmux,other-busy,5,False,1.32,1.27,echo_ms,96,0.740455
latency,tmux,other-busy,5,False,1.32,1.27,echo_ms,97,0.86035
latency,tmux,other-busy,5,False,1.32,1.27,echo_ms,98,1.077283
latency,tmux,other-busy,5,False,1.32,1.27,echo_ms,99,0.791738
latency,tmux,other-busy,5,False,1.32,1.27,timeouts,,0
latency,herdr,other-busy,5,False,1.27,1.31,echo_ms,0,0.445877
latency,herdr,other-busy,5,False,1.27,1.31,echo_ms,1,0.495664
latency,herdr,other-busy,5,False,1.27,1.31,echo_ms,2,0.487149
latency,herdr,other-busy,5,False,1.27,1.31,echo_ms,3,0.45806
latency,herdr,other-busy,5,False,1.27,1.31,echo_ms,4,0.419396
latency,herdr,other-busy,5,False,1.27,1.31,echo_ms,5,0.482562
latency,herdr,other-busy,5,False,1.27,1.31,echo_ms,6,0.487322
latency,herdr,other-busy,5,False,1.27,1.31,echo_ms,7,0.436506
latency,herdr,other-busy,5,False,1.27,1.31,echo_ms,8,0.417672
latency,herdr,other-busy,5,False,1.27,1.31,echo_ms,9,0.451878
latency,herdr,other-busy,5,False,1.27,1.31,echo_ms,10,0.457364
latency,herdr,other-busy,5,False,1.27,1.31,echo_ms,11,0.43215
latency,herdr,other-busy,5,False,1.27,1.31,echo_ms,12,0.423632
latency,herdr,other-busy,5,False,1.27,1.31,echo_ms,13,0.439711
latency,herdr,other-busy,5,False,1.27,1.31,echo_ms,14,0.45825
latency,herdr,other-busy,5,False,1.27,1.31,echo_ms,15,0.447171
latency,herdr,other-busy,5,False,1.27,1.31,echo_ms,16,0.467711
latency,herdr,other-busy,5,False,1.27,1.31,echo_ms,17,0.516674
latency,herdr,other-busy,5,False,1.27,1.31,echo_ms,18,0.455864
latency,herdr,other-busy,5,False,1.27,1.31,echo_ms,19,0.448183
latency,herdr,other-busy,5,False,1.27,1.31,echo_ms,20,0.464232
latency,herdr,other-busy,5,False,1.27,1.31,echo_ms,21,0.440658
latency,herdr,other-busy,5,False,1.27,1.31,echo_ms,22,0.458678
latency,herdr,other-busy,5,False,1.27,1.31,echo_ms,23,0.422036
latency,herdr,other-busy,5,False,1.27,1.31,echo_ms,24,0.423279
latency,herdr,other-busy,5,False,1.27,1.31,echo_ms,25,0.480228
latency,herdr,other-busy,5,False,1.27,1.31,echo_ms,26,0.400543
latency,herdr,other-busy,5,False,1.27,1.31,echo_ms,27,0.438007
latency,herdr,other-busy,5,False,1.27,1.31,echo_ms,28,0.433951
latency,herdr,other-busy,5,False,1.27,1.31,echo_ms,29,0.458239
latency,herdr,other-busy,5,False,1.27,1.31,echo_ms,30,0.463105
latency,herdr,other-busy,5,False,1.27,1.31,echo_ms,31,0.409207
latency,herdr,other-busy,5,False,1.27,1.31,echo_ms,32,1.211803
latency,herdr,other-busy,5,False,1.27,1.31,echo_ms,33,0.417194
latency,herdr,other-busy,5,False,1.27,1.31,echo_ms,34,1.308649
latency,herdr,other-busy,5,False,1.27,1.31,echo_ms,35,0.559663
latency,herdr,other-busy,5,False,1.27,1.31,echo_ms,36,0.420832
latency,herdr,other-busy,5,False,1.27,1.31,echo_ms,37,0.438642
latency,herdr,other-busy,5,False,1.27,1.31,echo_ms,38,0.86027
latency,herdr,other-busy,5,False,1.27,1.31,echo_ms,39,0.498006
latency,herdr,other-busy,5,False,1.27,1.31,echo_ms,40,0.440939
latency,herdr,other-busy,5,False,1.27,1.31,echo_ms,41,0.422603
latency,herdr,other-busy,5,False,1.27,1.31,echo_ms,42,0.41958
latency,herdr,other-busy,5,False,1.27,1.31,echo_ms,43,0.488092
latency,herdr,other-busy,5,False,1.27,1.31,echo_ms,44,0.415517
latency,herdr,other-busy,5,False,1.27,1.31,echo_ms,45,0.436445
latency,herdr,other-busy,5,False,1.27,1.31,echo_ms,46,0.445087
latency,herdr,other-busy,5,False,1.27,1.31,echo_ms,47,0.432485
latency,herdr,other-busy,5,False,1.27,1.31,echo_ms,48,0.429456
latency,herdr,other-busy,5,False,1.27,1.31,echo_ms,49,0.43072
latency,herdr,other-busy,5,False,1.27,1.31,echo_ms,50,0.510986
latency,herdr,other-busy,5,False,1.27,1.31,echo_ms,51,0.423348
latency,herdr,other-busy,5,False,1.27,1.31,echo_ms,52,0.447806
latency,herdr,other-busy,5,False,1.27,1.31,echo_ms,53,0.442418
latency,herdr,other-busy,5,False,1.27,1.31,echo_ms,54,0.469279
latency,herdr,other-busy,5,False,1.27,1.31,echo_ms,55,0.442401
latency,herdr,other-busy,5,False,1.27,1.31,echo_ms,56,0.421695
latency,herdr,other-busy,5,False,1.27,1.31,echo_ms,57,0.488115
latency,herdr,other-busy,5,False,1.27,1.31,echo_ms,58,0.455032
latency,herdr,other-busy,5,False,1.27,1.31,echo_ms,59,0.458551
latency,herdr,other-busy,5,False,1.27,1.31,echo_ms,60,0.452458
latency,herdr,other-busy,5,False,1.27,1.31,echo_ms,61,0.444011
latency,herdr,other-busy,5,False,1.27,1.31,echo_ms,62,0.442869
latency,herdr,other-busy,5,False,1.27,1.31,echo_ms,63,0.560486
latency,herdr,other-busy,5,False,1.27,1.31,echo_ms,64,0.447917
latency,herdr,other-busy,5,False,1.27,1.31,echo_ms,65,0.438789
latency,herdr,other-busy,5,False,1.27,1.31,echo_ms,66,0.571231
latency,herdr,other-busy,5,False,1.27,1.31,echo_ms,67,0.513918
latency,herdr,other-busy,5,False,1.27,1.31,echo_ms,68,0.534731
latency,herdr,other-busy,5,False,1.27,1.31,echo_ms,69,0.465483
latency,herdr,other-busy,5,False,1.27,1.31,echo_ms,70,0.450486
latency,herdr,other-busy,5,False,1.27,1.31,echo_ms,71,0.420525
latency,herdr,other-busy,5,False,1.27,1.31,echo_ms,72,0.484629
latency,herdr,other-busy,5,False,1.27,1.31,echo_ms,73,0.572693
latency,herdr,other-busy,5,False,1.27,1.31,echo_ms,74,0.446477
latency,herdr,other-busy,5,False,1.27,1.31,echo_ms,75,0.486084
latency,herdr,other-busy,5,False,1.27,1.31,echo_ms,76,0.424117
latency,herdr,other-busy,5,False,1.27,1.31,echo_ms,77,0.425582
latency,herdr,other-busy,5,False,1.27,1.31,echo_ms,78,0.482876
latency,herdr,other-busy,5,False,1.27,1.31,echo_ms,79,0.434396
latency,herdr,other-busy,5,False,1.27,1.31,echo_ms,80,0.462142
latency,herdr,other-busy,5,False,1.27,1.31,echo_ms,81,0.518056
latency,herdr,other-busy,5,False,1.27,1.31,echo_ms,82,0.440691
latency,herdr,other-busy,5,False,1.27,1.31,echo_ms,83,0.44616
latency,herdr,other-busy,5,False,1.27,1.31,echo_ms,84,0.438301
latency,herdr,other-busy,5,False,1.27,1.31,echo_ms,85,0.438776
latency,herdr,other-busy,5,False,1.27,1.31,echo_ms,86,0.480315
latency,herdr,other-busy,5,False,1.27,1.31,echo_ms,87,0.44849
latency,herdr,other-busy,5,False,1.27,1.31,echo_ms,88,0.4632
latency,herdr,other-busy,5,False,1.27,1.31,echo_ms,89,0.424724
latency,herdr,other-busy,5,False,1.27,1.31,echo_ms,90,0.456412
latency,herdr,other-busy,5,False,1.27,1.31,echo_ms,91,0.446608
latency,herdr,other-busy,5,False,1.27,1.31,echo_ms,92,0.475816
latency,herdr,other-busy,5,False,1.27,1.31,echo_ms,93,0.477883
latency,herdr,other-busy,5,False,1.27,1.31,echo_ms,94,0.432091
latency,herdr,other-busy,5,False,1.27,1.31,echo_ms,95,0.483942
latency,herdr,other-busy,5,False,1.27,1.31,echo_ms,96,0.450781
latency,herdr,other-busy,5,False,1.27,1.31,echo_ms,97,0.473895
latency,herdr,other-busy,5,False,1.27,1.31,echo_ms,98,0.47096
latency,herdr,other-busy,5,False,1.27,1.31,echo_ms,99,0.468725
latency,herdr,other-busy,5,False,1.27,1.31,timeouts,,0
latency,thurbox,other-busy,5,False,1.31,1.42,echo_ms,0,1.526015
latency,thurbox,other-busy,5,False,1.31,1.42,echo_ms,1,1.792852
latency,thurbox,other-busy,5,False,1.31,1.42,echo_ms,2,1.716265
latency,thurbox,other-busy,5,False,1.31,1.42,echo_ms,3,1.300737
latency,thurbox,other-busy,5,False,1.31,1.42,echo_ms,4,1.73339
latency,thurbox,other-busy,5,False,1.31,1.42,echo_ms,5,1.540541
latency,thurbox,other-busy,5,False,1.31,1.42,echo_ms,6,1.495039
latency,thurbox,other-busy,5,False,1.31,1.42,echo_ms,7,1.623804
latency,thurbox,other-busy,5,False,1.31,1.42,echo_ms,8,1.896687
latency,thurbox,other-busy,5,False,1.31,1.42,echo_ms,9,1.90194
latency,thurbox,other-busy,5,False,1.31,1.42,echo_ms,10,1.777822
latency,thurbox,other-busy,5,False,1.31,1.42,echo_ms,11,2.297639
latency,thurbox,other-busy,5,False,1.31,1.42,echo_ms,12,1.45258
latency,thurbox,other-busy,5,False,1.31,1.42,echo_ms,13,1.468298
latency,thurbox,other-busy,5,False,1.31,1.42,echo_ms,14,1.809512
latency,thurbox,other-busy,5,False,1.31,1.42,echo_ms,15,2.111928
latency,thurbox,other-busy,5,False,1.31,1.42,echo_ms,16,2.120677
latency,thurbox,other-busy,5,False,1.31,1.42,echo_ms,17,3.874391
latency,thurbox,other-busy,5,False,1.31,1.42,echo_ms,18,1.665063
latency,thurbox,other-busy,5,False,1.31,1.42,echo_ms,19,1.531155
latency,thurbox,other-busy,5,False,1.31,1.42,echo_ms,20,1.485265
latency,thurbox,other-busy,5,False,1.31,1.42,echo_ms,21,1.832435
latency,thurbox,other-busy,5,False,1.31,1.42,echo_ms,22,1.775907
latency,thurbox,other-busy,5,False,1.31,1.42,echo_ms,23,1.935081
latency,thurbox,other-busy,5,False,1.31,1.42,echo_ms,24,1.470761
latency,thurbox,other-busy,5,False,1.31,1.42,echo_ms,25,1.843238
latency,thurbox,other-busy,5,False,1.31,1.42,echo_ms,26,1.648334
latency,thurbox,other-busy,5,False,1.31,1.42,echo_ms,27,1.435125
latency,thurbox,other-busy,5,False,1.31,1.42,echo_ms,28,2.390758
latency,thurbox,other-busy,5,False,1.31,1.42,echo_ms,29,1.442523
latency,thurbox,other-busy,5,False,1.31,1.42,echo_ms,30,1.798787
latency,thurbox,other-busy,5,False,1.31,1.42,echo_ms,31,2.372369
latency,thurbox,other-busy,5,False,1.31,1.42,echo_ms,32,1.432334
latency,thurbox,other-busy,5,False,1.31,1.42,echo_ms,33,1.762132
latency,thurbox,other-busy,5,False,1.31,1.42,echo_ms,34,1.450093
latency,thurbox,other-busy,5,False,1.31,1.42,echo_ms,35,2.240768
latency,thurbox,other-busy,5,False,1.31,1.42,echo_ms,36,2.550845
latency,thurbox,other-busy,5,False,1.31,1.42,echo_ms,37,3.809095
latency,thurbox,other-busy,5,False,1.31,1.42,echo_ms,38,1.756438
latency,thurbox,other-busy,5,False,1.31,1.42,echo_ms,39,1.907835
latency,thurbox,other-busy,5,False,1.31,1.42,echo_ms,40,1.23283
latency,thurbox,other-busy,5,False,1.31,1.42,echo_ms,41,1.760548
latency,thurbox,other-busy,5,False,1.31,1.42,echo_ms,42,1.775207
latency,thurbox,other-busy,5,False,1.31,1.42,echo_ms,43,1.862146
latency,thurbox,other-busy,5,False,1.31,1.42,echo_ms,44,1.76802
latency,thurbox,other-busy,5,False,1.31,1.42,echo_ms,45,1.5002
latency,thurbox,other-busy,5,False,1.31,1.42,echo_ms,46,1.980331
latency,thurbox,other-busy,5,False,1.31,1.42,echo_ms,47,1.519407
latency,thurbox,other-busy,5,False,1.31,1.42,echo_ms,48,1.935037
latency,thurbox,other-busy,5,False,1.31,1.42,echo_ms,49,1.288513
latency,thurbox,other-busy,5,False,1.31,1.42,echo_ms,50,1.582276
latency,thurbox,other-busy,5,False,1.31,1.42,echo_ms,51,1.26545
latency,thurbox,other-busy,5,False,1.31,1.42,echo_ms,52,1.532721
latency,thurbox,other-busy,5,False,1.31,1.42,echo_ms,53,1.591056
latency,thurbox,other-busy,5,False,1.31,1.42,echo_ms,54,2.98065
latency,thurbox,other-busy,5,False,1.31,1.42,echo_ms,55,5.196516
latency,thurbox,other-busy,5,False,1.31,1.42,echo_ms,56,1.759119
latency,thurbox,other-busy,5,False,1.31,1.42,echo_ms,57,1.491302
latency,thurbox,other-busy,5,False,1.31,1.42,echo_ms,58,3.22666
latency,thurbox,other-busy,5,False,1.31,1.42,echo_ms,59,1.625312
latency,thurbox,other-busy,5,False,1.31,1.42,echo_ms,60,1.534342
latency,thurbox,other-busy,5,False,1.31,1.42,echo_ms,61,1.409612
latency,thurbox,other-busy,5,False,1.31,1.42,echo_ms,62,1.716538
latency,thurbox,other-busy,5,False,1.31,1.42,echo_ms,63,1.658288
latency,thurbox,other-busy,5,False,1.31,1.42,echo_ms,64,1.577622
latency,thurbox,other-busy,5,False,1.31,1.42,echo_ms,65,1.609611
latency,thurbox,other-busy,5,False,1.31,1.42,echo_ms,66,1.704336
latency,thurbox,other-busy,5,False,1.31,1.42,echo_ms,67,1.691547
latency,thurbox,other-busy,5,False,1.31,1.42,echo_ms,68,1.901903
latency,thurbox,other-busy,5,False,1.31,1.42,echo_ms,69,2.266825
latency,thurbox,other-busy,5,False,1.31,1.42,echo_ms,70,1.414152
latency,thurbox,other-busy,5,False,1.31,1.42,echo_ms,71,1.813632
latency,thurbox,other-busy,5,False,1.31,1.42,echo_ms,72,1.65426
latency,thurbox,other-busy,5,False,1.31,1.42,echo_ms,73,1.499046
latency,thurbox,other-busy,5,False,1.31,1.42,echo_ms,74,1.830869
latency,thurbox,other-busy,5,False,1.31,1.42,echo_ms,75,1.38339
latency,thurbox,other-busy,5,False,1.31,1.42,echo_ms,76,1.407096
latency,thurbox,other-busy,5,False,1.31,1.42,echo_ms,77,1.562797
latency,thurbox,other-busy,5,False,1.31,1.42,echo_ms,78,2.209922
latency,thurbox,other-busy,5,False,1.31,1.42,echo_ms,79,1.864657
latency,thurbox,other-busy,5,False,1.31,1.42,echo_ms,80,1.628049
latency,thurbox,other-busy,5,False,1.31,1.42,echo_ms,81,1.661743
latency,thurbox,other-busy,5,False,1.31,1.42,echo_ms,82,1.767155
latency,thurbox,other-busy,5,False,1.31,1.42,echo_ms,83,1.726554
latency,thurbox,other-busy,5,False,1.31,1.42,echo_ms,84,1.294782
latency,thurbox,other-busy,5,False,1.31,1.42,echo_ms,85,2.562247
latency,thurbox,other-busy,5,False,1.31,1.42,echo_ms,86,2.26499
latency,thurbox,other-busy,5,False,1.31,1.42,echo_ms,87,1.567291
latency,thurbox,other-busy,5,False,1.31,1.42,echo_ms,88,1.399001
latency,thurbox,other-busy,5,False,1.31,1.42,echo_ms,89,1.676033
latency,thurbox,other-busy,5,False,1.31,1.42,echo_ms,90,1.785527
latency,thurbox,other-busy,5,False,1.31,1.42,echo_ms,91,1.906693
latency,thurbox,other-busy,5,False,1.31,1.42,echo_ms,92,1.719311
latency,thurbox,other-busy,5,False,1.31,1.42,echo_ms,93,1.479924
latency,thurbox,other-busy,5,False,1.31,1.42,echo_ms,94,1.592715
latency,thurbox,other-busy,5,False,1.31,1.42,echo_ms,95,2.385576
latency,thurbox,other-busy,5,False,1.31,1.42,echo_ms,96,1.299434
latency,thurbox,other-busy,5,False,1.31,1.42,echo_ms,97,1.610579
latency,thurbox,other-busy,5,False,1.31,1.42,echo_ms,98,1.775272
latency,thurbox,other-busy,5,False,1.31,1.42,echo_ms,99,1.992278
latency,thurbox,other-busy,5,False,1.31,1.42,timeouts,,0
survival,tmux,crash,0,True,1.42,1.42,alive_after_client_kill,,3
survival,tmux,crash,0,True,1.42,1.42,alive_after_server_kill,,0
survival,tmux,restart,0,True,1.42,0.79,commands_back,,0
survival,tmux,restart,0,True,1.42,0.79,forced_shutdown,,False
survival,tmux,restart,0,True,1.42,0.79,restore_ms,,
survival,tmux,restart,0,True,1.42,0.79,listed,,0
survival,herdr,crash,0,True,0.79,0.79,alive_after_client_kill,,3
survival,herdr,crash,0,True,0.79,0.79,alive_after_server_kill,,0
survival,herdr,restart,0,True,0.79,0.44,commands_back,,0
survival,herdr,restart,0,True,0.79,0.44,forced_shutdown,,False
survival,herdr,restart,0,True,0.79,0.44,restore_ms,,
survival,herdr,restart,0,True,0.79,0.44,listed,,3
survival,thurbox,crash,0,True,0.44,0.44,alive_after_client_kill,,3
survival,thurbox,crash,0,True,0.44,0.44,alive_after_server_kill,,0
survival,thurbox,restart,0,True,0.44,0.4,commands_back,,3
survival,thurbox,restart,0,True,0.44,0.4,forced_shutdown,,False
survival,thurbox,restart,0,True,0.44,0.4,restore_ms,,167.99761
survival,thurbox,restart,0,True,0.44,0.4,listed,,3
survival,tmux,crash,1,False,0.4,0.4,alive_after_client_kill,,3
survival,tmux,crash,1,False,0.4,0.4,alive_after_server_kill,,0
survival,tmux,restart,1,False,0.4,0.22,commands_back,,0
survival,tmux,restart,1,False,0.4,0.22,forced_shutdown,,False
survival,tmux,restart,1,False,0.4,0.22,restore_ms,,
survival,tmux,restart,1,False,0.4,0.22,listed,,0
survival,herdr,crash,1,False,0.22,0.22,alive_after_client_kill,,3
survival,herdr,crash,1,False,0.22,0.22,alive_after_server_kill,,0
survival,herdr,restart,1,False,0.22,0.12,commands_back,,0
survival,herdr,restart,1,False,0.22,0.12,forced_shutdown,,False
survival,herdr,restart,1,False,0.22,0.12,restore_ms,,
survival,herdr,restart,1,False,0.22,0.12,listed,,3
survival,thurbox,crash,1,False,0.12,0.12,alive_after_client_kill,,3
survival,thurbox,crash,1,False,0.12,0.12,alive_after_server_kill,,0
survival,thurbox,restart,1,False,0.12,0.11,commands_back,,3
survival,thurbox,restart,1,False,0.12,0.11,forced_shutdown,,False
survival,thurbox,restart,1,False,0.12,0.11,restore_ms,,172.12319
survival,thurbox,restart,1,False,0.12,0.11,listed,,3
survival,tmux,crash,2,False,0.11,0.11,alive_after_client_kill,,3
survival,tmux,crash,2,False,0.11,0.11,alive_after_server_kill,,0
survival,tmux,restart,2,False,0.11,0.06,commands_back,,0
survival,tmux,restart,2,False,0.11,0.06,forced_shutdown,,False
survival,tmux,restart,2,False,0.11,0.06,restore_ms,,
survival,tmux,restart,2,False,0.11,0.06,listed,,0
survival,herdr,crash,2,False,0.06,0.06,alive_after_client_kill,,3
survival,herdr,crash,2,False,0.06,0.06,alive_after_server_kill,,0
survival,herdr,restart,2,False,0.06,0.03,commands_back,,0
survival,herdr,restart,2,False,0.06,0.03,forced_shutdown,,False
survival,herdr,restart,2,False,0.06,0.03,restore_ms,,
survival,herdr,restart,2,False,0.06,0.03,listed,,3
survival,thurbox,crash,2,False,0.03,0.03,alive_after_client_kill,,3
survival,thurbox,crash,2,False,0.03,0.03,alive_after_server_kill,,0
survival,thurbox,restart,2,False,0.03,0.03,commands_back,,3
survival,thurbox,restart,2,False,0.03,0.03,forced_shutdown,,False
survival,thurbox,restart,2,False,0.03,0.03,restore_ms,,157.299819
survival,thurbox,restart,2,False,0.03,0.03,listed,,3
survival,tmux,crash,3,False,0.03,0.03,alive_after_client_kill,,3
survival,tmux,crash,3,False,0.03,0.03,alive_after_server_kill,,0
survival,tmux,restart,3,False,0.03,0.07,commands_back,,0
survival,tmux,restart,3,False,0.03,0.07,forced_shutdown,,False
survival,tmux,restart,3,False,0.03,0.07,restore_ms,,
survival,tmux,restart,3,False,0.03,0.07,listed,,0
survival,herdr,crash,3,False,0.07,0.07,alive_after_client_kill,,3
survival,herdr,crash,3,False,0.07,0.07,alive_after_server_kill,,0
survival,herdr,restart,3,False,0.07,0.09,commands_back,,0
survival,herdr,restart,3,False,0.07,0.09,forced_shutdown,,False
survival,herdr,restart,3,False,0.07,0.09,restore_ms,,
survival,herdr,restart,3,False,0.07,0.09,listed,,3
survival,thurbox,crash,3,False,0.09,0.09,alive_after_client_kill,,3
survival,thurbox,crash,3,False,0.09,0.09,alive_after_server_kill,,0
survival,thurbox,restart,3,False,0.09,0.08,commands_back,,3
survival,thurbox,restart,3,False,0.09,0.08,forced_shutdown,,False
survival,thurbox,restart,3,False,0.09,0.08,restore_ms,,167.180588
survival,thurbox,restart,3,False,0.09,0.08,listed,,3
survival,tmux,crash,4,False,0.08,0.08,alive_after_client_kill,,3
survival,tmux,crash,4,False,0.08,0.08,alive_after_server_kill,,0
survival,tmux,restart,4,False,0.08,0.05,commands_back,,0
survival,tmux,restart,4,False,0.08,0.05,forced_shutdown,,False
survival,tmux,restart,4,False,0.08,0.05,restore_ms,,
survival,tmux,restart,4,False,0.08,0.05,listed,,0
survival,herdr,crash,4,False,0.05,0.05,alive_after_client_kill,,3
survival,herdr,crash,4,False,0.05,0.05,alive_after_server_kill,,0
survival,herdr,restart,4,False,0.05,0.02,commands_back,,0
survival,herdr,restart,4,False,0.05,0.02,forced_shutdown,,False
survival,herdr,restart,4,False,0.05,0.02,restore_ms,,
survival,herdr,restart,4,False,0.05,0.02,listed,,3
survival,thurbox,crash,4,False,0.02,0.02,alive_after_client_kill,,3
survival,thurbox,crash,4,False,0.02,0.02,alive_after_server_kill,,0
survival,thurbox,restart,4,False,0.02,0.1,commands_back,,3
survival,thurbox,restart,4,False,0.02,0.1,forced_shutdown,,False
survival,thurbox,restart,4,False,0.02,0.1,restore_ms,,163.719954
survival,thurbox,restart,4,False,0.02,0.1,listed,,3
survival,tmux,crash,5,False,0.1,0.1,alive_after_client_kill,,3
survival,tmux,crash,5,False,0.1,0.1,alive_after_server_kill,,0
survival,tmux,restart,5,False,0.1,0.16,commands_back,,0
survival,tmux,restart,5,False,0.1,0.16,forced_shutdown,,False
survival,tmux,restart,5,False,0.1,0.16,restore_ms,,
survival,tmux,restart,5,False,0.1,0.16,listed,,0
survival,herdr,crash,5,False,0.16,0.16,alive_after_client_kill,,3
survival,herdr,crash,5,False,0.16,0.16,alive_after_server_kill,,0
survival,herdr,restart,5,False,0.16,0.09,commands_back,,0
survival,herdr,restart,5,False,0.16,0.09,forced_shutdown,,False
survival,herdr,restart,5,False,0.16,0.09,restore_ms,,
survival,herdr,restart,5,False,0.16,0.09,listed,,3
survival,thurbox,crash,5,False,0.09,0.09,alive_after_client_kill,,3
survival,thurbox,crash,5,False,0.09,0.09,alive_after_server_kill,,0
survival,thurbox,restart,5,False,0.09,0.08,commands_back,,3
survival,thurbox,restart,5,False,0.09,0.08,forced_shutdown,,False
survival,thurbox,restart,5,False,0.09,0.08,restore_ms,,167.656581
survival,thurbox,restart,5,False,0.09,0.08,listed,,3
