scenario,host,underlying_multiplexer,variant,rep,warmup,load1,load1_end,metric,sample,value
create,tmux,tmux,N=1,0,True,0.55,0.55,total_ms,,37.167987
create,tmux,tmux,N=1,0,True,0.55,0.55,first_ready_ms,,37.167987
create,tmux,tmux,N=1,0,True,0.55,0.55,last_create_ms,,13.184193
create,tmux,tmux,N=1,0,True,0.55,0.55,mean_create_ms,,13.184193
create,herdr,herdr,N=1,0,True,0.55,0.55,total_ms,,140.539094
create,herdr,herdr,N=1,0,True,0.55,0.55,first_ready_ms,,140.539094
create,herdr,herdr,N=1,0,True,0.55,0.55,last_create_ms,,113.40258
create,herdr,herdr,N=1,0,True,0.55,0.55,mean_create_ms,,113.40258
create,rmux,rmux,N=1,0,True,0.55,0.55,total_ms,,54.35891
create,rmux,rmux,N=1,0,True,0.55,0.55,first_ready_ms,,54.35891
create,rmux,rmux,N=1,0,True,0.55,0.55,last_create_ms,,16.113419
create,rmux,rmux,N=1,0,True,0.55,0.55,mean_create_ms,,16.113419
create,thurbox,tmux,N=1,0,True,0.55,0.55,total_ms,,87.23074
create,thurbox,tmux,N=1,0,True,0.55,0.55,first_ready_ms,,87.23074
create,thurbox,tmux,N=1,0,True,0.55,0.55,last_create_ms,,81.451942
create,thurbox,tmux,N=1,0,True,0.55,0.55,mean_create_ms,,81.451942
create,herdr,herdr,N=1,1,False,0.55,0.55,total_ms,,143.105907
create,herdr,herdr,N=1,1,False,0.55,0.55,first_ready_ms,,143.105907
create,herdr,herdr,N=1,1,False,0.55,0.55,last_create_ms,,116.1044
create,herdr,herdr,N=1,1,False,0.55,0.55,mean_create_ms,,116.1044
create,rmux,rmux,N=1,1,False,0.55,0.55,total_ms,,58.280935
create,rmux,rmux,N=1,1,False,0.55,0.55,first_ready_ms,,58.280935
create,rmux,rmux,N=1,1,False,0.55,0.55,last_create_ms,,27.763725
create,rmux,rmux,N=1,1,False,0.55,0.55,mean_create_ms,,27.763725
create,thurbox,tmux,N=1,1,False,0.55,0.55,total_ms,,124.184124
create,thurbox,tmux,N=1,1,False,0.55,0.55,first_ready_ms,,124.184124
create,thurbox,tmux,N=1,1,False,0.55,0.55,last_create_ms,,119.083919
create,thurbox,tmux,N=1,1,False,0.55,0.55,mean_create_ms,,119.083919
create,tmux,tmux,N=1,1,False,0.55,0.55,total_ms,,37.886772
create,tmux,tmux,N=1,1,False,0.55,0.55,first_ready_ms,,37.886772
create,tmux,tmux,N=1,1,False,0.55,0.55,last_create_ms,,13.139764
create,tmux,tmux,N=1,1,False,0.55,0.55,mean_create_ms,,13.139764
create,rmux,rmux,N=1,2,False,0.55,0.55,total_ms,,39.742471
create,rmux,rmux,N=1,2,False,0.55,0.55,first_ready_ms,,39.742471
create,rmux,rmux,N=1,2,False,0.55,0.55,last_create_ms,,11.745141
create,rmux,rmux,N=1,2,False,0.55,0.55,mean_create_ms,,11.745141
create,thurbox,tmux,N=1,2,False,0.55,0.55,total_ms,,90.719669
create,thurbox,tmux,N=1,2,False,0.55,0.55,first_ready_ms,,90.719669
create,thurbox,tmux,N=1,2,False,0.55,0.55,last_create_ms,,85.743765
create,thurbox,tmux,N=1,2,False,0.55,0.55,mean_create_ms,,85.743765
create,tmux,tmux,N=1,2,False,0.55,0.55,total_ms,,37.869356
create,tmux,tmux,N=1,2,False,0.55,0.55,first_ready_ms,,37.869356
create,tmux,tmux,N=1,2,False,0.55,0.55,last_create_ms,,13.183632
create,tmux,tmux,N=1,2,False,0.55,0.55,mean_create_ms,,13.183632
create,herdr,herdr,N=1,2,False,0.55,0.55,total_ms,,144.622901
create,herdr,herdr,N=1,2,False,0.55,0.55,first_ready_ms,,144.622901
create,herdr,herdr,N=1,2,False,0.55,0.55,last_create_ms,,117.694607
create,herdr,herdr,N=1,2,False,0.55,0.55,mean_create_ms,,117.694607
create,thurbox,tmux,N=1,3,False,0.55,0.55,total_ms,,67.183424
create,thurbox,tmux,N=1,3,False,0.55,0.55,first_ready_ms,,67.183424
create,thurbox,tmux,N=1,3,False,0.55,0.55,last_create_ms,,62.512122
create,thurbox,tmux,N=1,3,False,0.55,0.55,mean_create_ms,,62.512122
create,tmux,tmux,N=1,3,False,0.55,0.55,total_ms,,37.95036
create,tmux,tmux,N=1,3,False,0.55,0.55,first_ready_ms,,37.95036
create,tmux,tmux,N=1,3,False,0.55,0.55,last_create_ms,,13.321597
create,tmux,tmux,N=1,3,False,0.55,0.55,mean_create_ms,,13.321597
create,herdr,herdr,N=1,3,False,0.55,0.55,total_ms,,146.540414
create,herdr,herdr,N=1,3,False,0.55,0.55,first_ready_ms,,146.540414
create,herdr,herdr,N=1,3,False,0.55,0.55,last_create_ms,,119.509214
create,herdr,herdr,N=1,3,False,0.55,0.55,mean_create_ms,,119.509214
create,rmux,rmux,N=1,3,False,0.55,0.55,total_ms,,50.941539
create,rmux,rmux,N=1,3,False,0.55,0.55,first_ready_ms,,50.941539
create,rmux,rmux,N=1,3,False,0.55,0.55,last_create_ms,,22.935152
create,rmux,rmux,N=1,3,False,0.55,0.55,mean_create_ms,,22.935152
create,tmux,tmux,N=1,4,False,0.55,0.55,total_ms,,37.867946
create,tmux,tmux,N=1,4,False,0.55,0.55,first_ready_ms,,37.867946
create,tmux,tmux,N=1,4,False,0.55,0.55,last_create_ms,,13.048352
create,tmux,tmux,N=1,4,False,0.55,0.55,mean_create_ms,,13.048352
create,herdr,herdr,N=1,4,False,0.55,0.55,total_ms,,144.7582
create,herdr,herdr,N=1,4,False,0.55,0.55,first_ready_ms,,144.7582
create,herdr,herdr,N=1,4,False,0.55,0.55,last_create_ms,,118.022603
create,herdr,herdr,N=1,4,False,0.55,0.55,mean_create_ms,,118.022603
create,rmux,rmux,N=1,4,False,0.55,0.55,total_ms,,54.836904
create,rmux,rmux,N=1,4,False,0.55,0.55,first_ready_ms,,54.836904
create,rmux,rmux,N=1,4,False,0.55,0.55,last_create_ms,,16.280025
create,rmux,rmux,N=1,4,False,0.55,0.55,mean_create_ms,,16.280025
create,thurbox,tmux,N=1,4,False,0.55,0.55,total_ms,,127.67052
create,thurbox,tmux,N=1,4,False,0.55,0.55,first_ready_ms,,127.67052
create,thurbox,tmux,N=1,4,False,0.55,0.55,last_create_ms,,122.900539
create,thurbox,tmux,N=1,4,False,0.55,0.55,mean_create_ms,,122.900539
create,herdr,herdr,N=1,5,False,0.55,0.55,total_ms,,145.106177
create,herdr,herdr,N=1,5,False,0.55,0.55,first_ready_ms,,145.106177
create,herdr,herdr,N=1,5,False,0.55,0.55,last_create_ms,,118.171829
create,herdr,herdr,N=1,5,False,0.55,0.55,mean_create_ms,,118.171829
create,rmux,rmux,N=1,5,False,0.55,0.55,total_ms,,46.131998
create,rmux,rmux,N=1,5,False,0.55,0.55,first_ready_ms,,46.131998
create,rmux,rmux,N=1,5,False,0.55,0.55,last_create_ms,,16.799886
create,rmux,rmux,N=1,5,False,0.55,0.55,mean_create_ms,,16.799886
create,thurbox,tmux,N=1,5,False,0.55,0.55,total_ms,,99.595866
create,thurbox,tmux,N=1,5,False,0.55,0.55,first_ready_ms,,99.595866
create,thurbox,tmux,N=1,5,False,0.55,0.55,last_create_ms,,99.118052
create,thurbox,tmux,N=1,5,False,0.55,0.55,mean_create_ms,,99.118052
create,tmux,tmux,N=1,5,False,0.55,0.55,total_ms,,37.908364
create,tmux,tmux,N=1,5,False,0.55,0.55,first_ready_ms,,37.908364
create,tmux,tmux,N=1,5,False,0.55,0.55,last_create_ms,,13.30823
create,tmux,tmux,N=1,5,False,0.55,0.55,mean_create_ms,,13.30823
create,tmux,tmux,N=5,0,True,0.55,0.55,total_ms,,63.581853
create,tmux,tmux,N=5,0,True,0.55,0.55,first_ready_ms,,39.310434
create,tmux,tmux,N=5,0,True,0.55,0.55,last_create_ms,,9.176167
create,tmux,tmux,N=5,0,True,0.55,0.55,mean_create_ms,,7.6023632
create,herdr,herdr,N=5,0,True,0.55,0.67,total_ms,,306.363358
create,herdr,herdr,N=5,0,True,0.55,0.67,first_ready_ms,,146.434581
create,herdr,herdr,N=5,0,True,0.55,0.67,last_create_ms,,19.79676
create,herdr,herdr,N=5,0,True,0.55,0.67,mean_create_ms,,54.0868776
create,rmux,rmux,N=5,0,True,0.67,0.67,total_ms,,74.675741
create,rmux,rmux,N=5,0,True,0.67,0.67,first_ready_ms,,41.43517
create,rmux,rmux,N=5,0,True,0.67,0.67,last_create_ms,,11.793117
create,rmux,rmux,N=5,0,True,0.67,0.67,mean_create_ms,,9.3498316
create,thurbox,tmux,N=5,0,True,0.67,0.67,total_ms,,230.836771
create,thurbox,tmux,N=5,0,True,0.67,0.67,first_ready_ms,,88.519351
create,thurbox,tmux,N=5,0,True,0.67,0.67,last_create_ms,,33.525297
create,thurbox,tmux,N=5,0,True,0.67,0.67,mean_create_ms,,44.5140066
create,herdr,herdr,N=5,1,False,0.67,0.67,total_ms,,189.403055
create,herdr,herdr,N=5,1,False,0.67,0.67,first_ready_ms,,147.689377
create,herdr,herdr,N=5,1,False,0.67,0.67,last_create_ms,,11.305301
create,herdr,herdr,N=5,1,False,0.67,0.67,mean_create_ms,,32.7386432
create,rmux,rmux,N=5,1,False,0.67,0.67,total_ms,,74.735089
create,rmux,rmux,N=5,1,False,0.67,0.67,first_ready_ms,,41.327517
create,rmux,rmux,N=5,1,False,0.67,0.67,last_create_ms,,13.775104
create,rmux,rmux,N=5,1,False,0.67,0.67,mean_create_ms,,9.669795800000001
create,thurbox,tmux,N=5,1,False,0.67,0.67,total_ms,,205.43968
create,thurbox,tmux,N=5,1,False,0.67,0.67,first_ready_ms,,64.841345
create,thurbox,tmux,N=5,1,False,0.67,0.67,last_create_ms,,33.519097
create,thurbox,tmux,N=5,1,False,0.67,0.67,mean_create_ms,,39.3119536
create,tmux,tmux,N=5,1,False,0.67,0.67,total_ms,,64.949859
create,tmux,tmux,N=5,1,False,0.67,0.67,first_ready_ms,,39.197866
create,tmux,tmux,N=5,1,False,0.67,0.67,last_create_ms,,11.603723
create,tmux,tmux,N=5,1,False,0.67,0.67,mean_create_ms,,7.9548258
create,rmux,rmux,N=5,2,False,0.67,0.67,total_ms,,72.946439
create,rmux,rmux,N=5,2,False,0.67,0.67,first_ready_ms,,41.077772
create,rmux,rmux,N=5,2,False,0.67,0.67,last_create_ms,,12.952548
create,rmux,rmux,N=5,2,False,0.67,0.67,mean_create_ms,,9.2071226
create,thurbox,tmux,N=5,2,False,0.67,0.67,total_ms,,203.329643
create,thurbox,tmux,N=5,2,False,0.67,0.67,first_ready_ms,,64.216442
create,thurbox,tmux,N=5,2,False,0.67,0.67,last_create_ms,,33.465738
create,thurbox,tmux,N=5,2,False,0.67,0.67,mean_create_ms,,38.9982464
create,tmux,tmux,N=5,2,False,0.67,0.67,total_ms,,60.926064
create,tmux,tmux,N=5,2,False,0.67,0.67,first_ready_ms,,39.619406
create,tmux,tmux,N=5,2,False,0.67,0.67,last_create_ms,,8.050373
create,tmux,tmux,N=5,2,False,0.67,0.67,mean_create_ms,,7.0772008
create,herdr,herdr,N=5,2,False,0.67,0.67,total_ms,,309.38888
create,herdr,herdr,N=5,2,False,0.67,0.67,first_ready_ms,,153.587952
create,herdr,herdr,N=5,2,False,0.67,0.67,last_create_ms,,12.155813
create,herdr,herdr,N=5,2,False,0.67,0.67,mean_create_ms,,53.265943799999995
create,thurbox,tmux,N=5,3,False,0.67,0.67,total_ms,,277.444492
create,thurbox,tmux,N=5,3,False,0.67,0.67,first_ready_ms,,133.198798
create,thurbox,tmux,N=5,3,False,0.67,0.67,last_create_ms,,34.531871
create,thurbox,tmux,N=5,3,False,0.67,0.67,mean_create_ms,,53.967376
create,tmux,tmux,N=5,3,False,0.67,0.67,total_ms,,69.566473
create,tmux,tmux,N=5,3,False,0.67,0.67,first_ready_ms,,39.718858
create,tmux,tmux,N=5,3,False,0.67,0.67,last_create_ms,,9.283035
create,tmux,tmux,N=5,3,False,0.67,0.67,mean_create_ms,,8.1024458
create,herdr,herdr,N=5,3,False,0.67,0.67,total_ms,,193.021058
create,herdr,herdr,N=5,3,False,0.67,0.67,first_ready_ms,,154.860102
create,herdr,herdr,N=5,3,False,0.67,0.67,last_create_ms,,11.015786
create,herdr,herdr,N=5,3,False,0.67,0.67,mean_create_ms,,33.4941582
create,rmux,rmux,N=5,3,False,0.67,0.67,total_ms,,100.842096
create,rmux,rmux,N=5,3,False,0.67,0.67,first_ready_ms,,69.28151
create,rmux,rmux,N=5,3,False,0.67,0.67,last_create_ms,,15.439162
create,rmux,rmux,N=5,3,False,0.67,0.67,mean_create_ms,,14.533681199999998
create,tmux,tmux,N=5,4,False,0.67,0.67,total_ms,,68.702736
create,tmux,tmux,N=5,4,False,0.67,0.67,first_ready_ms,,39.767788
create,tmux,tmux,N=5,4,False,0.67,0.67,last_create_ms,,7.464263
create,tmux,tmux,N=5,4,False,0.67,0.67,mean_create_ms,,7.7272532
create,herdr,herdr,N=5,4,False,0.67,0.67,total_ms,,191.381813
create,herdr,herdr,N=5,4,False,0.67,0.67,first_ready_ms,,151.337365
create,herdr,herdr,N=5,4,False,0.67,0.67,last_create_ms,,12.299147
create,herdr,herdr,N=5,4,False,0.67,0.67,mean_create_ms,,33.316382
create,rmux,rmux,N=5,4,False,0.67,0.67,total_ms,,75.617272
create,rmux,rmux,N=5,4,False,0.67,0.67,first_ready_ms,,41.37611
create,rmux,rmux,N=5,4,False,0.67,0.67,last_create_ms,,12.866186
create,rmux,rmux,N=5,4,False,0.67,0.67,mean_create_ms,,9.579128800000001
create,thurbox,tmux,N=5,4,False,0.67,0.67,total_ms,,215.144059
create,thurbox,tmux,N=5,4,False,0.67,0.67,first_ready_ms,,73.281243
create,thurbox,tmux,N=5,4,False,0.67,0.67,last_create_ms,,33.839256
create,thurbox,tmux,N=5,4,False,0.67,0.67,mean_create_ms,,41.427544399999995
create,herdr,herdr,N=5,5,False,0.67,0.67,total_ms,,194.352857
create,herdr,herdr,N=5,5,False,0.67,0.67,first_ready_ms,,148.57434
create,herdr,herdr,N=5,5,False,0.67,0.67,last_create_ms,,12.498041
create,herdr,herdr,N=5,5,False,0.67,0.67,mean_create_ms,,33.3202322
create,rmux,rmux,N=5,5,False,0.67,0.67,total_ms,,74.650805
create,rmux,rmux,N=5,5,False,0.67,0.67,first_ready_ms,,41.220054
create,rmux,rmux,N=5,5,False,0.67,0.67,last_create_ms,,14.026961
create,rmux,rmux,N=5,5,False,0.67,0.67,mean_create_ms,,9.8266234
create,thurbox,tmux,N=5,5,False,0.67,0.67,total_ms,,204.259298
create,thurbox,tmux,N=5,5,False,0.67,0.67,first_ready_ms,,60.191127
create,thurbox,tmux,N=5,5,False,0.67,0.67,last_create_ms,,33.595148
create,thurbox,tmux,N=5,5,False,0.67,0.67,mean_create_ms,,39.1337808
create,tmux,tmux,N=5,5,False,0.67,0.67,total_ms,,80.734525
create,tmux,tmux,N=5,5,False,0.67,0.67,first_ready_ms,,41.836919
create,tmux,tmux,N=5,5,False,0.67,0.67,last_create_ms,,13.489445
create,tmux,tmux,N=5,5,False,0.67,0.67,mean_create_ms,,10.562157
create,tmux,tmux,N=20,0,True,0.67,0.67,total_ms,,203.329742
create,tmux,tmux,N=20,0,True,0.67,0.67,first_ready_ms,,39.556064
create,tmux,tmux,N=20,0,True,0.67,0.67,last_create_ms,,11.179616
create,tmux,tmux,N=20,0,True,0.67,0.67,mean_create_ms,,8.740326699999999
create,herdr,herdr,N=20,0,True,0.67,0.94,total_ms,,529.575117
create,herdr,herdr,N=20,0,True,0.67,0.94,first_ready_ms,,149.941275
create,herdr,herdr,N=20,0,True,0.67,0.94,last_create_ms,,113.551447
create,herdr,herdr,N=20,0,True,0.67,0.94,mean_create_ms,,22.76131215
create,rmux,rmux,N=20,0,True,0.94,0.94,total_ms,,225.129906
create,rmux,rmux,N=20,0,True,0.94,0.94,first_ready_ms,,40.972998
create,rmux,rmux,N=20,0,True,0.94,0.94,last_create_ms,,10.918181
create,rmux,rmux,N=20,0,True,0.94,0.94,mean_create_ms,,9.858889
create,thurbox,tmux,N=20,0,True,0.94,0.94,total_ms,,728.717889
create,thurbox,tmux,N=20,0,True,0.94,0.94,first_ready_ms,,72.525212
create,thurbox,tmux,N=20,0,True,0.94,0.94,last_create_ms,,35.149822
create,thurbox,tmux,N=20,0,True,0.94,0.94,mean_create_ms,,36.08440315
create,herdr,herdr,N=20,1,False,0.94,0.94,total_ms,,1267.089928
create,herdr,herdr,N=20,1,False,0.94,0.94,first_ready_ms,,146.953101
create,herdr,herdr,N=20,1,False,0.94,0.94,last_create_ms,,23.68939
create,herdr,herdr,N=20,1,False,0.94,0.94,mean_create_ms,,59.3505913
create,rmux,rmux,N=20,1,False,0.94,0.94,total_ms,,224.388311
create,rmux,rmux,N=20,1,False,0.94,0.94,first_ready_ms,,41.140222
create,rmux,rmux,N=20,1,False,0.94,0.94,last_create_ms,,12.425686
create,rmux,rmux,N=20,1,False,0.94,0.94,mean_create_ms,,9.80602725
create,thurbox,tmux,N=20,1,False,0.94,0.94,total_ms,,730.072579
create,thurbox,tmux,N=20,1,False,0.94,0.94,first_ready_ms,,60.680633
create,thurbox,tmux,N=20,1,False,0.94,0.94,last_create_ms,,35.173128
create,thurbox,tmux,N=20,1,False,0.94,0.94,mean_create_ms,,36.16199225
create,tmux,tmux,N=20,1,False,0.94,0.94,total_ms,,205.776688
create,tmux,tmux,N=20,1,False,0.94,0.94,first_ready_ms,,39.66121
create,tmux,tmux,N=20,1,False,0.94,0.94,last_create_ms,,6.815232
create,tmux,tmux,N=20,1,False,0.94,0.94,mean_create_ms,,8.38274165
create,rmux,rmux,N=20,2,False,0.94,0.94,total_ms,,227.705023
create,rmux,rmux,N=20,2,False,0.94,0.94,first_ready_ms,,41.507714
create,rmux,rmux,N=20,2,False,0.94,0.94,last_create_ms,,9.38373
create,rmux,rmux,N=20,2,False,0.94,0.94,mean_create_ms,,9.91648145
create,thurbox,tmux,N=20,2,False,0.94,1.02,total_ms,,725.8206
create,thurbox,tmux,N=20,2,False,0.94,1.02,first_ready_ms,,65.530445
create,thurbox,tmux,N=20,2,False,0.94,1.02,last_create_ms,,35.020669
create,thurbox,tmux,N=20,2,False,0.94,1.02,mean_create_ms,,35.936891100000004
create,tmux,tmux,N=20,2,False,1.02,1.02,total_ms,,191.971755
create,tmux,tmux,N=20,2,False,1.02,1.02,first_ready_ms,,39.588129
create,tmux,tmux,N=20,2,False,1.02,1.02,last_create_ms,,8.762877
create,tmux,tmux,N=20,2,False,1.02,1.02,mean_create_ms,,8.4387688
create,herdr,herdr,N=20,2,False,1.02,1.02,total_ms,,782.788015
create,herdr,herdr,N=20,2,False,1.02,1.02,first_ready_ms,,148.693743
create,herdr,herdr,N=20,2,False,1.02,1.02,last_create_ms,,22.176433
create,herdr,herdr,N=20,2,False,1.02,1.02,mean_create_ms,,35.070376350000004
create,thurbox,tmux,N=20,3,False,1.02,1.02,total_ms,,711.808283
create,thurbox,tmux,N=20,3,False,1.02,1.02,first_ready_ms,,60.04867
create,thurbox,tmux,N=20,3,False,1.02,1.02,last_create_ms,,34.419557
create,thurbox,tmux,N=20,3,False,1.02,1.02,mean_create_ms,,35.191047950000005
create,tmux,tmux,N=20,3,False,1.02,1.02,total_ms,,197.16454
create,tmux,tmux,N=20,3,False,1.02,1.02,first_ready_ms,,39.004619
create,tmux,tmux,N=20,3,False,1.02,1.02,last_create_ms,,9.36575
create,tmux,tmux,N=20,3,False,1.02,1.02,mean_create_ms,,8.63559285
create,herdr,herdr,N=20,3,False,1.02,1.02,total_ms,,1093.335091
create,herdr,herdr,N=20,3,False,1.02,1.02,first_ready_ms,,145.101239
create,herdr,herdr,N=20,3,False,1.02,1.02,last_create_ms,,121.990111
create,herdr,herdr,N=20,3,False,1.02,1.02,mean_create_ms,,51.214040600000004
create,rmux,rmux,N=20,3,False,1.02,1.02,total_ms,,230.497527
create,rmux,rmux,N=20,3,False,1.02,1.02,first_ready_ms,,41.048296
create,rmux,rmux,N=20,3,False,1.02,1.02,last_create_ms,,10.136478
create,rmux,rmux,N=20,3,False,1.02,1.02,mean_create_ms,,9.8368243
create,tmux,tmux,N=20,4,False,1.02,1.02,total_ms,,193.803116
create,tmux,tmux,N=20,4,False,1.02,1.02,first_ready_ms,,39.265124
create,tmux,tmux,N=20,4,False,1.02,1.02,last_create_ms,,8.69845
create,tmux,tmux,N=20,4,False,1.02,1.02,mean_create_ms,,8.1954823
create,herdr,herdr,N=20,4,False,1.02,1.26,total_ms,,762.539802
create,herdr,herdr,N=20,4,False,1.02,1.26,first_ready_ms,,146.970527
create,herdr,herdr,N=20,4,False,1.02,1.26,last_create_ms,,14.331385
create,herdr,herdr,N=20,4,False,1.02,1.26,mean_create_ms,,35.56937215
create,rmux,rmux,N=20,4,False,1.26,1.26,total_ms,,229.968924
create,rmux,rmux,N=20,4,False,1.26,1.26,first_ready_ms,,41.056909
create,rmux,rmux,N=20,4,False,1.26,1.26,last_create_ms,,10.312779
create,rmux,rmux,N=20,4,False,1.26,1.26,mean_create_ms,,10.08125125
create,thurbox,tmux,N=20,4,False,1.26,1.26,total_ms,,724.967685
create,thurbox,tmux,N=20,4,False,1.26,1.26,first_ready_ms,,65.633856
create,thurbox,tmux,N=20,4,False,1.26,1.26,last_create_ms,,34.435928
create,thurbox,tmux,N=20,4,False,1.26,1.26,mean_create_ms,,35.8734121
create,herdr,herdr,N=20,5,False,1.26,1.26,total_ms,,537.030247
create,herdr,herdr,N=20,5,False,1.26,1.26,first_ready_ms,,146.809549
create,herdr,herdr,N=20,5,False,1.26,1.26,last_create_ms,,20.769101
create,herdr,herdr,N=20,5,False,1.26,1.26,mean_create_ms,,22.8760157
create,rmux,rmux,N=20,5,False,1.26,1.26,total_ms,,220.824747
create,rmux,rmux,N=20,5,False,1.26,1.26,first_ready_ms,,41.139535
create,rmux,rmux,N=20,5,False,1.26,1.26,last_create_ms,,8.979592
create,rmux,rmux,N=20,5,False,1.26,1.26,mean_create_ms,,9.6235667
create,thurbox,tmux,N=20,5,False,1.26,1.26,total_ms,,721.708947
create,thurbox,tmux,N=20,5,False,1.26,1.26,first_ready_ms,,66.487267
create,thurbox,tmux,N=20,5,False,1.26,1.26,last_create_ms,,37.307027
create,thurbox,tmux,N=20,5,False,1.26,1.26,mean_create_ms,,35.8245966
create,tmux,tmux,N=20,5,False,1.26,1.26,total_ms,,201.431966
create,tmux,tmux,N=20,5,False,1.26,1.26,first_ready_ms,,39.36803
create,tmux,tmux,N=20,5,False,1.26,1.26,last_create_ms,,6.511119
create,tmux,tmux,N=20,5,False,1.26,1.26,mean_create_ms,,8.47976775
create,tmux,tmux,N=50,0,True,1.26,1.26,total_ms,,460.148689
create,tmux,tmux,N=50,0,True,1.26,1.26,first_ready_ms,,39.647112
create,tmux,tmux,N=50,0,True,1.26,1.26,last_create_ms,,10.862283
create,tmux,tmux,N=50,0,True,1.26,1.26,mean_create_ms,,8.72406498
create,herdr,herdr,N=50,0,True,1.26,1.24,total_ms,,2682.510945
create,herdr,herdr,N=50,0,True,1.26,1.24,first_ready_ms,,148.085398
create,herdr,herdr,N=50,0,True,1.26,1.24,last_create_ms,,136.241568
create,herdr,herdr,N=50,0,True,1.26,1.24,mean_create_ms,,52.65746892
create,rmux,rmux,N=50,0,True,1.24,1.24,total_ms,,540.711573
create,rmux,rmux,N=50,0,True,1.24,1.24,first_ready_ms,,45.753347
create,rmux,rmux,N=50,0,True,1.24,1.24,last_create_ms,,10.423879
create,rmux,rmux,N=50,0,True,1.24,1.24,mean_create_ms,,10.289403740000001
create,thurbox,tmux,N=50,0,True,1.24,1.24,total_ms,,1766.918253
create,thurbox,tmux,N=50,0,True,1.24,1.24,first_ready_ms,,59.742871
create,thurbox,tmux,N=50,0,True,1.24,1.24,last_create_ms,,35.715808
create,thurbox,tmux,N=50,0,True,1.24,1.24,mean_create_ms,,35.201810259999995
create,herdr,herdr,N=50,1,False,1.22,1.22,total_ms,,2817.539904
create,herdr,herdr,N=50,1,False,1.22,1.22,first_ready_ms,,144.05167
create,herdr,herdr,N=50,1,False,1.22,1.22,last_create_ms,,28.857484
create,herdr,herdr,N=50,1,False,1.22,1.22,mean_create_ms,,54.77320906
create,rmux,rmux,N=50,1,False,1.22,1.22,total_ms,,540.878628
create,rmux,rmux,N=50,1,False,1.22,1.22,first_ready_ms,,41.341626
create,rmux,rmux,N=50,1,False,1.22,1.22,last_create_ms,,8.052144
create,rmux,rmux,N=50,1,False,1.22,1.22,mean_create_ms,,10.2655964
create,thurbox,tmux,N=50,1,False,1.22,1.28,total_ms,,1792.869569
create,thurbox,tmux,N=50,1,False,1.22,1.28,first_ready_ms,,60.392052
create,thurbox,tmux,N=50,1,False,1.22,1.28,last_create_ms,,48.050235
create,thurbox,tmux,N=50,1,False,1.22,1.28,mean_create_ms,,35.9656278
create,tmux,tmux,N=50,1,False,1.28,1.28,total_ms,,461.928357
create,tmux,tmux,N=50,1,False,1.28,1.28,first_ready_ms,,39.127359
create,tmux,tmux,N=50,1,False,1.28,1.28,last_create_ms,,5.420142
create,tmux,tmux,N=50,1,False,1.28,1.28,mean_create_ms,,8.73889022
create,rmux,rmux,N=50,2,False,1.28,1.28,total_ms,,531.842054
create,rmux,rmux,N=50,2,False,1.28,1.28,first_ready_ms,,40.630782
create,rmux,rmux,N=50,2,False,1.28,1.28,last_create_ms,,10.777071
create,rmux,rmux,N=50,2,False,1.28,1.28,mean_create_ms,,10.09986058
create,thurbox,tmux,N=50,2,False,1.28,1.28,total_ms,,1929.400145
create,thurbox,tmux,N=50,2,False,1.28,1.28,first_ready_ms,,62.498326
create,thurbox,tmux,N=50,2,False,1.28,1.28,last_create_ms,,35.903322
create,thurbox,tmux,N=50,2,False,1.28,1.28,mean_create_ms,,38.449953799999996
create,tmux,tmux,N=50,2,False,1.28,1.28,total_ms,,459.397013
create,tmux,tmux,N=50,2,False,1.28,1.28,first_ready_ms,,38.890092
create,tmux,tmux,N=50,2,False,1.28,1.28,last_create_ms,,7.864482
create,tmux,tmux,N=50,2,False,1.28,1.28,mean_create_ms,,8.616440460000002
create,herdr,herdr,N=50,2,False,1.28,1.66,total_ms,,2776.166353
create,herdr,herdr,N=50,2,False,1.28,1.66,first_ready_ms,,148.013912
create,herdr,herdr,N=50,2,False,1.28,1.66,last_create_ms,,39.007407
create,herdr,herdr,N=50,2,False,1.28,1.66,mean_create_ms,,54.72751582
create,thurbox,tmux,N=50,3,False,1.66,1.66,total_ms,,1775.09429
create,thurbox,tmux,N=50,3,False,1.66,1.66,first_ready_ms,,60.046797
create,thurbox,tmux,N=50,3,False,1.66,1.66,last_create_ms,,35.833574
create,thurbox,tmux,N=50,3,False,1.66,1.66,mean_create_ms,,35.36783918
create,tmux,tmux,N=50,3,False,1.66,2.01,total_ms,,453.400789
create,tmux,tmux,N=50,3,False,1.66,2.01,first_ready_ms,,38.907743
create,tmux,tmux,N=50,3,False,1.66,2.01,last_create_ms,,7.021474
create,tmux,tmux,N=50,3,False,1.66,2.01,mean_create_ms,,8.59491776
create,herdr,herdr,N=50,3,False,2.01,2.01,total_ms,,2918.648225
create,herdr,herdr,N=50,3,False,2.01,2.01,first_ready_ms,,145.461491
create,herdr,herdr,N=50,3,False,2.01,2.01,last_create_ms,,34.813771
create,herdr,herdr,N=50,3,False,2.01,2.01,mean_create_ms,,56.811814700000006
create,rmux,rmux,N=50,3,False,2.01,2.01,total_ms,,538.871184
create,rmux,rmux,N=50,3,False,2.01,2.01,first_ready_ms,,41.172609
create,rmux,rmux,N=50,3,False,2.01,2.01,last_create_ms,,11.649478
create,rmux,rmux,N=50,3,False,2.01,2.01,mean_create_ms,,10.256715539999998
create,tmux,tmux,N=50,4,False,2.01,2.01,total_ms,,458.39931
create,tmux,tmux,N=50,4,False,2.01,2.01,first_ready_ms,,38.70684
create,tmux,tmux,N=50,4,False,2.01,2.01,last_create_ms,,9.980261
create,tmux,tmux,N=50,4,False,2.01,2.01,mean_create_ms,,8.616649460000001
create,herdr,herdr,N=50,4,False,1.93,1.93,total_ms,,2525.561325
create,herdr,herdr,N=50,4,False,1.93,1.93,first_ready_ms,,147.409406
create,herdr,herdr,N=50,4,False,1.93,1.93,last_create_ms,,116.742594
create,herdr,herdr,N=50,4,False,1.93,1.93,mean_create_ms,,49.6653733
create,rmux,rmux,N=50,4,False,1.93,1.93,total_ms,,531.97607
create,rmux,rmux,N=50,4,False,1.93,1.93,first_ready_ms,,41.268745
create,rmux,rmux,N=50,4,False,1.93,1.93,last_create_ms,,9.780411
create,rmux,rmux,N=50,4,False,1.93,1.93,mean_create_ms,,10.066821119999998
create,thurbox,tmux,N=50,4,False,1.93,1.93,total_ms,,1767.158268
create,thurbox,tmux,N=50,4,False,1.93,1.93,first_ready_ms,,78.317538
create,thurbox,tmux,N=50,4,False,1.93,1.93,last_create_ms,,35.633221
create,thurbox,tmux,N=50,4,False,1.93,1.93,mean_create_ms,,35.20719828
create,herdr,herdr,N=50,5,False,1.93,1.93,total_ms,,2197.763166
create,herdr,herdr,N=50,5,False,1.93,1.93,first_ready_ms,,145.372635
create,herdr,herdr,N=50,5,False,1.93,1.93,last_create_ms,,116.597096
create,herdr,herdr,N=50,5,False,1.93,1.93,mean_create_ms,,43.10790082
create,rmux,rmux,N=50,5,False,1.93,1.93,total_ms,,522.52611
create,rmux,rmux,N=50,5,False,1.93,1.93,first_ready_ms,,41.461487
create,rmux,rmux,N=50,5,False,1.93,1.93,last_create_ms,,9.944698
create,rmux,rmux,N=50,5,False,1.93,1.93,mean_create_ms,,9.93219426
create,thurbox,tmux,N=50,5,False,1.93,1.94,total_ms,,1781.585254
create,thurbox,tmux,N=50,5,False,1.93,1.94,first_ready_ms,,71.745034
create,thurbox,tmux,N=50,5,False,1.93,1.94,last_create_ms,,36.256782
create,thurbox,tmux,N=50,5,False,1.93,1.94,mean_create_ms,,35.51082562
create,tmux,tmux,N=50,5,False,1.94,1.94,total_ms,,457.824457
create,tmux,tmux,N=50,5,False,1.94,1.94,first_ready_ms,,39.862665
create,tmux,tmux,N=50,5,False,1.94,1.94,last_create_ms,,4.957932
create,tmux,tmux,N=50,5,False,1.94,1.94,mean_create_ms,,8.6406659
attach,tmux,tmux,N=1,0,True,1.94,1.78,attach_ms,,11.700645
attach,tmux,tmux,N=1,0,True,1.94,1.78,detach_ms,,3.052936
attach,tmux,tmux,N=1,0,True,1.94,1.78,reattach_ms,,10.963924
attach,tmux,tmux,N=1,0,True,1.94,1.78,survivors,,1
attach,herdr,herdr,N=1,0,True,1.78,1.64,attach_ms,,243.410037
attach,herdr,herdr,N=1,0,True,1.78,1.64,detach_ms,,11.022394
attach,herdr,herdr,N=1,0,True,1.78,1.64,reattach_ms,,245.788816
attach,herdr,herdr,N=1,0,True,1.78,1.64,survivors,,1
attach,rmux,rmux,N=1,0,True,1.64,1.51,attach_ms,,12.449028
attach,rmux,rmux,N=1,0,True,1.64,1.51,detach_ms,,2.715415
attach,rmux,rmux,N=1,0,True,1.64,1.51,reattach_ms,,12.148736
attach,rmux,rmux,N=1,0,True,1.64,1.51,survivors,,1
attach,thurbox,tmux,N=1,0,True,1.51,1.36,attach_ms,,85.644469
attach,thurbox,tmux,N=1,0,True,1.51,1.36,detach_ms,,12.184133
attach,thurbox,tmux,N=1,0,True,1.51,1.36,reattach_ms,,88.881811
attach,thurbox,tmux,N=1,0,True,1.51,1.36,survivors,,1
attach,herdr,herdr,N=1,1,False,1.36,1.25,attach_ms,,242.505947
attach,herdr,herdr,N=1,1,False,1.36,1.25,detach_ms,,11.079483
attach,herdr,herdr,N=1,1,False,1.36,1.25,reattach_ms,,244.650418
attach,herdr,herdr,N=1,1,False,1.36,1.25,survivors,,1
attach,rmux,rmux,N=1,1,False,1.25,1.15,attach_ms,,12.967836
attach,rmux,rmux,N=1,1,False,1.25,1.15,detach_ms,,2.811198
attach,rmux,rmux,N=1,1,False,1.25,1.15,reattach_ms,,12.600723
attach,rmux,rmux,N=1,1,False,1.25,1.15,survivors,,1
attach,thurbox,tmux,N=1,1,False,1.15,1.06,attach_ms,,102.973208
attach,thurbox,tmux,N=1,1,False,1.15,1.06,detach_ms,,12.823803
attach,thurbox,tmux,N=1,1,False,1.15,1.06,reattach_ms,,99.995424
attach,thurbox,tmux,N=1,1,False,1.15,1.06,survivors,,1
attach,tmux,tmux,N=1,1,False,1.06,0.97,attach_ms,,12.008393
attach,tmux,tmux,N=1,1,False,1.06,0.97,detach_ms,,3.310899
attach,tmux,tmux,N=1,1,False,1.06,0.97,reattach_ms,,11.253949
attach,tmux,tmux,N=1,1,False,1.06,0.97,survivors,,1
attach,rmux,rmux,N=1,2,False,0.97,0.89,attach_ms,,12.58196
attach,rmux,rmux,N=1,2,False,0.97,0.89,detach_ms,,2.739573
attach,rmux,rmux,N=1,2,False,0.97,0.89,reattach_ms,,12.609022
attach,rmux,rmux,N=1,2,False,0.97,0.89,survivors,,1
attach,thurbox,tmux,N=1,2,False,0.89,0.75,attach_ms,,85.849644
attach,thurbox,tmux,N=1,2,False,0.89,0.75,detach_ms,,12.589776
attach,thurbox,tmux,N=1,2,False,0.89,0.75,reattach_ms,,85.022677
attach,thurbox,tmux,N=1,2,False,0.89,0.75,survivors,,1
attach,tmux,tmux,N=1,2,False,0.75,0.69,attach_ms,,11.798686
attach,tmux,tmux,N=1,2,False,0.75,0.69,detach_ms,,3.396735
attach,tmux,tmux,N=1,2,False,0.75,0.69,reattach_ms,,11.296929
attach,tmux,tmux,N=1,2,False,0.75,0.69,survivors,,1
attach,herdr,herdr,N=1,2,False,0.69,0.64,attach_ms,,242.621407
attach,herdr,herdr,N=1,2,False,0.69,0.64,detach_ms,,11.069873
attach,herdr,herdr,N=1,2,False,0.69,0.64,reattach_ms,,244.48958
attach,herdr,herdr,N=1,2,False,0.69,0.64,survivors,,1
attach,thurbox,tmux,N=1,3,False,0.64,0.59,attach_ms,,92.462515
attach,thurbox,tmux,N=1,3,False,0.64,0.59,detach_ms,,12.298234
attach,thurbox,tmux,N=1,3,False,0.64,0.59,reattach_ms,,90.57777
attach,thurbox,tmux,N=1,3,False,0.64,0.59,survivors,,1
attach,tmux,tmux,N=1,3,False,0.59,0.54,attach_ms,,11.667643
attach,tmux,tmux,N=1,3,False,0.59,0.54,detach_ms,,3.376441
attach,tmux,tmux,N=1,3,False,0.59,0.54,reattach_ms,,10.96019
attach,tmux,tmux,N=1,3,False,0.59,0.54,survivors,,1
attach,herdr,herdr,N=1,3,False,0.54,0.46,attach_ms,,241.621637
attach,herdr,herdr,N=1,3,False,0.54,0.46,detach_ms,,10.629844
attach,herdr,herdr,N=1,3,False,0.54,0.46,reattach_ms,,241.511404
attach,herdr,herdr,N=1,3,False,0.54,0.46,survivors,,1
attach,rmux,rmux,N=1,3,False,0.46,0.42,attach_ms,,12.867108
attach,rmux,rmux,N=1,3,False,0.46,0.42,detach_ms,,2.611832
attach,rmux,rmux,N=1,3,False,0.46,0.42,reattach_ms,,12.691058
attach,rmux,rmux,N=1,3,False,0.46,0.42,survivors,,1
attach,tmux,tmux,N=1,4,False,0.42,0.39,attach_ms,,11.358518
attach,tmux,tmux,N=1,4,False,0.42,0.39,detach_ms,,3.315081
attach,tmux,tmux,N=1,4,False,0.42,0.39,reattach_ms,,11.170353
attach,tmux,tmux,N=1,4,False,0.42,0.39,survivors,,1
attach,herdr,herdr,N=1,4,False,0.39,0.35,attach_ms,,242.908391
attach,herdr,herdr,N=1,4,False,0.39,0.35,detach_ms,,11.083034
attach,herdr,herdr,N=1,4,False,0.39,0.35,reattach_ms,,239.798481
attach,herdr,herdr,N=1,4,False,0.39,0.35,survivors,,1
attach,rmux,rmux,N=1,4,False,0.35,0.33,attach_ms,,19.190915
attach,rmux,rmux,N=1,4,False,0.35,0.33,detach_ms,,2.767296
attach,rmux,rmux,N=1,4,False,0.35,0.33,reattach_ms,,12.073338
attach,rmux,rmux,N=1,4,False,0.35,0.33,survivors,,1
attach,thurbox,tmux,N=1,4,False,0.33,0.36,attach_ms,,88.569701
attach,thurbox,tmux,N=1,4,False,0.33,0.36,detach_ms,,12.236471
attach,thurbox,tmux,N=1,4,False,0.33,0.36,reattach_ms,,91.636648
attach,thurbox,tmux,N=1,4,False,0.33,0.36,survivors,,1
attach,herdr,herdr,N=1,5,False,0.36,0.33,attach_ms,,242.869923
attach,herdr,herdr,N=1,5,False,0.36,0.33,detach_ms,,10.927426
attach,herdr,herdr,N=1,5,False,0.36,0.33,reattach_ms,,243.423287
attach,herdr,herdr,N=1,5,False,0.36,0.33,survivors,,1
attach,rmux,rmux,N=1,5,False,0.33,0.3,attach_ms,,12.860514
attach,rmux,rmux,N=1,5,False,0.33,0.3,detach_ms,,2.777314
attach,rmux,rmux,N=1,5,False,0.33,0.3,reattach_ms,,12.68164
attach,rmux,rmux,N=1,5,False,0.33,0.3,survivors,,1
attach,thurbox,tmux,N=1,5,False,0.3,0.28,attach_ms,,86.494388
attach,thurbox,tmux,N=1,5,False,0.3,0.28,detach_ms,,12.230839
attach,thurbox,tmux,N=1,5,False,0.3,0.28,reattach_ms,,88.413789
attach,thurbox,tmux,N=1,5,False,0.3,0.28,survivors,,1
attach,tmux,tmux,N=1,5,False,0.28,0.25,attach_ms,,11.815457
attach,tmux,tmux,N=1,5,False,0.28,0.25,detach_ms,,3.321591
attach,tmux,tmux,N=1,5,False,0.28,0.25,reattach_ms,,10.9717
attach,tmux,tmux,N=1,5,False,0.28,0.25,survivors,,1
attach,tmux,tmux,N=20,0,True,0.25,0.23,attach_ms,,14.52936
attach,tmux,tmux,N=20,0,True,0.25,0.23,detach_ms,,5.098163
attach,tmux,tmux,N=20,0,True,0.25,0.23,reattach_ms,,12.321192
attach,tmux,tmux,N=20,0,True,0.25,0.23,survivors,,20
attach,herdr,herdr,N=20,0,True,0.23,0.42,attach_ms,,270.841929
attach,herdr,herdr,N=20,0,True,0.23,0.42,detach_ms,,7.164402
attach,herdr,herdr,N=20,0,True,0.23,0.42,reattach_ms,,260.517605
attach,herdr,herdr,N=20,0,True,0.23,0.42,survivors,,20
attach,rmux,rmux,N=20,0,True,0.42,0.38,attach_ms,,12.763819
attach,rmux,rmux,N=20,0,True,0.42,0.38,detach_ms,,2.900292
attach,rmux,rmux,N=20,0,True,0.42,0.38,reattach_ms,,12.833364
attach,rmux,rmux,N=20,0,True,0.42,0.38,survivors,,20
attach,thurbox,tmux,N=20,0,True,0.38,0.35,attach_ms,,111.439903
attach,thurbox,tmux,N=20,0,True,0.38,0.35,detach_ms,,14.940163
attach,thurbox,tmux,N=20,0,True,0.38,0.35,reattach_ms,,111.310634
attach,thurbox,tmux,N=20,0,True,0.38,0.35,survivors,,20
attach,herdr,herdr,N=20,1,False,0.49,0.53,attach_ms,,268.895525
attach,herdr,herdr,N=20,1,False,0.49,0.53,detach_ms,,11.05219
attach,herdr,herdr,N=20,1,False,0.49,0.53,reattach_ms,,285.490138
attach,herdr,herdr,N=20,1,False,0.49,0.53,survivors,,20
attach,rmux,rmux,N=20,1,False,0.53,0.48,attach_ms,,12.7529
attach,rmux,rmux,N=20,1,False,0.53,0.48,detach_ms,,2.657449
attach,rmux,rmux,N=20,1,False,0.53,0.48,reattach_ms,,13.093758
attach,rmux,rmux,N=20,1,False,0.53,0.48,survivors,,20
attach,thurbox,tmux,N=20,1,False,0.48,0.45,attach_ms,,111.618696
attach,thurbox,tmux,N=20,1,False,0.48,0.45,detach_ms,,15.197259
attach,thurbox,tmux,N=20,1,False,0.48,0.45,reattach_ms,,113.241198
attach,thurbox,tmux,N=20,1,False,0.48,0.45,survivors,,20
attach,tmux,tmux,N=20,1,False,0.45,0.38,attach_ms,,21.117334
attach,tmux,tmux,N=20,1,False,0.45,0.38,detach_ms,,5.166537
attach,tmux,tmux,N=20,1,False,0.45,0.38,reattach_ms,,12.079832
attach,tmux,tmux,N=20,1,False,0.45,0.38,survivors,,20
attach,rmux,rmux,N=20,2,False,0.38,0.35,attach_ms,,12.542762
attach,rmux,rmux,N=20,2,False,0.38,0.35,detach_ms,,2.503875
attach,rmux,rmux,N=20,2,False,0.38,0.35,reattach_ms,,12.834246
attach,rmux,rmux,N=20,2,False,0.38,0.35,survivors,,20
attach,thurbox,tmux,N=20,2,False,0.35,0.32,attach_ms,,110.839766
attach,thurbox,tmux,N=20,2,False,0.35,0.32,detach_ms,,14.876839
attach,thurbox,tmux,N=20,2,False,0.35,0.32,reattach_ms,,101.980433
attach,thurbox,tmux,N=20,2,False,0.35,0.32,survivors,,20
attach,tmux,tmux,N=20,2,False,0.32,0.29,attach_ms,,12.630869
attach,tmux,tmux,N=20,2,False,0.32,0.29,detach_ms,,5.185052
attach,tmux,tmux,N=20,2,False,0.32,0.29,reattach_ms,,12.160485
attach,tmux,tmux,N=20,2,False,0.32,0.29,survivors,,20
attach,herdr,herdr,N=20,2,False,0.29,0.47,attach_ms,,266.086277
attach,herdr,herdr,N=20,2,False,0.29,0.47,detach_ms,,10.424371
attach,herdr,herdr,N=20,2,False,0.29,0.47,reattach_ms,,260.583048
attach,herdr,herdr,N=20,2,False,0.29,0.47,survivors,,20
attach,thurbox,tmux,N=20,3,False,0.47,0.43,attach_ms,,150.515557
attach,thurbox,tmux,N=20,3,False,0.47,0.43,detach_ms,,14.843039
attach,thurbox,tmux,N=20,3,False,0.47,0.43,reattach_ms,,107.07163
attach,thurbox,tmux,N=20,3,False,0.47,0.43,survivors,,20
attach,tmux,tmux,N=20,3,False,0.43,0.4,attach_ms,,12.48497
attach,tmux,tmux,N=20,3,False,0.43,0.4,detach_ms,,5.094807
attach,tmux,tmux,N=20,3,False,0.43,0.4,reattach_ms,,12.399818
attach,tmux,tmux,N=20,3,False,0.43,0.4,survivors,,20
attach,herdr,herdr,N=20,3,False,0.4,0.78,attach_ms,,270.583516
attach,herdr,herdr,N=20,3,False,0.4,0.78,detach_ms,,10.98959
attach,herdr,herdr,N=20,3,False,0.4,0.78,reattach_ms,,264.806036
attach,herdr,herdr,N=20,3,False,0.4,0.78,survivors,,20
attach,rmux,rmux,N=20,3,False,0.78,0.72,attach_ms,,12.813278
attach,rmux,rmux,N=20,3,False,0.78,0.72,detach_ms,,2.709451
attach,rmux,rmux,N=20,3,False,0.78,0.72,reattach_ms,,12.903392
attach,rmux,rmux,N=20,3,False,0.78,0.72,survivors,,20
attach,tmux,tmux,N=20,4,False,0.72,0.66,attach_ms,,12.56976
attach,tmux,tmux,N=20,4,False,0.72,0.66,detach_ms,,5.252661
attach,tmux,tmux,N=20,4,False,0.72,0.66,reattach_ms,,12.020166
attach,tmux,tmux,N=20,4,False,0.72,0.66,survivors,,20
attach,herdr,herdr,N=20,4,False,0.66,0.63,attach_ms,,265.976174
attach,herdr,herdr,N=20,4,False,0.66,0.63,detach_ms,,11.071214
attach,herdr,herdr,N=20,4,False,0.66,0.63,reattach_ms,,280.327186
attach,herdr,herdr,N=20,4,False,0.66,0.63,survivors,,20
attach,rmux,rmux,N=20,4,False,0.63,0.58,attach_ms,,12.896135
attach,rmux,rmux,N=20,4,False,0.63,0.58,detach_ms,,2.744838
attach,rmux,rmux,N=20,4,False,0.63,0.58,reattach_ms,,13.087499
attach,rmux,rmux,N=20,4,False,0.63,0.58,survivors,,20
attach,thurbox,tmux,N=20,4,False,0.58,0.54,attach_ms,,109.819689
attach,thurbox,tmux,N=20,4,False,0.58,0.54,detach_ms,,15.316939
attach,thurbox,tmux,N=20,4,False,0.58,0.54,reattach_ms,,169.422716
attach,thurbox,tmux,N=20,4,False,0.58,0.54,survivors,,20
attach,herdr,herdr,N=20,5,False,0.54,0.53,attach_ms,,266.922893
attach,herdr,herdr,N=20,5,False,0.54,0.53,detach_ms,,11.085353
attach,herdr,herdr,N=20,5,False,0.54,0.53,reattach_ms,,283.901819
attach,herdr,herdr,N=20,5,False,0.54,0.53,survivors,,20
attach,rmux,rmux,N=20,5,False,0.53,0.48,attach_ms,,22.647717
attach,rmux,rmux,N=20,5,False,0.53,0.48,detach_ms,,2.655582
attach,rmux,rmux,N=20,5,False,0.53,0.48,reattach_ms,,12.903732
attach,rmux,rmux,N=20,5,False,0.53,0.48,survivors,,20
attach,thurbox,tmux,N=20,5,False,0.48,0.45,attach_ms,,108.557371
attach,thurbox,tmux,N=20,5,False,0.48,0.45,detach_ms,,14.617829
attach,thurbox,tmux,N=20,5,False,0.48,0.45,reattach_ms,,105.114426
attach,thurbox,tmux,N=20,5,False,0.48,0.45,survivors,,20
attach,tmux,tmux,N=20,5,False,0.45,0.38,attach_ms,,12.789612
attach,tmux,tmux,N=20,5,False,0.45,0.38,detach_ms,,5.022203
attach,tmux,tmux,N=20,5,False,0.45,0.38,reattach_ms,,12.023246
attach,tmux,tmux,N=20,5,False,0.45,0.38,survivors,,20
attach,tmux,tmux,N=50,0,True,0.38,0.35,attach_ms,,14.026859
attach,tmux,tmux,N=50,0,True,0.38,0.35,detach_ms,,6.660771
attach,tmux,tmux,N=50,0,True,0.38,0.35,reattach_ms,,13.290678
attach,tmux,tmux,N=50,0,True,0.38,0.35,survivors,,50
attach,herdr,herdr,N=50,0,True,0.35,0.29,attach_ms,,412.822666
attach,herdr,herdr,N=50,0,True,0.35,0.29,detach_ms,,22.030216
attach,herdr,herdr,N=50,0,True,0.35,0.29,reattach_ms,,320.793438
attach,herdr,herdr,N=50,0,True,0.35,0.29,survivors,,50
attach,rmux,rmux,N=50,0,True,0.29,0.27,attach_ms,,13.625358
attach,rmux,rmux,N=50,0,True,0.29,0.27,detach_ms,,2.687567
attach,rmux,rmux,N=50,0,True,0.29,0.27,reattach_ms,,13.422693
attach,rmux,rmux,N=50,0,True,0.29,0.27,survivors,,50
attach,thurbox,tmux,N=50,0,True,0.27,0.3,attach_ms,,421.303053
attach,thurbox,tmux,N=50,0,True,0.27,0.3,detach_ms,,21.960602
attach,thurbox,tmux,N=50,0,True,0.27,0.3,reattach_ms,,187.295562
attach,thurbox,tmux,N=50,0,True,0.27,0.3,survivors,,50
attach,herdr,herdr,N=50,1,False,0.3,0.28,attach_ms,,407.074576
attach,herdr,herdr,N=50,1,False,0.3,0.28,detach_ms,,20.424209
attach,herdr,herdr,N=50,1,False,0.3,0.28,reattach_ms,,314.631289
attach,herdr,herdr,N=50,1,False,0.3,0.28,survivors,,50
attach,rmux,rmux,N=50,1,False,0.28,0.53,attach_ms,,13.237452
attach,rmux,rmux,N=50,1,False,0.28,0.53,detach_ms,,2.636312
attach,rmux,rmux,N=50,1,False,0.28,0.53,reattach_ms,,13.389156
attach,rmux,rmux,N=50,1,False,0.28,0.53,survivors,,50
attach,thurbox,tmux,N=50,1,False,0.53,2.73,attach_ms,,178.571327
attach,thurbox,tmux,N=50,1,False,0.53,2.73,detach_ms,,22.017335
attach,thurbox,tmux,N=50,1,False,0.53,2.73,reattach_ms,,194.975069
attach,thurbox,tmux,N=50,1,False,0.53,2.73,survivors,,50
attach,tmux,tmux,N=50,1,False,2.73,2.31,attach_ms,,14.455261
attach,tmux,tmux,N=50,1,False,2.73,2.31,detach_ms,,8.149137
attach,tmux,tmux,N=50,1,False,2.73,2.31,reattach_ms,,13.48185
attach,tmux,tmux,N=50,1,False,2.73,2.31,survivors,,50
attach,rmux,rmux,N=50,2,False,2.31,2.12,attach_ms,,13.143625
attach,rmux,rmux,N=50,2,False,2.31,2.12,detach_ms,,2.504657
attach,rmux,rmux,N=50,2,False,2.31,2.12,reattach_ms,,13.291607
attach,rmux,rmux,N=50,2,False,2.31,2.12,survivors,,50
attach,thurbox,tmux,N=50,2,False,2.12,2.03,attach_ms,,422.817238
attach,thurbox,tmux,N=50,2,False,2.12,2.03,detach_ms,,22.054116
attach,thurbox,tmux,N=50,2,False,2.12,2.03,reattach_ms,,198.582299
attach,thurbox,tmux,N=50,2,False,2.12,2.03,survivors,,50
attach,tmux,tmux,N=50,2,False,2.03,2.16,attach_ms,,13.901404
attach,tmux,tmux,N=50,2,False,2.03,2.16,detach_ms,,6.767858
attach,tmux,tmux,N=50,2,False,2.03,2.16,reattach_ms,,13.530327
attach,tmux,tmux,N=50,2,False,2.03,2.16,survivors,,50
attach,herdr,herdr,N=50,2,False,2.16,2.06,attach_ms,,410.246121
attach,herdr,herdr,N=50,2,False,2.16,2.06,detach_ms,,10.574226
attach,herdr,herdr,N=50,2,False,2.16,2.06,reattach_ms,,416.373093
attach,herdr,herdr,N=50,2,False,2.16,2.06,survivors,,50
attach,thurbox,tmux,N=50,3,False,2.06,1.9,attach_ms,,441.011618
attach,thurbox,tmux,N=50,3,False,2.06,1.9,detach_ms,,22.113762
attach,thurbox,tmux,N=50,3,False,2.06,1.9,reattach_ms,,443.00617
attach,thurbox,tmux,N=50,3,False,2.06,1.9,survivors,,50
attach,tmux,tmux,N=50,3,False,1.9,1.61,attach_ms,,14.258568
attach,tmux,tmux,N=50,3,False,1.9,1.61,detach_ms,,7.072593
attach,tmux,tmux,N=50,3,False,1.9,1.61,reattach_ms,,13.486657
attach,tmux,tmux,N=50,3,False,1.9,1.61,survivors,,50
attach,herdr,herdr,N=50,3,False,1.61,1.48,attach_ms,,410.164479
attach,herdr,herdr,N=50,3,False,1.61,1.48,detach_ms,,20.401094
attach,herdr,herdr,N=50,3,False,1.61,1.48,reattach_ms,,418.225332
attach,herdr,herdr,N=50,3,False,1.61,1.48,survivors,,50
attach,rmux,rmux,N=50,3,False,1.36,1.25,attach_ms,,12.995322
attach,rmux,rmux,N=50,3,False,1.36,1.25,detach_ms,,2.676291
attach,rmux,rmux,N=50,3,False,1.36,1.25,reattach_ms,,13.251143
attach,rmux,rmux,N=50,3,False,1.36,1.25,survivors,,50
attach,tmux,tmux,N=50,4,False,1.25,1.15,attach_ms,,14.003183
attach,tmux,tmux,N=50,4,False,1.25,1.15,detach_ms,,8.122866
attach,tmux,tmux,N=50,4,False,1.25,1.15,reattach_ms,,13.759939
attach,tmux,tmux,N=50,4,False,1.25,1.15,survivors,,50
attach,herdr,herdr,N=50,4,False,1.15,0.97,attach_ms,,417.394424
attach,herdr,herdr,N=50,4,False,1.15,0.97,detach_ms,,20.363199
attach,herdr,herdr,N=50,4,False,1.15,0.97,reattach_ms,,317.929081
attach,herdr,herdr,N=50,4,False,1.15,0.97,survivors,,50
attach,rmux,rmux,N=50,4,False,0.97,0.89,attach_ms,,13.444077
attach,rmux,rmux,N=50,4,False,0.97,0.89,detach_ms,,2.615506
attach,rmux,rmux,N=50,4,False,0.97,0.89,reattach_ms,,13.287395
attach,rmux,rmux,N=50,4,False,0.97,0.89,survivors,,50
attach,thurbox,tmux,N=50,4,False,0.89,0.9,attach_ms,,424.69805
attach,thurbox,tmux,N=50,4,False,0.89,0.9,detach_ms,,11.552544
attach,thurbox,tmux,N=50,4,False,0.89,0.9,reattach_ms,,427.313472
attach,thurbox,tmux,N=50,4,False,0.89,0.9,survivors,,50
attach,herdr,herdr,N=50,5,False,0.9,0.76,attach_ms,,432.746328
attach,herdr,herdr,N=50,5,False,0.9,0.76,detach_ms,,11.131523
attach,herdr,herdr,N=50,5,False,0.9,0.76,reattach_ms,,318.010907
attach,herdr,herdr,N=50,5,False,0.9,0.76,survivors,,50
attach,rmux,rmux,N=50,5,False,0.76,0.7,attach_ms,,13.131543
attach,rmux,rmux,N=50,5,False,0.76,0.7,detach_ms,,2.624397
attach,rmux,rmux,N=50,5,False,0.76,0.7,reattach_ms,,13.372065
attach,rmux,rmux,N=50,5,False,0.76,0.7,survivors,,50
attach,thurbox,tmux,N=50,5,False,0.7,0.59,attach_ms,,583.176519
attach,thurbox,tmux,N=50,5,False,0.7,0.59,detach_ms,,22.987291
attach,thurbox,tmux,N=50,5,False,0.7,0.59,reattach_ms,,440.616029
attach,thurbox,tmux,N=50,5,False,0.7,0.59,survivors,,50
attach,tmux,tmux,N=50,5,False,0.59,0.55,attach_ms,,14.290065
attach,tmux,tmux,N=50,5,False,0.59,0.55,detach_ms,,7.101959
attach,tmux,tmux,N=50,5,False,0.59,0.55,reattach_ms,,13.610542
attach,tmux,tmux,N=50,5,False,0.59,0.55,survivors,,50
resources,tmux,tmux,N=1 headless idle,0,True,0.55,0.54,pss_mib,,2.056640625
resources,tmux,tmux,N=1 headless idle,0,True,0.55,0.54,rss_mib,,3.75390625
resources,tmux,tmux,N=1 headless idle,0,True,0.55,0.54,cpu_pct,,0.0
resources,tmux,tmux,N=1 headless output,0,True,0.55,0.42,pss_mib,,2.056640625
resources,tmux,tmux,N=1 headless output,0,True,0.55,0.42,rss_mib,,3.75390625
resources,tmux,tmux,N=1 headless output,0,True,0.55,0.42,cpu_pct,,0.1999929462090458
resources,tmux,tmux,N=1 attached idle,0,True,0.55,0.36,first_view_stale,,False
resources,tmux,tmux,N=1 attached idle,0,True,0.55,0.36,pss_mib,,3.376953125
resources,tmux,tmux,N=1 attached idle,0,True,0.55,0.36,rss_mib,,9.359375
resources,tmux,tmux,N=1 attached idle,0,True,0.55,0.36,cpu_pct,,0.0
resources,tmux,tmux,N=1 attached output,0,True,0.55,0.3,pss_mib,,3.3759765625
resources,tmux,tmux,N=1 attached output,0,True,0.55,0.3,rss_mib,,9.359375
resources,tmux,tmux,N=1 attached output,0,True,0.55,0.3,cpu_pct,,0.29910559095348005
resources,herdr,herdr,N=1 headless idle,0,True,0.3,0.23,pss_mib,,17.6796875
resources,herdr,herdr,N=1 headless idle,0,True,0.3,0.23,rss_mib,,17.68359375
resources,herdr,herdr,N=1 headless idle,0,True,0.3,0.23,cpu_pct,,0.5999916437361038
resources,herdr,herdr,N=1 headless output,0,True,0.3,0.2,pss_mib,,17.69921875
resources,herdr,herdr,N=1 headless output,0,True,0.3,0.2,rss_mib,,17.703125
resources,herdr,herdr,N=1 headless output,0,True,0.3,0.2,cpu_pct,,0.9999654993909508
resources,herdr,herdr,N=1 attached idle,0,True,0.3,0.15,first_view_stale,,False
resources,herdr,herdr,N=1 attached idle,0,True,0.3,0.15,pss_mib,,22.62109375
resources,herdr,herdr,N=1 attached idle,0,True,0.3,0.15,rss_mib,,32.69140625
resources,herdr,herdr,N=1 attached idle,0,True,0.3,0.15,cpu_pct,,1.1977481828681948
resources,herdr,herdr,N=1 attached output,0,True,0.3,0.13,pss_mib,,22.63671875
resources,herdr,herdr,N=1 attached output,0,True,0.3,0.13,rss_mib,,32.70703125
resources,herdr,herdr,N=1 attached output,0,True,0.3,0.13,cpu_pct,,8.473945408344436
resources,rmux,rmux,N=1 headless idle,0,True,0.13,0.11,pss_mib,,9.37109375
resources,rmux,rmux,N=1 headless idle,0,True,0.13,0.11,rss_mib,,12.12890625
resources,rmux,rmux,N=1 headless idle,0,True,0.13,0.11,cpu_pct,,0.0
resources,rmux,rmux,N=1 headless output,0,True,0.13,0.08,pss_mib,,9.37109375
resources,rmux,rmux,N=1 headless output,0,True,0.13,0.08,rss_mib,,12.12890625
resources,rmux,rmux,N=1 headless output,0,True,0.13,0.08,cpu_pct,,0.2999894002932301
resources,rmux,rmux,N=1 attached idle,0,True,0.13,0.07,first_view_stale,,False
resources,rmux,rmux,N=1 attached idle,0,True,0.13,0.07,pss_mib,,13.4423828125
resources,rmux,rmux,N=1 attached idle,0,True,0.13,0.07,rss_mib,,22.4921875
resources,rmux,rmux,N=1 attached idle,0,True,0.13,0.07,cpu_pct,,0.09981213753715183
resources,rmux,rmux,N=1 attached output,0,True,0.13,0.06,pss_mib,,13.4541015625
resources,rmux,rmux,N=1 attached output,0,True,0.13,0.06,rss_mib,,22.50390625
resources,rmux,rmux,N=1 attached output,0,True,0.13,0.06,cpu_pct,,0.5989828545780758
resources,thurbox,tmux,N=1 headless idle,0,True,0.06,0.05,pss_mib,,6.9814453125
resources,thurbox,tmux,N=1 headless idle,0,True,0.06,0.05,rss_mib,,18.7109375
resources,thurbox,tmux,N=1 headless idle,0,True,0.06,0.05,cpu_pct,,0.0
resources,thurbox,tmux,N=1 headless output,0,True,0.06,0.04,pss_mib,,6.9814453125
resources,thurbox,tmux,N=1 headless output,0,True,0.06,0.04,rss_mib,,18.7109375
resources,thurbox,tmux,N=1 headless output,0,True,0.06,0.04,cpu_pct,,0.19999302462323418
resources,thurbox,tmux,N=1 attached idle,0,True,0.06,0.03,first_view_stale,,False
resources,thurbox,tmux,N=1 attached idle,0,True,0.06,0.03,pss_mib,,26.8994140625
resources,thurbox,tmux,N=1 attached idle,0,True,0.06,0.03,rss_mib,,43.87890625
resources,thurbox,tmux,N=1 attached idle,0,True,0.06,0.03,cpu_pct,,2.9864793077548937
resources,thurbox,tmux,N=1 attached output,0,True,0.06,0.02,pss_mib,,27.1220703125
resources,thurbox,tmux,N=1 attached output,0,True,0.06,0.02,rss_mib,,44.1015625
resources,thurbox,tmux,N=1 attached output,0,True,0.06,0.02,cpu_pct,,8.190890143572183
resources,herdr,herdr,N=1 headless idle,1,False,0.02,0.02,pss_mib,,17.67578125
resources,herdr,herdr,N=1 headless idle,1,False,0.02,0.02,rss_mib,,17.6796875
resources,herdr,herdr,N=1 headless idle,1,False,0.02,0.02,cpu_pct,,0.49999184763196525
resources,herdr,herdr,N=1 headless output,1,False,0.02,0.02,pss_mib,,17.6953125
resources,herdr,herdr,N=1 headless output,1,False,0.02,0.02,rss_mib,,17.69921875
resources,herdr,herdr,N=1 headless output,1,False,0.02,0.02,cpu_pct,,0.9999912398761599
resources,herdr,herdr,N=1 attached idle,1,False,0.02,0.01,first_view_stale,,False
resources,herdr,herdr,N=1 attached idle,1,False,0.02,0.01,pss_mib,,22.6171875
resources,herdr,herdr,N=1 attached idle,1,False,0.02,0.01,rss_mib,,32.6875
resources,herdr,herdr,N=1 attached idle,1,False,0.02,0.01,cpu_pct,,0.9980968210954675
resources,herdr,herdr,N=1 attached output,1,False,0.02,0.01,pss_mib,,22.63671875
resources,herdr,herdr,N=1 attached output,1,False,0.02,0.01,rss_mib,,32.70703125
resources,herdr,herdr,N=1 attached output,1,False,0.02,0.01,cpu_pct,,8.57320355640013
resources,rmux,rmux,N=1 headless idle,1,False,0.01,0.09,pss_mib,,9.470703125
resources,rmux,rmux,N=1 headless idle,1,False,0.01,0.09,rss_mib,,12.21484375
resources,rmux,rmux,N=1 headless idle,1,False,0.01,0.09,cpu_pct,,0.0
resources,rmux,rmux,N=1 headless output,1,False,0.01,0.07,pss_mib,,9.470703125
resources,rmux,rmux,N=1 headless output,1,False,0.01,0.07,rss_mib,,12.21484375
resources,rmux,rmux,N=1 headless output,1,False,0.01,0.07,cpu_pct,,0.29998959555170907
resources,rmux,rmux,N=1 attached idle,1,False,0.01,0.06,first_view_stale,,False
resources,rmux,rmux,N=1 attached idle,1,False,0.01,0.06,pss_mib,,13.3115234375
resources,rmux,rmux,N=1 attached idle,1,False,0.01,0.06,rss_mib,,22.375
resources,rmux,rmux,N=1 attached idle,1,False,0.01,0.06,cpu_pct,,0.09977136201073791
resources,rmux,rmux,N=1 attached output,1,False,0.01,0.05,pss_mib,,13.3271484375
resources,rmux,rmux,N=1 attached output,1,False,0.01,0.05,rss_mib,,22.390625
resources,rmux,rmux,N=1 attached output,1,False,0.01,0.05,cpu_pct,,0.4991645466987962
resources,thurbox,tmux,N=1 headless idle,1,False,0.05,0.04,pss_mib,,6.8271484375
resources,thurbox,tmux,N=1 headless idle,1,False,0.05,0.04,rss_mib,,18.55078125
resources,thurbox,tmux,N=1 headless idle,1,False,0.05,0.04,cpu_pct,,0.0
resources,thurbox,tmux,N=1 headless output,1,False,0.05,0.11,pss_mib,,6.8271484375
resources,thurbox,tmux,N=1 headless output,1,False,0.05,0.11,rss_mib,,18.55078125
resources,thurbox,tmux,N=1 headless output,1,False,0.05,0.11,cpu_pct,,0.19999304336246723
resources,thurbox,tmux,N=1 attached idle,1,False,0.05,0.08,first_view_stale,,False
resources,thurbox,tmux,N=1 attached idle,1,False,0.05,0.08,pss_mib,,26.962890625
resources,thurbox,tmux,N=1 attached idle,1,False,0.05,0.08,rss_mib,,43.98828125
resources,thurbox,tmux,N=1 attached idle,1,False,0.05,0.08,cpu_pct,,2.895289143953282
resources,thurbox,tmux,N=1 attached output,1,False,0.05,0.14,pss_mib,,27.208984375
resources,thurbox,tmux,N=1 attached output,1,False,0.05,0.14,rss_mib,,44.234375
resources,thurbox,tmux,N=1 attached output,1,False,0.05,0.14,cpu_pct,,8.064935193289585
resources,tmux,tmux,N=1 headless idle,1,False,0.14,0.12,pss_mib,,1.951171875
resources,tmux,tmux,N=1 headless idle,1,False,0.14,0.12,rss_mib,,3.6484375
resources,tmux,tmux,N=1 headless idle,1,False,0.14,0.12,cpu_pct,,0.0
resources,tmux,tmux,N=1 headless output,1,False,0.14,0.09,pss_mib,,1.951171875
resources,tmux,tmux,N=1 headless output,1,False,0.14,0.09,rss_mib,,3.6484375
resources,tmux,tmux,N=1 headless output,1,False,0.14,0.09,cpu_pct,,0.09999653128017419
resources,tmux,tmux,N=1 attached idle,1,False,0.14,0.74,first_view_stale,,False
resources,tmux,tmux,N=1 attached idle,1,False,0.14,0.74,pss_mib,,3.255859375
resources,tmux,tmux,N=1 attached idle,1,False,0.14,0.74,rss_mib,,9.19921875
resources,tmux,tmux,N=1 attached idle,1,False,0.14,0.74,cpu_pct,,0.0
resources,tmux,tmux,N=1 attached output,1,False,0.14,0.63,pss_mib,,3.255859375
resources,tmux,tmux,N=1 attached output,1,False,0.14,0.63,rss_mib,,9.19921875
resources,tmux,tmux,N=1 attached output,1,False,0.14,0.63,cpu_pct,,0.29912292533946266
resources,rmux,rmux,N=1 headless idle,2,False,0.63,0.49,pss_mib,,9.5498046875
resources,rmux,rmux,N=1 headless idle,2,False,0.63,0.49,rss_mib,,12.3046875
resources,rmux,rmux,N=1 headless idle,2,False,0.63,0.49,cpu_pct,,0.0
resources,rmux,rmux,N=1 headless output,2,False,0.63,0.41,pss_mib,,9.5498046875
resources,rmux,rmux,N=1 headless output,2,False,0.63,0.41,rss_mib,,12.3046875
resources,rmux,rmux,N=1 headless output,2,False,0.63,0.41,cpu_pct,,0.19999294810880988
resources,rmux,rmux,N=1 attached idle,2,False,0.63,0.32,first_view_stale,,False
resources,rmux,rmux,N=1 attached idle,2,False,0.63,0.32,pss_mib,,13.5
resources,rmux,rmux,N=1 attached idle,2,False,0.63,0.32,rss_mib,,22.8125
resources,rmux,rmux,N=1 attached idle,2,False,0.63,0.32,cpu_pct,,0.0998808370669323
resources,rmux,rmux,N=1 attached output,2,False,0.63,0.27,pss_mib,,13.51953125
resources,rmux,rmux,N=1 attached output,2,False,0.63,0.27,rss_mib,,22.83203125
resources,rmux,rmux,N=1 attached output,2,False,0.63,0.27,cpu_pct,,0.5990743071467954
resources,thurbox,tmux,N=1 headless idle,2,False,0.27,0.23,pss_mib,,6.8701171875
resources,thurbox,tmux,N=1 headless idle,2,False,0.27,0.23,rss_mib,,18.66796875
resources,thurbox,tmux,N=1 headless idle,2,False,0.27,0.23,cpu_pct,,0.0
resources,thurbox,tmux,N=1 headless output,2,False,0.27,0.19,pss_mib,,6.8701171875
resources,thurbox,tmux,N=1 headless output,2,False,0.27,0.19,rss_mib,,18.66796875
resources,thurbox,tmux,N=1 headless output,2,False,0.27,0.19,cpu_pct,,0.1999930481619372
resources,thurbox,tmux,N=1 attached idle,2,False,0.27,0.15,first_view_stale,,False
resources,thurbox,tmux,N=1 attached idle,2,False,0.27,0.15,pss_mib,,27.41796875
resources,thurbox,tmux,N=1 attached idle,2,False,0.27,0.15,rss_mib,,44.46875
resources,thurbox,tmux,N=1 attached idle,2,False,0.27,0.15,cpu_pct,,2.8858170024573337
resources,thurbox,tmux,N=1 attached output,2,False,0.27,0.13,pss_mib,,27.6328125
resources,thurbox,tmux,N=1 attached output,2,False,0.27,0.13,rss_mib,,44.68359375
resources,thurbox,tmux,N=1 attached output,2,False,0.27,0.13,cpu_pct,,8.179347933315073
resources,tmux,tmux,N=1 headless idle,2,False,0.13,0.1,pss_mib,,1.935546875
resources,tmux,tmux,N=1 headless idle,2,False,0.13,0.1,rss_mib,,3.6328125
resources,tmux,tmux,N=1 headless idle,2,False,0.13,0.1,cpu_pct,,0.0
resources,tmux,tmux,N=1 headless output,2,False,0.13,0.08,pss_mib,,1.935546875
resources,tmux,tmux,N=1 headless output,2,False,0.13,0.08,rss_mib,,3.6328125
resources,tmux,tmux,N=1 headless output,2,False,0.13,0.08,cpu_pct,,0.09999652066092432
resources,tmux,tmux,N=1 attached idle,2,False,0.13,0.07,first_view_stale,,False
resources,tmux,tmux,N=1 attached idle,2,False,0.13,0.07,pss_mib,,3.236328125
resources,tmux,tmux,N=1 attached idle,2,False,0.13,0.07,rss_mib,,9.07421875
resources,tmux,tmux,N=1 attached idle,2,False,0.13,0.07,cpu_pct,,0.0
resources,tmux,tmux,N=1 attached output,2,False,0.13,0.05,pss_mib,,3.236328125
resources,tmux,tmux,N=1 attached output,2,False,0.13,0.05,rss_mib,,9.07421875
resources,tmux,tmux,N=1 attached output,2,False,0.13,0.05,cpu_pct,,0.39884718426352334
resources,herdr,herdr,N=1 headless idle,2,False,0.05,0.04,pss_mib,,17.671875
resources,herdr,herdr,N=1 headless idle,2,False,0.05,0.04,rss_mib,,17.67578125
resources,herdr,herdr,N=1 headless idle,2,False,0.05,0.04,cpu_pct,,0.5999908679576982
resources,herdr,herdr,N=1 headless output,2,False,0.05,0.04,pss_mib,,17.69140625
resources,herdr,herdr,N=1 headless output,2,False,0.05,0.04,rss_mib,,17.6953125
resources,herdr,herdr,N=1 headless output,2,False,0.05,0.04,cpu_pct,,1.0999722471559452
resources,herdr,herdr,N=1 attached idle,2,False,0.05,0.03,first_view_stale,,False
resources,herdr,herdr,N=1 attached idle,2,False,0.05,0.03,pss_mib,,22.6171875
resources,herdr,herdr,N=1 attached idle,2,False,0.05,0.03,rss_mib,,32.6875
resources,herdr,herdr,N=1 attached idle,2,False,0.05,0.03,cpu_pct,,0.9981997208473506
resources,herdr,herdr,N=1 attached output,2,False,0.05,0.02,pss_mib,,22.63671875
resources,herdr,herdr,N=1 attached output,2,False,0.05,0.02,rss_mib,,32.70703125
resources,herdr,herdr,N=1 attached output,2,False,0.05,0.02,cpu_pct,,8.571915428884623
resources,thurbox,tmux,N=1 headless idle,3,False,0.02,0.02,pss_mib,,6.9921875
resources,thurbox,tmux,N=1 headless idle,3,False,0.02,0.02,rss_mib,,18.78515625
resources,thurbox,tmux,N=1 headless idle,3,False,0.02,0.02,cpu_pct,,0.0
resources,thurbox,tmux,N=1 headless output,3,False,0.02,0.01,pss_mib,,6.9921875
resources,thurbox,tmux,N=1 headless output,3,False,0.02,0.01,rss_mib,,18.78515625
resources,thurbox,tmux,N=1 headless output,3,False,0.02,0.01,cpu_pct,,0.29998954167553465
resources,thurbox,tmux,N=1 attached idle,3,False,0.02,0.01,first_view_stale,,False
resources,thurbox,tmux,N=1 attached idle,3,False,0.02,0.01,pss_mib,,27.158203125
resources,thurbox,tmux,N=1 attached idle,3,False,0.02,0.01,rss_mib,,44.2578125
resources,thurbox,tmux,N=1 attached idle,3,False,0.02,0.01,cpu_pct,,2.8975712100287727
resources,thurbox,tmux,N=1 attached output,3,False,0.02,0.09,pss_mib,,27.380859375
resources,thurbox,tmux,N=1 attached output,3,False,0.02,0.09,rss_mib,,44.48046875
resources,thurbox,tmux,N=1 attached output,3,False,0.02,0.09,cpu_pct,,7.999759459231098
resources,tmux,tmux,N=1 headless idle,3,False,0.09,0.07,pss_mib,,1.998046875
resources,tmux,tmux,N=1 headless idle,3,False,0.09,0.07,rss_mib,,3.6953125
resources,tmux,tmux,N=1 headless idle,3,False,0.09,0.07,cpu_pct,,0.0
resources,tmux,tmux,N=1 headless output,3,False,0.09,0.06,pss_mib,,1.998046875
resources,tmux,tmux,N=1 headless output,3,False,0.09,0.06,rss_mib,,3.6953125
resources,tmux,tmux,N=1 headless output,3,False,0.09,0.06,cpu_pct,,0.19999313827514187
resources,tmux,tmux,N=1 attached idle,3,False,0.09,0.04,first_view_stale,,False
resources,tmux,tmux,N=1 attached idle,3,False,0.09,0.04,pss_mib,,3.2763671875
resources,tmux,tmux,N=1 attached idle,3,False,0.09,0.04,rss_mib,,9.171875
resources,tmux,tmux,N=1 attached idle,3,False,0.09,0.04,cpu_pct,,0.0
resources,tmux,tmux,N=1 attached output,3,False,0.09,0.11,pss_mib,,3.2763671875
resources,tmux,tmux,N=1 attached output,3,False,0.09,0.11,rss_mib,,9.171875
resources,tmux,tmux,N=1 attached output,3,False,0.09,0.11,cpu_pct,,0.2996624266210562
resources,herdr,herdr,N=1 headless idle,3,False,0.11,0.09,pss_mib,,17.6796875
resources,herdr,herdr,N=1 headless idle,3,False,0.11,0.09,rss_mib,,17.68359375
resources,herdr,herdr,N=1 headless idle,3,False,0.11,0.09,cpu_pct,,0.4999916312404945
resources,herdr,herdr,N=1 headless output,3,False,0.11,0.08,pss_mib,,17.69921875
resources,herdr,herdr,N=1 headless output,3,False,0.11,0.08,rss_mib,,17.703125
resources,herdr,herdr,N=1 headless output,3,False,0.11,0.08,cpu_pct,,0.9999649170289038
resources,herdr,herdr,N=1 attached idle,3,False,0.11,0.06,first_view_stale,,False
resources,herdr,herdr,N=1 attached idle,3,False,0.11,0.06,pss_mib,,22.62109375
resources,herdr,herdr,N=1 attached idle,3,False,0.11,0.06,rss_mib,,32.69140625
resources,herdr,herdr,N=1 attached idle,3,False,0.11,0.06,cpu_pct,,0.9982003255666737
resources,herdr,herdr,N=1 attached output,3,False,0.11,0.05,pss_mib,,22.640625
resources,herdr,herdr,N=1 attached output,3,False,0.11,0.05,rss_mib,,32.7109375
resources,herdr,herdr,N=1 attached output,3,False,0.11,0.05,cpu_pct,,8.473624216836003
resources,rmux,rmux,N=1 headless idle,3,False,0.05,0.04,pss_mib,,9.1826171875
resources,rmux,rmux,N=1 headless idle,3,False,0.05,0.04,rss_mib,,11.94140625
resources,rmux,rmux,N=1 headless idle,3,False,0.05,0.04,cpu_pct,,0.0
resources,rmux,rmux,N=1 headless output,3,False,0.05,0.03,pss_mib,,9.1826171875
resources,rmux,rmux,N=1 headless output,3,False,0.05,0.03,rss_mib,,11.94140625
resources,rmux,rmux,N=1 headless output,3,False,0.05,0.03,cpu_pct,,0.19999304510275526
resources,rmux,rmux,N=1 attached idle,3,False,0.05,0.02,first_view_stale,,False
resources,rmux,rmux,N=1 attached idle,3,False,0.05,0.02,pss_mib,,12.9375
resources,rmux,rmux,N=1 attached idle,3,False,0.05,0.02,rss_mib,,22.03515625
resources,rmux,rmux,N=1 attached idle,3,False,0.05,0.02,cpu_pct,,0.0
resources,rmux,rmux,N=1 attached output,3,False,0.05,0.02,pss_mib,,12.95703125
resources,rmux,rmux,N=1 attached output,3,False,0.05,0.02,rss_mib,,22.0546875
resources,rmux,rmux,N=1 attached output,3,False,0.05,0.02,cpu_pct,,0.5988722674662385
resources,tmux,tmux,N=1 headless idle,4,False,0.02,0.02,pss_mib,,2.052734375
resources,tmux,tmux,N=1 headless idle,4,False,0.02,0.02,rss_mib,,3.75
resources,tmux,tmux,N=1 headless idle,4,False,0.02,0.02,cpu_pct,,0.0
resources,tmux,tmux,N=1 headless output,4,False,0.02,0.01,pss_mib,,2.052734375
resources,tmux,tmux,N=1 headless output,4,False,0.02,0.01,rss_mib,,3.75
resources,tmux,tmux,N=1 headless output,4,False,0.02,0.01,cpu_pct,,0.199993135895776
resources,tmux,tmux,N=1 attached idle,4,False,0.02,0.01,first_view_stale,,False
resources,tmux,tmux,N=1 attached idle,4,False,0.02,0.01,pss_mib,,3.3388671875
resources,tmux,tmux,N=1 attached idle,4,False,0.02,0.01,rss_mib,,9.24609375
resources,tmux,tmux,N=1 attached idle,4,False,0.02,0.01,cpu_pct,,0.0
resources,tmux,tmux,N=1 attached output,4,False,0.02,0.01,pss_mib,,3.3388671875
resources,tmux,tmux,N=1 attached output,4,False,0.02,0.01,rss_mib,,9.24609375
resources,tmux,tmux,N=1 attached output,4,False,0.02,0.01,cpu_pct,,0.299099204539955
resources,herdr,herdr,N=1 headless idle,4,False,0.01,0.01,pss_mib,,17.68359375
resources,herdr,herdr,N=1 headless idle,4,False,0.01,0.01,rss_mib,,17.6875
resources,herdr,herdr,N=1 headless idle,4,False,0.01,0.01,cpu_pct,,0.49999159169262636
resources,herdr,herdr,N=1 headless output,4,False,0.01,0.0,pss_mib,,17.703125
resources,herdr,herdr,N=1 headless output,4,False,0.01,0.0,rss_mib,,17.70703125
resources,herdr,herdr,N=1 headless output,4,False,0.01,0.0,cpu_pct,,1.0999620519742375
resources,herdr,herdr,N=1 attached idle,4,False,0.01,0.0,first_view_stale,,False
resources,herdr,herdr,N=1 attached idle,4,False,0.01,0.0,pss_mib,,22.62890625
resources,herdr,herdr,N=1 attached idle,4,False,0.01,0.0,rss_mib,,32.69921875
resources,herdr,herdr,N=1 attached idle,4,False,0.01,0.0,cpu_pct,,0.9980287219139629
resources,herdr,herdr,N=1 attached output,4,False,0.01,0.08,pss_mib,,22.6484375
resources,herdr,herdr,N=1 attached output,4,False,0.01,0.08,rss_mib,,32.71875
resources,herdr,herdr,N=1 attached output,4,False,0.01,0.08,cpu_pct,,8.772323788610061
resources,rmux,rmux,N=1 headless idle,4,False,0.08,0.06,pss_mib,,9.671875
resources,rmux,rmux,N=1 headless idle,4,False,0.08,0.06,rss_mib,,12.42578125
resources,rmux,rmux,N=1 headless idle,4,False,0.08,0.06,cpu_pct,,0.0
resources,rmux,rmux,N=1 headless output,4,False,0.08,0.05,pss_mib,,9.671875
resources,rmux,rmux,N=1 headless output,4,False,0.08,0.05,rss_mib,,12.42578125
resources,rmux,rmux,N=1 headless output,4,False,0.08,0.05,cpu_pct,,0.19999296436739258
resources,rmux,rmux,N=1 attached idle,4,False,0.08,0.04,first_view_stale,,False
resources,rmux,rmux,N=1 attached idle,4,False,0.08,0.04,pss_mib,,13.4814453125
resources,rmux,rmux,N=1 attached idle,4,False,0.08,0.04,rss_mib,,22.78515625
resources,rmux,rmux,N=1 attached idle,4,False,0.08,0.04,cpu_pct,,0.09980926865957304
resources,rmux,rmux,N=1 attached output,4,False,0.08,0.03,pss_mib,,13.5009765625
resources,rmux,rmux,N=1 attached output,4,False,0.08,0.03,rss_mib,,22.8046875
resources,rmux,rmux,N=1 attached output,4,False,0.08,0.03,cpu_pct,,0.5989678590029687
resources,thurbox,tmux,N=1 headless idle,4,False,0.03,0.03,pss_mib,,6.9169921875
resources,thurbox,tmux,N=1 headless idle,4,False,0.03,0.03,rss_mib,,18.734375
resources,thurbox,tmux,N=1 headless idle,4,False,0.03,0.03,cpu_pct,,0.0
resources,thurbox,tmux,N=1 headless output,4,False,0.03,0.02,pss_mib,,6.9169921875
resources,thurbox,tmux,N=1 headless output,4,False,0.03,0.02,rss_mib,,18.734375
resources,thurbox,tmux,N=1 headless output,4,False,0.03,0.02,cpu_pct,,0.19999302980219072
resources,thurbox,tmux,N=1 attached idle,4,False,0.03,0.02,first_view_stale,,False
resources,thurbox,tmux,N=1 attached idle,4,False,0.03,0.02,pss_mib,,27.310546875
resources,thurbox,tmux,N=1 attached idle,4,False,0.03,0.02,rss_mib,,44.46484375
resources,thurbox,tmux,N=1 attached idle,4,False,0.03,0.02,cpu_pct,,2.89326448317315
resources,thurbox,tmux,N=1 attached output,4,False,0.03,0.01,pss_mib,,27.544921875
resources,thurbox,tmux,N=1 attached output,4,False,0.03,0.01,rss_mib,,44.69921875
resources,thurbox,tmux,N=1 attached output,4,False,0.03,0.01,cpu_pct,,8.063867763240667
resources,herdr,herdr,N=1 headless idle,5,False,0.01,0.01,pss_mib,,17.671875
resources,herdr,herdr,N=1 headless idle,5,False,0.01,0.01,rss_mib,,17.67578125
resources,herdr,herdr,N=1 headless idle,5,False,0.01,0.01,cpu_pct,,0.49998116985857116
resources,herdr,herdr,N=1 headless output,5,False,0.01,0.01,pss_mib,,17.69140625
resources,herdr,herdr,N=1 headless output,5,False,0.01,0.01,rss_mib,,17.6953125
resources,herdr,herdr,N=1 headless output,5,False,0.01,0.01,cpu_pct,,0.9999819078263554
resources,herdr,herdr,N=1 attached idle,5,False,0.01,0.01,first_view_stale,,False
resources,herdr,herdr,N=1 attached idle,5,False,0.01,0.01,pss_mib,,22.6171875
resources,herdr,herdr,N=1 attached idle,5,False,0.01,0.01,rss_mib,,32.6875
resources,herdr,herdr,N=1 attached idle,5,False,0.01,0.01,cpu_pct,,0.9981080383083832
resources,herdr,herdr,N=1 attached output,5,False,0.01,0.08,pss_mib,,22.63671875
resources,herdr,herdr,N=1 attached output,5,False,0.01,0.08,rss_mib,,32.70703125
resources,herdr,herdr,N=1 attached output,5,False,0.01,0.08,cpu_pct,,8.572665085230705
resources,rmux,rmux,N=1 headless idle,5,False,0.08,0.07,pss_mib,,9.2744140625
resources,rmux,rmux,N=1 headless idle,5,False,0.08,0.07,rss_mib,,12.02734375
resources,rmux,rmux,N=1 headless idle,5,False,0.08,0.07,cpu_pct,,0.0
resources,rmux,rmux,N=1 headless output,5,False,0.08,0.05,pss_mib,,9.2744140625
resources,rmux,rmux,N=1 headless output,5,False,0.08,0.05,rss_mib,,12.02734375
resources,rmux,rmux,N=1 headless output,5,False,0.08,0.05,cpu_pct,,0.2999896009209934
resources,rmux,rmux,N=1 attached idle,5,False,0.08,0.04,first_view_stale,,False
resources,rmux,rmux,N=1 attached idle,5,False,0.08,0.04,pss_mib,,13.158203125
resources,rmux,rmux,N=1 attached idle,5,False,0.08,0.04,rss_mib,,22.18359375
resources,rmux,rmux,N=1 attached idle,5,False,0.08,0.04,cpu_pct,,0.0998098779424655
resources,rmux,rmux,N=1 attached output,5,False,0.08,0.04,pss_mib,,13.166015625
resources,rmux,rmux,N=1 attached output,5,False,0.08,0.04,rss_mib,,22.19140625
resources,rmux,rmux,N=1 attached output,5,False,0.08,0.04,cpu_pct,,0.4989902271106294
resources,thurbox,tmux,N=1 headless idle,5,False,0.04,0.03,pss_mib,,6.873046875
resources,thurbox,tmux,N=1 headless idle,5,False,0.04,0.03,rss_mib,,18.5859375
resources,thurbox,tmux,N=1 headless idle,5,False,0.04,0.03,cpu_pct,,0.0
resources,thurbox,tmux,N=1 headless output,5,False,0.04,0.02,pss_mib,,6.873046875
resources,thurbox,tmux,N=1 headless output,5,False,0.04,0.02,rss_mib,,18.5859375
resources,thurbox,tmux,N=1 headless output,5,False,0.04,0.02,cpu_pct,,0.09999654571933103
resources,thurbox,tmux,N=1 attached idle,5,False,0.04,0.02,first_view_stale,,False
resources,thurbox,tmux,N=1 attached idle,5,False,0.04,0.02,pss_mib,,26.8056640625
resources,thurbox,tmux,N=1 attached idle,5,False,0.04,0.02,rss_mib,,43.86328125
resources,thurbox,tmux,N=1 attached idle,5,False,0.04,0.02,cpu_pct,,2.89253338323285
resources,thurbox,tmux,N=1 attached output,5,False,0.04,0.01,pss_mib,,27.0439453125
resources,thurbox,tmux,N=1 attached output,5,False,0.04,0.01,rss_mib,,44.1015625
resources,thurbox,tmux,N=1 attached output,5,False,0.04,0.01,cpu_pct,,7.96969179683398
resources,tmux,tmux,N=1 headless idle,5,False,0.01,0.01,pss_mib,,1.994140625
resources,tmux,tmux,N=1 headless idle,5,False,0.01,0.01,rss_mib,,3.69140625
resources,tmux,tmux,N=1 headless idle,5,False,0.01,0.01,cpu_pct,,0.0
resources,tmux,tmux,N=1 headless output,5,False,0.01,0.01,pss_mib,,1.994140625
resources,tmux,tmux,N=1 headless output,5,False,0.01,0.01,rss_mib,,3.69140625
resources,tmux,tmux,N=1 headless output,5,False,0.01,0.01,cpu_pct,,0.19999310309801582
resources,tmux,tmux,N=1 attached idle,5,False,0.01,0.01,first_view_stale,,False
resources,tmux,tmux,N=1 attached idle,5,False,0.01,0.01,pss_mib,,3.271484375
resources,tmux,tmux,N=1 attached idle,5,False,0.01,0.01,rss_mib,,9.1015625
resources,tmux,tmux,N=1 attached idle,5,False,0.01,0.01,cpu_pct,,0.0
resources,tmux,tmux,N=1 attached output,5,False,0.01,0.0,pss_mib,,3.271484375
resources,tmux,tmux,N=1 attached output,5,False,0.01,0.0,rss_mib,,9.1015625
resources,tmux,tmux,N=1 attached output,5,False,0.01,0.0,cpu_pct,,0.3988569919294299
resources,tmux,tmux,N=20 headless idle,0,True,0.0,0.0,pss_mib,,2.19921875
resources,tmux,tmux,N=20 headless idle,0,True,0.0,0.0,rss_mib,,3.8984375
resources,tmux,tmux,N=20 headless idle,0,True,0.0,0.0,cpu_pct,,0.0
resources,tmux,tmux,N=20 headless output,0,True,0.0,0.22,pss_mib,,2.3359375
resources,tmux,tmux,N=20 headless output,0,True,0.0,0.22,rss_mib,,4.03515625
resources,tmux,tmux,N=20 headless output,0,True,0.0,0.22,cpu_pct,,3.1998856405619835
resources,tmux,tmux,N=20 attached idle,0,True,0.0,0.19,first_view_stale,,False
resources,tmux,tmux,N=20 attached idle,0,True,0.0,0.19,pss_mib,,5.7822265625
resources,tmux,tmux,N=20 attached idle,0,True,0.0,0.19,rss_mib,,11.6875
resources,tmux,tmux,N=20 attached idle,0,True,0.0,0.19,cpu_pct,,0.0
resources,tmux,tmux,N=20 attached output,0,True,0.0,0.15,pss_mib,,5.8095703125
resources,tmux,tmux,N=20 attached output,0,True,0.0,0.15,rss_mib,,11.71484375
resources,tmux,tmux,N=20 attached output,0,True,0.0,0.15,cpu_pct,,3.7903028826672327
resources,herdr,herdr,N=20 headless idle,0,True,0.15,0.12,pss_mib,,26.84765625
resources,herdr,herdr,N=20 headless idle,0,True,0.15,0.12,rss_mib,,26.8515625
resources,herdr,herdr,N=20 headless idle,0,True,0.15,0.12,cpu_pct,,8.899689996209053
resources,herdr,herdr,N=20 headless output,0,True,0.15,0.1,pss_mib,,27.16796875
resources,herdr,herdr,N=20 headless output,0,True,0.15,0.1,rss_mib,,27.171875
resources,herdr,herdr,N=20 headless output,0,True,0.15,0.1,cpu_pct,,21.099701105842882
resources,herdr,herdr,N=20 attached idle,0,True,0.15,0.15,first_view_stale,,False
resources,herdr,herdr,N=20 attached idle,0,True,0.15,0.15,pss_mib,,34.82421875
resources,herdr,herdr,N=20 attached idle,0,True,0.15,0.15,rss_mib,,44.83203125
resources,herdr,herdr,N=20 attached idle,0,True,0.15,0.15,cpu_pct,,21.563354179309453
resources,herdr,herdr,N=20 attached output,0,True,0.15,0.12,pss_mib,,34.8671875
resources,herdr,herdr,N=20 attached output,0,True,0.15,0.12,rss_mib,,44.875
resources,herdr,herdr,N=20 attached output,0,True,0.15,0.12,cpu_pct,,32.26127096979563
resources,rmux,rmux,N=20 headless idle,0,True,0.12,0.1,pss_mib,,10.6904296875
resources,rmux,rmux,N=20 headless idle,0,True,0.12,0.1,rss_mib,,13.4296875
resources,rmux,rmux,N=20 headless idle,0,True,0.12,0.1,cpu_pct,,0.0
resources,rmux,rmux,N=20 headless output,0,True,0.12,0.08,pss_mib,,10.6904296875
resources,rmux,rmux,N=20 headless output,0,True,0.12,0.08,rss_mib,,13.4296875
resources,rmux,rmux,N=20 headless output,0,True,0.12,0.08,cpu_pct,,2.199923035029744
resources,rmux,rmux,N=20 attached idle,0,True,0.12,0.06,first_view_stale,,False
resources,rmux,rmux,N=20 attached idle,0,True,0.12,0.06,pss_mib,,14.91015625
resources,rmux,rmux,N=20 attached idle,0,True,0.12,0.06,rss_mib,,23.9140625
resources,rmux,rmux,N=20 attached idle,0,True,0.12,0.06,cpu_pct,,0.0998132889618516
resources,rmux,rmux,N=20 attached output,0,True,0.12,0.05,pss_mib,,15.01171875
resources,rmux,rmux,N=20 attached output,0,True,0.12,0.05,rss_mib,,24.015625
resources,rmux,rmux,N=20 attached output,0,True,0.12,0.05,cpu_pct,,8.175626871856677
resources,thurbox,tmux,N=20 headless idle,0,True,0.05,0.04,pss_mib,,7.181640625
resources,thurbox,tmux,N=20 headless idle,0,True,0.05,0.04,rss_mib,,18.9140625
resources,thurbox,tmux,N=20 headless idle,0,True,0.05,0.04,cpu_pct,,0.0
resources,thurbox,tmux,N=20 headless output,0,True,0.05,0.17,pss_mib,,7.279296875
resources,thurbox,tmux,N=20 headless output,0,True,0.05,0.17,rss_mib,,19.01171875
resources,thurbox,tmux,N=20 headless output,0,True,0.05,0.17,cpu_pct,,2.9998949322802773
resources,thurbox,tmux,N=20 attached idle,0,True,0.05,0.14,first_view_stale,,False
resources,thurbox,tmux,N=20 attached idle,0,True,0.05,0.14,pss_mib,,33.7861328125
resources,thurbox,tmux,N=20 attached idle,0,True,0.05,0.14,rss_mib,,51.52734375
resources,thurbox,tmux,N=20 attached idle,0,True,0.05,0.14,cpu_pct,,5.491850298446879
resources,thurbox,tmux,N=20 attached output,0,True,0.05,0.28,pss_mib,,33.9775390625
resources,thurbox,tmux,N=20 attached output,0,True,0.05,0.28,rss_mib,,51.71875
resources,thurbox,tmux,N=20 attached output,0,True,0.05,0.28,cpu_pct,,18.249072202914782
resources,herdr,herdr,N=20 headless idle,1,False,0.28,0.21,pss_mib,,26.83984375
resources,herdr,herdr,N=20 headless idle,1,False,0.28,0.21,rss_mib,,26.84375
resources,herdr,herdr,N=20 headless idle,1,False,0.28,0.21,cpu_pct,,8.999683867195825
resources,herdr,herdr,N=20 headless output,1,False,0.28,0.4,pss_mib,,27.16796875
resources,herdr,herdr,N=20 headless output,1,False,0.28,0.4,rss_mib,,27.171875
resources,herdr,herdr,N=20 headless output,1,False,0.28,0.4,cpu_pct,,23.599699568729022
resources,herdr,herdr,N=20 attached idle,1,False,0.28,0.39,first_view_stale,,False
resources,herdr,herdr,N=20 attached idle,1,False,0.28,0.39,pss_mib,,34.79296875
resources,herdr,herdr,N=20 attached idle,1,False,0.28,0.39,rss_mib,,44.80078125
resources,herdr,herdr,N=20 attached idle,1,False,0.28,0.39,cpu_pct,,20.86887225516735
resources,herdr,herdr,N=20 attached output,1,False,0.28,0.7,pss_mib,,34.83203125
resources,herdr,herdr,N=20 attached output,1,False,0.28,0.7,rss_mib,,44.83984375
resources,herdr,herdr,N=20 attached output,1,False,0.28,0.7,cpu_pct,,34.138526066460216
resources,rmux,rmux,N=20 headless idle,1,False,0.7,0.59,pss_mib,,10.8564453125
resources,rmux,rmux,N=20 headless idle,1,False,0.7,0.59,rss_mib,,13.61328125
resources,rmux,rmux,N=20 headless idle,1,False,0.7,0.59,cpu_pct,,0.0
resources,rmux,rmux,N=20 headless output,1,False,0.7,0.61,pss_mib,,10.8564453125
resources,rmux,rmux,N=20 headless output,1,False,0.7,0.61,rss_mib,,13.61328125
resources,rmux,rmux,N=20 headless output,1,False,0.7,0.61,cpu_pct,,2.499920967001527
resources,rmux,rmux,N=20 attached idle,1,False,0.7,0.52,first_view_stale,,False
resources,rmux,rmux,N=20 attached idle,1,False,0.7,0.52,pss_mib,,14.9365234375
resources,rmux,rmux,N=20 attached idle,1,False,0.7,0.52,rss_mib,,24.0078125
resources,rmux,rmux,N=20 attached idle,1,False,0.7,0.52,cpu_pct,,0.0
resources,rmux,rmux,N=20 attached output,1,False,0.7,0.44,pss_mib,,15.0185546875
resources,rmux,rmux,N=20 attached output,1,False,0.7,0.44,rss_mib,,24.08984375
resources,rmux,rmux,N=20 attached output,1,False,0.7,0.44,cpu_pct,,8.198473825392314
resources,thurbox,tmux,N=20 headless idle,1,False,0.44,0.47,pss_mib,,7.07421875
resources,thurbox,tmux,N=20 headless idle,1,False,0.44,0.47,rss_mib,,18.921875
resources,thurbox,tmux,N=20 headless idle,1,False,0.44,0.47,cpu_pct,,0.0
resources,thurbox,tmux,N=20 headless output,1,False,0.44,0.4,pss_mib,,7.16796875
resources,thurbox,tmux,N=20 headless output,1,False,0.44,0.4,rss_mib,,19.015625
resources,thurbox,tmux,N=20 headless output,1,False,0.44,0.4,cpu_pct,,3.0999506999249435
resources,thurbox,tmux,N=20 attached idle,1,False,0.44,0.39,first_view_stale,,False
resources,thurbox,tmux,N=20 attached idle,1,False,0.44,0.39,pss_mib,,33.7119140625
resources,thurbox,tmux,N=20 attached idle,1,False,0.44,0.39,rss_mib,,51.50390625
resources,thurbox,tmux,N=20 attached idle,1,False,0.44,0.39,cpu_pct,,5.4933873437879095
resources,thurbox,tmux,N=20 attached output,1,False,0.44,0.41,pss_mib,,34.0205078125
resources,thurbox,tmux,N=20 attached output,1,False,0.44,0.41,rss_mib,,51.8125
resources,thurbox,tmux,N=20 attached output,1,False,0.44,0.41,cpu_pct,,17.96667063829131
resources,tmux,tmux,N=20 headless idle,1,False,0.41,0.34,pss_mib,,2.16015625
resources,tmux,tmux,N=20 headless idle,1,False,0.41,0.34,rss_mib,,3.859375
resources,tmux,tmux,N=20 headless idle,1,False,0.41,0.34,cpu_pct,,0.0
resources,tmux,tmux,N=20 headless output,1,False,0.41,0.27,pss_mib,,2.3046875
resources,tmux,tmux,N=20 headless output,1,False,0.41,0.27,rss_mib,,4.00390625
resources,tmux,tmux,N=20 headless output,1,False,0.41,0.27,cpu_pct,,3.199940216801379
resources,tmux,tmux,N=20 attached idle,1,False,0.41,0.22,first_view_stale,,False
resources,tmux,tmux,N=20 attached idle,1,False,0.41,0.22,pss_mib,,5.8349609375
resources,tmux,tmux,N=20 attached idle,1,False,0.41,0.22,rss_mib,,11.61328125
resources,tmux,tmux,N=20 attached idle,1,False,0.41,0.22,cpu_pct,,0.0
resources,tmux,tmux,N=20 attached output,1,False,0.41,0.27,pss_mib,,5.8701171875
resources,tmux,tmux,N=20 attached output,1,False,0.41,0.27,rss_mib,,11.6484375
resources,tmux,tmux,N=20 attached output,1,False,0.41,0.27,cpu_pct,,3.291921885740861
resources,rmux,rmux,N=20 headless idle,2,False,0.27,0.21,pss_mib,,10.85546875
resources,rmux,rmux,N=20 headless idle,2,False,0.27,0.21,rss_mib,,13.6171875
resources,rmux,rmux,N=20 headless idle,2,False,0.27,0.21,cpu_pct,,0.0
resources,rmux,rmux,N=20 headless output,2,False,0.27,0.18,pss_mib,,10.85546875
resources,rmux,rmux,N=20 headless output,2,False,0.27,0.18,rss_mib,,13.6171875
resources,rmux,rmux,N=20 headless output,2,False,0.27,0.18,cpu_pct,,2.4999107426992757
resources,rmux,rmux,N=20 attached idle,2,False,0.27,0.14,first_view_stale,,False
resources,rmux,rmux,N=20 attached idle,2,False,0.27,0.14,pss_mib,,15.138671875
resources,rmux,rmux,N=20 attached idle,2,False,0.27,0.14,rss_mib,,24.26953125
resources,rmux,rmux,N=20 attached idle,2,False,0.27,0.14,cpu_pct,,0.0998133871943819
resources,rmux,rmux,N=20 attached output,2,False,0.27,0.12,pss_mib,,15.216796875
resources,rmux,rmux,N=20 attached output,2,False,0.27,0.12,rss_mib,,24.34765625
resources,rmux,rmux,N=20 attached output,2,False,0.27,0.12,cpu_pct,,8.195525343138543
resources,thurbox,tmux,N=20 headless idle,2,False,0.12,0.1,pss_mib,,7.1962890625
resources,thurbox,tmux,N=20 headless idle,2,False,0.12,0.1,rss_mib,,18.95703125
resources,thurbox,tmux,N=20 headless idle,2,False,0.12,0.1,cpu_pct,,0.0
resources,thurbox,tmux,N=20 headless output,2,False,0.12,0.08,pss_mib,,7.3017578125
resources,thurbox,tmux,N=20 headless output,2,False,0.12,0.08,rss_mib,,19.0625
resources,thurbox,tmux,N=20 headless output,2,False,0.12,0.08,cpu_pct,,2.2999218617686568
resources,thurbox,tmux,N=20 attached idle,2,False,0.12,0.06,first_view_stale,,False
resources,thurbox,tmux,N=20 attached idle,2,False,0.12,0.06,pss_mib,,33.6923828125
resources,thurbox,tmux,N=20 attached idle,2,False,0.12,0.06,rss_mib,,51.46875
resources,thurbox,tmux,N=20 attached idle,2,False,0.12,0.06,cpu_pct,,5.295688666544825
resources,thurbox,tmux,N=20 attached output,2,False,0.12,0.05,pss_mib,,34.0400390625
resources,thurbox,tmux,N=20 attached output,2,False,0.12,0.05,rss_mib,,51.81640625
resources,thurbox,tmux,N=20 attached output,2,False,0.12,0.05,cpu_pct,,17.278217322035108
resources,tmux,tmux,N=20 headless idle,2,False,0.05,0.04,pss_mib,,2.1640625
resources,tmux,tmux,N=20 headless idle,2,False,0.05,0.04,rss_mib,,3.86328125
resources,tmux,tmux,N=20 headless idle,2,False,0.05,0.04,cpu_pct,,0.0
resources,tmux,tmux,N=20 headless output,2,False,0.05,0.03,pss_mib,,2.3046875
resources,tmux,tmux,N=20 headless output,2,False,0.05,0.03,rss_mib,,4.00390625
resources,tmux,tmux,N=20 headless output,2,False,0.05,0.03,cpu_pct,,3.7998845929545526
resources,tmux,tmux,N=20 attached idle,2,False,0.05,0.03,first_view_stale,,False
resources,tmux,tmux,N=20 attached idle,2,False,0.05,0.03,pss_mib,,5.76953125
resources,tmux,tmux,N=20 attached idle,2,False,0.05,0.03,rss_mib,,11.64453125
resources,tmux,tmux,N=20 attached idle,2,False,0.05,0.03,cpu_pct,,0.0
resources,tmux,tmux,N=20 attached output,2,False,0.05,0.02,pss_mib,,5.7734375
resources,tmux,tmux,N=20 attached output,2,False,0.05,0.02,rss_mib,,11.6484375
resources,tmux,tmux,N=20 attached output,2,False,0.05,0.02,cpu_pct,,3.3926004747528204
resources,herdr,herdr,N=20 headless idle,2,False,0.02,0.02,pss_mib,,26.84375
resources,herdr,herdr,N=20 headless idle,2,False,0.02,0.02,rss_mib,,26.84765625
resources,herdr,herdr,N=20 headless idle,2,False,0.02,0.02,cpu_pct,,8.599697793706431
resources,herdr,herdr,N=20 headless output,2,False,0.02,0.01,pss_mib,,27.18359375
resources,herdr,herdr,N=20 headless output,2,False,0.02,0.01,rss_mib,,27.1875
resources,herdr,herdr,N=20 headless output,2,False,0.02,0.01,cpu_pct,,26.999228059632692
resources,herdr,herdr,N=20 attached idle,2,False,0.02,0.16,first_view_stale,,False
resources,herdr,herdr,N=20 attached idle,2,False,0.02,0.16,pss_mib,,34.78515625
resources,herdr,herdr,N=20 attached idle,2,False,0.02,0.16,rss_mib,,44.79296875
resources,herdr,herdr,N=20 attached idle,2,False,0.02,0.16,cpu_pct,,27.255230065738296
resources,herdr,herdr,N=20 attached output,2,False,0.02,0.13,pss_mib,,34.8515625
resources,herdr,herdr,N=20 attached output,2,False,0.02,0.13,rss_mib,,44.859375
resources,herdr,herdr,N=20 attached output,2,False,0.02,0.13,cpu_pct,,36.35452832564968
resources,thurbox,tmux,N=20 headless idle,3,False,0.13,0.24,pss_mib,,7.18359375
resources,thurbox,tmux,N=20 headless idle,3,False,0.13,0.24,rss_mib,,18.890625
resources,thurbox,tmux,N=20 headless idle,3,False,0.13,0.24,cpu_pct,,0.0
resources,thurbox,tmux,N=20 headless output,3,False,0.13,0.28,pss_mib,,7.27734375
resources,thurbox,tmux,N=20 headless output,3,False,0.13,0.28,rss_mib,,18.984375
resources,thurbox,tmux,N=20 headless output,3,False,0.13,0.28,cpu_pct,,2.2999206352525094
resources,thurbox,tmux,N=20 attached idle,3,False,0.13,0.3,first_view_stale,,False
resources,thurbox,tmux,N=20 attached idle,3,False,0.13,0.3,pss_mib,,34.01171875
resources,thurbox,tmux,N=20 attached idle,3,False,0.13,0.3,rss_mib,,51.7421875
resources,thurbox,tmux,N=20 attached idle,3,False,0.13,0.3,cpu_pct,,5.288524144295283
resources,thurbox,tmux,N=20 attached output,3,False,0.13,0.41,pss_mib,,34.3125
resources,thurbox,tmux,N=20 attached output,3,False,0.13,0.41,rss_mib,,52.04296875
resources,thurbox,tmux,N=20 attached output,3,False,0.13,0.41,cpu_pct,,18.178701653085934
resources,tmux,tmux,N=20 headless idle,3,False,0.41,0.34,pss_mib,,2.1875
resources,tmux,tmux,N=20 headless idle,3,False,0.41,0.34,rss_mib,,3.88671875
resources,tmux,tmux,N=20 headless idle,3,False,0.41,0.34,cpu_pct,,0.0
resources,tmux,tmux,N=20 headless output,3,False,0.41,0.27,pss_mib,,2.32421875
resources,tmux,tmux,N=20 headless output,3,False,0.41,0.27,rss_mib,,4.0234375
resources,tmux,tmux,N=20 headless output,3,False,0.41,0.27,cpu_pct,,3.2999028356955957
resources,tmux,tmux,N=20 attached idle,3,False,0.41,0.23,first_view_stale,,False
resources,tmux,tmux,N=20 attached idle,3,False,0.41,0.23,pss_mib,,5.78515625
resources,tmux,tmux,N=20 attached idle,3,False,0.41,0.23,rss_mib,,11.7265625
resources,tmux,tmux,N=20 attached idle,3,False,0.41,0.23,cpu_pct,,0.0
resources,tmux,tmux,N=20 attached output,3,False,0.41,0.19,pss_mib,,5.81640625
resources,tmux,tmux,N=20 attached output,3,False,0.41,0.19,rss_mib,,11.7578125
resources,tmux,tmux,N=20 attached output,3,False,0.41,0.19,cpu_pct,,3.690844803716927
resources,herdr,herdr,N=20 headless idle,3,False,0.19,0.15,pss_mib,,26.83984375
resources,herdr,herdr,N=20 headless idle,3,False,0.19,0.15,rss_mib,,26.84375
resources,herdr,herdr,N=20 headless idle,3,False,0.19,0.15,cpu_pct,,9.099687780608095
resources,herdr,herdr,N=20 headless output,3,False,0.19,0.12,pss_mib,,27.19140625
resources,herdr,herdr,N=20 headless output,3,False,0.19,0.12,rss_mib,,27.1953125
resources,herdr,herdr,N=20 headless output,3,False,0.19,0.12,cpu_pct,,19.899667655644972
resources,herdr,herdr,N=20 attached idle,3,False,0.19,0.17,first_view_stale,,False
resources,herdr,herdr,N=20 attached idle,3,False,0.19,0.17,pss_mib,,34.81640625
resources,herdr,herdr,N=20 attached idle,3,False,0.19,0.17,rss_mib,,44.82421875
resources,herdr,herdr,N=20 attached idle,3,False,0.19,0.17,cpu_pct,,14.283175480552506
resources,herdr,herdr,N=20 attached output,3,False,0.19,0.54,pss_mib,,34.87109375
resources,herdr,herdr,N=20 attached output,3,False,0.19,0.54,rss_mib,,44.87890625
resources,herdr,herdr,N=20 attached output,3,False,0.19,0.54,cpu_pct,,26.379619765313294
resources,rmux,rmux,N=20 headless idle,3,False,0.54,0.42,pss_mib,,10.8515625
resources,rmux,rmux,N=20 headless idle,3,False,0.54,0.42,rss_mib,,13.61328125
resources,rmux,rmux,N=20 headless idle,3,False,0.54,0.42,cpu_pct,,0.0
resources,rmux,rmux,N=20 headless output,3,False,0.54,0.35,pss_mib,,10.8515625
resources,rmux,rmux,N=20 headless output,3,False,0.54,0.35,rss_mib,,13.61328125
resources,rmux,rmux,N=20 headless output,3,False,0.54,0.35,cpu_pct,,2.3999164651446465
resources,rmux,rmux,N=20 attached idle,3,False,0.54,0.49,first_view_stale,,False
resources,rmux,rmux,N=20 attached idle,3,False,0.54,0.49,pss_mib,,14.9384765625
resources,rmux,rmux,N=20 attached idle,3,False,0.54,0.49,rss_mib,,23.9765625
resources,rmux,rmux,N=20 attached idle,3,False,0.54,0.49,cpu_pct,,0.09989351489146983
resources,rmux,rmux,N=20 attached output,3,False,0.54,0.42,pss_mib,,15.0244140625
resources,rmux,rmux,N=20 attached output,3,False,0.54,0.42,rss_mib,,24.0625
resources,rmux,rmux,N=20 attached output,3,False,0.54,0.42,cpu_pct,,7.983900808153054
resources,tmux,tmux,N=20 headless idle,4,False,0.42,0.35,pss_mib,,2.1875
resources,tmux,tmux,N=20 headless idle,4,False,0.42,0.35,rss_mib,,3.88671875
resources,tmux,tmux,N=20 headless idle,4,False,0.42,0.35,cpu_pct,,0.0
resources,tmux,tmux,N=20 headless output,4,False,0.42,0.3,pss_mib,,2.32421875
resources,tmux,tmux,N=20 headless output,4,False,0.42,0.3,rss_mib,,4.0234375
resources,tmux,tmux,N=20 headless output,4,False,0.42,0.3,cpu_pct,,3.299883809111514
resources,tmux,tmux,N=20 attached idle,4,False,0.42,0.23,first_view_stale,,False
resources,tmux,tmux,N=20 attached idle,4,False,0.42,0.23,pss_mib,,5.8232421875
resources,tmux,tmux,N=20 attached idle,4,False,0.42,0.23,rss_mib,,11.79296875
resources,tmux,tmux,N=20 attached idle,4,False,0.42,0.23,cpu_pct,,0.0
resources,tmux,tmux,N=20 attached output,4,False,0.42,0.19,pss_mib,,5.8544921875
resources,tmux,tmux,N=20 attached output,4,False,0.42,0.19,rss_mib,,11.82421875
resources,tmux,tmux,N=20 attached output,4,False,0.42,0.19,cpu_pct,,3.4908971227000056
resources,herdr,herdr,N=20 headless idle,4,False,0.19,0.15,pss_mib,,26.8515625
resources,herdr,herdr,N=20 headless idle,4,False,0.19,0.15,rss_mib,,26.85546875
resources,herdr,herdr,N=20 headless idle,4,False,0.19,0.15,cpu_pct,,9.199682253085932
resources,herdr,herdr,N=20 headless output,4,False,0.19,0.13,pss_mib,,27.17578125
resources,herdr,herdr,N=20 headless output,4,False,0.19,0.13,rss_mib,,27.1796875
resources,herdr,herdr,N=20 headless output,4,False,0.19,0.13,cpu_pct,,17.8996997880751
resources,herdr,herdr,N=20 attached idle,4,False,0.19,0.17,first_view_stale,,False
resources,herdr,herdr,N=20 attached idle,4,False,0.19,0.17,pss_mib,,34.8125
resources,herdr,herdr,N=20 attached idle,4,False,0.19,0.17,rss_mib,,44.8203125
resources,herdr,herdr,N=20 attached idle,4,False,0.19,0.17,cpu_pct,,18.078441586790834
resources,herdr,herdr,N=20 attached output,4,False,0.19,0.14,pss_mib,,34.84765625
resources,herdr,herdr,N=20 attached output,4,False,0.19,0.14,rss_mib,,44.85546875
resources,herdr,herdr,N=20 attached output,4,False,0.19,0.14,cpu_pct,,33.991376735002206
resources,rmux,rmux,N=20 headless idle,4,False,0.14,0.12,pss_mib,,10.5859375
resources,rmux,rmux,N=20 headless idle,4,False,0.14,0.12,rss_mib,,13.34765625
resources,rmux,rmux,N=20 headless idle,4,False,0.14,0.12,cpu_pct,,0.0
resources,rmux,rmux,N=20 headless output,4,False,0.14,0.1,pss_mib,,10.5859375
resources,rmux,rmux,N=20 headless output,4,False,0.14,0.1,rss_mib,,13.34765625
resources,rmux,rmux,N=20 headless output,4,False,0.14,0.1,cpu_pct,,2.399916853451251
resources,rmux,rmux,N=20 attached idle,4,False,0.14,0.08,first_view_stale,,False
resources,rmux,rmux,N=20 attached idle,4,False,0.14,0.08,pss_mib,,14.7666015625
resources,rmux,rmux,N=20 attached idle,4,False,0.14,0.08,rss_mib,,24.05078125
resources,rmux,rmux,N=20 attached idle,4,False,0.14,0.08,cpu_pct,,0.0
resources,rmux,rmux,N=20 attached output,4,False,0.14,0.06,pss_mib,,14.7900390625
resources,rmux,rmux,N=20 attached output,4,False,0.14,0.06,rss_mib,,24.07421875
resources,rmux,rmux,N=20 attached output,4,False,0.14,0.06,cpu_pct,,8.191853077616026
resources,thurbox,tmux,N=20 headless idle,4,False,0.06,0.05,pss_mib,,7.2080078125
resources,thurbox,tmux,N=20 headless idle,4,False,0.06,0.05,rss_mib,,18.9921875
resources,thurbox,tmux,N=20 headless idle,4,False,0.06,0.05,cpu_pct,,0.0
resources,thurbox,tmux,N=20 headless output,4,False,0.06,0.04,pss_mib,,7.3134765625
resources,thurbox,tmux,N=20 headless output,4,False,0.06,0.04,rss_mib,,19.09765625
resources,thurbox,tmux,N=20 headless output,4,False,0.06,0.04,cpu_pct,,2.2999192413354503
resources,thurbox,tmux,N=20 attached idle,4,False,0.06,0.03,first_view_stale,,False
resources,thurbox,tmux,N=20 attached idle,4,False,0.06,0.03,pss_mib,,33.7451171875
resources,thurbox,tmux,N=20 attached idle,4,False,0.06,0.03,rss_mib,,51.60546875
resources,thurbox,tmux,N=20 attached idle,4,False,0.06,0.03,cpu_pct,,5.283281039723068
resources,thurbox,tmux,N=20 attached output,4,False,0.06,2.83,pss_mib,,34.0576171875
resources,thurbox,tmux,N=20 attached output,4,False,0.06,2.83,rss_mib,,51.91796875
resources,thurbox,tmux,N=20 attached output,4,False,0.06,2.83,cpu_pct,,18.750139020914066
resources,herdr,herdr,N=20 headless idle,5,False,2.83,2.39,pss_mib,,26.84375
resources,herdr,herdr,N=20 headless idle,5,False,2.83,2.39,rss_mib,,26.84765625
resources,herdr,herdr,N=20 headless idle,5,False,2.83,2.39,cpu_pct,,9.199685327508005
resources,herdr,herdr,N=20 headless output,5,False,2.83,2.03,pss_mib,,27.1875
resources,herdr,herdr,N=20 headless output,5,False,2.83,2.03,rss_mib,,27.19140625
resources,herdr,herdr,N=20 headless output,5,False,2.83,2.03,cpu_pct,,18.799697943347095
resources,herdr,herdr,N=20 attached idle,5,False,2.83,1.64,first_view_stale,,False
resources,herdr,herdr,N=20 attached idle,5,False,2.83,1.64,pss_mib,,34.81640625
resources,herdr,herdr,N=20 attached idle,5,False,2.83,1.64,rss_mib,,44.82421875
resources,herdr,herdr,N=20 attached idle,5,False,2.83,1.64,cpu_pct,,22.75920284535609
resources,herdr,herdr,N=20 attached output,5,False,2.83,1.39,pss_mib,,34.859375
resources,herdr,herdr,N=20 attached output,5,False,2.83,1.39,rss_mib,,44.8671875
resources,herdr,herdr,N=20 attached output,5,False,2.83,1.39,cpu_pct,,34.25319334132102
resources,rmux,rmux,N=20 headless idle,5,False,1.39,1.08,pss_mib,,10.890625
resources,rmux,rmux,N=20 headless idle,5,False,1.39,1.08,rss_mib,,13.65234375
resources,rmux,rmux,N=20 headless idle,5,False,1.39,1.08,cpu_pct,,0.0
resources,rmux,rmux,N=20 headless output,5,False,1.39,0.92,pss_mib,,10.890625
resources,rmux,rmux,N=20 headless output,5,False,1.39,0.92,rss_mib,,13.65234375
resources,rmux,rmux,N=20 headless output,5,False,1.39,0.92,cpu_pct,,2.1999279805194387
resources,rmux,rmux,N=20 attached idle,5,False,1.39,0.71,first_view_stale,,False
resources,rmux,rmux,N=20 attached idle,5,False,1.39,0.71,pss_mib,,14.990234375
resources,rmux,rmux,N=20 attached idle,5,False,1.39,0.71,rss_mib,,24.43359375
resources,rmux,rmux,N=20 attached idle,5,False,1.39,0.71,cpu_pct,,0.09978952643537477
resources,rmux,rmux,N=20 attached output,5,False,1.39,0.6,pss_mib,,15.005859375
resources,rmux,rmux,N=20 attached output,5,False,1.39,0.6,rss_mib,,24.44921875
resources,rmux,rmux,N=20 attached output,5,False,1.39,0.6,cpu_pct,,7.494694678738357
resources,thurbox,tmux,N=20 headless idle,5,False,0.6,0.51,pss_mib,,7.1171875
resources,thurbox,tmux,N=20 headless idle,5,False,0.6,0.51,rss_mib,,18.97265625
resources,thurbox,tmux,N=20 headless idle,5,False,0.6,0.51,cpu_pct,,0.0
resources,thurbox,tmux,N=20 headless output,5,False,0.6,0.43,pss_mib,,7.2109375
resources,thurbox,tmux,N=20 headless output,5,False,0.6,0.43,rss_mib,,19.06640625
resources,thurbox,tmux,N=20 headless output,5,False,0.6,0.43,cpu_pct,,3.6999713766484166
resources,thurbox,tmux,N=20 attached idle,5,False,0.6,0.33,first_view_stale,,False
resources,thurbox,tmux,N=20 attached idle,5,False,0.6,0.33,pss_mib,,33.642578125
resources,thurbox,tmux,N=20 attached idle,5,False,0.6,0.33,rss_mib,,51.5
resources,thurbox,tmux,N=20 attached idle,5,False,0.6,0.33,cpu_pct,,5.374730820762003
resources,thurbox,tmux,N=20 attached output,5,False,0.6,0.28,pss_mib,,33.994140625
resources,thurbox,tmux,N=20 attached output,5,False,0.6,0.28,rss_mib,,51.8515625
resources,thurbox,tmux,N=20 attached output,5,False,0.6,0.28,cpu_pct,,19.718634654655588
resources,tmux,tmux,N=20 headless idle,5,False,0.28,0.22,pss_mib,,2.18359375
resources,tmux,tmux,N=20 headless idle,5,False,0.28,0.22,rss_mib,,3.8828125
resources,tmux,tmux,N=20 headless idle,5,False,0.28,0.22,cpu_pct,,0.0
resources,tmux,tmux,N=20 headless output,5,False,0.28,0.19,pss_mib,,2.32421875
resources,tmux,tmux,N=20 headless output,5,False,0.28,0.19,rss_mib,,4.0234375
resources,tmux,tmux,N=20 headless output,5,False,0.28,0.19,cpu_pct,,3.7998717372282007
resources,tmux,tmux,N=20 attached idle,5,False,0.28,0.14,first_view_stale,,False
resources,tmux,tmux,N=20 attached idle,5,False,0.28,0.14,pss_mib,,5.849609375
resources,tmux,tmux,N=20 attached idle,5,False,0.28,0.14,rss_mib,,11.80078125
resources,tmux,tmux,N=20 attached idle,5,False,0.28,0.14,cpu_pct,,0.0
resources,tmux,tmux,N=20 attached output,5,False,0.28,0.12,pss_mib,,5.880859375
resources,tmux,tmux,N=20 attached output,5,False,0.28,0.12,rss_mib,,11.83203125
resources,tmux,tmux,N=20 attached output,5,False,0.28,0.12,cpu_pct,,3.0921206072347074
resources,tmux,tmux,N=50 headless idle,0,True,0.12,0.1,pss_mib,,2.4755859375
resources,tmux,tmux,N=50 headless idle,0,True,0.12,0.1,rss_mib,,4.17578125
resources,tmux,tmux,N=50 headless idle,0,True,0.12,0.1,cpu_pct,,0.0
resources,tmux,tmux,N=50 headless output,0,True,0.12,0.09,pss_mib,,2.9287109375
resources,tmux,tmux,N=50 headless output,0,True,0.12,0.09,rss_mib,,4.62890625
resources,tmux,tmux,N=50 headless output,0,True,0.12,0.09,cpu_pct,,7.299877878869202
resources,tmux,tmux,N=50 attached idle,0,True,0.12,0.07,first_view_stale,,False
resources,tmux,tmux,N=50 attached idle,0,True,0.12,0.07,pss_mib,,9.77734375
resources,tmux,tmux,N=50 attached idle,0,True,0.12,0.07,rss_mib,,15.7421875
resources,tmux,tmux,N=50 attached idle,0,True,0.12,0.07,cpu_pct,,0.0
resources,tmux,tmux,N=50 attached output,0,True,0.12,0.06,pss_mib,,9.84375
resources,tmux,tmux,N=50 attached output,0,True,0.12,0.06,rss_mib,,15.80859375
resources,tmux,tmux,N=50 attached output,0,True,0.12,0.06,cpu_pct,,5.8885644978413705
resources,herdr,herdr,N=50 headless idle,0,True,0.06,0.12,pss_mib,,41.08203125
resources,herdr,herdr,N=50 headless idle,0,True,0.06,0.12,rss_mib,,41.0859375
resources,herdr,herdr,N=50 headless idle,0,True,0.06,0.12,cpu_pct,,22.699671758265072
resources,herdr,herdr,N=50 headless output,0,True,0.06,0.18,pss_mib,,41.90625
resources,herdr,herdr,N=50 headless output,0,True,0.06,0.18,rss_mib,,41.91015625
resources,herdr,herdr,N=50 headless output,0,True,0.06,0.18,cpu_pct,,54.19922276145344
resources,herdr,herdr,N=50 attached idle,0,True,0.06,0.14,first_view_stale,,False
resources,herdr,herdr,N=50 attached idle,0,True,0.06,0.14,pss_mib,,53.73046875
resources,herdr,herdr,N=50 attached idle,0,True,0.06,0.14,rss_mib,,63.73828125
resources,herdr,herdr,N=50 attached idle,0,True,0.06,0.14,cpu_pct,,68.14116608567264
resources,herdr,herdr,N=50 attached output,0,True,0.06,0.2,pss_mib,,53.88671875
resources,herdr,herdr,N=50 attached output,0,True,0.06,0.2,rss_mib,,63.89453125
resources,herdr,herdr,N=50 attached output,0,True,0.06,0.2,cpu_pct,,86.21398634993433
resources,rmux,rmux,N=50 headless idle,0,True,0.18,0.15,pss_mib,,11.8916015625
resources,rmux,rmux,N=50 headless idle,0,True,0.18,0.15,rss_mib,,14.65625
resources,rmux,rmux,N=50 headless idle,0,True,0.18,0.15,cpu_pct,,0.0
resources,rmux,rmux,N=50 headless output,0,True,0.18,0.13,pss_mib,,11.8916015625
resources,rmux,rmux,N=50 headless output,0,True,0.18,0.13,rss_mib,,14.65625
resources,rmux,rmux,N=50 headless output,0,True,0.18,0.13,cpu_pct,,4.199878484073663
resources,rmux,rmux,N=50 attached idle,0,True,0.18,0.1,first_view_stale,,False
resources,rmux,rmux,N=50 attached idle,0,True,0.18,0.1,pss_mib,,17.4345703125
resources,rmux,rmux,N=50 attached idle,0,True,0.18,0.1,rss_mib,,26.47265625
resources,rmux,rmux,N=50 attached idle,0,True,0.18,0.1,cpu_pct,,0.0
resources,rmux,rmux,N=50 attached output,0,True,0.18,0.08,pss_mib,,17.4462890625
resources,rmux,rmux,N=50 attached output,0,True,0.18,0.08,rss_mib,,26.484375
resources,rmux,rmux,N=50 attached output,0,True,0.18,0.08,cpu_pct,,11.046815225181588
resources,thurbox,tmux,N=50 headless idle,0,True,0.08,0.06,pss_mib,,7.4677734375
resources,thurbox,tmux,N=50 headless idle,0,True,0.08,0.06,rss_mib,,19.20703125
resources,thurbox,tmux,N=50 headless idle,0,True,0.08,0.06,cpu_pct,,0.0
resources,thurbox,tmux,N=50 headless output,0,True,0.08,0.05,pss_mib,,7.7568359375
resources,thurbox,tmux,N=50 headless output,0,True,0.08,0.05,rss_mib,,19.49609375
resources,thurbox,tmux,N=50 headless output,0,True,0.08,0.05,cpu_pct,,8.399858946225883
resources,thurbox,tmux,N=50 attached idle,0,True,0.08,0.12,first_view_stale,,False
resources,thurbox,tmux,N=50 attached idle,0,True,0.08,0.12,pss_mib,,44.5078125
resources,thurbox,tmux,N=50 attached idle,0,True,0.08,0.12,rss_mib,,62.29296875
resources,thurbox,tmux,N=50 attached idle,0,True,0.08,0.12,cpu_pct,,10.254544766578626
resources,thurbox,tmux,N=50 attached output,0,True,0.08,0.17,pss_mib,,44.951171875
resources,thurbox,tmux,N=50 attached output,0,True,0.08,0.17,rss_mib,,62.72265625
resources,thurbox,tmux,N=50 attached output,0,True,0.08,0.17,cpu_pct,,36.09214283067663
resources,herdr,herdr,N=50 headless idle,1,False,0.17,0.2,pss_mib,,41.09375
resources,herdr,herdr,N=50 headless idle,1,False,0.17,0.2,rss_mib,,41.09765625
resources,herdr,herdr,N=50 headless idle,1,False,0.17,0.2,cpu_pct,,22.29968024260599
resources,herdr,herdr,N=50 headless output,1,False,0.17,0.17,pss_mib,,41.91796875
resources,herdr,herdr,N=50 headless output,1,False,0.17,0.17,rss_mib,,41.921875
resources,herdr,herdr,N=50 headless output,1,False,0.17,0.17,cpu_pct,,71.49876799776145
resources,herdr,herdr,N=50 attached idle,1,False,0.17,0.52,first_view_stale,,False
resources,herdr,herdr,N=50 attached idle,1,False,0.17,0.52,pss_mib,,53.734375
resources,herdr,herdr,N=50 attached idle,1,False,0.17,0.52,rss_mib,,63.7421875
resources,herdr,herdr,N=50 attached idle,1,False,0.17,0.52,cpu_pct,,77.7725784028922
resources,herdr,herdr,N=50 attached output,1,False,0.17,1.4,pss_mib,,53.875
resources,herdr,herdr,N=50 attached output,1,False,0.17,1.4,rss_mib,,63.8828125
resources,herdr,herdr,N=50 attached output,1,False,0.17,1.4,cpu_pct,,77.81219109988068
resources,rmux,rmux,N=50 headless idle,1,False,1.4,1.09,pss_mib,,11.666015625
resources,rmux,rmux,N=50 headless idle,1,False,1.4,1.09,rss_mib,,14.39453125
resources,rmux,rmux,N=50 headless idle,1,False,1.4,1.09,cpu_pct,,0.0
resources,rmux,rmux,N=50 headless output,1,False,1.4,0.92,pss_mib,,11.666015625
resources,rmux,rmux,N=50 headless output,1,False,1.4,0.92,rss_mib,,14.39453125
resources,rmux,rmux,N=50 headless output,1,False,1.4,0.92,cpu_pct,,4.399892707287148
resources,rmux,rmux,N=50 attached idle,1,False,1.4,0.72,first_view_stale,,False
resources,rmux,rmux,N=50 attached idle,1,False,1.4,0.72,pss_mib,,17.318359375
resources,rmux,rmux,N=50 attached idle,1,False,1.4,0.72,rss_mib,,26.27734375
resources,rmux,rmux,N=50 attached idle,1,False,1.4,0.72,cpu_pct,,0.09981836555098694
resources,rmux,rmux,N=50 attached output,1,False,1.4,0.69,pss_mib,,17.392578125
resources,rmux,rmux,N=50 attached output,1,False,1.4,0.69,rss_mib,,26.3515625
resources,rmux,rmux,N=50 attached output,1,False,1.4,0.69,cpu_pct,,10.979992442239002
resources,thurbox,tmux,N=50 headless idle,1,False,0.69,0.58,pss_mib,,7.5361328125
resources,thurbox,tmux,N=50 headless idle,1,False,0.69,0.58,rss_mib,,19.328125
resources,thurbox,tmux,N=50 headless idle,1,False,0.69,0.58,cpu_pct,,0.0
resources,thurbox,tmux,N=50 headless output,1,False,0.69,0.84,pss_mib,,7.8330078125
resources,thurbox,tmux,N=50 headless output,1,False,0.69,0.84,rss_mib,,19.625
resources,thurbox,tmux,N=50 headless output,1,False,0.69,0.84,cpu_pct,,7.8997232371126485
resources,thurbox,tmux,N=50 attached idle,1,False,0.69,0.71,first_view_stale,,False
resources,thurbox,tmux,N=50 attached idle,1,False,0.69,0.71,pss_mib,,44.5244140625
resources,thurbox,tmux,N=50 attached idle,1,False,0.69,0.71,rss_mib,,62.3828125
resources,thurbox,tmux,N=50 attached idle,1,False,0.69,0.71,cpu_pct,,9.857286916907656
resources,thurbox,tmux,N=50 attached output,1,False,0.69,0.6,pss_mib,,45.1455078125
resources,thurbox,tmux,N=50 attached output,1,False,0.69,0.6,rss_mib,,63.00390625
resources,thurbox,tmux,N=50 attached output,1,False,0.69,0.6,cpu_pct,,37.739857344485294
resources,tmux,tmux,N=50 headless idle,1,False,0.63,0.54,pss_mib,,2.3662109375
resources,tmux,tmux,N=50 headless idle,1,False,0.63,0.54,rss_mib,,4.06640625
resources,tmux,tmux,N=50 headless idle,1,False,0.63,0.54,cpu_pct,,0.0
resources,tmux,tmux,N=50 headless output,1,False,0.63,0.61,pss_mib,,2.8193359375
resources,tmux,tmux,N=50 headless output,1,False,0.63,0.61,rss_mib,,4.51953125
resources,tmux,tmux,N=50 headless output,1,False,0.63,0.61,cpu_pct,,6.999933464229407
resources,tmux,tmux,N=50 attached idle,1,False,0.63,0.48,first_view_stale,,False
resources,tmux,tmux,N=50 attached idle,1,False,0.63,0.48,pss_mib,,9.7509765625
resources,tmux,tmux,N=50 attached idle,1,False,0.63,0.48,rss_mib,,15.69140625
resources,tmux,tmux,N=50 attached idle,1,False,0.63,0.48,cpu_pct,,0.0
resources,tmux,tmux,N=50 attached output,1,False,0.63,0.4,pss_mib,,9.8017578125
resources,tmux,tmux,N=50 attached output,1,False,0.63,0.4,rss_mib,,15.7421875
resources,tmux,tmux,N=50 attached output,1,False,0.63,0.4,cpu_pct,,6.088190966101486
resources,rmux,rmux,N=50 headless idle,2,False,0.4,0.31,pss_mib,,11.470703125
resources,rmux,rmux,N=50 headless idle,2,False,0.4,0.31,rss_mib,,14.234375
resources,rmux,rmux,N=50 headless idle,2,False,0.4,0.31,cpu_pct,,0.0
resources,rmux,rmux,N=50 headless output,2,False,0.4,0.26,pss_mib,,11.470703125
resources,rmux,rmux,N=50 headless output,2,False,0.4,0.26,rss_mib,,14.234375
resources,rmux,rmux,N=50 headless output,2,False,0.4,0.26,cpu_pct,,4.299849902559924
resources,rmux,rmux,N=50 attached idle,2,False,0.4,0.22,first_view_stale,,False
resources,rmux,rmux,N=50 attached idle,2,False,0.4,0.22,pss_mib,,17.0087890625
resources,rmux,rmux,N=50 attached idle,2,False,0.4,0.22,rss_mib,,26.00390625
resources,rmux,rmux,N=50 attached idle,2,False,0.4,0.22,cpu_pct,,0.0
resources,rmux,rmux,N=50 attached output,2,False,0.4,0.17,pss_mib,,17.1455078125
resources,rmux,rmux,N=50 attached output,2,False,0.4,0.17,rss_mib,,26.140625
resources,rmux,rmux,N=50 attached output,2,False,0.4,0.17,cpu_pct,,10.896614656096135
resources,thurbox,tmux,N=50 headless idle,2,False,0.17,0.15,pss_mib,,7.5517578125
resources,thurbox,tmux,N=50 headless idle,2,False,0.17,0.15,rss_mib,,19.296875
resources,thurbox,tmux,N=50 headless idle,2,False,0.17,0.15,cpu_pct,,0.0
resources,thurbox,tmux,N=50 headless output,2,False,0.17,0.26,pss_mib,,7.8447265625
resources,thurbox,tmux,N=50 headless output,2,False,0.17,0.26,rss_mib,,19.58984375
resources,thurbox,tmux,N=50 headless output,2,False,0.17,0.26,cpu_pct,,8.899852420000409
resources,thurbox,tmux,N=50 attached idle,2,False,0.17,0.22,first_view_stale,,False
resources,thurbox,tmux,N=50 attached idle,2,False,0.17,0.22,pss_mib,,44.43359375
resources,thurbox,tmux,N=50 attached idle,2,False,0.17,0.22,rss_mib,,62.26953125
resources,thurbox,tmux,N=50 attached idle,2,False,0.17,0.22,cpu_pct,,9.49268995759308
resources,thurbox,tmux,N=50 attached output,2,False,0.17,0.33,pss_mib,,44.890625
resources,thurbox,tmux,N=50 attached output,2,False,0.17,0.33,rss_mib,,62.7265625
resources,thurbox,tmux,N=50 attached output,2,False,0.17,0.33,cpu_pct,,34.4989277220452
resources,tmux,tmux,N=50 headless idle,2,False,0.33,0.34,pss_mib,,2.3623046875
resources,tmux,tmux,N=50 headless idle,2,False,0.33,0.34,rss_mib,,4.0625
resources,tmux,tmux,N=50 headless idle,2,False,0.33,0.34,cpu_pct,,0.0
resources,tmux,tmux,N=50 headless output,2,False,0.33,1.03,pss_mib,,2.8193359375
resources,tmux,tmux,N=50 headless output,2,False,0.33,1.03,rss_mib,,4.51953125
resources,tmux,tmux,N=50 headless output,2,False,0.33,1.03,cpu_pct,,7.499742257826462
resources,tmux,tmux,N=50 attached idle,2,False,0.33,0.8,first_view_stale,,False
resources,tmux,tmux,N=50 attached idle,2,False,0.33,0.8,pss_mib,,9.6552734375
resources,tmux,tmux,N=50 attached idle,2,False,0.33,0.8,rss_mib,,15.5625
resources,tmux,tmux,N=50 attached idle,2,False,0.33,0.8,cpu_pct,,0.0
resources,tmux,tmux,N=50 attached output,2,False,0.33,0.68,pss_mib,,9.7255859375
resources,tmux,tmux,N=50 attached output,2,False,0.33,0.68,rss_mib,,15.6328125
resources,tmux,tmux,N=50 attached output,2,False,0.33,0.68,cpu_pct,,6.173263024970023
resources,herdr,herdr,N=50 headless idle,2,False,0.68,0.61,pss_mib,,41.08984375
resources,herdr,herdr,N=50 headless idle,2,False,0.68,0.61,rss_mib,,41.09375
resources,herdr,herdr,N=50 headless idle,2,False,0.68,0.61,cpu_pct,,22.399269284247854
resources,herdr,herdr,N=50 headless output,2,False,0.68,0.51,pss_mib,,41.8828125
resources,herdr,herdr,N=50 headless output,2,False,0.68,0.51,rss_mib,,41.88671875
resources,herdr,herdr,N=50 headless output,2,False,0.68,0.51,cpu_pct,,73.6994117459489
resources,herdr,herdr,N=50 attached idle,2,False,0.68,0.75,first_view_stale,,False
resources,herdr,herdr,N=50 attached idle,2,False,0.68,0.75,pss_mib,,53.734375
resources,herdr,herdr,N=50 attached idle,2,False,0.68,0.75,rss_mib,,63.7421875
resources,herdr,herdr,N=50 attached idle,2,False,0.68,0.75,cpu_pct,,107.1422139722351
resources,herdr,herdr,N=50 attached output,2,False,0.68,0.71,pss_mib,,53.9375
resources,herdr,herdr,N=50 attached output,2,False,0.68,0.71,rss_mib,,63.9453125
resources,herdr,herdr,N=50 attached output,2,False,0.68,0.71,cpu_pct,,98.19424020904806
resources,thurbox,tmux,N=50 headless idle,3,False,0.71,0.56,pss_mib,,7.5810546875
resources,thurbox,tmux,N=50 headless idle,3,False,0.71,0.56,rss_mib,,19.39453125
resources,thurbox,tmux,N=50 headless idle,3,False,0.71,0.56,cpu_pct,,0.0
resources,thurbox,tmux,N=50 headless output,3,False,0.71,0.47,pss_mib,,7.8701171875
resources,thurbox,tmux,N=50 headless output,3,False,0.71,0.47,rss_mib,,19.68359375
resources,thurbox,tmux,N=50 headless output,3,False,0.71,0.47,cpu_pct,,9.89986511037192
resources,thurbox,tmux,N=50 attached idle,3,False,0.71,0.36,first_view_stale,,False
resources,thurbox,tmux,N=50 attached idle,3,False,0.71,0.36,pss_mib,,44.2763671875
resources,thurbox,tmux,N=50 attached idle,3,False,0.71,0.36,rss_mib,,62.20703125
resources,thurbox,tmux,N=50 attached idle,3,False,0.71,0.36,cpu_pct,,9.483715973168392
resources,thurbox,tmux,N=50 attached output,3,False,0.71,0.39,pss_mib,,44.7294921875
resources,thurbox,tmux,N=50 attached output,3,False,0.71,0.39,rss_mib,,62.66015625
resources,thurbox,tmux,N=50 attached output,3,False,0.71,0.39,cpu_pct,,37.225149170019755
resources,tmux,tmux,N=50 headless idle,3,False,0.39,0.38,pss_mib,,2.4365234375
resources,tmux,tmux,N=50 headless idle,3,False,0.39,0.38,rss_mib,,4.13671875
resources,tmux,tmux,N=50 headless idle,3,False,0.39,0.38,cpu_pct,,0.0
resources,tmux,tmux,N=50 headless output,3,False,0.39,0.32,pss_mib,,2.8974609375
resources,tmux,tmux,N=50 headless output,3,False,0.39,0.32,rss_mib,,4.59765625
resources,tmux,tmux,N=50 headless output,3,False,0.39,0.32,cpu_pct,,8.699699022606882
resources,tmux,tmux,N=50 attached idle,3,False,0.39,0.27,first_view_stale,,False
resources,tmux,tmux,N=50 attached idle,3,False,0.39,0.27,pss_mib,,9.7490234375
resources,tmux,tmux,N=50 attached idle,3,False,0.39,0.27,rss_mib,,15.71875
resources,tmux,tmux,N=50 attached idle,3,False,0.39,0.27,cpu_pct,,0.0
resources,tmux,tmux,N=50 attached output,3,False,0.39,0.21,pss_mib,,9.8076171875
resources,tmux,tmux,N=50 attached output,3,False,0.39,0.21,rss_mib,,15.77734375
resources,tmux,tmux,N=50 attached output,3,False,0.39,0.21,cpu_pct,,6.9890643124134675
resources,herdr,herdr,N=50 headless idle,3,False,0.21,0.31,pss_mib,,41.09375
resources,herdr,herdr,N=50 headless idle,3,False,0.21,0.31,rss_mib,,41.09765625
resources,herdr,herdr,N=50 headless idle,3,False,0.21,0.31,cpu_pct,,22.399237720365168
resources,herdr,herdr,N=50 headless output,3,False,0.21,0.26,pss_mib,,41.9296875
resources,herdr,herdr,N=50 headless output,3,False,0.21,0.26,rss_mib,,41.93359375
resources,herdr,herdr,N=50 headless output,3,False,0.21,0.26,cpu_pct,,76.89949443210688
resources,herdr,herdr,N=50 attached idle,3,False,0.21,0.21,first_view_stale,,False
resources,herdr,herdr,N=50 attached idle,3,False,0.21,0.21,pss_mib,,53.75
resources,herdr,herdr,N=50 attached idle,3,False,0.21,0.21,rss_mib,,63.7578125
resources,herdr,herdr,N=50 attached idle,3,False,0.21,0.21,cpu_pct,,70.6955921370053
resources,herdr,herdr,N=50 attached output,3,False,0.21,0.7,pss_mib,,53.87109375
resources,herdr,herdr,N=50 attached output,3,False,0.21,0.7,rss_mib,,63.87890625
resources,herdr,herdr,N=50 attached output,3,False,0.21,0.7,cpu_pct,,73.09778770286225
resources,rmux,rmux,N=50 headless idle,3,False,0.7,0.59,pss_mib,,11.7900390625
resources,rmux,rmux,N=50 headless idle,3,False,0.7,0.59,rss_mib,,14.5546875
resources,rmux,rmux,N=50 headless idle,3,False,0.7,0.59,cpu_pct,,0.0
resources,rmux,rmux,N=50 headless output,3,False,0.7,0.46,pss_mib,,11.7900390625
resources,rmux,rmux,N=50 headless output,3,False,0.7,0.46,rss_mib,,14.5546875
resources,rmux,rmux,N=50 headless output,3,False,0.7,0.46,cpu_pct,,4.099931079753083
resources,rmux,rmux,N=50 attached idle,3,False,0.7,0.39,first_view_stale,,False
resources,rmux,rmux,N=50 attached idle,3,False,0.7,0.39,pss_mib,,17.3095703125
resources,rmux,rmux,N=50 attached idle,3,False,0.7,0.39,rss_mib,,26.4921875
resources,rmux,rmux,N=50 attached idle,3,False,0.7,0.39,cpu_pct,,0.09987753774416361
resources,rmux,rmux,N=50 attached output,3,False,0.7,0.4,pss_mib,,17.3876953125
resources,rmux,rmux,N=50 attached output,3,False,0.7,0.4,rss_mib,,26.5703125
resources,rmux,rmux,N=50 attached output,3,False,0.7,0.4,cpu_pct,,10.8971789306652
resources,tmux,tmux,N=50 headless idle,4,False,0.4,0.31,pss_mib,,2.4560546875
resources,tmux,tmux,N=50 headless idle,4,False,0.4,0.31,rss_mib,,4.15625
resources,tmux,tmux,N=50 headless idle,4,False,0.4,0.31,cpu_pct,,0.0
resources,tmux,tmux,N=50 headless output,4,False,0.4,0.34,pss_mib,,2.9169921875
resources,tmux,tmux,N=50 headless output,4,False,0.4,0.34,rss_mib,,4.6171875
resources,tmux,tmux,N=50 headless output,4,False,0.4,0.34,cpu_pct,,7.199739546558636
resources,tmux,tmux,N=50 attached idle,4,False,0.4,0.26,first_view_stale,,False
resources,tmux,tmux,N=50 attached idle,4,False,0.4,0.26,pss_mib,,9.7783203125
resources,tmux,tmux,N=50 attached idle,4,False,0.4,0.26,rss_mib,,15.734375
resources,tmux,tmux,N=50 attached idle,4,False,0.4,0.26,cpu_pct,,0.0
resources,tmux,tmux,N=50 attached output,4,False,0.4,0.22,pss_mib,,9.8447265625
resources,tmux,tmux,N=50 attached output,4,False,0.4,0.22,rss_mib,,15.80078125
resources,tmux,tmux,N=50 attached output,4,False,0.4,0.22,cpu_pct,,5.5758002291079585
resources,herdr,herdr,N=50 headless idle,4,False,0.22,0.25,pss_mib,,41.09375
resources,herdr,herdr,N=50 headless idle,4,False,0.22,0.25,rss_mib,,41.09765625
resources,herdr,herdr,N=50 headless idle,4,False,0.22,0.25,cpu_pct,,21.99948981424477
resources,herdr,herdr,N=50 headless output,4,False,0.22,0.29,pss_mib,,41.859375
resources,herdr,herdr,N=50 headless output,4,False,0.22,0.29,rss_mib,,41.86328125
resources,herdr,herdr,N=50 headless output,4,False,0.22,0.29,cpu_pct,,60.099436261246204
resources,herdr,herdr,N=50 attached idle,4,False,0.22,0.44,first_view_stale,,False
resources,herdr,herdr,N=50 attached idle,4,False,0.22,0.44,pss_mib,,53.72265625
resources,herdr,herdr,N=50 attached idle,4,False,0.22,0.44,rss_mib,,63.73046875
resources,herdr,herdr,N=50 attached idle,4,False,0.22,0.44,cpu_pct,,74.04484958182506
resources,herdr,herdr,N=50 attached output,4,False,0.22,0.62,pss_mib,,53.84375
resources,herdr,herdr,N=50 attached output,4,False,0.22,0.62,rss_mib,,63.8515625
resources,herdr,herdr,N=50 attached output,4,False,0.22,0.62,cpu_pct,,92.79127630648154
resources,rmux,rmux,N=50 headless idle,4,False,0.62,0.55,pss_mib,,11.4580078125
resources,rmux,rmux,N=50 headless idle,4,False,0.62,0.55,rss_mib,,14.22265625
resources,rmux,rmux,N=50 headless idle,4,False,0.62,0.55,cpu_pct,,0.0
resources,rmux,rmux,N=50 headless output,4,False,0.62,0.54,pss_mib,,11.4580078125
resources,rmux,rmux,N=50 headless output,4,False,0.62,0.54,rss_mib,,14.22265625
resources,rmux,rmux,N=50 headless output,4,False,0.62,0.54,cpu_pct,,4.2998497172309476
resources,rmux,rmux,N=50 attached idle,4,False,0.62,0.42,first_view_stale,,False
resources,rmux,rmux,N=50 attached idle,4,False,0.62,0.42,pss_mib,,17.3095703125
resources,rmux,rmux,N=50 attached idle,4,False,0.62,0.42,rss_mib,,26.31640625
resources,rmux,rmux,N=50 attached idle,4,False,0.62,0.42,cpu_pct,,0.09981789558515067
resources,rmux,rmux,N=50 attached output,4,False,0.62,0.36,pss_mib,,17.3876953125
resources,rmux,rmux,N=50 attached output,4,False,0.62,0.36,rss_mib,,26.39453125
resources,rmux,rmux,N=50 attached output,4,False,0.62,0.36,cpu_pct,,10.453356595997834
resources,thurbox,tmux,N=50 headless idle,4,False,0.36,0.3,pss_mib,,7.541015625
resources,thurbox,tmux,N=50 headless idle,4,False,0.36,0.3,rss_mib,,19.31640625
resources,thurbox,tmux,N=50 headless idle,4,False,0.36,0.3,cpu_pct,,0.0
resources,thurbox,tmux,N=50 headless output,4,False,0.36,0.23,pss_mib,,7.826171875
resources,thurbox,tmux,N=50 headless output,4,False,0.36,0.23,rss_mib,,19.6015625
resources,thurbox,tmux,N=50 headless output,4,False,0.36,0.23,cpu_pct,,8.599743915946949
resources,thurbox,tmux,N=50 attached idle,4,False,0.36,0.2,first_view_stale,,False
resources,thurbox,tmux,N=50 attached idle,4,False,0.36,0.2,pss_mib,,53.9453125
resources,thurbox,tmux,N=50 attached idle,4,False,0.36,0.2,rss_mib,,96.1640625
resources,thurbox,tmux,N=50 attached idle,4,False,0.36,0.2,cpu_pct,,9.575034953915926
resources,thurbox,tmux,N=50 attached output,4,False,0.36,0.31,pss_mib,,45.1943359375
resources,thurbox,tmux,N=50 attached output,4,False,0.36,0.31,rss_mib,,62.98046875
resources,thurbox,tmux,N=50 attached output,4,False,0.36,0.31,cpu_pct,,35.84783227566667
resources,herdr,herdr,N=50 headless idle,5,False,0.31,0.45,pss_mib,,41.109375
resources,herdr,herdr,N=50 headless idle,5,False,0.31,0.45,rss_mib,,41.11328125
resources,herdr,herdr,N=50 headless idle,5,False,0.31,0.45,cpu_pct,,21.99963096055162
resources,herdr,herdr,N=50 headless output,5,False,0.31,0.42,pss_mib,,41.91796875
resources,herdr,herdr,N=50 headless output,5,False,0.31,0.42,rss_mib,,41.921875
resources,herdr,herdr,N=50 headless output,5,False,0.31,0.42,cpu_pct,,87.39929328027043
resources,herdr,herdr,N=50 attached idle,5,False,0.31,0.81,first_view_stale,,False
resources,herdr,herdr,N=50 attached idle,5,False,0.31,0.81,pss_mib,,53.78515625
resources,herdr,herdr,N=50 attached idle,5,False,0.31,0.81,rss_mib,,63.79296875
resources,herdr,herdr,N=50 attached idle,5,False,0.31,0.81,cpu_pct,,121.1867211142679
resources,herdr,herdr,N=50 attached output,5,False,0.31,1.06,pss_mib,,53.90625
resources,herdr,herdr,N=50 attached output,5,False,0.31,1.06,rss_mib,,63.9140625
resources,herdr,herdr,N=50 attached output,5,False,0.31,1.06,cpu_pct,,112.92066143807847
resources,rmux,rmux,N=50 headless idle,5,False,1.06,0.89,pss_mib,,11.4697265625
resources,rmux,rmux,N=50 headless idle,5,False,1.06,0.89,rss_mib,,14.234375
resources,rmux,rmux,N=50 headless idle,5,False,1.06,0.89,cpu_pct,,0.0
resources,rmux,rmux,N=50 headless output,5,False,1.06,0.76,pss_mib,,11.4697265625
resources,rmux,rmux,N=50 headless output,5,False,1.06,0.76,rss_mib,,14.234375
resources,rmux,rmux,N=50 headless output,5,False,1.06,0.76,cpu_pct,,4.299868677281425
resources,rmux,rmux,N=50 attached idle,5,False,1.06,0.59,first_view_stale,,False
resources,rmux,rmux,N=50 attached idle,5,False,1.06,0.59,pss_mib,,17.2626953125
resources,rmux,rmux,N=50 attached idle,5,False,1.06,0.59,rss_mib,,26.2890625
resources,rmux,rmux,N=50 attached idle,5,False,1.06,0.59,cpu_pct,,0.09982135133453987
resources,rmux,rmux,N=50 attached output,5,False,1.06,0.5,pss_mib,,17.3369140625
resources,rmux,rmux,N=50 attached output,5,False,1.06,0.5,rss_mib,,26.36328125
resources,rmux,rmux,N=50 attached output,5,False,1.06,0.5,cpu_pct,,10.965537819139788
resources,thurbox,tmux,N=50 headless idle,5,False,0.5,0.52,pss_mib,,7.4697265625
resources,thurbox,tmux,N=50 headless idle,5,False,0.5,0.52,rss_mib,,19.24609375
resources,thurbox,tmux,N=50 headless idle,5,False,0.5,0.52,cpu_pct,,0.0
resources,thurbox,tmux,N=50 headless output,5,False,0.5,0.52,pss_mib,,7.7626953125
resources,thurbox,tmux,N=50 headless output,5,False,0.5,0.52,rss_mib,,19.5390625
resources,thurbox,tmux,N=50 headless output,5,False,0.5,0.52,cpu_pct,,9.399653975256822
resources,thurbox,tmux,N=50 attached idle,5,False,0.5,0.48,first_view_stale,,False
resources,thurbox,tmux,N=50 attached idle,5,False,0.5,0.48,pss_mib,,44.25
resources,thurbox,tmux,N=50 attached idle,5,False,0.5,0.48,rss_mib,,62.078125
resources,thurbox,tmux,N=50 attached idle,5,False,0.5,0.48,cpu_pct,,9.562288852465816
resources,thurbox,tmux,N=50 attached output,5,False,0.5,0.77,pss_mib,,44.703125
resources,thurbox,tmux,N=50 attached output,5,False,0.5,0.77,rss_mib,,62.53125
resources,thurbox,tmux,N=50 attached output,5,False,0.5,0.77,cpu_pct,,36.577893239473966
resources,tmux,tmux,N=50 headless idle,5,False,0.77,0.6,pss_mib,,2.4365234375
resources,tmux,tmux,N=50 headless idle,5,False,0.77,0.6,rss_mib,,4.13671875
resources,tmux,tmux,N=50 headless idle,5,False,0.77,0.6,cpu_pct,,0.0
resources,tmux,tmux,N=50 headless output,5,False,0.77,0.51,pss_mib,,2.8896484375
resources,tmux,tmux,N=50 headless output,5,False,0.77,0.51,rss_mib,,4.58984375
resources,tmux,tmux,N=50 headless output,5,False,0.77,0.51,cpu_pct,,8.099717302061034
resources,tmux,tmux,N=50 attached idle,5,False,0.77,0.43,first_view_stale,,False
resources,tmux,tmux,N=50 attached idle,5,False,0.77,0.43,pss_mib,,9.7802734375
resources,tmux,tmux,N=50 attached idle,5,False,0.77,0.43,rss_mib,,15.76171875
resources,tmux,tmux,N=50 attached idle,5,False,0.77,0.43,cpu_pct,,0.0
resources,tmux,tmux,N=50 attached output,5,False,0.77,0.33,pss_mib,,9.8388671875
resources,tmux,tmux,N=50 attached output,5,False,0.77,0.33,rss_mib,,15.8203125
resources,tmux,tmux,N=50 attached output,5,False,0.77,0.33,cpu_pct,,6.5874853989160025
resources,tmux,tmux,N=20 headless idle-long,0,True,0.33,0.11,pss_mib,,2.1875
resources,tmux,tmux,N=20 headless idle-long,0,True,0.33,0.11,rss_mib,,3.88671875
resources,tmux,tmux,N=20 headless idle-long,0,True,0.33,0.11,cpu_pct,,0.0
resources,herdr,herdr,N=20 headless idle-long,0,True,0.11,0.07,pss_mib,,26.8515625
resources,herdr,herdr,N=20 headless idle-long,0,True,0.11,0.07,rss_mib,,26.85546875
resources,herdr,herdr,N=20 headless idle-long,0,True,0.11,0.07,cpu_pct,,9.230719673165051
resources,rmux,rmux,N=20 headless idle-long,0,True,0.07,0.02,pss_mib,,10.5859375
resources,rmux,rmux,N=20 headless idle-long,0,True,0.07,0.02,rss_mib,,13.34765625
resources,rmux,rmux,N=20 headless idle-long,0,True,0.07,0.02,cpu_pct,,0.0
resources,thurbox,tmux,N=20 headless idle-long,0,True,0.02,0.07,pss_mib,,7.1630859375
resources,thurbox,tmux,N=20 headless idle-long,0,True,0.02,0.07,rss_mib,,18.9609375
resources,thurbox,tmux,N=20 headless idle-long,0,True,0.02,0.07,cpu_pct,,0.0
resources,herdr,herdr,N=20 headless idle-long,1,False,0.07,0.02,pss_mib,,26.8515625
resources,herdr,herdr,N=20 headless idle-long,1,False,0.07,0.02,rss_mib,,26.85546875
resources,herdr,herdr,N=20 headless idle-long,1,False,0.07,0.02,cpu_pct,,9.153797789267996
resources,rmux,rmux,N=20 headless idle-long,1,False,0.02,0.0,pss_mib,,10.630859375
resources,rmux,rmux,N=20 headless idle-long,1,False,0.02,0.0,rss_mib,,13.3828125
resources,rmux,rmux,N=20 headless idle-long,1,False,0.02,0.0,cpu_pct,,0.0
resources,thurbox,tmux,N=20 headless idle-long,1,False,0.0,0.0,pss_mib,,7.1455078125
resources,thurbox,tmux,N=20 headless idle-long,1,False,0.0,0.0,rss_mib,,18.90625
resources,thurbox,tmux,N=20 headless idle-long,1,False,0.0,0.0,cpu_pct,,0.0
resources,tmux,tmux,N=20 headless idle-long,1,False,0.0,0.08,pss_mib,,2.19140625
resources,tmux,tmux,N=20 headless idle-long,1,False,0.0,0.08,rss_mib,,3.890625
resources,tmux,tmux,N=20 headless idle-long,1,False,0.0,0.08,cpu_pct,,0.0
resources,rmux,rmux,N=20 headless idle-long,2,False,0.08,0.02,pss_mib,,10.52734375
resources,rmux,rmux,N=20 headless idle-long,2,False,0.08,0.02,rss_mib,,13.2890625
resources,rmux,rmux,N=20 headless idle-long,2,False,0.08,0.02,cpu_pct,,0.0
resources,thurbox,tmux,N=20 headless idle-long,2,False,0.02,0.01,pss_mib,,7.162109375
resources,thurbox,tmux,N=20 headless idle-long,2,False,0.02,0.01,rss_mib,,18.88671875
resources,thurbox,tmux,N=20 headless idle-long,2,False,0.02,0.01,cpu_pct,,0.0
resources,tmux,tmux,N=20 headless idle-long,2,False,0.01,0.0,pss_mib,,2.078125
resources,tmux,tmux,N=20 headless idle-long,2,False,0.01,0.0,rss_mib,,3.77734375
resources,tmux,tmux,N=20 headless idle-long,2,False,0.01,0.0,cpu_pct,,0.0
resources,herdr,herdr,N=20 headless idle-long,2,False,0.0,0.15,pss_mib,,26.84765625
resources,herdr,herdr,N=20 headless idle-long,2,False,0.0,0.15,rss_mib,,26.8515625
resources,herdr,herdr,N=20 headless idle-long,2,False,0.0,0.15,cpu_pct,,9.138437733112344
resources,thurbox,tmux,N=20 headless idle-long,3,False,0.15,0.04,pss_mib,,7.1533203125
resources,thurbox,tmux,N=20 headless idle-long,3,False,0.15,0.04,rss_mib,,18.9375
resources,thurbox,tmux,N=20 headless idle-long,3,False,0.15,0.04,cpu_pct,,0.0
resources,tmux,tmux,N=20 headless idle-long,3,False,0.04,0.01,pss_mib,,2.17578125
resources,tmux,tmux,N=20 headless idle-long,3,False,0.04,0.01,rss_mib,,3.875
resources,tmux,tmux,N=20 headless idle-long,3,False,0.04,0.01,cpu_pct,,0.0
resources,herdr,herdr,N=20 headless idle-long,3,False,0.01,0.05,pss_mib,,26.84765625
resources,herdr,herdr,N=20 headless idle-long,3,False,0.01,0.05,rss_mib,,26.8515625
resources,herdr,herdr,N=20 headless idle-long,3,False,0.01,0.05,cpu_pct,,9.353801393609798
resources,rmux,rmux,N=20 headless idle-long,3,False,0.05,0.02,pss_mib,,10.88671875
resources,rmux,rmux,N=20 headless idle-long,3,False,0.05,0.02,rss_mib,,13.64453125
resources,rmux,rmux,N=20 headless idle-long,3,False,0.05,0.02,cpu_pct,,0.0
resources,tmux,tmux,N=20 headless idle-long,4,False,0.02,0.0,pss_mib,,2.20703125
resources,tmux,tmux,N=20 headless idle-long,4,False,0.02,0.0,rss_mib,,3.90625
resources,tmux,tmux,N=20 headless idle-long,4,False,0.02,0.0,cpu_pct,,0.0
resources,herdr,herdr,N=20 headless idle-long,4,False,0.0,0.08,pss_mib,,26.83203125
resources,herdr,herdr,N=20 headless idle-long,4,False,0.0,0.08,rss_mib,,26.8359375
resources,herdr,herdr,N=20 headless idle-long,4,False,0.0,0.08,cpu_pct,,9.07687805016052
resources,rmux,rmux,N=20 headless idle-long,4,False,0.08,0.02,pss_mib,,10.94140625
resources,rmux,rmux,N=20 headless idle-long,4,False,0.08,0.02,rss_mib,,13.703125
resources,rmux,rmux,N=20 headless idle-long,4,False,0.08,0.02,cpu_pct,,0.0
resources,thurbox,tmux,N=20 headless idle-long,4,False,0.02,0.01,pss_mib,,7.1513671875
resources,thurbox,tmux,N=20 headless idle-long,4,False,0.02,0.01,rss_mib,,18.89453125
resources,thurbox,tmux,N=20 headless idle-long,4,False,0.02,0.01,cpu_pct,,0.0
resources,herdr,herdr,N=20 headless idle-long,5,False,0.01,0.04,pss_mib,,26.84765625
resources,herdr,herdr,N=20 headless idle-long,5,False,0.01,0.04,rss_mib,,26.8515625
resources,herdr,herdr,N=20 headless idle-long,5,False,0.01,0.04,cpu_pct,,9.230719792452968
resources,rmux,rmux,N=20 headless idle-long,5,False,0.04,0.01,pss_mib,,10.712890625
resources,rmux,rmux,N=20 headless idle-long,5,False,0.04,0.01,rss_mib,,13.43359375
resources,rmux,rmux,N=20 headless idle-long,5,False,0.04,0.01,cpu_pct,,0.0
resources,thurbox,tmux,N=20 headless idle-long,5,False,0.01,0.06,pss_mib,,7.1953125
resources,thurbox,tmux,N=20 headless idle-long,5,False,0.01,0.06,rss_mib,,18.93359375
resources,thurbox,tmux,N=20 headless idle-long,5,False,0.01,0.06,cpu_pct,,0.0
resources,tmux,tmux,N=20 headless idle-long,5,False,0.06,0.02,pss_mib,,2.1845703125
resources,tmux,tmux,N=20 headless idle-long,5,False,0.06,0.02,rss_mib,,3.8828125
resources,tmux,tmux,N=20 headless idle-long,5,False,0.06,0.02,cpu_pct,,0.0
throughput,tmux,tmux,headless,0,True,0.02,0.02,producer_ms,,189.906988
throughput,tmux,tmux,headless,0,True,0.02,0.02,settle_ms,,310.586779
throughput,tmux,tmux,headless,0,True,0.02,0.02,visible_ms,,
throughput,tmux,tmux,headless,0,True,0.02,0.02,host_cpu_s,,0.19
throughput,tmux,tmux,headless,0,True,0.02,0.02,intact,,True
throughput,tmux,tmux,headless,0,True,0.02,0.02,pss_after_mib,,4.1787109375
throughput,herdr,herdr,headless,0,True,0.02,0.02,producer_ms,,130.487383
throughput,herdr,herdr,headless,0,True,0.02,0.02,settle_ms,,249.235132
throughput,herdr,herdr,headless,0,True,0.02,0.02,visible_ms,,
throughput,herdr,herdr,headless,0,True,0.02,0.02,host_cpu_s,,0.13
throughput,herdr,herdr,headless,0,True,0.02,0.02,intact,,True
throughput,herdr,herdr,headless,0,True,0.02,0.02,pss_after_mib,,26.44140625
throughput,rmux,rmux,headless,0,True,0.02,0.02,producer_ms,,35.778425
throughput,rmux,rmux,headless,0,True,0.02,0.02,settle_ms,,158.95759
throughput,rmux,rmux,headless,0,True,0.02,0.02,visible_ms,,
throughput,rmux,rmux,headless,0,True,0.02,0.02,host_cpu_s,,0.03
throughput,rmux,rmux,headless,0,True,0.02,0.02,intact,,True
throughput,rmux,rmux,headless,0,True,0.02,0.02,pss_after_mib,,10.52734375
throughput,thurbox,tmux,headless,0,True,0.02,0.01,producer_ms,,198.623788
throughput,thurbox,tmux,headless,0,True,0.02,0.01,settle_ms,,321.458177
throughput,thurbox,tmux,headless,0,True,0.02,0.01,visible_ms,,
throughput,thurbox,tmux,headless,0,True,0.02,0.01,host_cpu_s,,0.19
throughput,thurbox,tmux,headless,0,True,0.02,0.01,intact,,True
throughput,thurbox,tmux,headless,0,True,0.02,0.01,pss_after_mib,,8.6162109375
throughput,herdr,herdr,headless,1,False,0.01,0.01,producer_ms,,130.018194
throughput,herdr,herdr,headless,1,False,0.01,0.01,settle_ms,,247.868859
throughput,herdr,herdr,headless,1,False,0.01,0.01,visible_ms,,
throughput,herdr,herdr,headless,1,False,0.01,0.01,host_cpu_s,,0.14
throughput,herdr,herdr,headless,1,False,0.01,0.01,intact,,True
throughput,herdr,herdr,headless,1,False,0.01,0.01,pss_after_mib,,26.44140625
throughput,rmux,rmux,headless,1,False,0.01,0.01,producer_ms,,35.628951
throughput,rmux,rmux,headless,1,False,0.01,0.01,settle_ms,,156.787652
throughput,rmux,rmux,headless,1,False,0.01,0.01,visible_ms,,
throughput,rmux,rmux,headless,1,False,0.01,0.01,host_cpu_s,,0.03
throughput,rmux,rmux,headless,1,False,0.01,0.01,intact,,True
throughput,rmux,rmux,headless,1,False,0.01,0.01,pss_after_mib,,10.4892578125
throughput,thurbox,tmux,headless,1,False,0.01,0.01,producer_ms,,211.468497
throughput,thurbox,tmux,headless,1,False,0.01,0.01,settle_ms,,335.59991
throughput,thurbox,tmux,headless,1,False,0.01,0.01,visible_ms,,
throughput,thurbox,tmux,headless,1,False,0.01,0.01,host_cpu_s,,0.22
throughput,thurbox,tmux,headless,1,False,0.01,0.01,intact,,True
throughput,thurbox,tmux,headless,1,False,0.01,0.01,pss_after_mib,,8.6123046875
throughput,tmux,tmux,headless,1,False,0.01,0.01,producer_ms,,201.920507
throughput,tmux,tmux,headless,1,False,0.01,0.01,settle_ms,,337.569019
throughput,tmux,tmux,headless,1,False,0.01,0.01,visible_ms,,
throughput,tmux,tmux,headless,1,False,0.01,0.01,host_cpu_s,,0.2
throughput,tmux,tmux,headless,1,False,0.01,0.01,intact,,True
throughput,tmux,tmux,headless,1,False,0.01,0.01,pss_after_mib,,4.0771484375
throughput,rmux,rmux,headless,2,False,0.01,0.01,producer_ms,,36.104961
throughput,rmux,rmux,headless,2,False,0.01,0.01,settle_ms,,158.7719
throughput,rmux,rmux,headless,2,False,0.01,0.01,visible_ms,,
throughput,rmux,rmux,headless,2,False,0.01,0.01,host_cpu_s,,0.03
throughput,rmux,rmux,headless,2,False,0.01,0.01,intact,,True
throughput,rmux,rmux,headless,2,False,0.01,0.01,pss_after_mib,,10.5625
throughput,thurbox,tmux,headless,2,False,0.01,0.09,producer_ms,,209.251638
throughput,thurbox,tmux,headless,2,False,0.01,0.09,settle_ms,,328.537296
throughput,thurbox,tmux,headless,2,False,0.01,0.09,visible_ms,,
throughput,thurbox,tmux,headless,2,False,0.01,0.09,host_cpu_s,,0.22
throughput,thurbox,tmux,headless,2,False,0.01,0.09,intact,,True
throughput,thurbox,tmux,headless,2,False,0.01,0.09,pss_after_mib,,8.6162109375
throughput,tmux,tmux,headless,2,False,0.09,0.09,producer_ms,,200.396851
throughput,tmux,tmux,headless,2,False,0.09,0.09,settle_ms,,325.711151
throughput,tmux,tmux,headless,2,False,0.09,0.09,visible_ms,,
throughput,tmux,tmux,headless,2,False,0.09,0.09,host_cpu_s,,0.2
throughput,tmux,tmux,headless,2,False,0.09,0.09,intact,,True
throughput,tmux,tmux,headless,2,False,0.09,0.09,pss_after_mib,,4.1904296875
throughput,herdr,herdr,headless,2,False,0.09,0.08,producer_ms,,130.335819
throughput,herdr,herdr,headless,2,False,0.09,0.08,settle_ms,,248.943991
throughput,herdr,herdr,headless,2,False,0.09,0.08,visible_ms,,
throughput,herdr,herdr,headless,2,False,0.09,0.08,host_cpu_s,,0.13
throughput,herdr,herdr,headless,2,False,0.09,0.08,intact,,True
throughput,herdr,herdr,headless,2,False,0.09,0.08,pss_after_mib,,26.4375
throughput,thurbox,tmux,headless,3,False,0.08,0.08,producer_ms,,212.362008
throughput,thurbox,tmux,headless,3,False,0.08,0.08,settle_ms,,352.449044
throughput,thurbox,tmux,headless,3,False,0.08,0.08,visible_ms,,
throughput,thurbox,tmux,headless,3,False,0.08,0.08,host_cpu_s,,0.21
throughput,thurbox,tmux,headless,3,False,0.08,0.08,intact,,True
throughput,thurbox,tmux,headless,3,False,0.08,0.08,pss_after_mib,,8.6484375
throughput,tmux,tmux,headless,3,False,0.08,0.08,producer_ms,,204.021601
throughput,tmux,tmux,headless,3,False,0.08,0.08,settle_ms,,335.729037
throughput,tmux,tmux,headless,3,False,0.08,0.08,visible_ms,,
throughput,tmux,tmux,headless,3,False,0.08,0.08,host_cpu_s,,0.2
throughput,tmux,tmux,headless,3,False,0.08,0.08,intact,,True
throughput,tmux,tmux,headless,3,False,0.08,0.08,pss_after_mib,,4.1748046875
throughput,herdr,herdr,headless,3,False,0.08,0.16,producer_ms,,129.306909
throughput,herdr,herdr,headless,3,False,0.08,0.16,settle_ms,,245.206955
throughput,herdr,herdr,headless,3,False,0.08,0.16,visible_ms,,
throughput,herdr,herdr,headless,3,False,0.08,0.16,host_cpu_s,,0.13
throughput,herdr,herdr,headless,3,False,0.08,0.16,intact,,True
throughput,herdr,herdr,headless,3,False,0.08,0.16,pss_after_mib,,26.80078125
throughput,rmux,rmux,headless,3,False,0.16,0.16,producer_ms,,35.557543
throughput,rmux,rmux,headless,3,False,0.16,0.16,settle_ms,,156.621551
throughput,rmux,rmux,headless,3,False,0.16,0.16,visible_ms,,
throughput,rmux,rmux,headless,3,False,0.16,0.16,host_cpu_s,,0.03
throughput,rmux,rmux,headless,3,False,0.16,0.16,intact,,True
throughput,rmux,rmux,headless,3,False,0.16,0.16,pss_after_mib,,10.3076171875
throughput,tmux,tmux,headless,4,False,0.16,0.16,producer_ms,,189.988528
throughput,tmux,tmux,headless,4,False,0.16,0.16,settle_ms,,308.415206
throughput,tmux,tmux,headless,4,False,0.16,0.16,visible_ms,,
throughput,tmux,tmux,headless,4,False,0.16,0.16,host_cpu_s,,0.19
throughput,tmux,tmux,headless,4,False,0.16,0.16,intact,,True
throughput,tmux,tmux,headless,4,False,0.16,0.16,pss_after_mib,,4.1318359375
throughput,herdr,herdr,headless,4,False,0.16,0.15,producer_ms,,130.13269
throughput,herdr,herdr,headless,4,False,0.16,0.15,settle_ms,,252.204655
throughput,herdr,herdr,headless,4,False,0.16,0.15,visible_ms,,
throughput,herdr,herdr,headless,4,False,0.16,0.15,host_cpu_s,,0.12
throughput,herdr,herdr,headless,4,False,0.16,0.15,intact,,True
throughput,herdr,herdr,headless,4,False,0.16,0.15,pss_after_mib,,26.0703125
throughput,rmux,rmux,headless,4,False,0.15,0.15,producer_ms,,35.560847
throughput,rmux,rmux,headless,4,False,0.15,0.15,settle_ms,,162.415517
throughput,rmux,rmux,headless,4,False,0.15,0.15,visible_ms,,
throughput,rmux,rmux,headless,4,False,0.15,0.15,host_cpu_s,,0.04
throughput,rmux,rmux,headless,4,False,0.15,0.15,intact,,True
throughput,rmux,rmux,headless,4,False,0.15,0.15,pss_after_mib,,10.3203125
throughput,thurbox,tmux,headless,4,False,0.15,0.15,producer_ms,,199.60488
throughput,thurbox,tmux,headless,4,False,0.15,0.15,settle_ms,,326.128039
throughput,thurbox,tmux,headless,4,False,0.15,0.15,visible_ms,,
throughput,thurbox,tmux,headless,4,False,0.15,0.15,host_cpu_s,,0.19
throughput,thurbox,tmux,headless,4,False,0.15,0.15,intact,,True
throughput,thurbox,tmux,headless,4,False,0.15,0.15,pss_after_mib,,8.587890625
throughput,herdr,herdr,headless,5,False,0.15,0.13,producer_ms,,128.680329
throughput,herdr,herdr,headless,5,False,0.15,0.13,settle_ms,,246.019114
throughput,herdr,herdr,headless,5,False,0.15,0.13,visible_ms,,
throughput,herdr,herdr,headless,5,False,0.15,0.13,host_cpu_s,,0.13
throughput,herdr,herdr,headless,5,False,0.15,0.13,intact,,True
throughput,herdr,herdr,headless,5,False,0.15,0.13,pss_after_mib,,27.16015625
throughput,rmux,rmux,headless,5,False,0.13,0.13,producer_ms,,42.798009
throughput,rmux,rmux,headless,5,False,0.13,0.13,settle_ms,,173.055318
throughput,rmux,rmux,headless,5,False,0.13,0.13,visible_ms,,
throughput,rmux,rmux,headless,5,False,0.13,0.13,host_cpu_s,,0.04
throughput,rmux,rmux,headless,5,False,0.13,0.13,intact,,True
throughput,rmux,rmux,headless,5,False,0.13,0.13,pss_after_mib,,10.6171875
throughput,thurbox,tmux,headless,5,False,0.13,0.13,producer_ms,,206.152879
throughput,thurbox,tmux,headless,5,False,0.13,0.13,settle_ms,,334.233662
throughput,thurbox,tmux,headless,5,False,0.13,0.13,visible_ms,,
throughput,thurbox,tmux,headless,5,False,0.13,0.13,host_cpu_s,,0.2
throughput,thurbox,tmux,headless,5,False,0.13,0.13,intact,,True
throughput,thurbox,tmux,headless,5,False,0.13,0.13,pss_after_mib,,8.6357421875
throughput,tmux,tmux,headless,5,False,0.13,0.12,producer_ms,,189.954225
throughput,tmux,tmux,headless,5,False,0.13,0.12,settle_ms,,310.671387
throughput,tmux,tmux,headless,5,False,0.13,0.12,visible_ms,,
throughput,tmux,tmux,headless,5,False,0.13,0.12,host_cpu_s,,0.19
throughput,tmux,tmux,headless,5,False,0.13,0.12,intact,,True
throughput,tmux,tmux,headless,5,False,0.13,0.12,pss_after_mib,,4.1826171875
throughput,tmux,tmux,attached,0,True,0.12,0.12,producer_ms,,211.164442
throughput,tmux,tmux,attached,0,True,0.12,0.12,settle_ms,,333.215083
throughput,tmux,tmux,attached,0,True,0.12,0.12,visible_ms,,222.842704
throughput,tmux,tmux,attached,0,True,0.12,0.12,host_cpu_s,,0.2
throughput,tmux,tmux,attached,0,True,0.12,0.12,intact,,True
throughput,tmux,tmux,attached,0,True,0.12,0.12,pss_after_mib,,5.38671875
throughput,herdr,herdr,attached,0,True,0.12,0.11,producer_ms,,143.769465
throughput,herdr,herdr,attached,0,True,0.12,0.11,settle_ms,,776.908434
throughput,herdr,herdr,attached,0,True,0.12,0.11,visible_ms,,162.102333
throughput,herdr,herdr,attached,0,True,0.12,0.11,host_cpu_s,,0.18
throughput,herdr,herdr,attached,0,True,0.12,0.11,intact,,True
throughput,herdr,herdr,attached,0,True,0.12,0.11,pss_after_mib,,23.17578125
throughput,rmux,rmux,attached,0,True,0.11,0.1,producer_ms,,37.745444
throughput,rmux,rmux,attached,0,True,0.11,0.1,settle_ms,,371.460259
throughput,rmux,rmux,attached,0,True,0.11,0.1,visible_ms,,232.353007
throughput,rmux,rmux,attached,0,True,0.11,0.1,host_cpu_s,,0.03
throughput,rmux,rmux,attached,0,True,0.11,0.1,intact,,True
throughput,rmux,rmux,attached,0,True,0.11,0.1,pss_after_mib,,15.138671875
throughput,thurbox,tmux,attached,0,True,0.1,0.1,producer_ms,,516.767943
throughput,thurbox,tmux,attached,0,True,0.1,0.1,settle_ms,,735.753121
throughput,thurbox,tmux,attached,0,True,0.1,0.1,visible_ms,,559.780523
throughput,thurbox,tmux,attached,0,True,0.1,0.1,host_cpu_s,,0.67
throughput,thurbox,tmux,attached,0,True,0.1,0.1,intact,,True
throughput,thurbox,tmux,attached,0,True,0.1,0.1,pss_after_mib,,35.5859375
throughput,herdr,herdr,attached,1,False,0.1,0.09,producer_ms,,142.274403
throughput,herdr,herdr,attached,1,False,0.1,0.09,settle_ms,,513.011047
throughput,herdr,herdr,attached,1,False,0.1,0.09,visible_ms,,157.805094
throughput,herdr,herdr,attached,1,False,0.1,0.09,host_cpu_s,,0.17
throughput,herdr,herdr,attached,1,False,0.1,0.09,intact,,True
throughput,herdr,herdr,attached,1,False,0.1,0.09,pss_after_mib,,23.1640625
throughput,rmux,rmux,attached,1,False,0.09,0.09,producer_ms,,37.595745
throughput,rmux,rmux,attached,1,False,0.09,0.09,settle_ms,,358.481504
throughput,rmux,rmux,attached,1,False,0.09,0.09,visible_ms,,218.205156
throughput,rmux,rmux,attached,1,False,0.09,0.09,host_cpu_s,,0.04
throughput,rmux,rmux,attached,1,False,0.09,0.09,intact,,True
throughput,rmux,rmux,attached,1,False,0.09,0.09,pss_after_mib,,15.0947265625
throughput,thurbox,tmux,attached,1,False,0.09,0.09,producer_ms,,525.853673
throughput,thurbox,tmux,attached,1,False,0.09,0.09,settle_ms,,625.013386
throughput,thurbox,tmux,attached,1,False,0.09,0.09,visible_ms,,561.675051
throughput,thurbox,tmux,attached,1,False,0.09,0.09,host_cpu_s,,0.69
throughput,thurbox,tmux,attached,1,False,0.09,0.09,intact,,True
throughput,thurbox,tmux,attached,1,False,0.09,0.09,pss_after_mib,,35.5673828125
throughput,tmux,tmux,attached,1,False,0.09,0.09,producer_ms,,209.414722
throughput,tmux,tmux,attached,1,False,0.09,0.09,settle_ms,,344.050335
throughput,tmux,tmux,attached,1,False,0.09,0.09,visible_ms,,225.440816
throughput,tmux,tmux,attached,1,False,0.09,0.09,host_cpu_s,,0.2
throughput,tmux,tmux,attached,1,False,0.09,0.09,intact,,True
throughput,tmux,tmux,attached,1,False,0.09,0.09,pss_after_mib,,5.486328125
throughput,rmux,rmux,attached,2,False,0.09,0.08,producer_ms,,37.807503
throughput,rmux,rmux,attached,2,False,0.09,0.08,settle_ms,,358.618256
throughput,rmux,rmux,attached,2,False,0.09,0.08,visible_ms,,219.021877
throughput,rmux,rmux,attached,2,False,0.09,0.08,host_cpu_s,,0.04
throughput,rmux,rmux,attached,2,False,0.09,0.08,intact,,True
throughput,rmux,rmux,attached,2,False,0.09,0.08,pss_after_mib,,15.099609375
throughput,thurbox,tmux,attached,2,False,0.08,0.08,producer_ms,,526.955107
throughput,thurbox,tmux,attached,2,False,0.08,0.08,settle_ms,,742.434516
throughput,thurbox,tmux,attached,2,False,0.08,0.08,visible_ms,,558.712273
throughput,thurbox,tmux,attached,2,False,0.08,0.08,host_cpu_s,,0.68
throughput,thurbox,tmux,attached,2,False,0.08,0.08,intact,,True
throughput,thurbox,tmux,attached,2,False,0.08,0.08,pss_after_mib,,35.5908203125
throughput,tmux,tmux,attached,2,False,0.08,0.07,producer_ms,,207.430288
throughput,tmux,tmux,attached,2,False,0.08,0.07,settle_ms,,334.26296
throughput,tmux,tmux,attached,2,False,0.08,0.07,visible_ms,,224.350075
throughput,tmux,tmux,attached,2,False,0.08,0.07,host_cpu_s,,0.2
throughput,tmux,tmux,attached,2,False,0.08,0.07,intact,,True
throughput,tmux,tmux,attached,2,False,0.08,0.07,pss_after_mib,,5.43359375
throughput,herdr,herdr,attached,2,False,0.07,0.07,producer_ms,,146.97303
throughput,herdr,herdr,attached,2,False,0.07,0.07,settle_ms,,755.905832
throughput,herdr,herdr,attached,2,False,0.07,0.07,visible_ms,,159.148313
throughput,herdr,herdr,attached,2,False,0.07,0.07,host_cpu_s,,0.2
throughput,herdr,herdr,attached,2,False,0.07,0.07,intact,,True
throughput,herdr,herdr,attached,2,False,0.07,0.07,pss_after_mib,,23.1796875
throughput,thurbox,tmux,attached,3,False,0.07,0.07,producer_ms,,521.864434
throughput,thurbox,tmux,attached,3,False,0.07,0.07,settle_ms,,748.683158
throughput,thurbox,tmux,attached,3,False,0.07,0.07,visible_ms,,564.329558
throughput,thurbox,tmux,attached,3,False,0.07,0.07,host_cpu_s,,0.68
throughput,thurbox,tmux,attached,3,False,0.07,0.07,intact,,True
throughput,thurbox,tmux,attached,3,False,0.07,0.07,pss_after_mib,,35.7470703125
throughput,tmux,tmux,attached,3,False,0.07,0.06,producer_ms,,211.694019
throughput,tmux,tmux,attached,3,False,0.07,0.06,settle_ms,,333.914295
throughput,tmux,tmux,attached,3,False,0.07,0.06,visible_ms,,224.783543
throughput,tmux,tmux,attached,3,False,0.07,0.06,host_cpu_s,,0.2
throughput,tmux,tmux,attached,3,False,0.07,0.06,intact,,True
throughput,tmux,tmux,attached,3,False,0.07,0.06,pss_after_mib,,5.49609375
throughput,herdr,herdr,attached,3,False,0.06,0.06,producer_ms,,143.460634
throughput,herdr,herdr,attached,3,False,0.06,0.06,settle_ms,,764.040585
throughput,herdr,herdr,attached,3,False,0.06,0.06,visible_ms,,157.023102
throughput,herdr,herdr,attached,3,False,0.06,0.06,host_cpu_s,,0.19
throughput,herdr,herdr,attached,3,False,0.06,0.06,intact,,True
throughput,herdr,herdr,attached,3,False,0.06,0.06,pss_after_mib,,23.16796875
throughput,rmux,rmux,attached,3,False,0.06,0.06,producer_ms,,37.389281
throughput,rmux,rmux,attached,3,False,0.06,0.06,settle_ms,,357.936837
throughput,rmux,rmux,attached,3,False,0.06,0.06,visible_ms,,218.161661
throughput,rmux,rmux,attached,3,False,0.06,0.06,host_cpu_s,,0.04
throughput,rmux,rmux,attached,3,False,0.06,0.06,intact,,True
throughput,rmux,rmux,attached,3,False,0.06,0.06,pss_after_mib,,14.9189453125
throughput,tmux,tmux,attached,4,False,0.06,0.21,producer_ms,,206.36722
throughput,tmux,tmux,attached,4,False,0.06,0.21,settle_ms,,334.229305
throughput,tmux,tmux,attached,4,False,0.06,0.21,visible_ms,,225.15149
throughput,tmux,tmux,attached,4,False,0.06,0.21,host_cpu_s,,0.2
throughput,tmux,tmux,attached,4,False,0.06,0.21,intact,,True
throughput,tmux,tmux,attached,4,False,0.06,0.21,pss_after_mib,,5.40234375
throughput,herdr,herdr,attached,4,False,0.21,0.21,producer_ms,,141.226731
throughput,herdr,herdr,attached,4,False,0.21,0.21,settle_ms,,775.876751
throughput,herdr,herdr,attached,4,False,0.21,0.21,visible_ms,,162.369039
throughput,herdr,herdr,attached,4,False,0.21,0.21,host_cpu_s,,0.18
throughput,herdr,herdr,attached,4,False,0.21,0.21,intact,,True
throughput,herdr,herdr,attached,4,False,0.21,0.21,pss_after_mib,,23.1640625
throughput,rmux,rmux,attached,4,False,0.21,0.19,producer_ms,,38.945529
throughput,rmux,rmux,attached,4,False,0.21,0.19,settle_ms,,358.793038
throughput,rmux,rmux,attached,4,False,0.21,0.19,visible_ms,,218.059141
throughput,rmux,rmux,attached,4,False,0.21,0.19,host_cpu_s,,0.04
throughput,rmux,rmux,attached,4,False,0.21,0.19,intact,,True
throughput,rmux,rmux,attached,4,False,0.21,0.19,pss_after_mib,,15.1552734375
throughput,thurbox,tmux,attached,4,False,0.19,0.19,producer_ms,,514.916483
throughput,thurbox,tmux,attached,4,False,0.19,0.19,settle_ms,,744.188607
throughput,thurbox,tmux,attached,4,False,0.19,0.19,visible_ms,,518.245379
throughput,thurbox,tmux,attached,4,False,0.19,0.19,host_cpu_s,,0.66
throughput,thurbox,tmux,attached,4,False,0.19,0.19,intact,,True
throughput,thurbox,tmux,attached,4,False,0.19,0.19,pss_after_mib,,35.720703125
throughput,herdr,herdr,attached,5,False,0.19,0.26,producer_ms,,141.854259
throughput,herdr,herdr,attached,5,False,0.19,0.26,settle_ms,,1365.585633
throughput,herdr,herdr,attached,5,False,0.19,0.26,visible_ms,,158.559712
throughput,herdr,herdr,attached,5,False,0.19,0.26,host_cpu_s,,0.2
throughput,herdr,herdr,attached,5,False,0.19,0.26,intact,,True
throughput,herdr,herdr,attached,5,False,0.19,0.26,pss_after_mib,,23.17578125
throughput,rmux,rmux,attached,5,False,0.26,0.24,producer_ms,,37.442956
throughput,rmux,rmux,attached,5,False,0.26,0.24,settle_ms,,358.481655
throughput,rmux,rmux,attached,5,False,0.26,0.24,visible_ms,,218.324045
throughput,rmux,rmux,attached,5,False,0.26,0.24,host_cpu_s,,0.04
throughput,rmux,rmux,attached,5,False,0.26,0.24,intact,,True
throughput,rmux,rmux,attached,5,False,0.26,0.24,pss_after_mib,,14.810546875
throughput,thurbox,tmux,attached,5,False,0.24,0.24,producer_ms,,522.522898
throughput,thurbox,tmux,attached,5,False,0.24,0.24,settle_ms,,856.085868
throughput,thurbox,tmux,attached,5,False,0.24,0.24,visible_ms,,559.821363
throughput,thurbox,tmux,attached,5,False,0.24,0.24,host_cpu_s,,0.68
throughput,thurbox,tmux,attached,5,False,0.24,0.24,intact,,True
throughput,thurbox,tmux,attached,5,False,0.24,0.24,pss_after_mib,,35.51953125
throughput,tmux,tmux,attached,5,False,0.24,0.22,producer_ms,,207.277448
throughput,tmux,tmux,attached,5,False,0.24,0.22,settle_ms,,337.896488
throughput,tmux,tmux,attached,5,False,0.24,0.22,visible_ms,,224.161054
throughput,tmux,tmux,attached,5,False,0.24,0.22,host_cpu_s,,0.21
throughput,tmux,tmux,attached,5,False,0.24,0.22,intact,,True
throughput,tmux,tmux,attached,5,False,0.24,0.22,pss_after_mib,,5.4794921875
scrollback,tmux,tmux,after 1 burst,0,True,0.22,0.22,retained_lines,,2001
scrollback,tmux,tmux,after 1 burst,0,True,0.22,0.22,readable_lines,,2001
scrollback,tmux,tmux,after 1 burst,0,True,0.22,0.22,held_mib,,2.09375
scrollback,tmux,tmux,after 1 burst,0,True,0.22,0.22,read_all_ms,,6.535962
scrollback,herdr,herdr,after 1 burst,0,True,0.22,0.22,retained_lines,,5501
scrollback,herdr,herdr,after 1 burst,0,True,0.22,0.22,readable_lines,,998
scrollback,herdr,herdr,after 1 burst,0,True,0.22,0.22,held_mib,,9.203125
scrollback,herdr,herdr,after 1 burst,0,True,0.22,0.22,read_all_ms,,8.93843
scrollback,rmux,rmux,after 1 burst,0,True,0.2,0.2,retained_lines,,2048
scrollback,rmux,rmux,after 1 burst,0,True,0.2,0.2,readable_lines,,2048
scrollback,rmux,rmux,after 1 burst,0,True,0.2,0.2,held_mib,,0.77734375
scrollback,rmux,rmux,after 1 burst,0,True,0.2,0.2,read_all_ms,,6.425444
scrollback,thurbox,tmux,after 1 burst,0,True,0.2,0.2,retained_lines,,2500
scrollback,thurbox,tmux,after 1 burst,0,True,0.2,0.2,readable_lines,,2500
scrollback,thurbox,tmux,after 1 burst,0,True,0.2,0.2,held_mib,,1.6806640625
scrollback,thurbox,tmux,after 1 burst,0,True,0.2,0.2,read_all_ms,,45.804262
scrollback,herdr,herdr,after 1 burst,1,False,0.2,0.19,retained_lines,,5502
scrollback,herdr,herdr,after 1 burst,1,False,0.2,0.19,readable_lines,,998
scrollback,herdr,herdr,after 1 burst,1,False,0.2,0.19,held_mib,,0.5390625
scrollback,herdr,herdr,after 1 burst,1,False,0.2,0.19,read_all_ms,,6.090616
scrollback,rmux,rmux,after 1 burst,1,False,0.19,0.19,retained_lines,,2048
scrollback,rmux,rmux,after 1 burst,1,False,0.19,0.19,readable_lines,,2048
scrollback,rmux,rmux,after 1 burst,1,False,0.19,0.19,held_mib,,0.796875
scrollback,rmux,rmux,after 1 burst,1,False,0.19,0.19,read_all_ms,,6.57538
scrollback,thurbox,tmux,after 1 burst,1,False,0.19,0.19,retained_lines,,2500
scrollback,thurbox,tmux,after 1 burst,1,False,0.19,0.19,readable_lines,,2500
scrollback,thurbox,tmux,after 1 burst,1,False,0.19,0.19,held_mib,,1.6806640625
scrollback,thurbox,tmux,after 1 burst,1,False,0.19,0.19,read_all_ms,,44.391848
scrollback,tmux,tmux,after 1 burst,1,False,0.19,0.17,retained_lines,,2001
scrollback,tmux,tmux,after 1 burst,1,False,0.19,0.17,readable_lines,,2001
scrollback,tmux,tmux,after 1 burst,1,False,0.19,0.17,held_mib,,2.09375
scrollback,tmux,tmux,after 1 burst,1,False,0.19,0.17,read_all_ms,,6.542429
scrollback,rmux,rmux,after 1 burst,2,False,0.17,0.17,retained_lines,,2048
scrollback,rmux,rmux,after 1 burst,2,False,0.17,0.17,readable_lines,,2048
scrollback,rmux,rmux,after 1 burst,2,False,0.17,0.17,held_mib,,0.828125
scrollback,rmux,rmux,after 1 burst,2,False,0.17,0.17,read_all_ms,,9.360973
scrollback,thurbox,tmux,after 1 burst,2,False,0.17,0.17,retained_lines,,2500
scrollback,thurbox,tmux,after 1 burst,2,False,0.17,0.17,readable_lines,,2500
scrollback,thurbox,tmux,after 1 burst,2,False,0.17,0.17,held_mib,,1.6767578125
scrollback,thurbox,tmux,after 1 burst,2,False,0.17,0.17,read_all_ms,,52.091933
scrollback,tmux,tmux,after 1 burst,2,False,0.17,0.16,retained_lines,,2001
scrollback,tmux,tmux,after 1 burst,2,False,0.17,0.16,readable_lines,,2001
scrollback,tmux,tmux,after 1 burst,2,False,0.17,0.16,held_mib,,2.09375
scrollback,tmux,tmux,after 1 burst,2,False,0.17,0.16,read_all_ms,,12.315502
scrollback,herdr,herdr,after 1 burst,2,False,0.16,0.16,retained_lines,,5502
scrollback,herdr,herdr,after 1 burst,2,False,0.16,0.16,readable_lines,,998
scrollback,herdr,herdr,after 1 burst,2,False,0.16,0.16,held_mib,,7.7109375
scrollback,herdr,herdr,after 1 burst,2,False,0.16,0.16,read_all_ms,,9.53764
scrollback,thurbox,tmux,after 1 burst,3,False,0.16,0.22,retained_lines,,2500
scrollback,thurbox,tmux,after 1 burst,3,False,0.16,0.22,readable_lines,,2500
scrollback,thurbox,tmux,after 1 burst,3,False,0.16,0.22,held_mib,,1.6767578125
scrollback,thurbox,tmux,after 1 burst,3,False,0.16,0.22,read_all_ms,,46.10548
scrollback,tmux,tmux,after 1 burst,3,False,0.22,0.22,retained_lines,,2001
scrollback,tmux,tmux,after 1 burst,3,False,0.22,0.22,readable_lines,,2001
scrollback,tmux,tmux,after 1 burst,3,False,0.22,0.22,held_mib,,2.09375
scrollback,tmux,tmux,after 1 burst,3,False,0.22,0.22,read_all_ms,,6.679723
scrollback,herdr,herdr,after 1 burst,3,False,0.22,0.22,retained_lines,,5502
scrollback,herdr,herdr,after 1 burst,3,False,0.22,0.22,readable_lines,,998
scrollback,herdr,herdr,after 1 burst,3,False,0.22,0.22,held_mib,,8.46484375
scrollback,herdr,herdr,after 1 burst,3,False,0.22,0.22,read_all_ms,,9.557445
scrollback,rmux,rmux,after 1 burst,3,False,0.22,0.21,retained_lines,,2048
scrollback,rmux,rmux,after 1 burst,3,False,0.22,0.21,readable_lines,,2048
scrollback,rmux,rmux,after 1 burst,3,False,0.22,0.21,held_mib,,0.83984375
scrollback,rmux,rmux,after 1 burst,3,False,0.22,0.21,read_all_ms,,6.694583
scrollback,tmux,tmux,after 1 burst,4,False,0.21,0.21,retained_lines,,2001
scrollback,tmux,tmux,after 1 burst,4,False,0.21,0.21,readable_lines,,2001
scrollback,tmux,tmux,after 1 burst,4,False,0.21,0.21,held_mib,,2.08984375
scrollback,tmux,tmux,after 1 burst,4,False,0.21,0.21,read_all_ms,,6.545382
scrollback,herdr,herdr,after 1 burst,4,False,0.21,0.21,retained_lines,,5502
scrollback,herdr,herdr,after 1 burst,4,False,0.21,0.21,readable_lines,,998
scrollback,herdr,herdr,after 1 burst,4,False,0.21,0.21,held_mib,,8.08984375
scrollback,herdr,herdr,after 1 burst,4,False,0.21,0.21,read_all_ms,,5.440575
scrollback,rmux,rmux,after 1 burst,4,False,0.21,0.19,retained_lines,,2048
scrollback,rmux,rmux,after 1 burst,4,False,0.21,0.19,readable_lines,,2048
scrollback,rmux,rmux,after 1 burst,4,False,0.21,0.19,held_mib,,0.77734375
scrollback,rmux,rmux,after 1 burst,4,False,0.21,0.19,read_all_ms,,11.020489
scrollback,thurbox,tmux,after 1 burst,4,False,0.19,0.19,retained_lines,,2500
scrollback,thurbox,tmux,after 1 burst,4,False,0.19,0.19,readable_lines,,2500
scrollback,thurbox,tmux,after 1 burst,4,False,0.19,0.19,held_mib,,1.6806640625
scrollback,thurbox,tmux,after 1 burst,4,False,0.19,0.19,read_all_ms,,48.012643
scrollback,herdr,herdr,after 1 burst,5,False,0.19,0.19,retained_lines,,5502
scrollback,herdr,herdr,after 1 burst,5,False,0.19,0.19,readable_lines,,998
scrollback,herdr,herdr,after 1 burst,5,False,0.19,0.19,held_mib,,8.83984375
scrollback,herdr,herdr,after 1 burst,5,False,0.19,0.19,read_all_ms,,8.992142
scrollback,rmux,rmux,after 1 burst,5,False,0.17,0.17,retained_lines,,2048
scrollback,rmux,rmux,after 1 burst,5,False,0.17,0.17,readable_lines,,2048
scrollback,rmux,rmux,after 1 burst,5,False,0.17,0.17,held_mib,,0.828125
scrollback,rmux,rmux,after 1 burst,5,False,0.17,0.17,read_all_ms,,6.599228
scrollback,thurbox,tmux,after 1 burst,5,False,0.17,0.17,retained_lines,,2500
scrollback,thurbox,tmux,after 1 burst,5,False,0.17,0.17,readable_lines,,2500
scrollback,thurbox,tmux,after 1 burst,5,False,0.17,0.17,held_mib,,1.6767578125
scrollback,thurbox,tmux,after 1 burst,5,False,0.17,0.17,read_all_ms,,46.395514
scrollback,tmux,tmux,after 1 burst,5,False,0.17,0.24,retained_lines,,2001
scrollback,tmux,tmux,after 1 burst,5,False,0.17,0.24,readable_lines,,2001
scrollback,tmux,tmux,after 1 burst,5,False,0.17,0.24,held_mib,,2.09375
scrollback,tmux,tmux,after 1 burst,5,False,0.17,0.24,read_all_ms,,6.544109
latency,tmux,tmux,idle,0,True,0.24,0.3,echo_ms,0,1.063496
latency,tmux,tmux,idle,0,True,0.24,0.3,echo_ms,1,1.04007
latency,tmux,tmux,idle,0,True,0.24,0.3,echo_ms,2,1.057915
latency,tmux,tmux,idle,0,True,0.24,0.3,echo_ms,3,1.104189
latency,tmux,tmux,idle,0,True,0.24,0.3,echo_ms,4,0.811335
latency,tmux,tmux,idle,0,True,0.24,0.3,echo_ms,5,1.058112
latency,tmux,tmux,idle,0,True,0.24,0.3,echo_ms,6,1.04495
latency,tmux,tmux,idle,0,True,0.24,0.3,echo_ms,7,1.06758
latency,tmux,tmux,idle,0,True,0.24,0.3,echo_ms,8,1.058056
latency,tmux,tmux,idle,0,True,0.24,0.3,echo_ms,9,1.026002
latency,tmux,tmux,idle,0,True,0.24,0.3,echo_ms,10,1.040797
latency,tmux,tmux,idle,0,True,0.24,0.3,echo_ms,11,1.020703
latency,tmux,tmux,idle,0,True,0.24,0.3,echo_ms,12,1.05108
latency,tmux,tmux,idle,0,True,0.24,0.3,echo_ms,13,1.051686
latency,tmux,tmux,idle,0,True,0.24,0.3,echo_ms,14,1.100791
latency,tmux,tmux,idle,0,True,0.24,0.3,echo_ms,15,1.067654
latency,tmux,tmux,idle,0,True,0.24,0.3,echo_ms,16,1.031808
latency,tmux,tmux,idle,0,True,0.24,0.3,echo_ms,17,1.057174
latency,tmux,tmux,idle,0,True,0.24,0.3,echo_ms,18,1.04593
latency,tmux,tmux,idle,0,True,0.24,0.3,echo_ms,19,1.054607
latency,tmux,tmux,idle,0,True,0.24,0.3,echo_ms,20,1.067996
latency,tmux,tmux,idle,0,True,0.24,0.3,echo_ms,21,1.038242
latency,tmux,tmux,idle,0,True,0.24,0.3,echo_ms,22,1.107354
latency,tmux,tmux,idle,0,True,0.24,0.3,echo_ms,23,1.054717
latency,tmux,tmux,idle,0,True,0.24,0.3,echo_ms,24,0.97101
latency,tmux,tmux,idle,0,True,0.24,0.3,echo_ms,25,0.978684
latency,tmux,tmux,idle,0,True,0.24,0.3,echo_ms,26,1.051634
latency,tmux,tmux,idle,0,True,0.24,0.3,echo_ms,27,1.081622
latency,tmux,tmux,idle,0,True,0.24,0.3,echo_ms,28,1.04368
latency,tmux,tmux,idle,0,True,0.24,0.3,echo_ms,29,1.05404
latency,tmux,tmux,idle,0,True,0.24,0.3,echo_ms,30,1.03853
latency,tmux,tmux,idle,0,True,0.24,0.3,echo_ms,31,1.069871
latency,tmux,tmux,idle,0,True,0.24,0.3,echo_ms,32,1.050065
latency,tmux,tmux,idle,0,True,0.24,0.3,echo_ms,33,1.068883
latency,tmux,tmux,idle,0,True,0.24,0.3,echo_ms,34,0.979398
latency,tmux,tmux,idle,0,True,0.24,0.3,echo_ms,35,1.146116
latency,tmux,tmux,idle,0,True,0.24,0.3,echo_ms,36,1.051585
latency,tmux,tmux,idle,0,True,0.24,0.3,echo_ms,37,1.086387
latency,tmux,tmux,idle,0,True,0.24,0.3,echo_ms,38,1.032102
latency,tmux,tmux,idle,0,True,0.24,0.3,echo_ms,39,1.100764
latency,tmux,tmux,idle,0,True,0.24,0.3,echo_ms,40,1.061993
latency,tmux,tmux,idle,0,True,0.24,0.3,echo_ms,41,1.142465
latency,tmux,tmux,idle,0,True,0.24,0.3,echo_ms,42,1.099644
latency,tmux,tmux,idle,0,True,0.24,0.3,echo_ms,43,0.704411
latency,tmux,tmux,idle,0,True,0.24,0.3,echo_ms,44,0.967354
latency,tmux,tmux,idle,0,True,0.24,0.3,echo_ms,45,1.010639
latency,tmux,tmux,idle,0,True,0.24,0.3,echo_ms,46,1.046178
latency,tmux,tmux,idle,0,True,0.24,0.3,echo_ms,47,1.033131
latency,tmux,tmux,idle,0,True,0.24,0.3,echo_ms,48,1.023802
latency,tmux,tmux,idle,0,True,0.24,0.3,echo_ms,49,1.051016
latency,tmux,tmux,idle,0,True,0.24,0.3,echo_ms,50,1.058456
latency,tmux,tmux,idle,0,True,0.24,0.3,echo_ms,51,1.075058
latency,tmux,tmux,idle,0,True,0.24,0.3,echo_ms,52,0.983342
latency,tmux,tmux,idle,0,True,0.24,0.3,echo_ms,53,1.067975
latency,tmux,tmux,idle,0,True,0.24,0.3,echo_ms,54,1.063607
latency,tmux,tmux,idle,0,True,0.24,0.3,echo_ms,55,1.009775
latency,tmux,tmux,idle,0,True,0.24,0.3,echo_ms,56,1.055064
latency,tmux,tmux,idle,0,True,0.24,0.3,echo_ms,57,0.970126
latency,tmux,tmux,idle,0,True,0.24,0.3,echo_ms,58,1.071352
latency,tmux,tmux,idle,0,True,0.24,0.3,echo_ms,59,1.074411
latency,tmux,tmux,idle,0,True,0.24,0.3,echo_ms,60,1.130365
latency,tmux,tmux,idle,0,True,0.24,0.3,echo_ms,61,1.10253
latency,tmux,tmux,idle,0,True,0.24,0.3,echo_ms,62,1.030791
latency,tmux,tmux,idle,0,True,0.24,0.3,echo_ms,63,1.052772
latency,tmux,tmux,idle,0,True,0.24,0.3,echo_ms,64,1.106319
latency,tmux,tmux,idle,0,True,0.24,0.3,echo_ms,65,0.957505
latency,tmux,tmux,idle,0,True,0.24,0.3,echo_ms,66,0.930681
latency,tmux,tmux,idle,0,True,0.24,0.3,echo_ms,67,1.050097
latency,tmux,tmux,idle,0,True,0.24,0.3,echo_ms,68,1.04185
latency,tmux,tmux,idle,0,True,0.24,0.3,echo_ms,69,1.05244
latency,tmux,tmux,idle,0,True,0.24,0.3,echo_ms,70,1.055445
latency,tmux,tmux,idle,0,True,0.24,0.3,echo_ms,71,1.041684
latency,tmux,tmux,idle,0,True,0.24,0.3,echo_ms,72,1.041536
latency,tmux,tmux,idle,0,True,0.24,0.3,echo_ms,73,1.051453
latency,tmux,tmux,idle,0,True,0.24,0.3,echo_ms,74,1.066481
latency,tmux,tmux,idle,0,True,0.24,0.3,echo_ms,75,1.060417
latency,tmux,tmux,idle,0,True,0.24,0.3,echo_ms,76,0.963373
latency,tmux,tmux,idle,0,True,0.24,0.3,echo_ms,77,1.044158
latency,tmux,tmux,idle,0,True,0.24,0.3,echo_ms,78,1.033517
latency,tmux,tmux,idle,0,True,0.24,0.3,echo_ms,79,1.027077
latency,tmux,tmux,idle,0,True,0.24,0.3,echo_ms,80,1.109454
latency,tmux,tmux,idle,0,True,0.24,0.3,echo_ms,81,1.020549
latency,tmux,tmux,idle,0,True,0.24,0.3,echo_ms,82,1.025405
latency,tmux,tmux,idle,0,True,0.24,0.3,echo_ms,83,1.063424
latency,tmux,tmux,idle,0,True,0.24,0.3,echo_ms,84,1.070745
latency,tmux,tmux,idle,0,True,0.24,0.3,echo_ms,85,1.053373
latency,tmux,tmux,idle,0,True,0.24,0.3,echo_ms,86,1.082386
latency,tmux,tmux,idle,0,True,0.24,0.3,echo_ms,87,1.026283
latency,tmux,tmux,idle,0,True,0.24,0.3,echo_ms,88,1.046302
latency,tmux,tmux,idle,0,True,0.24,0.3,echo_ms,89,1.052131
latency,tmux,tmux,idle,0,True,0.24,0.3,echo_ms,90,1.053826
latency,tmux,tmux,idle,0,True,0.24,0.3,echo_ms,91,1.108508
latency,tmux,tmux,idle,0,True,0.24,0.3,echo_ms,92,1.076289
latency,tmux,tmux,idle,0,True,0.24,0.3,echo_ms,93,1.067882
latency,tmux,tmux,idle,0,True,0.24,0.3,echo_ms,94,1.021116
latency,tmux,tmux,idle,0,True,0.24,0.3,echo_ms,95,1.037549
latency,tmux,tmux,idle,0,True,0.24,0.3,echo_ms,96,1.064293
latency,tmux,tmux,idle,0,True,0.24,0.3,echo_ms,97,1.077593
latency,tmux,tmux,idle,0,True,0.24,0.3,echo_ms,98,1.037844
latency,tmux,tmux,idle,0,True,0.24,0.3,echo_ms,99,1.04114
latency,tmux,tmux,idle,0,True,0.24,0.3,timeouts,,0
latency,herdr,herdr,idle,0,True,0.3,0.25,echo_ms,0,2.32923
latency,herdr,herdr,idle,0,True,0.3,0.25,echo_ms,1,2.332166
latency,herdr,herdr,idle,0,True,0.3,0.25,echo_ms,2,1.564674
latency,herdr,herdr,idle,0,True,0.3,0.25,echo_ms,3,2.266788
latency,herdr,herdr,idle,0,True,0.3,0.25,echo_ms,4,2.299682
latency,herdr,herdr,idle,0,True,0.3,0.25,echo_ms,5,2.252733
latency,herdr,herdr,idle,0,True,0.3,0.25,echo_ms,6,2.342696
latency,herdr,herdr,idle,0,True,0.3,0.25,echo_ms,7,2.111117
latency,herdr,herdr,idle,0,True,0.3,0.25,echo_ms,8,2.002255
latency,herdr,herdr,idle,0,True,0.3,0.25,echo_ms,9,1.511978
latency,herdr,herdr,idle,0,True,0.3,0.25,echo_ms,10,2.244715
latency,herdr,herdr,idle,0,True,0.3,0.25,echo_ms,11,2.153653
latency,herdr,herdr,idle,0,True,0.3,0.25,echo_ms,12,2.170823
latency,herdr,herdr,idle,0,True,0.3,0.25,echo_ms,13,2.273775
latency,herdr,herdr,idle,0,True,0.3,0.25,echo_ms,14,2.281354
latency,herdr,herdr,idle,0,True,0.3,0.25,echo_ms,15,2.134943
latency,herdr,herdr,idle,0,True,0.3,0.25,echo_ms,16,1.44373
latency,herdr,herdr,idle,0,True,0.3,0.25,echo_ms,17,2.200161
latency,herdr,herdr,idle,0,True,0.3,0.25,echo_ms,18,2.060899
latency,herdr,herdr,idle,0,True,0.3,0.25,echo_ms,19,2.373364
latency,herdr,herdr,idle,0,True,0.3,0.25,echo_ms,20,2.335183
latency,herdr,herdr,idle,0,True,0.3,0.25,echo_ms,21,2.316901
latency,herdr,herdr,idle,0,True,0.3,0.25,echo_ms,22,2.063228
latency,herdr,herdr,idle,0,True,0.3,0.25,echo_ms,23,2.154978
latency,herdr,herdr,idle,0,True,0.3,0.25,echo_ms,24,2.310704
latency,herdr,herdr,idle,0,True,0.3,0.25,echo_ms,25,2.18515
latency,herdr,herdr,idle,0,True,0.3,0.25,echo_ms,26,2.275053
latency,herdr,herdr,idle,0,True,0.3,0.25,echo_ms,27,2.301896
latency,herdr,herdr,idle,0,True,0.3,0.25,echo_ms,28,2.264383
latency,herdr,herdr,idle,0,True,0.3,0.25,echo_ms,29,2.146821
latency,herdr,herdr,idle,0,True,0.3,0.25,echo_ms,30,2.288516
latency,herdr,herdr,idle,0,True,0.3,0.25,echo_ms,31,2.230293
latency,herdr,herdr,idle,0,True,0.3,0.25,echo_ms,32,2.240275
latency,herdr,herdr,idle,0,True,0.3,0.25,echo_ms,33,2.29912
latency,herdr,herdr,idle,0,True,0.3,0.25,echo_ms,34,2.31057
latency,herdr,herdr,idle,0,True,0.3,0.25,echo_ms,35,2.286461
latency,herdr,herdr,idle,0,True,0.3,0.25,echo_ms,36,1.524171
latency,herdr,herdr,idle,0,True,0.3,0.25,echo_ms,37,2.20122
latency,herdr,herdr,idle,0,True,0.3,0.25,echo_ms,38,2.24538
latency,herdr,herdr,idle,0,True,0.3,0.25,echo_ms,39,2.095545
latency,herdr,herdr,idle,0,True,0.3,0.25,echo_ms,40,2.213473
latency,herdr,herdr,idle,0,True,0.3,0.25,echo_ms,41,2.10756
latency,herdr,herdr,idle,0,True,0.3,0.25,echo_ms,42,2.192735
latency,herdr,herdr,idle,0,True,0.3,0.25,echo_ms,43,2.312035
latency,herdr,herdr,idle,0,True,0.3,0.25,echo_ms,44,2.238484
latency,herdr,herdr,idle,0,True,0.3,0.25,echo_ms,45,2.361052
latency,herdr,herdr,idle,0,True,0.3,0.25,echo_ms,46,2.280922
latency,herdr,herdr,idle,0,True,0.3,0.25,echo_ms,47,2.17464
latency,herdr,herdr,idle,0,True,0.3,0.25,echo_ms,48,2.108875
latency,herdr,herdr,idle,0,True,0.3,0.25,echo_ms,49,2.306305
latency,herdr,herdr,idle,0,True,0.3,0.25,echo_ms,50,2.168859
latency,herdr,herdr,idle,0,True,0.3,0.25,echo_ms,51,2.112854
latency,herdr,herdr,idle,0,True,0.3,0.25,echo_ms,52,1.462785
latency,herdr,herdr,idle,0,True,0.3,0.25,echo_ms,53,2.187106
latency,herdr,herdr,idle,0,True,0.3,0.25,echo_ms,54,2.130805
latency,herdr,herdr,idle,0,True,0.3,0.25,echo_ms,55,2.300343
latency,herdr,herdr,idle,0,True,0.3,0.25,echo_ms,56,2.100972
latency,herdr,herdr,idle,0,True,0.3,0.25,echo_ms,57,2.333128
latency,herdr,herdr,idle,0,True,0.3,0.25,echo_ms,58,2.330301
latency,herdr,herdr,idle,0,True,0.3,0.25,echo_ms,59,2.160191
latency,herdr,herdr,idle,0,True,0.3,0.25,echo_ms,60,2.187562
latency,herdr,herdr,idle,0,True,0.3,0.25,echo_ms,61,2.330115
latency,herdr,herdr,idle,0,True,0.3,0.25,echo_ms,62,2.215551
latency,herdr,herdr,idle,0,True,0.3,0.25,echo_ms,63,2.362462
latency,herdr,herdr,idle,0,True,0.3,0.25,echo_ms,64,2.154427
latency,herdr,herdr,idle,0,True,0.3,0.25,echo_ms,65,2.207469
latency,herdr,herdr,idle,0,True,0.3,0.25,echo_ms,66,2.15257
latency,herdr,herdr,idle,0,True,0.3,0.25,echo_ms,67,2.349688
latency,herdr,herdr,idle,0,True,0.3,0.25,echo_ms,68,2.254795
latency,herdr,herdr,idle,0,True,0.3,0.25,echo_ms,69,2.396156
latency,herdr,herdr,idle,0,True,0.3,0.25,echo_ms,70,2.169424
latency,herdr,herdr,idle,0,True,0.3,0.25,echo_ms,71,2.194384
latency,herdr,herdr,idle,0,True,0.3,0.25,echo_ms,72,2.337458
latency,herdr,herdr,idle,0,True,0.3,0.25,echo_ms,73,2.297009
latency,herdr,herdr,idle,0,True,0.3,0.25,echo_ms,74,2.276612
latency,herdr,herdr,idle,0,True,0.3,0.25,echo_ms,75,2.320655
latency,herdr,herdr,idle,0,True,0.3,0.25,echo_ms,76,2.193697
latency,herdr,herdr,idle,0,True,0.3,0.25,echo_ms,77,2.366964
latency,herdr,herdr,idle,0,True,0.3,0.25,echo_ms,78,2.351043
latency,herdr,herdr,idle,0,True,0.3,0.25,echo_ms,79,2.150577
latency,herdr,herdr,idle,0,True,0.3,0.25,echo_ms,80,2.163052
latency,herdr,herdr,idle,0,True,0.3,0.25,echo_ms,81,2.194874
latency,herdr,herdr,idle,0,True,0.3,0.25,echo_ms,82,2.300681
latency,herdr,herdr,idle,0,True,0.3,0.25,echo_ms,83,2.074501
latency,herdr,herdr,idle,0,True,0.3,0.25,echo_ms,84,2.311666
latency,herdr,herdr,idle,0,True,0.3,0.25,echo_ms,85,2.109731
latency,herdr,herdr,idle,0,True,0.3,0.25,echo_ms,86,2.312444
latency,herdr,herdr,idle,0,True,0.3,0.25,echo_ms,87,2.173396
latency,herdr,herdr,idle,0,True,0.3,0.25,echo_ms,88,1.681341
latency,herdr,herdr,idle,0,True,0.3,0.25,echo_ms,89,2.216842
latency,herdr,herdr,idle,0,True,0.3,0.25,echo_ms,90,2.159192
latency,herdr,herdr,idle,0,True,0.3,0.25,echo_ms,91,2.029254
latency,herdr,herdr,idle,0,True,0.3,0.25,echo_ms,92,2.058692
latency,herdr,herdr,idle,0,True,0.3,0.25,echo_ms,93,2.213399
latency,herdr,herdr,idle,0,True,0.3,0.25,echo_ms,94,2.132033
latency,herdr,herdr,idle,0,True,0.3,0.25,echo_ms,95,2.37676
latency,herdr,herdr,idle,0,True,0.3,0.25,echo_ms,96,2.417646
latency,herdr,herdr,idle,0,True,0.3,0.25,echo_ms,97,2.106325
latency,herdr,herdr,idle,0,True,0.3,0.25,echo_ms,98,2.1462
latency,herdr,herdr,idle,0,True,0.3,0.25,echo_ms,99,2.314822
latency,herdr,herdr,idle,0,True,0.3,0.25,timeouts,,0
latency,rmux,rmux,idle,0,True,0.25,0.21,echo_ms,0,1.273646
latency,rmux,rmux,idle,0,True,0.25,0.21,echo_ms,1,1.351682
latency,rmux,rmux,idle,0,True,0.25,0.21,echo_ms,2,1.264737
latency,rmux,rmux,idle,0,True,0.25,0.21,echo_ms,3,1.321253
latency,rmux,rmux,idle,0,True,0.25,0.21,echo_ms,4,1.267567
latency,rmux,rmux,idle,0,True,0.25,0.21,echo_ms,5,1.32474
latency,rmux,rmux,idle,0,True,0.25,0.21,echo_ms,6,1.300998
latency,rmux,rmux,idle,0,True,0.25,0.21,echo_ms,7,1.27636
latency,rmux,rmux,idle,0,True,0.25,0.21,echo_ms,8,1.296306
latency,rmux,rmux,idle,0,True,0.25,0.21,echo_ms,9,1.368904
latency,rmux,rmux,idle,0,True,0.25,0.21,echo_ms,10,1.356581
latency,rmux,rmux,idle,0,True,0.25,0.21,echo_ms,11,1.355159
latency,rmux,rmux,idle,0,True,0.25,0.21,echo_ms,12,1.354424
latency,rmux,rmux,idle,0,True,0.25,0.21,echo_ms,13,1.385366
latency,rmux,rmux,idle,0,True,0.25,0.21,echo_ms,14,1.383049
latency,rmux,rmux,idle,0,True,0.25,0.21,echo_ms,15,1.368751
latency,rmux,rmux,idle,0,True,0.25,0.21,echo_ms,16,1.255726
latency,rmux,rmux,idle,0,True,0.25,0.21,echo_ms,17,1.395457
latency,rmux,rmux,idle,0,True,0.25,0.21,echo_ms,18,1.386564
latency,rmux,rmux,idle,0,True,0.25,0.21,echo_ms,19,1.303466
latency,rmux,rmux,idle,0,True,0.25,0.21,echo_ms,20,1.275375
latency,rmux,rmux,idle,0,True,0.25,0.21,echo_ms,21,1.37833
latency,rmux,rmux,idle,0,True,0.25,0.21,echo_ms,22,1.356405
latency,rmux,rmux,idle,0,True,0.25,0.21,echo_ms,23,1.361613
latency,rmux,rmux,idle,0,True,0.25,0.21,echo_ms,24,1.362284
latency,rmux,rmux,idle,0,True,0.25,0.21,echo_ms,25,1.264538
latency,rmux,rmux,idle,0,True,0.25,0.21,echo_ms,26,1.296278
latency,rmux,rmux,idle,0,True,0.25,0.21,echo_ms,27,1.280159
latency,rmux,rmux,idle,0,True,0.25,0.21,echo_ms,28,1.189649
latency,rmux,rmux,idle,0,True,0.25,0.21,echo_ms,29,1.201878
latency,rmux,rmux,idle,0,True,0.25,0.21,echo_ms,30,1.235661
latency,rmux,rmux,idle,0,True,0.25,0.21,echo_ms,31,1.323808
latency,rmux,rmux,idle,0,True,0.25,0.21,echo_ms,32,1.351661
latency,rmux,rmux,idle,0,True,0.25,0.21,echo_ms,33,1.281769
latency,rmux,rmux,idle,0,True,0.25,0.21,echo_ms,34,1.308787
latency,rmux,rmux,idle,0,True,0.25,0.21,echo_ms,35,1.24589
latency,rmux,rmux,idle,0,True,0.25,0.21,echo_ms,36,1.319606
latency,rmux,rmux,idle,0,True,0.25,0.21,echo_ms,37,1.379491
latency,rmux,rmux,idle,0,True,0.25,0.21,echo_ms,38,1.356373
latency,rmux,rmux,idle,0,True,0.25,0.21,echo_ms,39,1.246577
latency,rmux,rmux,idle,0,True,0.25,0.21,echo_ms,40,1.293196
latency,rmux,rmux,idle,0,True,0.25,0.21,echo_ms,41,1.300638
latency,rmux,rmux,idle,0,True,0.25,0.21,echo_ms,42,1.363356
latency,rmux,rmux,idle,0,True,0.25,0.21,echo_ms,43,1.34026
latency,rmux,rmux,idle,0,True,0.25,0.21,echo_ms,44,1.273801
latency,rmux,rmux,idle,0,True,0.25,0.21,echo_ms,45,1.324281
latency,rmux,rmux,idle,0,True,0.25,0.21,echo_ms,46,1.314413
latency,rmux,rmux,idle,0,True,0.25,0.21,echo_ms,47,1.367064
latency,rmux,rmux,idle,0,True,0.25,0.21,echo_ms,48,1.385334
latency,rmux,rmux,idle,0,True,0.25,0.21,echo_ms,49,1.364395
latency,rmux,rmux,idle,0,True,0.25,0.21,echo_ms,50,1.378635
latency,rmux,rmux,idle,0,True,0.25,0.21,echo_ms,51,1.28706
latency,rmux,rmux,idle,0,True,0.25,0.21,echo_ms,52,1.281675
latency,rmux,rmux,idle,0,True,0.25,0.21,echo_ms,53,1.389733
latency,rmux,rmux,idle,0,True,0.25,0.21,echo_ms,54,1.424119
latency,rmux,rmux,idle,0,True,0.25,0.21,echo_ms,55,1.279509
latency,rmux,rmux,idle,0,True,0.25,0.21,echo_ms,56,1.242417
latency,rmux,rmux,idle,0,True,0.25,0.21,echo_ms,57,1.319001
latency,rmux,rmux,idle,0,True,0.25,0.21,echo_ms,58,1.352772
latency,rmux,rmux,idle,0,True,0.25,0.21,echo_ms,59,1.293152
latency,rmux,rmux,idle,0,True,0.25,0.21,echo_ms,60,1.398055
latency,rmux,rmux,idle,0,True,0.25,0.21,echo_ms,61,1.378903
latency,rmux,rmux,idle,0,True,0.25,0.21,echo_ms,62,1.344275
latency,rmux,rmux,idle,0,True,0.25,0.21,echo_ms,63,1.355273
latency,rmux,rmux,idle,0,True,0.25,0.21,echo_ms,64,1.372342
latency,rmux,rmux,idle,0,True,0.25,0.21,echo_ms,65,1.389952
latency,rmux,rmux,idle,0,True,0.25,0.21,echo_ms,66,1.309956
latency,rmux,rmux,idle,0,True,0.25,0.21,echo_ms,67,1.346914
latency,rmux,rmux,idle,0,True,0.25,0.21,echo_ms,68,1.253039
latency,rmux,rmux,idle,0,True,0.25,0.21,echo_ms,69,1.220899
latency,rmux,rmux,idle,0,True,0.25,0.21,echo_ms,70,1.248981
latency,rmux,rmux,idle,0,True,0.25,0.21,echo_ms,71,1.310769
latency,rmux,rmux,idle,0,True,0.25,0.21,echo_ms,72,1.368708
latency,rmux,rmux,idle,0,True,0.25,0.21,echo_ms,73,1.267085
latency,rmux,rmux,idle,0,True,0.25,0.21,echo_ms,74,1.311709
latency,rmux,rmux,idle,0,True,0.25,0.21,echo_ms,75,1.281612
latency,rmux,rmux,idle,0,True,0.25,0.21,echo_ms,76,0.819387
latency,rmux,rmux,idle,0,True,0.25,0.21,echo_ms,77,1.13669
latency,rmux,rmux,idle,0,True,0.25,0.21,echo_ms,78,1.307238
latency,rmux,rmux,idle,0,True,0.25,0.21,echo_ms,79,1.310967
latency,rmux,rmux,idle,0,True,0.25,0.21,echo_ms,80,1.30585
latency,rmux,rmux,idle,0,True,0.25,0.21,echo_ms,81,1.31083
latency,rmux,rmux,idle,0,True,0.25,0.21,echo_ms,82,1.36833
latency,rmux,rmux,idle,0,True,0.25,0.21,echo_ms,83,1.290954
latency,rmux,rmux,idle,0,True,0.25,0.21,echo_ms,84,1.345868
latency,rmux,rmux,idle,0,True,0.25,0.21,echo_ms,85,1.320109
latency,rmux,rmux,idle,0,True,0.25,0.21,echo_ms,86,1.3495
latency,rmux,rmux,idle,0,True,0.25,0.21,echo_ms,87,1.347142
latency,rmux,rmux,idle,0,True,0.25,0.21,echo_ms,88,1.237711
latency,rmux,rmux,idle,0,True,0.25,0.21,echo_ms,89,1.411056
latency,rmux,rmux,idle,0,True,0.25,0.21,echo_ms,90,1.282931
latency,rmux,rmux,idle,0,True,0.25,0.21,echo_ms,91,1.339165
latency,rmux,rmux,idle,0,True,0.25,0.21,echo_ms,92,1.348491
latency,rmux,rmux,idle,0,True,0.25,0.21,echo_ms,93,1.252651
latency,rmux,rmux,idle,0,True,0.25,0.21,echo_ms,94,1.266932
latency,rmux,rmux,idle,0,True,0.25,0.21,echo_ms,95,1.217466
latency,rmux,rmux,idle,0,True,0.25,0.21,echo_ms,96,1.394246
latency,rmux,rmux,idle,0,True,0.25,0.21,echo_ms,97,1.386032
latency,rmux,rmux,idle,0,True,0.25,0.21,echo_ms,98,1.265122
latency,rmux,rmux,idle,0,True,0.25,0.21,echo_ms,99,1.269287
latency,rmux,rmux,idle,0,True,0.25,0.21,timeouts,,0
latency,thurbox,tmux,idle,0,True,0.21,0.26,echo_ms,0,4.552095
latency,thurbox,tmux,idle,0,True,0.21,0.26,echo_ms,1,4.736957
latency,thurbox,tmux,idle,0,True,0.21,0.26,echo_ms,2,3.586998
latency,thurbox,tmux,idle,0,True,0.21,0.26,echo_ms,3,4.783267
latency,thurbox,tmux,idle,0,True,0.21,0.26,echo_ms,4,4.80881
latency,thurbox,tmux,idle,0,True,0.21,0.26,echo_ms,5,3.58729
latency,thurbox,tmux,idle,0,True,0.21,0.26,echo_ms,6,5.714267
latency,thurbox,tmux,idle,0,True,0.21,0.26,echo_ms,7,3.182152
latency,thurbox,tmux,idle,0,True,0.21,0.26,echo_ms,8,4.765713
latency,thurbox,tmux,idle,0,True,0.21,0.26,echo_ms,9,3.550575
latency,thurbox,tmux,idle,0,True,0.21,0.26,echo_ms,10,3.141538
latency,thurbox,tmux,idle,0,True,0.21,0.26,echo_ms,11,4.321568
latency,thurbox,tmux,idle,0,True,0.21,0.26,echo_ms,12,4.794082
latency,thurbox,tmux,idle,0,True,0.21,0.26,echo_ms,13,3.579275
latency,thurbox,tmux,idle,0,True,0.21,0.26,echo_ms,14,6.296131
latency,thurbox,tmux,idle,0,True,0.21,0.26,echo_ms,15,4.242365
latency,thurbox,tmux,idle,0,True,0.21,0.26,echo_ms,16,5.159566
latency,thurbox,tmux,idle,0,True,0.21,0.26,echo_ms,17,3.420076
latency,thurbox,tmux,idle,0,True,0.21,0.26,echo_ms,18,4.209571
latency,thurbox,tmux,idle,0,True,0.21,0.26,echo_ms,19,4.795069
latency,thurbox,tmux,idle,0,True,0.21,0.26,echo_ms,20,4.807093
latency,thurbox,tmux,idle,0,True,0.21,0.26,echo_ms,21,3.505771
latency,thurbox,tmux,idle,0,True,0.21,0.26,echo_ms,22,3.440083
latency,thurbox,tmux,idle,0,True,0.21,0.26,echo_ms,23,4.524223
latency,thurbox,tmux,idle,0,True,0.21,0.26,echo_ms,24,3.432474
latency,thurbox,tmux,idle,0,True,0.21,0.26,echo_ms,25,3.680551
latency,thurbox,tmux,idle,0,True,0.21,0.26,echo_ms,26,3.617281
latency,thurbox,tmux,idle,0,True,0.21,0.26,echo_ms,27,3.620123
latency,thurbox,tmux,idle,0,True,0.21,0.26,echo_ms,28,3.560962
latency,thurbox,tmux,idle,0,True,0.21,0.26,echo_ms,29,5.144833
latency,thurbox,tmux,idle,0,True,0.21,0.26,echo_ms,30,4.798473
latency,thurbox,tmux,idle,0,True,0.21,0.26,echo_ms,31,4.844229
latency,thurbox,tmux,idle,0,True,0.21,0.26,echo_ms,32,4.221694
latency,thurbox,tmux,idle,0,True,0.21,0.26,echo_ms,33,4.736194
latency,thurbox,tmux,idle,0,True,0.21,0.26,echo_ms,34,4.815399
latency,thurbox,tmux,idle,0,True,0.21,0.26,echo_ms,35,3.353478
latency,thurbox,tmux,idle,0,True,0.21,0.26,echo_ms,36,3.459375
latency,thurbox,tmux,idle,0,True,0.21,0.26,echo_ms,37,3.586269
latency,thurbox,tmux,idle,0,True,0.21,0.26,echo_ms,38,4.777644
latency,thurbox,tmux,idle,0,True,0.21,0.26,echo_ms,39,4.355217
latency,thurbox,tmux,idle,0,True,0.21,0.26,echo_ms,40,5.162496
latency,thurbox,tmux,idle,0,True,0.21,0.26,echo_ms,41,3.511033
latency,thurbox,tmux,idle,0,True,0.21,0.26,echo_ms,42,4.778684
latency,thurbox,tmux,idle,0,True,0.21,0.26,echo_ms,43,3.54523
latency,thurbox,tmux,idle,0,True,0.21,0.26,echo_ms,44,3.372106
latency,thurbox,tmux,idle,0,True,0.21,0.26,echo_ms,45,3.499901
latency,thurbox,tmux,idle,0,True,0.21,0.26,echo_ms,46,3.529258
latency,thurbox,tmux,idle,0,True,0.21,0.26,echo_ms,47,5.952865
latency,thurbox,tmux,idle,0,True,0.21,0.26,echo_ms,48,3.521986
latency,thurbox,tmux,idle,0,True,0.21,0.26,echo_ms,49,3.547574
latency,thurbox,tmux,idle,0,True,0.21,0.26,echo_ms,50,3.531919
latency,thurbox,tmux,idle,0,True,0.21,0.26,echo_ms,51,3.411886
latency,thurbox,tmux,idle,0,True,0.21,0.26,echo_ms,52,3.957092
latency,thurbox,tmux,idle,0,True,0.21,0.26,echo_ms,53,4.784604
latency,thurbox,tmux,idle,0,True,0.21,0.26,echo_ms,54,3.503776
latency,thurbox,tmux,idle,0,True,0.21,0.26,echo_ms,55,4.145352
latency,thurbox,tmux,idle,0,True,0.21,0.26,echo_ms,56,2.950057
latency,thurbox,tmux,idle,0,True,0.21,0.26,echo_ms,57,5.095412
latency,thurbox,tmux,idle,0,True,0.21,0.26,echo_ms,58,4.152109
latency,thurbox,tmux,idle,0,True,0.21,0.26,echo_ms,59,4.744356
latency,thurbox,tmux,idle,0,True,0.21,0.26,echo_ms,60,6.687612
latency,thurbox,tmux,idle,0,True,0.21,0.26,echo_ms,61,4.127034
latency,thurbox,tmux,idle,0,True,0.21,0.26,echo_ms,62,4.738896
latency,thurbox,tmux,idle,0,True,0.21,0.26,echo_ms,63,4.753208
latency,thurbox,tmux,idle,0,True,0.21,0.26,echo_ms,64,3.790734
latency,thurbox,tmux,idle,0,True,0.21,0.26,echo_ms,65,1.596624
latency,thurbox,tmux,idle,0,True,0.21,0.26,echo_ms,66,4.162564
latency,thurbox,tmux,idle,0,True,0.21,0.26,echo_ms,67,5.094448
latency,thurbox,tmux,idle,0,True,0.21,0.26,echo_ms,68,3.493288
latency,thurbox,tmux,idle,0,True,0.21,0.26,echo_ms,69,4.188539
latency,thurbox,tmux,idle,0,True,0.21,0.26,echo_ms,70,5.133906
latency,thurbox,tmux,idle,0,True,0.21,0.26,echo_ms,71,3.568246
latency,thurbox,tmux,idle,0,True,0.21,0.26,echo_ms,72,5.525759
latency,thurbox,tmux,idle,0,True,0.21,0.26,echo_ms,73,3.855538
latency,thurbox,tmux,idle,0,True,0.21,0.26,echo_ms,74,4.738347
latency,thurbox,tmux,idle,0,True,0.21,0.26,echo_ms,75,4.119889
latency,thurbox,tmux,idle,0,True,0.21,0.26,echo_ms,76,5.069414
latency,thurbox,tmux,idle,0,True,0.21,0.26,echo_ms,77,3.156105
latency,thurbox,tmux,idle,0,True,0.21,0.26,echo_ms,78,3.533451
latency,thurbox,tmux,idle,0,True,0.21,0.26,echo_ms,79,4.521285
latency,thurbox,tmux,idle,0,True,0.21,0.26,echo_ms,80,4.809042
latency,thurbox,tmux,idle,0,True,0.21,0.26,echo_ms,81,3.498441
latency,thurbox,tmux,idle,0,True,0.21,0.26,echo_ms,82,3.501442
latency,thurbox,tmux,idle,0,True,0.21,0.26,echo_ms,83,4.757998
latency,thurbox,tmux,idle,0,True,0.21,0.26,echo_ms,84,4.718496
latency,thurbox,tmux,idle,0,True,0.21,0.26,echo_ms,85,1.81967
latency,thurbox,tmux,idle,0,True,0.21,0.26,echo_ms,86,4.425834
latency,thurbox,tmux,idle,0,True,0.21,0.26,echo_ms,87,3.558816
latency,thurbox,tmux,idle,0,True,0.21,0.26,echo_ms,88,4.747615
latency,thurbox,tmux,idle,0,True,0.21,0.26,echo_ms,89,3.508915
latency,thurbox,tmux,idle,0,True,0.21,0.26,echo_ms,90,3.559604
latency,thurbox,tmux,idle,0,True,0.21,0.26,echo_ms,91,3.423288
latency,thurbox,tmux,idle,0,True,0.21,0.26,echo_ms,92,3.359125
latency,thurbox,tmux,idle,0,True,0.21,0.26,echo_ms,93,4.719259
latency,thurbox,tmux,idle,0,True,0.21,0.26,echo_ms,94,3.44357
latency,thurbox,tmux,idle,0,True,0.21,0.26,echo_ms,95,4.269418
latency,thurbox,tmux,idle,0,True,0.21,0.26,echo_ms,96,4.521589
latency,thurbox,tmux,idle,0,True,0.21,0.26,echo_ms,97,4.733658
latency,thurbox,tmux,idle,0,True,0.21,0.26,echo_ms,98,3.816556
latency,thurbox,tmux,idle,0,True,0.21,0.26,echo_ms,99,4.76624
latency,thurbox,tmux,idle,0,True,0.21,0.26,timeouts,,0
latency,herdr,herdr,idle,1,False,0.26,0.22,echo_ms,0,2.131706
latency,herdr,herdr,idle,1,False,0.26,0.22,echo_ms,1,2.161273
latency,herdr,herdr,idle,1,False,0.26,0.22,echo_ms,2,2.15085
latency,herdr,herdr,idle,1,False,0.26,0.22,echo_ms,3,2.154618
latency,herdr,herdr,idle,1,False,0.26,0.22,echo_ms,4,2.018934
latency,herdr,herdr,idle,1,False,0.26,0.22,echo_ms,5,2.198453
latency,herdr,herdr,idle,1,False,0.26,0.22,echo_ms,6,2.248315
latency,herdr,herdr,idle,1,False,0.26,0.22,echo_ms,7,2.090903
latency,herdr,herdr,idle,1,False,0.26,0.22,echo_ms,8,1.688044
latency,herdr,herdr,idle,1,False,0.26,0.22,echo_ms,9,2.299498
latency,herdr,herdr,idle,1,False,0.26,0.22,echo_ms,10,2.165623
latency,herdr,herdr,idle,1,False,0.26,0.22,echo_ms,11,2.316897
latency,herdr,herdr,idle,1,False,0.26,0.22,echo_ms,12,2.254547
latency,herdr,herdr,idle,1,False,0.26,0.22,echo_ms,13,2.182185
latency,herdr,herdr,idle,1,False,0.26,0.22,echo_ms,14,2.079154
latency,herdr,herdr,idle,1,False,0.26,0.22,echo_ms,15,2.182304
latency,herdr,herdr,idle,1,False,0.26,0.22,echo_ms,16,2.059623
latency,herdr,herdr,idle,1,False,0.26,0.22,echo_ms,17,2.056532
latency,herdr,herdr,idle,1,False,0.26,0.22,echo_ms,18,2.257927
latency,herdr,herdr,idle,1,False,0.26,0.22,echo_ms,19,2.277515
latency,herdr,herdr,idle,1,False,0.26,0.22,echo_ms,20,2.285439
latency,herdr,herdr,idle,1,False,0.26,0.22,echo_ms,21,2.115481
latency,herdr,herdr,idle,1,False,0.26,0.22,echo_ms,22,2.175644
latency,herdr,herdr,idle,1,False,0.26,0.22,echo_ms,23,2.273305
latency,herdr,herdr,idle,1,False,0.26,0.22,echo_ms,24,2.282422
latency,herdr,herdr,idle,1,False,0.26,0.22,echo_ms,25,2.188343
latency,herdr,herdr,idle,1,False,0.26,0.22,echo_ms,26,2.267443
latency,herdr,herdr,idle,1,False,0.26,0.22,echo_ms,27,2.258574
latency,herdr,herdr,idle,1,False,0.26,0.22,echo_ms,28,2.046116
latency,herdr,herdr,idle,1,False,0.26,0.22,echo_ms,29,2.274042
latency,herdr,herdr,idle,1,False,0.26,0.22,echo_ms,30,2.180113
latency,herdr,herdr,idle,1,False,0.26,0.22,echo_ms,31,2.363669
latency,herdr,herdr,idle,1,False,0.26,0.22,echo_ms,32,2.373103
latency,herdr,herdr,idle,1,False,0.26,0.22,echo_ms,33,1.389042
latency,herdr,herdr,idle,1,False,0.26,0.22,echo_ms,34,2.321088
latency,herdr,herdr,idle,1,False,0.26,0.22,echo_ms,35,2.209695
latency,herdr,herdr,idle,1,False,0.26,0.22,echo_ms,36,2.293861
latency,herdr,herdr,idle,1,False,0.26,0.22,echo_ms,37,2.208497
latency,herdr,herdr,idle,1,False,0.26,0.22,echo_ms,38,2.364239
latency,herdr,herdr,idle,1,False,0.26,0.22,echo_ms,39,2.206868
latency,herdr,herdr,idle,1,False,0.26,0.22,echo_ms,40,2.297054
latency,herdr,herdr,idle,1,False,0.26,0.22,echo_ms,41,2.370848
latency,herdr,herdr,idle,1,False,0.26,0.22,echo_ms,42,2.250892
latency,herdr,herdr,idle,1,False,0.26,0.22,echo_ms,43,2.301572
latency,herdr,herdr,idle,1,False,0.26,0.22,echo_ms,44,2.222375
latency,herdr,herdr,idle,1,False,0.26,0.22,echo_ms,45,2.419726
latency,herdr,herdr,idle,1,False,0.26,0.22,echo_ms,46,2.166488
latency,herdr,herdr,idle,1,False,0.26,0.22,echo_ms,47,2.247777
latency,herdr,herdr,idle,1,False,0.26,0.22,echo_ms,48,2.333278
latency,herdr,herdr,idle,1,False,0.26,0.22,echo_ms,49,2.298279
latency,herdr,herdr,idle,1,False,0.26,0.22,echo_ms,50,2.164517
latency,herdr,herdr,idle,1,False,0.26,0.22,echo_ms,51,2.080734
latency,herdr,herdr,idle,1,False,0.26,0.22,echo_ms,52,2.281606
latency,herdr,herdr,idle,1,False,0.26,0.22,echo_ms,53,2.21718
latency,herdr,herdr,idle,1,False,0.26,0.22,echo_ms,54,2.18112
latency,herdr,herdr,idle,1,False,0.26,0.22,echo_ms,55,1.910784
latency,herdr,herdr,idle,1,False,0.26,0.22,echo_ms,56,2.288334
latency,herdr,herdr,idle,1,False,0.26,0.22,echo_ms,57,2.253721
latency,herdr,herdr,idle,1,False,0.26,0.22,echo_ms,58,3.599851
latency,herdr,herdr,idle,1,False,0.26,0.22,echo_ms,59,2.225767
latency,herdr,herdr,idle,1,False,0.26,0.22,echo_ms,60,2.03454
latency,herdr,herdr,idle,1,False,0.26,0.22,echo_ms,61,2.291206
latency,herdr,herdr,idle,1,False,0.26,0.22,echo_ms,62,2.259011
latency,herdr,herdr,idle,1,False,0.26,0.22,echo_ms,63,1.777002
latency,herdr,herdr,idle,1,False,0.26,0.22,echo_ms,64,2.066854
latency,herdr,herdr,idle,1,False,0.26,0.22,echo_ms,65,2.319563
latency,herdr,herdr,idle,1,False,0.26,0.22,echo_ms,66,2.158363
latency,herdr,herdr,idle,1,False,0.26,0.22,echo_ms,67,2.34719
latency,herdr,herdr,idle,1,False,0.26,0.22,echo_ms,68,2.147574
latency,herdr,herdr,idle,1,False,0.26,0.22,echo_ms,69,2.232183
latency,herdr,herdr,idle,1,False,0.26,0.22,echo_ms,70,2.313193
latency,herdr,herdr,idle,1,False,0.26,0.22,echo_ms,71,2.332734
latency,herdr,herdr,idle,1,False,0.26,0.22,echo_ms,72,2.236812
latency,herdr,herdr,idle,1,False,0.26,0.22,echo_ms,73,2.314167
latency,herdr,herdr,idle,1,False,0.26,0.22,echo_ms,74,2.158656
latency,herdr,herdr,idle,1,False,0.26,0.22,echo_ms,75,2.238744
latency,herdr,herdr,idle,1,False,0.26,0.22,echo_ms,76,2.18028
latency,herdr,herdr,idle,1,False,0.26,0.22,echo_ms,77,2.188261
latency,herdr,herdr,idle,1,False,0.26,0.22,echo_ms,78,2.212234
latency,herdr,herdr,idle,1,False,0.26,0.22,echo_ms,79,2.269062
latency,herdr,herdr,idle,1,False,0.26,0.22,echo_ms,80,2.089311
latency,herdr,herdr,idle,1,False,0.26,0.22,echo_ms,81,2.214104
latency,herdr,herdr,idle,1,False,0.26,0.22,echo_ms,82,2.339932
latency,herdr,herdr,idle,1,False,0.26,0.22,echo_ms,83,1.266415
latency,herdr,herdr,idle,1,False,0.26,0.22,echo_ms,84,2.240183
latency,herdr,herdr,idle,1,False,0.26,0.22,echo_ms,85,2.072486
latency,herdr,herdr,idle,1,False,0.26,0.22,echo_ms,86,2.363102
latency,herdr,herdr,idle,1,False,0.26,0.22,echo_ms,87,2.199004
latency,herdr,herdr,idle,1,False,0.26,0.22,echo_ms,88,2.172267
latency,herdr,herdr,idle,1,False,0.26,0.22,echo_ms,89,2.127854
latency,herdr,herdr,idle,1,False,0.26,0.22,echo_ms,90,2.342294
latency,herdr,herdr,idle,1,False,0.26,0.22,echo_ms,91,2.235019
latency,herdr,herdr,idle,1,False,0.26,0.22,echo_ms,92,2.163567
latency,herdr,herdr,idle,1,False,0.26,0.22,echo_ms,93,2.184655
latency,herdr,herdr,idle,1,False,0.26,0.22,echo_ms,94,2.299875
latency,herdr,herdr,idle,1,False,0.26,0.22,echo_ms,95,2.127535
latency,herdr,herdr,idle,1,False,0.26,0.22,echo_ms,96,2.158117
latency,herdr,herdr,idle,1,False,0.26,0.22,echo_ms,97,2.250903
latency,herdr,herdr,idle,1,False,0.26,0.22,echo_ms,98,1.348226
latency,herdr,herdr,idle,1,False,0.26,0.22,echo_ms,99,2.408357
latency,herdr,herdr,idle,1,False,0.26,0.22,timeouts,,0
latency,rmux,rmux,idle,1,False,0.22,0.18,echo_ms,0,1.311285
latency,rmux,rmux,idle,1,False,0.22,0.18,echo_ms,1,1.278566
latency,rmux,rmux,idle,1,False,0.22,0.18,echo_ms,2,1.352496
latency,rmux,rmux,idle,1,False,0.22,0.18,echo_ms,3,1.278661
latency,rmux,rmux,idle,1,False,0.22,0.18,echo_ms,4,1.319438
latency,rmux,rmux,idle,1,False,0.22,0.18,echo_ms,5,1.377527
latency,rmux,rmux,idle,1,False,0.22,0.18,echo_ms,6,1.328025
latency,rmux,rmux,idle,1,False,0.22,0.18,echo_ms,7,1.233382
latency,rmux,rmux,idle,1,False,0.22,0.18,echo_ms,8,1.328453
latency,rmux,rmux,idle,1,False,0.22,0.18,echo_ms,9,1.327122
latency,rmux,rmux,idle,1,False,0.22,0.18,echo_ms,10,1.194607
latency,rmux,rmux,idle,1,False,0.22,0.18,echo_ms,11,1.339301
latency,rmux,rmux,idle,1,False,0.22,0.18,echo_ms,12,1.314447
latency,rmux,rmux,idle,1,False,0.22,0.18,echo_ms,13,1.303581
latency,rmux,rmux,idle,1,False,0.22,0.18,echo_ms,14,1.331311
latency,rmux,rmux,idle,1,False,0.22,0.18,echo_ms,15,1.35017
latency,rmux,rmux,idle,1,False,0.22,0.18,echo_ms,16,1.063749
latency,rmux,rmux,idle,1,False,0.22,0.18,echo_ms,17,1.330119
latency,rmux,rmux,idle,1,False,0.22,0.18,echo_ms,18,1.326146
latency,rmux,rmux,idle,1,False,0.22,0.18,echo_ms,19,1.371917
latency,rmux,rmux,idle,1,False,0.22,0.18,echo_ms,20,1.355153
latency,rmux,rmux,idle,1,False,0.22,0.18,echo_ms,21,1.325219
latency,rmux,rmux,idle,1,False,0.22,0.18,echo_ms,22,1.366516
latency,rmux,rmux,idle,1,False,0.22,0.18,echo_ms,23,1.317885
latency,rmux,rmux,idle,1,False,0.22,0.18,echo_ms,24,1.365333
latency,rmux,rmux,idle,1,False,0.22,0.18,echo_ms,25,1.315295
latency,rmux,rmux,idle,1,False,0.22,0.18,echo_ms,26,1.271855
latency,rmux,rmux,idle,1,False,0.22,0.18,echo_ms,27,1.313169
latency,rmux,rmux,idle,1,False,0.22,0.18,echo_ms,28,1.248182
latency,rmux,rmux,idle,1,False,0.22,0.18,echo_ms,29,1.219538
latency,rmux,rmux,idle,1,False,0.22,0.18,echo_ms,30,1.20158
latency,rmux,rmux,idle,1,False,0.22,0.18,echo_ms,31,1.055783
latency,rmux,rmux,idle,1,False,0.22,0.18,echo_ms,32,1.301401
latency,rmux,rmux,idle,1,False,0.22,0.18,echo_ms,33,1.382308
latency,rmux,rmux,idle,1,False,0.22,0.18,echo_ms,34,1.321852
latency,rmux,rmux,idle,1,False,0.22,0.18,echo_ms,35,1.317284
latency,rmux,rmux,idle,1,False,0.22,0.18,echo_ms,36,1.326679
latency,rmux,rmux,idle,1,False,0.22,0.18,echo_ms,37,1.226904
latency,rmux,rmux,idle,1,False,0.22,0.18,echo_ms,38,1.280483
latency,rmux,rmux,idle,1,False,0.22,0.18,echo_ms,39,1.275425
latency,rmux,rmux,idle,1,False,0.22,0.18,echo_ms,40,1.207146
latency,rmux,rmux,idle,1,False,0.22,0.18,echo_ms,41,1.24347
latency,rmux,rmux,idle,1,False,0.22,0.18,echo_ms,42,1.306393
latency,rmux,rmux,idle,1,False,0.22,0.18,echo_ms,43,1.291856
latency,rmux,rmux,idle,1,False,0.22,0.18,echo_ms,44,1.319093
latency,rmux,rmux,idle,1,False,0.22,0.18,echo_ms,45,1.340753
latency,rmux,rmux,idle,1,False,0.22,0.18,echo_ms,46,1.322449
latency,rmux,rmux,idle,1,False,0.22,0.18,echo_ms,47,1.339919
latency,rmux,rmux,idle,1,False,0.22,0.18,echo_ms,48,1.372138
latency,rmux,rmux,idle,1,False,0.22,0.18,echo_ms,49,1.357904
latency,rmux,rmux,idle,1,False,0.22,0.18,echo_ms,50,1.358306
latency,rmux,rmux,idle,1,False,0.22,0.18,echo_ms,51,1.357937
latency,rmux,rmux,idle,1,False,0.22,0.18,echo_ms,52,1.44986
latency,rmux,rmux,idle,1,False,0.22,0.18,echo_ms,53,1.159425
latency,rmux,rmux,idle,1,False,0.22,0.18,echo_ms,54,1.317938
latency,rmux,rmux,idle,1,False,0.22,0.18,echo_ms,55,1.209847
latency,rmux,rmux,idle,1,False,0.22,0.18,echo_ms,56,1.363385
latency,rmux,rmux,idle,1,False,0.22,0.18,echo_ms,57,1.232277
latency,rmux,rmux,idle,1,False,0.22,0.18,echo_ms,58,1.297003
latency,rmux,rmux,idle,1,False,0.22,0.18,echo_ms,59,1.367581
latency,rmux,rmux,idle,1,False,0.22,0.18,echo_ms,60,1.299554
latency,rmux,rmux,idle,1,False,0.22,0.18,echo_ms,61,1.356034
latency,rmux,rmux,idle,1,False,0.22,0.18,echo_ms,62,1.357706
latency,rmux,rmux,idle,1,False,0.22,0.18,echo_ms,63,1.298489
latency,rmux,rmux,idle,1,False,0.22,0.18,echo_ms,64,1.38487
latency,rmux,rmux,idle,1,False,0.22,0.18,echo_ms,65,1.32832
latency,rmux,rmux,idle,1,False,0.22,0.18,echo_ms,66,1.361609
latency,rmux,rmux,idle,1,False,0.22,0.18,echo_ms,67,1.261578
latency,rmux,rmux,idle,1,False,0.22,0.18,echo_ms,68,1.167576
latency,rmux,rmux,idle,1,False,0.22,0.18,echo_ms,69,1.22608
latency,rmux,rmux,idle,1,False,0.22,0.18,echo_ms,70,1.241728
latency,rmux,rmux,idle,1,False,0.22,0.18,echo_ms,71,1.273295
latency,rmux,rmux,idle,1,False,0.22,0.18,echo_ms,72,1.316355
latency,rmux,rmux,idle,1,False,0.22,0.18,echo_ms,73,1.327397
latency,rmux,rmux,idle,1,False,0.22,0.18,echo_ms,74,1.368244
latency,rmux,rmux,idle,1,False,0.22,0.18,echo_ms,75,1.371596
latency,rmux,rmux,idle,1,False,0.22,0.18,echo_ms,76,1.320432
latency,rmux,rmux,idle,1,False,0.22,0.18,echo_ms,77,1.330042
latency,rmux,rmux,idle,1,False,0.22,0.18,echo_ms,78,1.290315
latency,rmux,rmux,idle,1,False,0.22,0.18,echo_ms,79,1.307856
latency,rmux,rmux,idle,1,False,0.22,0.18,echo_ms,80,1.240853
latency,rmux,rmux,idle,1,False,0.22,0.18,echo_ms,81,1.181973
latency,rmux,rmux,idle,1,False,0.22,0.18,echo_ms,82,1.259826
latency,rmux,rmux,idle,1,False,0.22,0.18,echo_ms,83,1.308828
latency,rmux,rmux,idle,1,False,0.22,0.18,echo_ms,84,1.304336
latency,rmux,rmux,idle,1,False,0.22,0.18,echo_ms,85,1.155285
latency,rmux,rmux,idle,1,False,0.22,0.18,echo_ms,86,1.365822
latency,rmux,rmux,idle,1,False,0.22,0.18,echo_ms,87,1.328875
latency,rmux,rmux,idle,1,False,0.22,0.18,echo_ms,88,1.334791
latency,rmux,rmux,idle,1,False,0.22,0.18,echo_ms,89,1.39916
latency,rmux,rmux,idle,1,False,0.22,0.18,echo_ms,90,1.315795
latency,rmux,rmux,idle,1,False,0.22,0.18,echo_ms,91,1.345467
latency,rmux,rmux,idle,1,False,0.22,0.18,echo_ms,92,1.334219
latency,rmux,rmux,idle,1,False,0.22,0.18,echo_ms,93,1.339801
latency,rmux,rmux,idle,1,False,0.22,0.18,echo_ms,94,1.259602
latency,rmux,rmux,idle,1,False,0.22,0.18,echo_ms,95,1.324436
latency,rmux,rmux,idle,1,False,0.22,0.18,echo_ms,96,1.262763
latency,rmux,rmux,idle,1,False,0.22,0.18,echo_ms,97,1.331287
latency,rmux,rmux,idle,1,False,0.22,0.18,echo_ms,98,1.248154
latency,rmux,rmux,idle,1,False,0.22,0.18,echo_ms,99,1.36075
latency,rmux,rmux,idle,1,False,0.22,0.18,timeouts,,0
latency,thurbox,tmux,idle,1,False,0.18,0.31,echo_ms,0,4.232255
latency,thurbox,tmux,idle,1,False,0.18,0.31,echo_ms,1,4.931877
latency,thurbox,tmux,idle,1,False,0.18,0.31,echo_ms,2,4.737658
latency,thurbox,tmux,idle,1,False,0.18,0.31,echo_ms,3,3.555206
latency,thurbox,tmux,idle,1,False,0.18,0.31,echo_ms,4,4.968695
latency,thurbox,tmux,idle,1,False,0.18,0.31,echo_ms,5,3.55584
latency,thurbox,tmux,idle,1,False,0.18,0.31,echo_ms,6,3.503343
latency,thurbox,tmux,idle,1,False,0.18,0.31,echo_ms,7,4.65542
latency,thurbox,tmux,idle,1,False,0.18,0.31,echo_ms,8,4.199243
latency,thurbox,tmux,idle,1,False,0.18,0.31,echo_ms,9,3.507375
latency,thurbox,tmux,idle,1,False,0.18,0.31,echo_ms,10,3.946988
latency,thurbox,tmux,idle,1,False,0.18,0.31,echo_ms,11,4.75275
latency,thurbox,tmux,idle,1,False,0.18,0.31,echo_ms,12,3.380413
latency,thurbox,tmux,idle,1,False,0.18,0.31,echo_ms,13,4.592237
latency,thurbox,tmux,idle,1,False,0.18,0.31,echo_ms,14,3.447629
latency,thurbox,tmux,idle,1,False,0.18,0.31,echo_ms,15,4.745176
latency,thurbox,tmux,idle,1,False,0.18,0.31,echo_ms,16,4.742135
latency,thurbox,tmux,idle,1,False,0.18,0.31,echo_ms,17,4.801471
latency,thurbox,tmux,idle,1,False,0.18,0.31,echo_ms,18,4.258765
latency,thurbox,tmux,idle,1,False,0.18,0.31,echo_ms,19,3.478174
latency,thurbox,tmux,idle,1,False,0.18,0.31,echo_ms,20,4.080514
latency,thurbox,tmux,idle,1,False,0.18,0.31,echo_ms,21,4.776549
latency,thurbox,tmux,idle,1,False,0.18,0.31,echo_ms,22,3.55907
latency,thurbox,tmux,idle,1,False,0.18,0.31,echo_ms,23,3.505018
latency,thurbox,tmux,idle,1,False,0.18,0.31,echo_ms,24,4.803405
latency,thurbox,tmux,idle,1,False,0.18,0.31,echo_ms,25,3.079633
latency,thurbox,tmux,idle,1,False,0.18,0.31,echo_ms,26,3.577549
latency,thurbox,tmux,idle,1,False,0.18,0.31,echo_ms,27,3.481383
latency,thurbox,tmux,idle,1,False,0.18,0.31,echo_ms,28,3.26505
latency,thurbox,tmux,idle,1,False,0.18,0.31,echo_ms,29,5.13339
latency,thurbox,tmux,idle,1,False,0.18,0.31,echo_ms,30,5.309279
latency,thurbox,tmux,idle,1,False,0.18,0.31,echo_ms,31,3.383819
latency,thurbox,tmux,idle,1,False,0.18,0.31,echo_ms,32,4.840668
latency,thurbox,tmux,idle,1,False,0.18,0.31,echo_ms,33,3.470235
latency,thurbox,tmux,idle,1,False,0.18,0.31,echo_ms,34,4.999749
latency,thurbox,tmux,idle,1,False,0.18,0.31,echo_ms,35,3.436556
latency,thurbox,tmux,idle,1,False,0.18,0.31,echo_ms,36,3.5005
latency,thurbox,tmux,idle,1,False,0.18,0.31,echo_ms,37,3.474351
latency,thurbox,tmux,idle,1,False,0.18,0.31,echo_ms,38,4.240199
latency,thurbox,tmux,idle,1,False,0.18,0.31,echo_ms,39,4.780472
latency,thurbox,tmux,idle,1,False,0.18,0.31,echo_ms,40,4.293429
latency,thurbox,tmux,idle,1,False,0.18,0.31,echo_ms,41,5.141421
latency,thurbox,tmux,idle,1,False,0.18,0.31,echo_ms,42,3.465518
latency,thurbox,tmux,idle,1,False,0.18,0.31,echo_ms,43,3.528649
latency,thurbox,tmux,idle,1,False,0.18,0.31,echo_ms,44,1.705778
latency,thurbox,tmux,idle,1,False,0.18,0.31,echo_ms,45,3.45622
latency,thurbox,tmux,idle,1,False,0.18,0.31,echo_ms,46,3.612341
latency,thurbox,tmux,idle,1,False,0.18,0.31,echo_ms,47,3.489887
latency,thurbox,tmux,idle,1,False,0.18,0.31,echo_ms,48,3.556578
latency,thurbox,tmux,idle,1,False,0.18,0.31,echo_ms,49,4.243594
latency,thurbox,tmux,idle,1,False,0.18,0.31,echo_ms,50,4.522366
latency,thurbox,tmux,idle,1,False,0.18,0.31,echo_ms,51,3.536825
latency,thurbox,tmux,idle,1,False,0.18,0.31,echo_ms,52,3.320473
latency,thurbox,tmux,idle,1,False,0.18,0.31,echo_ms,53,4.555934
latency,thurbox,tmux,idle,1,False,0.18,0.31,echo_ms,54,4.736419
latency,thurbox,tmux,idle,1,False,0.18,0.31,echo_ms,55,1.94411
latency,thurbox,tmux,idle,1,False,0.18,0.31,echo_ms,56,3.106536
latency,thurbox,tmux,idle,1,False,0.18,0.31,echo_ms,57,3.551832
latency,thurbox,tmux,idle,1,False,0.18,0.31,echo_ms,58,3.56505
latency,thurbox,tmux,idle,1,False,0.18,0.31,echo_ms,59,3.352111
latency,thurbox,tmux,idle,1,False,0.18,0.31,echo_ms,60,4.71825
latency,thurbox,tmux,idle,1,False,0.18,0.31,echo_ms,61,5.660117
latency,thurbox,tmux,idle,1,False,0.18,0.31,echo_ms,62,3.092527
latency,thurbox,tmux,idle,1,False,0.18,0.31,echo_ms,63,4.780507
latency,thurbox,tmux,idle,1,False,0.18,0.31,echo_ms,64,4.74765
latency,thurbox,tmux,idle,1,False,0.18,0.31,echo_ms,65,3.335319
latency,thurbox,tmux,idle,1,False,0.18,0.31,echo_ms,66,3.493169
latency,thurbox,tmux,idle,1,False,0.18,0.31,echo_ms,67,4.107411
latency,thurbox,tmux,idle,1,False,0.18,0.31,echo_ms,68,3.489466
latency,thurbox,tmux,idle,1,False,0.18,0.31,echo_ms,69,3.512678
latency,thurbox,tmux,idle,1,False,0.18,0.31,echo_ms,70,4.706935
latency,thurbox,tmux,idle,1,False,0.18,0.31,echo_ms,71,3.469644
latency,thurbox,tmux,idle,1,False,0.18,0.31,echo_ms,72,4.760112
latency,thurbox,tmux,idle,1,False,0.18,0.31,echo_ms,73,4.731478
latency,thurbox,tmux,idle,1,False,0.18,0.31,echo_ms,74,4.418421
latency,thurbox,tmux,idle,1,False,0.18,0.31,echo_ms,75,4.208132
latency,thurbox,tmux,idle,1,False,0.18,0.31,echo_ms,76,1.758757
latency,thurbox,tmux,idle,1,False,0.18,0.31,echo_ms,77,1.999134
latency,thurbox,tmux,idle,1,False,0.18,0.31,echo_ms,78,3.578916
latency,thurbox,tmux,idle,1,False,0.18,0.31,echo_ms,79,4.743486
latency,thurbox,tmux,idle,1,False,0.18,0.31,echo_ms,80,3.591181
latency,thurbox,tmux,idle,1,False,0.18,0.31,echo_ms,81,3.132585
latency,thurbox,tmux,idle,1,False,0.18,0.31,echo_ms,82,4.708047
latency,thurbox,tmux,idle,1,False,0.18,0.31,echo_ms,83,4.717871
latency,thurbox,tmux,idle,1,False,0.18,0.31,echo_ms,84,5.143589
latency,thurbox,tmux,idle,1,False,0.18,0.31,echo_ms,85,4.105343
latency,thurbox,tmux,idle,1,False,0.18,0.31,echo_ms,86,1.872659
latency,thurbox,tmux,idle,1,False,0.18,0.31,echo_ms,87,3.469579
latency,thurbox,tmux,idle,1,False,0.18,0.31,echo_ms,88,4.744837
latency,thurbox,tmux,idle,1,False,0.18,0.31,echo_ms,89,4.636944
latency,thurbox,tmux,idle,1,False,0.18,0.31,echo_ms,90,4.735849
latency,thurbox,tmux,idle,1,False,0.18,0.31,echo_ms,91,3.585256
latency,thurbox,tmux,idle,1,False,0.18,0.31,echo_ms,92,3.602328
latency,thurbox,tmux,idle,1,False,0.18,0.31,echo_ms,93,4.736735
latency,thurbox,tmux,idle,1,False,0.18,0.31,echo_ms,94,3.474337
latency,thurbox,tmux,idle,1,False,0.18,0.31,echo_ms,95,4.163111
latency,thurbox,tmux,idle,1,False,0.18,0.31,echo_ms,96,3.130335
latency,thurbox,tmux,idle,1,False,0.18,0.31,echo_ms,97,5.10357
latency,thurbox,tmux,idle,1,False,0.18,0.31,echo_ms,98,3.485127
latency,thurbox,tmux,idle,1,False,0.18,0.31,echo_ms,99,4.709055
latency,thurbox,tmux,idle,1,False,0.18,0.31,timeouts,,0
latency,tmux,tmux,idle,1,False,0.31,0.26,echo_ms,0,1.067328
latency,tmux,tmux,idle,1,False,0.31,0.26,echo_ms,1,1.049057
latency,tmux,tmux,idle,1,False,0.31,0.26,echo_ms,2,1.026531
latency,tmux,tmux,idle,1,False,0.31,0.26,echo_ms,3,1.05279
latency,tmux,tmux,idle,1,False,0.31,0.26,echo_ms,4,1.061333
latency,tmux,tmux,idle,1,False,0.31,0.26,echo_ms,5,1.032191
latency,tmux,tmux,idle,1,False,0.31,0.26,echo_ms,6,1.049566
latency,tmux,tmux,idle,1,False,0.31,0.26,echo_ms,7,0.908566
latency,tmux,tmux,idle,1,False,0.31,0.26,echo_ms,8,1.035538
latency,tmux,tmux,idle,1,False,0.31,0.26,echo_ms,9,0.978972
latency,tmux,tmux,idle,1,False,0.31,0.26,echo_ms,10,1.044298
latency,tmux,tmux,idle,1,False,0.31,0.26,echo_ms,11,1.077453
latency,tmux,tmux,idle,1,False,0.31,0.26,echo_ms,12,1.045584
latency,tmux,tmux,idle,1,False,0.31,0.26,echo_ms,13,1.115016
latency,tmux,tmux,idle,1,False,0.31,0.26,echo_ms,14,1.007661
latency,tmux,tmux,idle,1,False,0.31,0.26,echo_ms,15,1.044221
latency,tmux,tmux,idle,1,False,0.31,0.26,echo_ms,16,1.031117
latency,tmux,tmux,idle,1,False,0.31,0.26,echo_ms,17,1.038186
latency,tmux,tmux,idle,1,False,0.31,0.26,echo_ms,18,1.067775
latency,tmux,tmux,idle,1,False,0.31,0.26,echo_ms,19,1.058383
latency,tmux,tmux,idle,1,False,0.31,0.26,echo_ms,20,1.031924
latency,tmux,tmux,idle,1,False,0.31,0.26,echo_ms,21,1.042612
latency,tmux,tmux,idle,1,False,0.31,0.26,echo_ms,22,1.06038
latency,tmux,tmux,idle,1,False,0.31,0.26,echo_ms,23,1.030899
latency,tmux,tmux,idle,1,False,0.31,0.26,echo_ms,24,1.052226
latency,tmux,tmux,idle,1,False,0.31,0.26,echo_ms,25,1.034799
latency,tmux,tmux,idle,1,False,0.31,0.26,echo_ms,26,1.032878
latency,tmux,tmux,idle,1,False,0.31,0.26,echo_ms,27,1.037535
latency,tmux,tmux,idle,1,False,0.31,0.26,echo_ms,28,1.055312
latency,tmux,tmux,idle,1,False,0.31,0.26,echo_ms,29,1.058412
latency,tmux,tmux,idle,1,False,0.31,0.26,echo_ms,30,1.064783
latency,tmux,tmux,idle,1,False,0.31,0.26,echo_ms,31,1.051368
latency,tmux,tmux,idle,1,False,0.31,0.26,echo_ms,32,1.024951
latency,tmux,tmux,idle,1,False,0.31,0.26,echo_ms,33,0.929605
latency,tmux,tmux,idle,1,False,0.31,0.26,echo_ms,34,1.081846
latency,tmux,tmux,idle,1,False,0.31,0.26,echo_ms,35,1.046968
latency,tmux,tmux,idle,1,False,0.31,0.26,echo_ms,36,1.000141
latency,tmux,tmux,idle,1,False,0.31,0.26,echo_ms,37,1.039249
latency,tmux,tmux,idle,1,False,0.31,0.26,echo_ms,38,1.035287
latency,tmux,tmux,idle,1,False,0.31,0.26,echo_ms,39,1.072283
latency,tmux,tmux,idle,1,False,0.31,0.26,echo_ms,40,1.041685
latency,tmux,tmux,idle,1,False,0.31,0.26,echo_ms,41,1.032313
latency,tmux,tmux,idle,1,False,0.31,0.26,echo_ms,42,1.055549
latency,tmux,tmux,idle,1,False,0.31,0.26,echo_ms,43,1.032254
latency,tmux,tmux,idle,1,False,0.31,0.26,echo_ms,44,1.002217
latency,tmux,tmux,idle,1,False,0.31,0.26,echo_ms,45,1.022352
latency,tmux,tmux,idle,1,False,0.31,0.26,echo_ms,46,0.983278
latency,tmux,tmux,idle,1,False,0.31,0.26,echo_ms,47,1.049451
latency,tmux,tmux,idle,1,False,0.31,0.26,echo_ms,48,0.979251
latency,tmux,tmux,idle,1,False,0.31,0.26,echo_ms,49,0.953063
latency,tmux,tmux,idle,1,False,0.31,0.26,echo_ms,50,1.033567
latency,tmux,tmux,idle,1,False,0.31,0.26,echo_ms,51,1.03017
latency,tmux,tmux,idle,1,False,0.31,0.26,echo_ms,52,1.044862
latency,tmux,tmux,idle,1,False,0.31,0.26,echo_ms,53,1.038215
latency,tmux,tmux,idle,1,False,0.31,0.26,echo_ms,54,1.095893
latency,tmux,tmux,idle,1,False,0.31,0.26,echo_ms,55,1.041357
latency,tmux,tmux,idle,1,False,0.31,0.26,echo_ms,56,1.051538
latency,tmux,tmux,idle,1,False,0.31,0.26,echo_ms,57,0.99038
latency,tmux,tmux,idle,1,False,0.31,0.26,echo_ms,58,1.05185
latency,tmux,tmux,idle,1,False,0.31,0.26,echo_ms,59,1.150053
latency,tmux,tmux,idle,1,False,0.31,0.26,echo_ms,60,1.081795
latency,tmux,tmux,idle,1,False,0.31,0.26,echo_ms,61,0.998763
latency,tmux,tmux,idle,1,False,0.31,0.26,echo_ms,62,1.083092
latency,tmux,tmux,idle,1,False,0.31,0.26,echo_ms,63,1.061157
latency,tmux,tmux,idle,1,False,0.31,0.26,echo_ms,64,1.024424
latency,tmux,tmux,idle,1,False,0.31,0.26,echo_ms,65,0.982329
latency,tmux,tmux,idle,1,False,0.31,0.26,echo_ms,66,1.020323
latency,tmux,tmux,idle,1,False,0.31,0.26,echo_ms,67,1.034309
latency,tmux,tmux,idle,1,False,0.31,0.26,echo_ms,68,0.900699
latency,tmux,tmux,idle,1,False,0.31,0.26,echo_ms,69,1.017971
latency,tmux,tmux,idle,1,False,0.31,0.26,echo_ms,70,1.003721
latency,tmux,tmux,idle,1,False,0.31,0.26,echo_ms,71,0.972149
latency,tmux,tmux,idle,1,False,0.31,0.26,echo_ms,72,1.038138
latency,tmux,tmux,idle,1,False,0.31,0.26,echo_ms,73,1.050284
latency,tmux,tmux,idle,1,False,0.31,0.26,echo_ms,74,1.081434
latency,tmux,tmux,idle,1,False,0.31,0.26,echo_ms,75,1.090118
latency,tmux,tmux,idle,1,False,0.31,0.26,echo_ms,76,1.041175
latency,tmux,tmux,idle,1,False,0.31,0.26,echo_ms,77,1.08734
latency,tmux,tmux,idle,1,False,0.31,0.26,echo_ms,78,1.048856
latency,tmux,tmux,idle,1,False,0.31,0.26,echo_ms,79,1.059344
latency,tmux,tmux,idle,1,False,0.31,0.26,echo_ms,80,1.065274
latency,tmux,tmux,idle,1,False,0.31,0.26,echo_ms,81,1.028633
latency,tmux,tmux,idle,1,False,0.31,0.26,echo_ms,82,1.068558
latency,tmux,tmux,idle,1,False,0.31,0.26,echo_ms,83,1.033031
latency,tmux,tmux,idle,1,False,0.31,0.26,echo_ms,84,1.030935
latency,tmux,tmux,idle,1,False,0.31,0.26,echo_ms,85,1.048567
latency,tmux,tmux,idle,1,False,0.31,0.26,echo_ms,86,0.705315
latency,tmux,tmux,idle,1,False,0.31,0.26,echo_ms,87,0.779415
latency,tmux,tmux,idle,1,False,0.31,0.26,echo_ms,88,1.067804
latency,tmux,tmux,idle,1,False,0.31,0.26,echo_ms,89,1.044459
latency,tmux,tmux,idle,1,False,0.31,0.26,echo_ms,90,1.066324
latency,tmux,tmux,idle,1,False,0.31,0.26,echo_ms,91,1.121673
latency,tmux,tmux,idle,1,False,0.31,0.26,echo_ms,92,1.095024
latency,tmux,tmux,idle,1,False,0.31,0.26,echo_ms,93,1.116462
latency,tmux,tmux,idle,1,False,0.31,0.26,echo_ms,94,0.97193
latency,tmux,tmux,idle,1,False,0.31,0.26,echo_ms,95,1.057093
latency,tmux,tmux,idle,1,False,0.31,0.26,echo_ms,96,1.049989
latency,tmux,tmux,idle,1,False,0.31,0.26,echo_ms,97,1.041997
latency,tmux,tmux,idle,1,False,0.31,0.26,echo_ms,98,0.993124
latency,tmux,tmux,idle,1,False,0.31,0.26,echo_ms,99,1.042884
latency,tmux,tmux,idle,1,False,0.31,0.26,timeouts,,0
latency,rmux,rmux,idle,2,False,0.26,0.22,echo_ms,0,1.330837
latency,rmux,rmux,idle,2,False,0.26,0.22,echo_ms,1,1.296556
latency,rmux,rmux,idle,2,False,0.26,0.22,echo_ms,2,1.340292
latency,rmux,rmux,idle,2,False,0.26,0.22,echo_ms,3,1.356658
latency,rmux,rmux,idle,2,False,0.26,0.22,echo_ms,4,1.302231
latency,rmux,rmux,idle,2,False,0.26,0.22,echo_ms,5,1.188254
latency,rmux,rmux,idle,2,False,0.26,0.22,echo_ms,6,1.165955
latency,rmux,rmux,idle,2,False,0.26,0.22,echo_ms,7,1.324134
latency,rmux,rmux,idle,2,False,0.26,0.22,echo_ms,8,1.379703
latency,rmux,rmux,idle,2,False,0.26,0.22,echo_ms,9,1.144912
latency,rmux,rmux,idle,2,False,0.26,0.22,echo_ms,10,1.290708
latency,rmux,rmux,idle,2,False,0.26,0.22,echo_ms,11,1.162058
latency,rmux,rmux,idle,2,False,0.26,0.22,echo_ms,12,1.360982
latency,rmux,rmux,idle,2,False,0.26,0.22,echo_ms,13,1.258185
latency,rmux,rmux,idle,2,False,0.26,0.22,echo_ms,14,1.224402
latency,rmux,rmux,idle,2,False,0.26,0.22,echo_ms,15,1.166565
latency,rmux,rmux,idle,2,False,0.26,0.22,echo_ms,16,1.282578
latency,rmux,rmux,idle,2,False,0.26,0.22,echo_ms,17,1.232401
latency,rmux,rmux,idle,2,False,0.26,0.22,echo_ms,18,1.29912
latency,rmux,rmux,idle,2,False,0.26,0.22,echo_ms,19,1.279177
latency,rmux,rmux,idle,2,False,0.26,0.22,echo_ms,20,1.179154
latency,rmux,rmux,idle,2,False,0.26,0.22,echo_ms,21,1.379346
latency,rmux,rmux,idle,2,False,0.26,0.22,echo_ms,22,1.322379
latency,rmux,rmux,idle,2,False,0.26,0.22,echo_ms,23,1.301801
latency,rmux,rmux,idle,2,False,0.26,0.22,echo_ms,24,1.360057
latency,rmux,rmux,idle,2,False,0.26,0.22,echo_ms,25,1.43901
latency,rmux,rmux,idle,2,False,0.26,0.22,echo_ms,26,1.214062
latency,rmux,rmux,idle,2,False,0.26,0.22,echo_ms,27,1.36554
latency,rmux,rmux,idle,2,False,0.26,0.22,echo_ms,28,1.141925
latency,rmux,rmux,idle,2,False,0.26,0.22,echo_ms,29,1.278716
latency,rmux,rmux,idle,2,False,0.26,0.22,echo_ms,30,1.246427
latency,rmux,rmux,idle,2,False,0.26,0.22,echo_ms,31,1.356854
latency,rmux,rmux,idle,2,False,0.26,0.22,echo_ms,32,1.371053
latency,rmux,rmux,idle,2,False,0.26,0.22,echo_ms,33,1.317091
latency,rmux,rmux,idle,2,False,0.26,0.22,echo_ms,34,1.269899
latency,rmux,rmux,idle,2,False,0.26,0.22,echo_ms,35,1.291568
latency,rmux,rmux,idle,2,False,0.26,0.22,echo_ms,36,1.380808
latency,rmux,rmux,idle,2,False,0.26,0.22,echo_ms,37,1.273299
latency,rmux,rmux,idle,2,False,0.26,0.22,echo_ms,38,1.328698
latency,rmux,rmux,idle,2,False,0.26,0.22,echo_ms,39,1.351657
latency,rmux,rmux,idle,2,False,0.26,0.22,echo_ms,40,1.111527
latency,rmux,rmux,idle,2,False,0.26,0.22,echo_ms,41,1.369186
latency,rmux,rmux,idle,2,False,0.26,0.22,echo_ms,42,1.19716
latency,rmux,rmux,idle,2,False,0.26,0.22,echo_ms,43,1.326402
latency,rmux,rmux,idle,2,False,0.26,0.22,echo_ms,44,1.301225
latency,rmux,rmux,idle,2,False,0.26,0.22,echo_ms,45,1.291117
latency,rmux,rmux,idle,2,False,0.26,0.22,echo_ms,46,1.309605
latency,rmux,rmux,idle,2,False,0.26,0.22,echo_ms,47,1.317857
latency,rmux,rmux,idle,2,False,0.26,0.22,echo_ms,48,1.349253
latency,rmux,rmux,idle,2,False,0.26,0.22,echo_ms,49,1.247994
latency,rmux,rmux,idle,2,False,0.26,0.22,echo_ms,50,1.249467
latency,rmux,rmux,idle,2,False,0.26,0.22,echo_ms,51,1.338951
latency,rmux,rmux,idle,2,False,0.26,0.22,echo_ms,52,1.121405
latency,rmux,rmux,idle,2,False,0.26,0.22,echo_ms,53,1.202639
latency,rmux,rmux,idle,2,False,0.26,0.22,echo_ms,54,1.292664
latency,rmux,rmux,idle,2,False,0.26,0.22,echo_ms,55,1.335917
latency,rmux,rmux,idle,2,False,0.26,0.22,echo_ms,56,1.194695
latency,rmux,rmux,idle,2,False,0.26,0.22,echo_ms,57,1.205045
latency,rmux,rmux,idle,2,False,0.26,0.22,echo_ms,58,1.216847
latency,rmux,rmux,idle,2,False,0.26,0.22,echo_ms,59,1.382135
latency,rmux,rmux,idle,2,False,0.26,0.22,echo_ms,60,1.159544
latency,rmux,rmux,idle,2,False,0.26,0.22,echo_ms,61,1.197078
latency,rmux,rmux,idle,2,False,0.26,0.22,echo_ms,62,1.260763
latency,rmux,rmux,idle,2,False,0.26,0.22,echo_ms,63,1.212231
latency,rmux,rmux,idle,2,False,0.26,0.22,echo_ms,64,1.070224
latency,rmux,rmux,idle,2,False,0.26,0.22,echo_ms,65,1.26952
latency,rmux,rmux,idle,2,False,0.26,0.22,echo_ms,66,1.306346
latency,rmux,rmux,idle,2,False,0.26,0.22,echo_ms,67,1.195989
latency,rmux,rmux,idle,2,False,0.26,0.22,echo_ms,68,1.245823
latency,rmux,rmux,idle,2,False,0.26,0.22,echo_ms,69,1.243658
latency,rmux,rmux,idle,2,False,0.26,0.22,echo_ms,70,1.187574
latency,rmux,rmux,idle,2,False,0.26,0.22,echo_ms,71,1.341461
latency,rmux,rmux,idle,2,False,0.26,0.22,echo_ms,72,1.19378
latency,rmux,rmux,idle,2,False,0.26,0.22,echo_ms,73,1.289654
latency,rmux,rmux,idle,2,False,0.26,0.22,echo_ms,74,1.203997
latency,rmux,rmux,idle,2,False,0.26,0.22,echo_ms,75,1.155177
latency,rmux,rmux,idle,2,False,0.26,0.22,echo_ms,76,1.257934
latency,rmux,rmux,idle,2,False,0.26,0.22,echo_ms,77,1.269458
latency,rmux,rmux,idle,2,False,0.26,0.22,echo_ms,78,1.283395
latency,rmux,rmux,idle,2,False,0.26,0.22,echo_ms,79,1.270342
latency,rmux,rmux,idle,2,False,0.26,0.22,echo_ms,80,1.189697
latency,rmux,rmux,idle,2,False,0.26,0.22,echo_ms,81,1.189565
latency,rmux,rmux,idle,2,False,0.26,0.22,echo_ms,82,1.212151
latency,rmux,rmux,idle,2,False,0.26,0.22,echo_ms,83,1.288383
latency,rmux,rmux,idle,2,False,0.26,0.22,echo_ms,84,1.264646
latency,rmux,rmux,idle,2,False,0.26,0.22,echo_ms,85,1.311729
latency,rmux,rmux,idle,2,False,0.26,0.22,echo_ms,86,1.269259
latency,rmux,rmux,idle,2,False,0.26,0.22,echo_ms,87,1.307989
latency,rmux,rmux,idle,2,False,0.26,0.22,echo_ms,88,1.357243
latency,rmux,rmux,idle,2,False,0.26,0.22,echo_ms,89,1.341411
latency,rmux,rmux,idle,2,False,0.26,0.22,echo_ms,90,1.156588
latency,rmux,rmux,idle,2,False,0.26,0.22,echo_ms,91,1.150249
latency,rmux,rmux,idle,2,False,0.26,0.22,echo_ms,92,1.319353
latency,rmux,rmux,idle,2,False,0.26,0.22,echo_ms,93,1.374562
latency,rmux,rmux,idle,2,False,0.26,0.22,echo_ms,94,1.364581
latency,rmux,rmux,idle,2,False,0.26,0.22,echo_ms,95,1.331216
latency,rmux,rmux,idle,2,False,0.26,0.22,echo_ms,96,1.337136
latency,rmux,rmux,idle,2,False,0.26,0.22,echo_ms,97,1.27255
latency,rmux,rmux,idle,2,False,0.26,0.22,echo_ms,98,1.317793
latency,rmux,rmux,idle,2,False,0.26,0.22,echo_ms,99,1.299696
latency,rmux,rmux,idle,2,False,0.26,0.22,timeouts,,0
latency,thurbox,tmux,idle,2,False,0.22,0.26,echo_ms,0,4.208302
latency,thurbox,tmux,idle,2,False,0.22,0.26,echo_ms,1,4.762814
latency,thurbox,tmux,idle,2,False,0.22,0.26,echo_ms,2,4.493702
latency,thurbox,tmux,idle,2,False,0.22,0.26,echo_ms,3,5.116607
latency,thurbox,tmux,idle,2,False,0.22,0.26,echo_ms,4,3.17184
latency,thurbox,tmux,idle,2,False,0.22,0.26,echo_ms,5,5.373753
latency,thurbox,tmux,idle,2,False,0.22,0.26,echo_ms,6,5.110538
latency,thurbox,tmux,idle,2,False,0.22,0.26,echo_ms,7,4.768372
latency,thurbox,tmux,idle,2,False,0.22,0.26,echo_ms,8,4.351817
latency,thurbox,tmux,idle,2,False,0.22,0.26,echo_ms,9,4.788943
latency,thurbox,tmux,idle,2,False,0.22,0.26,echo_ms,10,4.806725
latency,thurbox,tmux,idle,2,False,0.22,0.26,echo_ms,11,4.703576
latency,thurbox,tmux,idle,2,False,0.22,0.26,echo_ms,12,3.437465
latency,thurbox,tmux,idle,2,False,0.22,0.26,echo_ms,13,4.601482
latency,thurbox,tmux,idle,2,False,0.22,0.26,echo_ms,14,4.738416
latency,thurbox,tmux,idle,2,False,0.22,0.26,echo_ms,15,3.52614
latency,thurbox,tmux,idle,2,False,0.22,0.26,echo_ms,16,4.717548
latency,thurbox,tmux,idle,2,False,0.22,0.26,echo_ms,17,3.201712
latency,thurbox,tmux,idle,2,False,0.22,0.26,echo_ms,18,4.994588
latency,thurbox,tmux,idle,2,False,0.22,0.26,echo_ms,19,4.86759
latency,thurbox,tmux,idle,2,False,0.22,0.26,echo_ms,20,3.54106
latency,thurbox,tmux,idle,2,False,0.22,0.26,echo_ms,21,3.51829
latency,thurbox,tmux,idle,2,False,0.22,0.26,echo_ms,22,3.515832
latency,thurbox,tmux,idle,2,False,0.22,0.26,echo_ms,23,4.726804
latency,thurbox,tmux,idle,2,False,0.22,0.26,echo_ms,24,4.197498
latency,thurbox,tmux,idle,2,False,0.22,0.26,echo_ms,25,2.264254
latency,thurbox,tmux,idle,2,False,0.22,0.26,echo_ms,26,3.492154
latency,thurbox,tmux,idle,2,False,0.22,0.26,echo_ms,27,4.7578
latency,thurbox,tmux,idle,2,False,0.22,0.26,echo_ms,28,4.73221
latency,thurbox,tmux,idle,2,False,0.22,0.26,echo_ms,29,4.734986
latency,thurbox,tmux,idle,2,False,0.22,0.26,echo_ms,30,6.004703
latency,thurbox,tmux,idle,2,False,0.22,0.26,echo_ms,31,4.830879
latency,thurbox,tmux,idle,2,False,0.22,0.26,echo_ms,32,4.78143
latency,thurbox,tmux,idle,2,False,0.22,0.26,echo_ms,33,4.786954
latency,thurbox,tmux,idle,2,False,0.22,0.26,echo_ms,34,5.146928
latency,thurbox,tmux,idle,2,False,0.22,0.26,echo_ms,35,4.778219
latency,thurbox,tmux,idle,2,False,0.22,0.26,echo_ms,36,4.788145
latency,thurbox,tmux,idle,2,False,0.22,0.26,echo_ms,37,3.486149
latency,thurbox,tmux,idle,2,False,0.22,0.26,echo_ms,38,3.365846
latency,thurbox,tmux,idle,2,False,0.22,0.26,echo_ms,39,3.581855
latency,thurbox,tmux,idle,2,False,0.22,0.26,echo_ms,40,4.198376
latency,thurbox,tmux,idle,2,False,0.22,0.26,echo_ms,41,3.558312
latency,thurbox,tmux,idle,2,False,0.22,0.26,echo_ms,42,4.802451
latency,thurbox,tmux,idle,2,False,0.22,0.26,echo_ms,43,3.520985
latency,thurbox,tmux,idle,2,False,0.22,0.26,echo_ms,44,3.527747
latency,thurbox,tmux,idle,2,False,0.22,0.26,echo_ms,45,4.797382
latency,thurbox,tmux,idle,2,False,0.22,0.26,echo_ms,46,4.732527
latency,thurbox,tmux,idle,2,False,0.22,0.26,echo_ms,47,4.773242
latency,thurbox,tmux,idle,2,False,0.22,0.26,echo_ms,48,6.610451
latency,thurbox,tmux,idle,2,False,0.22,0.26,echo_ms,49,4.793883
latency,thurbox,tmux,idle,2,False,0.22,0.26,echo_ms,50,4.23409
latency,thurbox,tmux,idle,2,False,0.22,0.26,echo_ms,51,4.765658
latency,thurbox,tmux,idle,2,False,0.22,0.26,echo_ms,52,3.523469
latency,thurbox,tmux,idle,2,False,0.22,0.26,echo_ms,53,8.80725
latency,thurbox,tmux,idle,2,False,0.22,0.26,echo_ms,54,3.114155
latency,thurbox,tmux,idle,2,False,0.22,0.26,echo_ms,55,4.718337
latency,thurbox,tmux,idle,2,False,0.22,0.26,echo_ms,56,4.041011
latency,thurbox,tmux,idle,2,False,0.22,0.26,echo_ms,57,2.548101
latency,thurbox,tmux,idle,2,False,0.22,0.26,echo_ms,58,4.113944
latency,thurbox,tmux,idle,2,False,0.22,0.26,echo_ms,59,4.72968
latency,thurbox,tmux,idle,2,False,0.22,0.26,echo_ms,60,3.620328
latency,thurbox,tmux,idle,2,False,0.22,0.26,echo_ms,61,3.565546
latency,thurbox,tmux,idle,2,False,0.22,0.26,echo_ms,62,4.996342
latency,thurbox,tmux,idle,2,False,0.22,0.26,echo_ms,63,4.13193
latency,thurbox,tmux,idle,2,False,0.22,0.26,echo_ms,64,4.740487
latency,thurbox,tmux,idle,2,False,0.22,0.26,echo_ms,65,4.734632
latency,thurbox,tmux,idle,2,False,0.22,0.26,echo_ms,66,4.690494
latency,thurbox,tmux,idle,2,False,0.22,0.26,echo_ms,67,3.331005
latency,thurbox,tmux,idle,2,False,0.22,0.26,echo_ms,68,4.137473
latency,thurbox,tmux,idle,2,False,0.22,0.26,echo_ms,69,3.4814
latency,thurbox,tmux,idle,2,False,0.22,0.26,echo_ms,70,4.138411
latency,thurbox,tmux,idle,2,False,0.22,0.26,echo_ms,71,4.720875
latency,thurbox,tmux,idle,2,False,0.22,0.26,echo_ms,72,3.502081
latency,thurbox,tmux,idle,2,False,0.22,0.26,echo_ms,73,3.550637
latency,thurbox,tmux,idle,2,False,0.22,0.26,echo_ms,74,4.758881
latency,thurbox,tmux,idle,2,False,0.22,0.26,echo_ms,75,3.542542
latency,thurbox,tmux,idle,2,False,0.22,0.26,echo_ms,76,4.734019
latency,thurbox,tmux,idle,2,False,0.22,0.26,echo_ms,77,4.735399
latency,thurbox,tmux,idle,2,False,0.22,0.26,echo_ms,78,4.777383
latency,thurbox,tmux,idle,2,False,0.22,0.26,echo_ms,79,4.72829
latency,thurbox,tmux,idle,2,False,0.22,0.26,echo_ms,80,3.420761
latency,thurbox,tmux,idle,2,False,0.22,0.26,echo_ms,81,4.72195
latency,thurbox,tmux,idle,2,False,0.22,0.26,echo_ms,82,3.386817
latency,thurbox,tmux,idle,2,False,0.22,0.26,echo_ms,83,4.741968
latency,thurbox,tmux,idle,2,False,0.22,0.26,echo_ms,84,4.070184
latency,thurbox,tmux,idle,2,False,0.22,0.26,echo_ms,85,4.122444
latency,thurbox,tmux,idle,2,False,0.22,0.26,echo_ms,86,5.092529
latency,thurbox,tmux,idle,2,False,0.22,0.26,echo_ms,87,3.527155
latency,thurbox,tmux,idle,2,False,0.22,0.26,echo_ms,88,3.205968
latency,thurbox,tmux,idle,2,False,0.22,0.26,echo_ms,89,3.802298
latency,thurbox,tmux,idle,2,False,0.22,0.26,echo_ms,90,3.528879
latency,thurbox,tmux,idle,2,False,0.22,0.26,echo_ms,91,3.529531
latency,thurbox,tmux,idle,2,False,0.22,0.26,echo_ms,92,4.701635
latency,thurbox,tmux,idle,2,False,0.22,0.26,echo_ms,93,3.549318
latency,thurbox,tmux,idle,2,False,0.22,0.26,echo_ms,94,3.375544
latency,thurbox,tmux,idle,2,False,0.22,0.26,echo_ms,95,3.440603
latency,thurbox,tmux,idle,2,False,0.22,0.26,echo_ms,96,4.643022
latency,thurbox,tmux,idle,2,False,0.22,0.26,echo_ms,97,4.110115
latency,thurbox,tmux,idle,2,False,0.22,0.26,echo_ms,98,4.718331
latency,thurbox,tmux,idle,2,False,0.22,0.26,echo_ms,99,5.990424
latency,thurbox,tmux,idle,2,False,0.22,0.26,timeouts,,0
latency,tmux,tmux,idle,2,False,0.26,0.24,echo_ms,0,0.845482
latency,tmux,tmux,idle,2,False,0.26,0.24,echo_ms,1,0.901569
latency,tmux,tmux,idle,2,False,0.26,0.24,echo_ms,2,0.955249
latency,tmux,tmux,idle,2,False,0.26,0.24,echo_ms,3,1.073678
latency,tmux,tmux,idle,2,False,0.26,0.24,echo_ms,4,1.062684
latency,tmux,tmux,idle,2,False,0.26,0.24,echo_ms,5,1.067435
latency,tmux,tmux,idle,2,False,0.26,0.24,echo_ms,6,1.051278
latency,tmux,tmux,idle,2,False,0.26,0.24,echo_ms,7,1.070648
latency,tmux,tmux,idle,2,False,0.26,0.24,echo_ms,8,1.035113
latency,tmux,tmux,idle,2,False,0.26,0.24,echo_ms,9,1.087292
latency,tmux,tmux,idle,2,False,0.26,0.24,echo_ms,10,1.106866
latency,tmux,tmux,idle,2,False,0.26,0.24,echo_ms,11,1.102736
latency,tmux,tmux,idle,2,False,0.26,0.24,echo_ms,12,1.05112
latency,tmux,tmux,idle,2,False,0.26,0.24,echo_ms,13,1.079635
latency,tmux,tmux,idle,2,False,0.26,0.24,echo_ms,14,1.051549
latency,tmux,tmux,idle,2,False,0.26,0.24,echo_ms,15,1.039017
latency,tmux,tmux,idle,2,False,0.26,0.24,echo_ms,16,1.033062
latency,tmux,tmux,idle,2,False,0.26,0.24,echo_ms,17,1.081746
latency,tmux,tmux,idle,2,False,0.26,0.24,echo_ms,18,1.067338
latency,tmux,tmux,idle,2,False,0.26,0.24,echo_ms,19,1.033916
latency,tmux,tmux,idle,2,False,0.26,0.24,echo_ms,20,1.125341
latency,tmux,tmux,idle,2,False,0.26,0.24,echo_ms,21,1.025342
latency,tmux,tmux,idle,2,False,0.26,0.24,echo_ms,22,1.0786
latency,tmux,tmux,idle,2,False,0.26,0.24,echo_ms,23,1.087017
latency,tmux,tmux,idle,2,False,0.26,0.24,echo_ms,24,1.109206
latency,tmux,tmux,idle,2,False,0.26,0.24,echo_ms,25,1.03635
latency,tmux,tmux,idle,2,False,0.26,0.24,echo_ms,26,1.091001
latency,tmux,tmux,idle,2,False,0.26,0.24,echo_ms,27,1.080092
latency,tmux,tmux,idle,2,False,0.26,0.24,echo_ms,28,1.079586
latency,tmux,tmux,idle,2,False,0.26,0.24,echo_ms,29,1.015915
latency,tmux,tmux,idle,2,False,0.26,0.24,echo_ms,30,0.974302
latency,tmux,tmux,idle,2,False,0.26,0.24,echo_ms,31,0.960297
latency,tmux,tmux,idle,2,False,0.26,0.24,echo_ms,32,1.04025
latency,tmux,tmux,idle,2,False,0.26,0.24,echo_ms,33,1.107676
latency,tmux,tmux,idle,2,False,0.26,0.24,echo_ms,34,1.041153
latency,tmux,tmux,idle,2,False,0.26,0.24,echo_ms,35,1.041506
latency,tmux,tmux,idle,2,False,0.26,0.24,echo_ms,36,1.085491
latency,tmux,tmux,idle,2,False,0.26,0.24,echo_ms,37,1.050029
latency,tmux,tmux,idle,2,False,0.26,0.24,echo_ms,38,1.057373
latency,tmux,tmux,idle,2,False,0.26,0.24,echo_ms,39,0.973016
latency,tmux,tmux,idle,2,False,0.26,0.24,echo_ms,40,1.061544
latency,tmux,tmux,idle,2,False,0.26,0.24,echo_ms,41,1.075976
latency,tmux,tmux,idle,2,False,0.26,0.24,echo_ms,42,1.056043
latency,tmux,tmux,idle,2,False,0.26,0.24,echo_ms,43,1.092984
latency,tmux,tmux,idle,2,False,0.26,0.24,echo_ms,44,1.052061
latency,tmux,tmux,idle,2,False,0.26,0.24,echo_ms,45,1.065773
latency,tmux,tmux,idle,2,False,0.26,0.24,echo_ms,46,1.064286
latency,tmux,tmux,idle,2,False,0.26,0.24,echo_ms,47,1.071091
latency,tmux,tmux,idle,2,False,0.26,0.24,echo_ms,48,1.081655
latency,tmux,tmux,idle,2,False,0.26,0.24,echo_ms,49,1.105234
latency,tmux,tmux,idle,2,False,0.26,0.24,echo_ms,50,1.077545
latency,tmux,tmux,idle,2,False,0.26,0.24,echo_ms,51,1.103152
latency,tmux,tmux,idle,2,False,0.26,0.24,echo_ms,52,1.09544
latency,tmux,tmux,idle,2,False,0.26,0.24,echo_ms,53,1.041299
latency,tmux,tmux,idle,2,False,0.26,0.24,echo_ms,54,1.046075
latency,tmux,tmux,idle,2,False,0.26,0.24,echo_ms,55,1.041266
latency,tmux,tmux,idle,2,False,0.26,0.24,echo_ms,56,0.940529
latency,tmux,tmux,idle,2,False,0.26,0.24,echo_ms,57,1.055262
latency,tmux,tmux,idle,2,False,0.26,0.24,echo_ms,58,1.042258
latency,tmux,tmux,idle,2,False,0.26,0.24,echo_ms,59,0.921011
latency,tmux,tmux,idle,2,False,0.26,0.24,echo_ms,60,1.040119
latency,tmux,tmux,idle,2,False,0.26,0.24,echo_ms,61,1.073136
latency,tmux,tmux,idle,2,False,0.26,0.24,echo_ms,62,1.046901
latency,tmux,tmux,idle,2,False,0.26,0.24,echo_ms,63,1.057104
latency,tmux,tmux,idle,2,False,0.26,0.24,echo_ms,64,1.044605
latency,tmux,tmux,idle,2,False,0.26,0.24,echo_ms,65,1.049957
latency,tmux,tmux,idle,2,False,0.26,0.24,echo_ms,66,1.068484
latency,tmux,tmux,idle,2,False,0.26,0.24,echo_ms,67,0.977665
latency,tmux,tmux,idle,2,False,0.26,0.24,echo_ms,68,0.979055
latency,tmux,tmux,idle,2,False,0.26,0.24,echo_ms,69,1.019938
latency,tmux,tmux,idle,2,False,0.26,0.24,echo_ms,70,1.030065
latency,tmux,tmux,idle,2,False,0.26,0.24,echo_ms,71,1.047968
latency,tmux,tmux,idle,2,False,0.26,0.24,echo_ms,72,1.053681
latency,tmux,tmux,idle,2,False,0.26,0.24,echo_ms,73,1.050597
latency,tmux,tmux,idle,2,False,0.26,0.24,echo_ms,74,1.036298
latency,tmux,tmux,idle,2,False,0.26,0.24,echo_ms,75,1.063929
latency,tmux,tmux,idle,2,False,0.26,0.24,echo_ms,76,0.999291
latency,tmux,tmux,idle,2,False,0.26,0.24,echo_ms,77,0.971198
latency,tmux,tmux,idle,2,False,0.26,0.24,echo_ms,78,1.044284
latency,tmux,tmux,idle,2,False,0.26,0.24,echo_ms,79,1.044868
latency,tmux,tmux,idle,2,False,0.26,0.24,echo_ms,80,1.03834
latency,tmux,tmux,idle,2,False,0.26,0.24,echo_ms,81,1.051044
latency,tmux,tmux,idle,2,False,0.26,0.24,echo_ms,82,1.106774
latency,tmux,tmux,idle,2,False,0.26,0.24,echo_ms,83,1.016855
latency,tmux,tmux,idle,2,False,0.26,0.24,echo_ms,84,1.063432
latency,tmux,tmux,idle,2,False,0.26,0.24,echo_ms,85,1.083237
latency,tmux,tmux,idle,2,False,0.26,0.24,echo_ms,86,1.053916
latency,tmux,tmux,idle,2,False,0.26,0.24,echo_ms,87,0.959074
latency,tmux,tmux,idle,2,False,0.26,0.24,echo_ms,88,1.047313
latency,tmux,tmux,idle,2,False,0.26,0.24,echo_ms,89,0.96443
latency,tmux,tmux,idle,2,False,0.26,0.24,echo_ms,90,1.063329
latency,tmux,tmux,idle,2,False,0.26,0.24,echo_ms,91,1.053741
latency,tmux,tmux,idle,2,False,0.26,0.24,echo_ms,92,1.044186
latency,tmux,tmux,idle,2,False,0.26,0.24,echo_ms,93,1.05806
latency,tmux,tmux,idle,2,False,0.26,0.24,echo_ms,94,1.013215
latency,tmux,tmux,idle,2,False,0.26,0.24,echo_ms,95,1.057813
latency,tmux,tmux,idle,2,False,0.26,0.24,echo_ms,96,1.07097
latency,tmux,tmux,idle,2,False,0.26,0.24,echo_ms,97,1.086243
latency,tmux,tmux,idle,2,False,0.26,0.24,echo_ms,98,1.061368
latency,tmux,tmux,idle,2,False,0.26,0.24,echo_ms,99,1.069784
latency,tmux,tmux,idle,2,False,0.26,0.24,timeouts,,0
latency,herdr,herdr,idle,2,False,0.24,0.2,echo_ms,0,2.176234
latency,herdr,herdr,idle,2,False,0.24,0.2,echo_ms,1,2.03147
latency,herdr,herdr,idle,2,False,0.24,0.2,echo_ms,2,2.259827
latency,herdr,herdr,idle,2,False,0.24,0.2,echo_ms,3,2.218434
latency,herdr,herdr,idle,2,False,0.24,0.2,echo_ms,4,1.897472
latency,herdr,herdr,idle,2,False,0.24,0.2,echo_ms,5,2.034709
latency,herdr,herdr,idle,2,False,0.24,0.2,echo_ms,6,2.16466
latency,herdr,herdr,idle,2,False,0.24,0.2,echo_ms,7,2.105876
latency,herdr,herdr,idle,2,False,0.24,0.2,echo_ms,8,2.252525
latency,herdr,herdr,idle,2,False,0.24,0.2,echo_ms,9,2.166821
latency,herdr,herdr,idle,2,False,0.24,0.2,echo_ms,10,2.142994
latency,herdr,herdr,idle,2,False,0.24,0.2,echo_ms,11,2.093792
latency,herdr,herdr,idle,2,False,0.24,0.2,echo_ms,12,2.276871
latency,herdr,herdr,idle,2,False,0.24,0.2,echo_ms,13,2.06879
latency,herdr,herdr,idle,2,False,0.24,0.2,echo_ms,14,2.090418
latency,herdr,herdr,idle,2,False,0.24,0.2,echo_ms,15,2.121716
latency,herdr,herdr,idle,2,False,0.24,0.2,echo_ms,16,2.077838
latency,herdr,herdr,idle,2,False,0.24,0.2,echo_ms,17,2.185887
latency,herdr,herdr,idle,2,False,0.24,0.2,echo_ms,18,2.140699
latency,herdr,herdr,idle,2,False,0.24,0.2,echo_ms,19,2.162439
latency,herdr,herdr,idle,2,False,0.24,0.2,echo_ms,20,2.092475
latency,herdr,herdr,idle,2,False,0.24,0.2,echo_ms,21,2.049223
latency,herdr,herdr,idle,2,False,0.24,0.2,echo_ms,22,2.138411
latency,herdr,herdr,idle,2,False,0.24,0.2,echo_ms,23,2.112796
latency,herdr,herdr,idle,2,False,0.24,0.2,echo_ms,24,1.931498
latency,herdr,herdr,idle,2,False,0.24,0.2,echo_ms,25,2.201418
latency,herdr,herdr,idle,2,False,0.24,0.2,echo_ms,26,2.172195
latency,herdr,herdr,idle,2,False,0.24,0.2,echo_ms,27,2.156877
latency,herdr,herdr,idle,2,False,0.24,0.2,echo_ms,28,2.150996
latency,herdr,herdr,idle,2,False,0.24,0.2,echo_ms,29,2.356146
latency,herdr,herdr,idle,2,False,0.24,0.2,echo_ms,30,2.30619
latency,herdr,herdr,idle,2,False,0.24,0.2,echo_ms,31,2.320717
latency,herdr,herdr,idle,2,False,0.24,0.2,echo_ms,32,2.197298
latency,herdr,herdr,idle,2,False,0.24,0.2,echo_ms,33,1.504806
latency,herdr,herdr,idle,2,False,0.24,0.2,echo_ms,34,2.251358
latency,herdr,herdr,idle,2,False,0.24,0.2,echo_ms,35,2.358627
latency,herdr,herdr,idle,2,False,0.24,0.2,echo_ms,36,2.184386
latency,herdr,herdr,idle,2,False,0.24,0.2,echo_ms,37,2.020369
latency,herdr,herdr,idle,2,False,0.24,0.2,echo_ms,38,2.259682
latency,herdr,herdr,idle,2,False,0.24,0.2,echo_ms,39,2.223099
latency,herdr,herdr,idle,2,False,0.24,0.2,echo_ms,40,2.281121
latency,herdr,herdr,idle,2,False,0.24,0.2,echo_ms,41,2.295205
latency,herdr,herdr,idle,2,False,0.24,0.2,echo_ms,42,2.120139
latency,herdr,herdr,idle,2,False,0.24,0.2,echo_ms,43,2.265831
latency,herdr,herdr,idle,2,False,0.24,0.2,echo_ms,44,2.341131
latency,herdr,herdr,idle,2,False,0.24,0.2,echo_ms,45,1.690006
latency,herdr,herdr,idle,2,False,0.24,0.2,echo_ms,46,2.226058
latency,herdr,herdr,idle,2,False,0.24,0.2,echo_ms,47,2.257295
latency,herdr,herdr,idle,2,False,0.24,0.2,echo_ms,48,2.273798
latency,herdr,herdr,idle,2,False,0.24,0.2,echo_ms,49,2.266582
latency,herdr,herdr,idle,2,False,0.24,0.2,echo_ms,50,2.20522
latency,herdr,herdr,idle,2,False,0.24,0.2,echo_ms,51,2.259147
latency,herdr,herdr,idle,2,False,0.24,0.2,echo_ms,52,2.301482
latency,herdr,herdr,idle,2,False,0.24,0.2,echo_ms,53,2.26722
latency,herdr,herdr,idle,2,False,0.24,0.2,echo_ms,54,2.192041
latency,herdr,herdr,idle,2,False,0.24,0.2,echo_ms,55,2.234568
latency,herdr,herdr,idle,2,False,0.24,0.2,echo_ms,56,1.398643
latency,herdr,herdr,idle,2,False,0.24,0.2,echo_ms,57,2.500295
latency,herdr,herdr,idle,2,False,0.24,0.2,echo_ms,58,2.312913
latency,herdr,herdr,idle,2,False,0.24,0.2,echo_ms,59,2.307058
latency,herdr,herdr,idle,2,False,0.24,0.2,echo_ms,60,2.243802
latency,herdr,herdr,idle,2,False,0.24,0.2,echo_ms,61,2.184385
latency,herdr,herdr,idle,2,False,0.24,0.2,echo_ms,62,2.252253
latency,herdr,herdr,idle,2,False,0.24,0.2,echo_ms,63,1.289838
latency,herdr,herdr,idle,2,False,0.24,0.2,echo_ms,64,2.3564
latency,herdr,herdr,idle,2,False,0.24,0.2,echo_ms,65,2.226684
latency,herdr,herdr,idle,2,False,0.24,0.2,echo_ms,66,2.177263
latency,herdr,herdr,idle,2,False,0.24,0.2,echo_ms,67,2.348188
latency,herdr,herdr,idle,2,False,0.24,0.2,echo_ms,68,2.316496
latency,herdr,herdr,idle,2,False,0.24,0.2,echo_ms,69,2.127373
latency,herdr,herdr,idle,2,False,0.24,0.2,echo_ms,70,1.450335
latency,herdr,herdr,idle,2,False,0.24,0.2,echo_ms,71,2.203347
latency,herdr,herdr,idle,2,False,0.24,0.2,echo_ms,72,2.193652
latency,herdr,herdr,idle,2,False,0.24,0.2,echo_ms,73,1.965377
latency,herdr,herdr,idle,2,False,0.24,0.2,echo_ms,74,2.28644
latency,herdr,herdr,idle,2,False,0.24,0.2,echo_ms,75,2.228314
latency,herdr,herdr,idle,2,False,0.24,0.2,echo_ms,76,2.080912
latency,herdr,herdr,idle,2,False,0.24,0.2,echo_ms,77,2.130804
latency,herdr,herdr,idle,2,False,0.24,0.2,echo_ms,78,2.241306
latency,herdr,herdr,idle,2,False,0.24,0.2,echo_ms,79,2.276453
latency,herdr,herdr,idle,2,False,0.24,0.2,echo_ms,80,2.297737
latency,herdr,herdr,idle,2,False,0.24,0.2,echo_ms,81,2.28113
latency,herdr,herdr,idle,2,False,0.24,0.2,echo_ms,82,2.035374
latency,herdr,herdr,idle,2,False,0.24,0.2,echo_ms,83,1.688146
latency,herdr,herdr,idle,2,False,0.24,0.2,echo_ms,84,2.27486
latency,herdr,herdr,idle,2,False,0.24,0.2,echo_ms,85,2.360534
latency,herdr,herdr,idle,2,False,0.24,0.2,echo_ms,86,2.34059
latency,herdr,herdr,idle,2,False,0.24,0.2,echo_ms,87,2.239547
latency,herdr,herdr,idle,2,False,0.24,0.2,echo_ms,88,2.278968
latency,herdr,herdr,idle,2,False,0.24,0.2,echo_ms,89,2.17133
latency,herdr,herdr,idle,2,False,0.24,0.2,echo_ms,90,2.281599
latency,herdr,herdr,idle,2,False,0.24,0.2,echo_ms,91,2.147062
latency,herdr,herdr,idle,2,False,0.24,0.2,echo_ms,92,2.178892
latency,herdr,herdr,idle,2,False,0.24,0.2,echo_ms,93,2.162473
latency,herdr,herdr,idle,2,False,0.24,0.2,echo_ms,94,2.268971
latency,herdr,herdr,idle,2,False,0.24,0.2,echo_ms,95,2.237879
latency,herdr,herdr,idle,2,False,0.24,0.2,echo_ms,96,2.125732
latency,herdr,herdr,idle,2,False,0.24,0.2,echo_ms,97,2.302942
latency,herdr,herdr,idle,2,False,0.24,0.2,echo_ms,98,2.148981
latency,herdr,herdr,idle,2,False,0.24,0.2,echo_ms,99,2.186076
latency,herdr,herdr,idle,2,False,0.24,0.2,timeouts,,0
latency,thurbox,tmux,idle,3,False,0.2,0.17,echo_ms,0,4.786728
latency,thurbox,tmux,idle,3,False,0.2,0.17,echo_ms,1,4.173907
latency,thurbox,tmux,idle,3,False,0.2,0.17,echo_ms,2,4.244325
latency,thurbox,tmux,idle,3,False,0.2,0.17,echo_ms,3,3.211221
latency,thurbox,tmux,idle,3,False,0.2,0.17,echo_ms,4,3.508374
latency,thurbox,tmux,idle,3,False,0.2,0.17,echo_ms,5,4.16489
latency,thurbox,tmux,idle,3,False,0.2,0.17,echo_ms,6,4.749435
latency,thurbox,tmux,idle,3,False,0.2,0.17,echo_ms,7,4.765151
latency,thurbox,tmux,idle,3,False,0.2,0.17,echo_ms,8,3.198453
latency,thurbox,tmux,idle,3,False,0.2,0.17,echo_ms,9,4.775359
latency,thurbox,tmux,idle,3,False,0.2,0.17,echo_ms,10,3.479873
latency,thurbox,tmux,idle,3,False,0.2,0.17,echo_ms,11,4.753428
latency,thurbox,tmux,idle,3,False,0.2,0.17,echo_ms,12,4.786377
latency,thurbox,tmux,idle,3,False,0.2,0.17,echo_ms,13,4.651407
latency,thurbox,tmux,idle,3,False,0.2,0.17,echo_ms,14,3.479254
latency,thurbox,tmux,idle,3,False,0.2,0.17,echo_ms,15,4.7507
latency,thurbox,tmux,idle,3,False,0.2,0.17,echo_ms,16,4.489486
latency,thurbox,tmux,idle,3,False,0.2,0.17,echo_ms,17,3.472854
latency,thurbox,tmux,idle,3,False,0.2,0.17,echo_ms,18,4.775038
latency,thurbox,tmux,idle,3,False,0.2,0.17,echo_ms,19,4.757065
latency,thurbox,tmux,idle,3,False,0.2,0.17,echo_ms,20,3.461539
latency,thurbox,tmux,idle,3,False,0.2,0.17,echo_ms,21,5.990181
latency,thurbox,tmux,idle,3,False,0.2,0.17,echo_ms,22,4.803775
latency,thurbox,tmux,idle,3,False,0.2,0.17,echo_ms,23,3.536187
latency,thurbox,tmux,idle,3,False,0.2,0.17,echo_ms,24,3.474487
latency,thurbox,tmux,idle,3,False,0.2,0.17,echo_ms,25,1.735449
latency,thurbox,tmux,idle,3,False,0.2,0.17,echo_ms,26,3.937848
latency,thurbox,tmux,idle,3,False,0.2,0.17,echo_ms,27,3.404647
latency,thurbox,tmux,idle,3,False,0.2,0.17,echo_ms,28,4.777231
latency,thurbox,tmux,idle,3,False,0.2,0.17,echo_ms,29,4.786074
latency,thurbox,tmux,idle,3,False,0.2,0.17,echo_ms,30,5.64279
latency,thurbox,tmux,idle,3,False,0.2,0.17,echo_ms,31,3.531929
latency,thurbox,tmux,idle,3,False,0.2,0.17,echo_ms,32,3.157894
latency,thurbox,tmux,idle,3,False,0.2,0.17,echo_ms,33,3.539657
latency,thurbox,tmux,idle,3,False,0.2,0.17,echo_ms,34,4.828265
latency,thurbox,tmux,idle,3,False,0.2,0.17,echo_ms,35,4.795214
latency,thurbox,tmux,idle,3,False,0.2,0.17,echo_ms,36,1.887712
latency,thurbox,tmux,idle,3,False,0.2,0.17,echo_ms,37,4.803142
latency,thurbox,tmux,idle,3,False,0.2,0.17,echo_ms,38,3.555049
latency,thurbox,tmux,idle,3,False,0.2,0.17,echo_ms,39,4.182706
latency,thurbox,tmux,idle,3,False,0.2,0.17,echo_ms,40,3.201443
latency,thurbox,tmux,idle,3,False,0.2,0.17,echo_ms,41,4.200922
latency,thurbox,tmux,idle,3,False,0.2,0.17,echo_ms,42,4.788731
latency,thurbox,tmux,idle,3,False,0.2,0.17,echo_ms,43,3.79047
latency,thurbox,tmux,idle,3,False,0.2,0.17,echo_ms,44,3.419691
latency,thurbox,tmux,idle,3,False,0.2,0.17,echo_ms,45,3.590917
latency,thurbox,tmux,idle,3,False,0.2,0.17,echo_ms,46,3.493827
latency,thurbox,tmux,idle,3,False,0.2,0.17,echo_ms,47,4.812055
latency,thurbox,tmux,idle,3,False,0.2,0.17,echo_ms,48,3.599512
latency,thurbox,tmux,idle,3,False,0.2,0.17,echo_ms,49,3.482196
latency,thurbox,tmux,idle,3,False,0.2,0.17,echo_ms,50,4.174554
latency,thurbox,tmux,idle,3,False,0.2,0.17,echo_ms,51,3.188303
latency,thurbox,tmux,idle,3,False,0.2,0.17,echo_ms,52,4.143553
latency,thurbox,tmux,idle,3,False,0.2,0.17,echo_ms,53,4.520078
latency,thurbox,tmux,idle,3,False,0.2,0.17,echo_ms,54,4.789899
latency,thurbox,tmux,idle,3,False,0.2,0.17,echo_ms,55,2.215116
latency,thurbox,tmux,idle,3,False,0.2,0.17,echo_ms,56,4.090249
latency,thurbox,tmux,idle,3,False,0.2,0.17,echo_ms,57,3.535318
latency,thurbox,tmux,idle,3,False,0.2,0.17,echo_ms,58,4.763596
latency,thurbox,tmux,idle,3,False,0.2,0.17,echo_ms,59,4.747498
latency,thurbox,tmux,idle,3,False,0.2,0.17,echo_ms,60,5.084125
latency,thurbox,tmux,idle,3,False,0.2,0.17,echo_ms,61,4.108706
latency,thurbox,tmux,idle,3,False,0.2,0.17,echo_ms,62,3.497217
latency,thurbox,tmux,idle,3,False,0.2,0.17,echo_ms,63,4.108472
latency,thurbox,tmux,idle,3,False,0.2,0.17,echo_ms,64,4.750811
latency,thurbox,tmux,idle,3,False,0.2,0.17,echo_ms,65,1.857102
latency,thurbox,tmux,idle,3,False,0.2,0.17,echo_ms,66,4.716093
latency,thurbox,tmux,idle,3,False,0.2,0.17,echo_ms,67,3.493627
latency,thurbox,tmux,idle,3,False,0.2,0.17,echo_ms,68,4.726523
latency,thurbox,tmux,idle,3,False,0.2,0.17,echo_ms,69,3.349539
latency,thurbox,tmux,idle,3,False,0.2,0.17,echo_ms,70,5.074142
latency,thurbox,tmux,idle,3,False,0.2,0.17,echo_ms,71,4.772712
latency,thurbox,tmux,idle,3,False,0.2,0.17,echo_ms,72,4.105975
latency,thurbox,tmux,idle,3,False,0.2,0.17,echo_ms,73,3.437746
latency,thurbox,tmux,idle,3,False,0.2,0.17,echo_ms,74,5.647716
latency,thurbox,tmux,idle,3,False,0.2,0.17,echo_ms,75,4.088835
latency,thurbox,tmux,idle,3,False,0.2,0.17,echo_ms,76,4.752161
latency,thurbox,tmux,idle,3,False,0.2,0.17,echo_ms,77,3.231595
latency,thurbox,tmux,idle,3,False,0.2,0.17,echo_ms,78,3.141528
latency,thurbox,tmux,idle,3,False,0.2,0.17,echo_ms,79,4.752253
latency,thurbox,tmux,idle,3,False,0.2,0.17,echo_ms,80,3.426418
latency,thurbox,tmux,idle,3,False,0.2,0.17,echo_ms,81,4.114406
latency,thurbox,tmux,idle,3,False,0.2,0.17,echo_ms,82,4.737419
latency,thurbox,tmux,idle,3,False,0.2,0.17,echo_ms,83,2.289054
latency,thurbox,tmux,idle,3,False,0.2,0.17,echo_ms,84,1.810245
latency,thurbox,tmux,idle,3,False,0.2,0.17,echo_ms,85,1.248892
latency,thurbox,tmux,idle,3,False,0.2,0.17,echo_ms,86,5.021901
latency,thurbox,tmux,idle,3,False,0.2,0.17,echo_ms,87,4.099352
latency,thurbox,tmux,idle,3,False,0.2,0.17,echo_ms,88,3.554411
latency,thurbox,tmux,idle,3,False,0.2,0.17,echo_ms,89,3.05511
latency,thurbox,tmux,idle,3,False,0.2,0.17,echo_ms,90,4.718895
latency,thurbox,tmux,idle,3,False,0.2,0.17,echo_ms,91,4.733505
latency,thurbox,tmux,idle,3,False,0.2,0.17,echo_ms,92,4.14925
latency,thurbox,tmux,idle,3,False,0.2,0.17,echo_ms,93,5.101626
latency,thurbox,tmux,idle,3,False,0.2,0.17,echo_ms,94,3.494383
latency,thurbox,tmux,idle,3,False,0.2,0.17,echo_ms,95,3.364463
latency,thurbox,tmux,idle,3,False,0.2,0.17,echo_ms,96,4.503364
latency,thurbox,tmux,idle,3,False,0.2,0.17,echo_ms,97,4.716148
latency,thurbox,tmux,idle,3,False,0.2,0.17,echo_ms,98,3.552082
latency,thurbox,tmux,idle,3,False,0.2,0.17,echo_ms,99,3.398853
latency,thurbox,tmux,idle,3,False,0.2,0.17,timeouts,,0
latency,tmux,tmux,idle,3,False,0.17,0.14,echo_ms,0,0.408091
latency,tmux,tmux,idle,3,False,0.17,0.14,echo_ms,1,0.756897
latency,tmux,tmux,idle,3,False,0.17,0.14,echo_ms,2,1.061859
latency,tmux,tmux,idle,3,False,0.17,0.14,echo_ms,3,1.048087
latency,tmux,tmux,idle,3,False,0.17,0.14,echo_ms,4,1.025905
latency,tmux,tmux,idle,3,False,0.17,0.14,echo_ms,5,1.039566
latency,tmux,tmux,idle,3,False,0.17,0.14,echo_ms,6,1.044658
latency,tmux,tmux,idle,3,False,0.17,0.14,echo_ms,7,1.031769
latency,tmux,tmux,idle,3,False,0.17,0.14,echo_ms,8,1.089681
latency,tmux,tmux,idle,3,False,0.17,0.14,echo_ms,9,1.059796
latency,tmux,tmux,idle,3,False,0.17,0.14,echo_ms,10,1.072353
latency,tmux,tmux,idle,3,False,0.17,0.14,echo_ms,11,1.065647
latency,tmux,tmux,idle,3,False,0.17,0.14,echo_ms,12,1.034962
latency,tmux,tmux,idle,3,False,0.17,0.14,echo_ms,13,1.055527
latency,tmux,tmux,idle,3,False,0.17,0.14,echo_ms,14,1.043323
latency,tmux,tmux,idle,3,False,0.17,0.14,echo_ms,15,1.05524
latency,tmux,tmux,idle,3,False,0.17,0.14,echo_ms,16,1.053918
latency,tmux,tmux,idle,3,False,0.17,0.14,echo_ms,17,0.832589
latency,tmux,tmux,idle,3,False,0.17,0.14,echo_ms,18,1.014176
latency,tmux,tmux,idle,3,False,0.17,0.14,echo_ms,19,1.037831
latency,tmux,tmux,idle,3,False,0.17,0.14,echo_ms,20,0.961525
latency,tmux,tmux,idle,3,False,0.17,0.14,echo_ms,21,1.057089
latency,tmux,tmux,idle,3,False,0.17,0.14,echo_ms,22,0.720102
latency,tmux,tmux,idle,3,False,0.17,0.14,echo_ms,23,1.040021
latency,tmux,tmux,idle,3,False,0.17,0.14,echo_ms,24,1.055038
latency,tmux,tmux,idle,3,False,0.17,0.14,echo_ms,25,1.006534
latency,tmux,tmux,idle,3,False,0.17,0.14,echo_ms,26,1.026862
latency,tmux,tmux,idle,3,False,0.17,0.14,echo_ms,27,1.043453
latency,tmux,tmux,idle,3,False,0.17,0.14,echo_ms,28,1.0716
latency,tmux,tmux,idle,3,False,0.17,0.14,echo_ms,29,1.074755
latency,tmux,tmux,idle,3,False,0.17,0.14,echo_ms,30,1.042573
latency,tmux,tmux,idle,3,False,0.17,0.14,echo_ms,31,1.025678
latency,tmux,tmux,idle,3,False,0.17,0.14,echo_ms,32,1.056347
latency,tmux,tmux,idle,3,False,0.17,0.14,echo_ms,33,1.03807
latency,tmux,tmux,idle,3,False,0.17,0.14,echo_ms,34,1.083612
latency,tmux,tmux,idle,3,False,0.17,0.14,echo_ms,35,1.0736
latency,tmux,tmux,idle,3,False,0.17,0.14,echo_ms,36,1.057281
latency,tmux,tmux,idle,3,False,0.17,0.14,echo_ms,37,1.02477
latency,tmux,tmux,idle,3,False,0.17,0.14,echo_ms,38,1.100072
latency,tmux,tmux,idle,3,False,0.17,0.14,echo_ms,39,1.01613
latency,tmux,tmux,idle,3,False,0.17,0.14,echo_ms,40,1.036894
latency,tmux,tmux,idle,3,False,0.17,0.14,echo_ms,41,1.059908
latency,tmux,tmux,idle,3,False,0.17,0.14,echo_ms,42,1.054791
latency,tmux,tmux,idle,3,False,0.17,0.14,echo_ms,43,1.040101
latency,tmux,tmux,idle,3,False,0.17,0.14,echo_ms,44,1.039874
latency,tmux,tmux,idle,3,False,0.17,0.14,echo_ms,45,1.05105
latency,tmux,tmux,idle,3,False,0.17,0.14,echo_ms,46,1.008468
latency,tmux,tmux,idle,3,False,0.17,0.14,echo_ms,47,0.894729
latency,tmux,tmux,idle,3,False,0.17,0.14,echo_ms,48,1.048099
latency,tmux,tmux,idle,3,False,0.17,0.14,echo_ms,49,0.977919
latency,tmux,tmux,idle,3,False,0.17,0.14,echo_ms,50,1.077265
latency,tmux,tmux,idle,3,False,0.17,0.14,echo_ms,51,1.008157
latency,tmux,tmux,idle,3,False,0.17,0.14,echo_ms,52,1.000057
latency,tmux,tmux,idle,3,False,0.17,0.14,echo_ms,53,1.036677
latency,tmux,tmux,idle,3,False,0.17,0.14,echo_ms,54,1.052488
latency,tmux,tmux,idle,3,False,0.17,0.14,echo_ms,55,1.041894
latency,tmux,tmux,idle,3,False,0.17,0.14,echo_ms,56,1.062145
latency,tmux,tmux,idle,3,False,0.17,0.14,echo_ms,57,1.062845
latency,tmux,tmux,idle,3,False,0.17,0.14,echo_ms,58,1.044049
latency,tmux,tmux,idle,3,False,0.17,0.14,echo_ms,59,0.993997
latency,tmux,tmux,idle,3,False,0.17,0.14,echo_ms,60,1.00299
latency,tmux,tmux,idle,3,False,0.17,0.14,echo_ms,61,1.07526
latency,tmux,tmux,idle,3,False,0.17,0.14,echo_ms,62,1.063725
latency,tmux,tmux,idle,3,False,0.17,0.14,echo_ms,63,1.055294
latency,tmux,tmux,idle,3,False,0.17,0.14,echo_ms,64,1.034373
latency,tmux,tmux,idle,3,False,0.17,0.14,echo_ms,65,1.065492
latency,tmux,tmux,idle,3,False,0.17,0.14,echo_ms,66,1.038384
latency,tmux,tmux,idle,3,False,0.17,0.14,echo_ms,67,0.982611
latency,tmux,tmux,idle,3,False,0.17,0.14,echo_ms,68,1.055086
latency,tmux,tmux,idle,3,False,0.17,0.14,echo_ms,69,0.974152
latency,tmux,tmux,idle,3,False,0.17,0.14,echo_ms,70,0.975078
latency,tmux,tmux,idle,3,False,0.17,0.14,echo_ms,71,1.061988
latency,tmux,tmux,idle,3,False,0.17,0.14,echo_ms,72,1.059221
latency,tmux,tmux,idle,3,False,0.17,0.14,echo_ms,73,1.004509
latency,tmux,tmux,idle,3,False,0.17,0.14,echo_ms,74,1.002945
latency,tmux,tmux,idle,3,False,0.17,0.14,echo_ms,75,1.056235
latency,tmux,tmux,idle,3,False,0.17,0.14,echo_ms,76,1.056707
latency,tmux,tmux,idle,3,False,0.17,0.14,echo_ms,77,1.060498
latency,tmux,tmux,idle,3,False,0.17,0.14,echo_ms,78,1.063127
latency,tmux,tmux,idle,3,False,0.17,0.14,echo_ms,79,0.961502
latency,tmux,tmux,idle,3,False,0.17,0.14,echo_ms,80,1.06102
latency,tmux,tmux,idle,3,False,0.17,0.14,echo_ms,81,1.042652
latency,tmux,tmux,idle,3,False,0.17,0.14,echo_ms,82,1.048927
latency,tmux,tmux,idle,3,False,0.17,0.14,echo_ms,83,1.04354
latency,tmux,tmux,idle,3,False,0.17,0.14,echo_ms,84,1.041425
latency,tmux,tmux,idle,3,False,0.17,0.14,echo_ms,85,1.056701
latency,tmux,tmux,idle,3,False,0.17,0.14,echo_ms,86,1.046032
latency,tmux,tmux,idle,3,False,0.17,0.14,echo_ms,87,1.048841
latency,tmux,tmux,idle,3,False,0.17,0.14,echo_ms,88,1.101727
latency,tmux,tmux,idle,3,False,0.17,0.14,echo_ms,89,1.034559
latency,tmux,tmux,idle,3,False,0.17,0.14,echo_ms,90,1.092352
latency,tmux,tmux,idle,3,False,0.17,0.14,echo_ms,91,1.08085
latency,tmux,tmux,idle,3,False,0.17,0.14,echo_ms,92,1.06404
latency,tmux,tmux,idle,3,False,0.17,0.14,echo_ms,93,1.070572
latency,tmux,tmux,idle,3,False,0.17,0.14,echo_ms,94,1.103482
latency,tmux,tmux,idle,3,False,0.17,0.14,echo_ms,95,1.102924
latency,tmux,tmux,idle,3,False,0.17,0.14,echo_ms,96,1.038478
latency,tmux,tmux,idle,3,False,0.17,0.14,echo_ms,97,1.05909
latency,tmux,tmux,idle,3,False,0.17,0.14,echo_ms,98,1.005099
latency,tmux,tmux,idle,3,False,0.17,0.14,echo_ms,99,1.050496
latency,tmux,tmux,idle,3,False,0.17,0.14,timeouts,,0
latency,herdr,herdr,idle,3,False,0.14,0.12,echo_ms,0,2.098194
latency,herdr,herdr,idle,3,False,0.14,0.12,echo_ms,1,2.275172
latency,herdr,herdr,idle,3,False,0.14,0.12,echo_ms,2,1.755398
latency,herdr,herdr,idle,3,False,0.14,0.12,echo_ms,3,2.121986
latency,herdr,herdr,idle,3,False,0.14,0.12,echo_ms,4,2.244986
latency,herdr,herdr,idle,3,False,0.14,0.12,echo_ms,5,2.323432
latency,herdr,herdr,idle,3,False,0.14,0.12,echo_ms,6,2.200139
latency,herdr,herdr,idle,3,False,0.14,0.12,echo_ms,7,2.263642
latency,herdr,herdr,idle,3,False,0.14,0.12,echo_ms,8,2.286324
latency,herdr,herdr,idle,3,False,0.14,0.12,echo_ms,9,3.509594
latency,herdr,herdr,idle,3,False,0.14,0.12,echo_ms,10,2.151205
latency,herdr,herdr,idle,3,False,0.14,0.12,echo_ms,11,2.275308
latency,herdr,herdr,idle,3,False,0.14,0.12,echo_ms,12,2.232447
latency,herdr,herdr,idle,3,False,0.14,0.12,echo_ms,13,2.267388
latency,herdr,herdr,idle,3,False,0.14,0.12,echo_ms,14,2.166586
latency,herdr,herdr,idle,3,False,0.14,0.12,echo_ms,15,2.232714
latency,herdr,herdr,idle,3,False,0.14,0.12,echo_ms,16,2.179661
latency,herdr,herdr,idle,3,False,0.14,0.12,echo_ms,17,2.178635
latency,herdr,herdr,idle,3,False,0.14,0.12,echo_ms,18,2.178007
latency,herdr,herdr,idle,3,False,0.14,0.12,echo_ms,19,2.104157
latency,herdr,herdr,idle,3,False,0.14,0.12,echo_ms,20,2.281229
latency,herdr,herdr,idle,3,False,0.14,0.12,echo_ms,21,2.145645
latency,herdr,herdr,idle,3,False,0.14,0.12,echo_ms,22,2.103236
latency,herdr,herdr,idle,3,False,0.14,0.12,echo_ms,23,2.080488
latency,herdr,herdr,idle,3,False,0.14,0.12,echo_ms,24,2.151182
latency,herdr,herdr,idle,3,False,0.14,0.12,echo_ms,25,2.289433
latency,herdr,herdr,idle,3,False,0.14,0.12,echo_ms,26,2.322762
latency,herdr,herdr,idle,3,False,0.14,0.12,echo_ms,27,2.215821
latency,herdr,herdr,idle,3,False,0.14,0.12,echo_ms,28,2.309141
latency,herdr,herdr,idle,3,False,0.14,0.12,echo_ms,29,2.102744
latency,herdr,herdr,idle,3,False,0.14,0.12,echo_ms,30,2.353927
latency,herdr,herdr,idle,3,False,0.14,0.12,echo_ms,31,2.330813
latency,herdr,herdr,idle,3,False,0.14,0.12,echo_ms,32,2.205086
latency,herdr,herdr,idle,3,False,0.14,0.12,echo_ms,33,2.112581
latency,herdr,herdr,idle,3,False,0.14,0.12,echo_ms,34,1.619622
latency,herdr,herdr,idle,3,False,0.14,0.12,echo_ms,35,2.338727
latency,herdr,herdr,idle,3,False,0.14,0.12,echo_ms,36,2.17921
latency,herdr,herdr,idle,3,False,0.14,0.12,echo_ms,37,2.212863
latency,herdr,herdr,idle,3,False,0.14,0.12,echo_ms,38,2.323758
latency,herdr,herdr,idle,3,False,0.14,0.12,echo_ms,39,2.184892
latency,herdr,herdr,idle,3,False,0.14,0.12,echo_ms,40,2.183769
latency,herdr,herdr,idle,3,False,0.14,0.12,echo_ms,41,2.132734
latency,herdr,herdr,idle,3,False,0.14,0.12,echo_ms,42,2.207769
latency,herdr,herdr,idle,3,False,0.14,0.12,echo_ms,43,2.336276
latency,herdr,herdr,idle,3,False,0.14,0.12,echo_ms,44,2.317732
latency,herdr,herdr,idle,3,False,0.14,0.12,echo_ms,45,2.312499
latency,herdr,herdr,idle,3,False,0.14,0.12,echo_ms,46,2.027003
latency,herdr,herdr,idle,3,False,0.14,0.12,echo_ms,47,2.092732
latency,herdr,herdr,idle,3,False,0.14,0.12,echo_ms,48,2.29184
latency,herdr,herdr,idle,3,False,0.14,0.12,echo_ms,49,2.135578
latency,herdr,herdr,idle,3,False,0.14,0.12,echo_ms,50,2.304041
latency,herdr,herdr,idle,3,False,0.14,0.12,echo_ms,51,2.226468
latency,herdr,herdr,idle,3,False,0.14,0.12,echo_ms,52,2.167368
latency,herdr,herdr,idle,3,False,0.14,0.12,echo_ms,53,2.293539
latency,herdr,herdr,idle,3,False,0.14,0.12,echo_ms,54,2.273084
latency,herdr,herdr,idle,3,False,0.14,0.12,echo_ms,55,2.270718
latency,herdr,herdr,idle,3,False,0.14,0.12,echo_ms,56,2.303865
latency,herdr,herdr,idle,3,False,0.14,0.12,echo_ms,57,2.13747
latency,herdr,herdr,idle,3,False,0.14,0.12,echo_ms,58,2.219208
latency,herdr,herdr,idle,3,False,0.14,0.12,echo_ms,59,2.290992
latency,herdr,herdr,idle,3,False,0.14,0.12,echo_ms,60,2.214808
latency,herdr,herdr,idle,3,False,0.14,0.12,echo_ms,61,2.216859
latency,herdr,herdr,idle,3,False,0.14,0.12,echo_ms,62,2.279252
latency,herdr,herdr,idle,3,False,0.14,0.12,echo_ms,63,2.334851
latency,herdr,herdr,idle,3,False,0.14,0.12,echo_ms,64,2.283512
latency,herdr,herdr,idle,3,False,0.14,0.12,echo_ms,65,2.159479
latency,herdr,herdr,idle,3,False,0.14,0.12,echo_ms,66,2.353609
latency,herdr,herdr,idle,3,False,0.14,0.12,echo_ms,67,2.161209
latency,herdr,herdr,idle,3,False,0.14,0.12,echo_ms,68,2.301748
latency,herdr,herdr,idle,3,False,0.14,0.12,echo_ms,69,2.089463
latency,herdr,herdr,idle,3,False,0.14,0.12,echo_ms,70,2.404652
latency,herdr,herdr,idle,3,False,0.14,0.12,echo_ms,71,2.135823
latency,herdr,herdr,idle,3,False,0.14,0.12,echo_ms,72,2.083085
latency,herdr,herdr,idle,3,False,0.14,0.12,echo_ms,73,2.239738
latency,herdr,herdr,idle,3,False,0.14,0.12,echo_ms,74,2.155134
latency,herdr,herdr,idle,3,False,0.14,0.12,echo_ms,75,2.164056
latency,herdr,herdr,idle,3,False,0.14,0.12,echo_ms,76,2.267004
latency,herdr,herdr,idle,3,False,0.14,0.12,echo_ms,77,2.20907
latency,herdr,herdr,idle,3,False,0.14,0.12,echo_ms,78,2.05731
latency,herdr,herdr,idle,3,False,0.14,0.12,echo_ms,79,2.164244
latency,herdr,herdr,idle,3,False,0.14,0.12,echo_ms,80,2.280896
latency,herdr,herdr,idle,3,False,0.14,0.12,echo_ms,81,2.24553
latency,herdr,herdr,idle,3,False,0.14,0.12,echo_ms,82,2.192679
latency,herdr,herdr,idle,3,False,0.14,0.12,echo_ms,83,2.15897
latency,herdr,herdr,idle,3,False,0.14,0.12,echo_ms,84,2.127206
latency,herdr,herdr,idle,3,False,0.14,0.12,echo_ms,85,2.324951
latency,herdr,herdr,idle,3,False,0.14,0.12,echo_ms,86,2.134108
latency,herdr,herdr,idle,3,False,0.14,0.12,echo_ms,87,2.253554
latency,herdr,herdr,idle,3,False,0.14,0.12,echo_ms,88,2.244536
latency,herdr,herdr,idle,3,False,0.14,0.12,echo_ms,89,2.080619
latency,herdr,herdr,idle,3,False,0.14,0.12,echo_ms,90,2.21415
latency,herdr,herdr,idle,3,False,0.14,0.12,echo_ms,91,2.274139
latency,herdr,herdr,idle,3,False,0.14,0.12,echo_ms,92,2.257099
latency,herdr,herdr,idle,3,False,0.14,0.12,echo_ms,93,2.271396
latency,herdr,herdr,idle,3,False,0.14,0.12,echo_ms,94,2.279381
latency,herdr,herdr,idle,3,False,0.14,0.12,echo_ms,95,2.29126
latency,herdr,herdr,idle,3,False,0.14,0.12,echo_ms,96,2.076435
latency,herdr,herdr,idle,3,False,0.14,0.12,echo_ms,97,2.189116
latency,herdr,herdr,idle,3,False,0.14,0.12,echo_ms,98,1.808269
latency,herdr,herdr,idle,3,False,0.14,0.12,echo_ms,99,2.047994
latency,herdr,herdr,idle,3,False,0.14,0.12,timeouts,,0
latency,rmux,rmux,idle,3,False,0.12,0.1,echo_ms,0,1.283394
latency,rmux,rmux,idle,3,False,0.12,0.1,echo_ms,1,1.332864
latency,rmux,rmux,idle,3,False,0.12,0.1,echo_ms,2,1.191527
latency,rmux,rmux,idle,3,False,0.12,0.1,echo_ms,3,1.368496
latency,rmux,rmux,idle,3,False,0.12,0.1,echo_ms,4,1.231243
latency,rmux,rmux,idle,3,False,0.12,0.1,echo_ms,5,1.395407
latency,rmux,rmux,idle,3,False,0.12,0.1,echo_ms,6,1.239125
latency,rmux,rmux,idle,3,False,0.12,0.1,echo_ms,7,1.295379
latency,rmux,rmux,idle,3,False,0.12,0.1,echo_ms,8,1.263134
latency,rmux,rmux,idle,3,False,0.12,0.1,echo_ms,9,1.130759
latency,rmux,rmux,idle,3,False,0.12,0.1,echo_ms,10,1.314536
latency,rmux,rmux,idle,3,False,0.12,0.1,echo_ms,11,1.328881
latency,rmux,rmux,idle,3,False,0.12,0.1,echo_ms,12,1.240514
latency,rmux,rmux,idle,3,False,0.12,0.1,echo_ms,13,1.406992
latency,rmux,rmux,idle,3,False,0.12,0.1,echo_ms,14,1.312886
latency,rmux,rmux,idle,3,False,0.12,0.1,echo_ms,15,1.353622
latency,rmux,rmux,idle,3,False,0.12,0.1,echo_ms,16,1.258916
latency,rmux,rmux,idle,3,False,0.12,0.1,echo_ms,17,1.296264
latency,rmux,rmux,idle,3,False,0.12,0.1,echo_ms,18,1.229217
latency,rmux,rmux,idle,3,False,0.12,0.1,echo_ms,19,1.242975
latency,rmux,rmux,idle,3,False,0.12,0.1,echo_ms,20,1.242045
latency,rmux,rmux,idle,3,False,0.12,0.1,echo_ms,21,1.280451
latency,rmux,rmux,idle,3,False,0.12,0.1,echo_ms,22,1.209517
latency,rmux,rmux,idle,3,False,0.12,0.1,echo_ms,23,1.336529
latency,rmux,rmux,idle,3,False,0.12,0.1,echo_ms,24,1.344332
latency,rmux,rmux,idle,3,False,0.12,0.1,echo_ms,25,1.295769
latency,rmux,rmux,idle,3,False,0.12,0.1,echo_ms,26,1.313213
latency,rmux,rmux,idle,3,False,0.12,0.1,echo_ms,27,1.333428
latency,rmux,rmux,idle,3,False,0.12,0.1,echo_ms,28,1.307101
latency,rmux,rmux,idle,3,False,0.12,0.1,echo_ms,29,1.252372
latency,rmux,rmux,idle,3,False,0.12,0.1,echo_ms,30,1.223443
latency,rmux,rmux,idle,3,False,0.12,0.1,echo_ms,31,1.16849
latency,rmux,rmux,idle,3,False,0.12,0.1,echo_ms,32,1.297802
latency,rmux,rmux,idle,3,False,0.12,0.1,echo_ms,33,1.180195
latency,rmux,rmux,idle,3,False,0.12,0.1,echo_ms,34,1.294615
latency,rmux,rmux,idle,3,False,0.12,0.1,echo_ms,35,1.247239
latency,rmux,rmux,idle,3,False,0.12,0.1,echo_ms,36,1.331144
latency,rmux,rmux,idle,3,False,0.12,0.1,echo_ms,37,1.400193
latency,rmux,rmux,idle,3,False,0.12,0.1,echo_ms,38,1.292849
latency,rmux,rmux,idle,3,False,0.12,0.1,echo_ms,39,1.231953
latency,rmux,rmux,idle,3,False,0.12,0.1,echo_ms,40,1.301335
latency,rmux,rmux,idle,3,False,0.12,0.1,echo_ms,41,1.262768
latency,rmux,rmux,idle,3,False,0.12,0.1,echo_ms,42,1.295786
latency,rmux,rmux,idle,3,False,0.12,0.1,echo_ms,43,1.33435
latency,rmux,rmux,idle,3,False,0.12,0.1,echo_ms,44,1.331612
latency,rmux,rmux,idle,3,False,0.12,0.1,echo_ms,45,1.289664
latency,rmux,rmux,idle,3,False,0.12,0.1,echo_ms,46,1.321379
latency,rmux,rmux,idle,3,False,0.12,0.1,echo_ms,47,1.303617
latency,rmux,rmux,idle,3,False,0.12,0.1,echo_ms,48,1.33182
latency,rmux,rmux,idle,3,False,0.12,0.1,echo_ms,49,1.335392
latency,rmux,rmux,idle,3,False,0.12,0.1,echo_ms,50,1.314372
latency,rmux,rmux,idle,3,False,0.12,0.1,echo_ms,51,1.214964
latency,rmux,rmux,idle,3,False,0.12,0.1,echo_ms,52,1.388994
latency,rmux,rmux,idle,3,False,0.12,0.1,echo_ms,53,1.275883
latency,rmux,rmux,idle,3,False,0.12,0.1,echo_ms,54,1.303231
latency,rmux,rmux,idle,3,False,0.12,0.1,echo_ms,55,1.251111
latency,rmux,rmux,idle,3,False,0.12,0.1,echo_ms,56,1.15887
latency,rmux,rmux,idle,3,False,0.12,0.1,echo_ms,57,1.320105
latency,rmux,rmux,idle,3,False,0.12,0.1,echo_ms,58,1.327673
latency,rmux,rmux,idle,3,False,0.12,0.1,echo_ms,59,1.216837
latency,rmux,rmux,idle,3,False,0.12,0.1,echo_ms,60,1.290718
latency,rmux,rmux,idle,3,False,0.12,0.1,echo_ms,61,1.221089
latency,rmux,rmux,idle,3,False,0.12,0.1,echo_ms,62,1.275017
latency,rmux,rmux,idle,3,False,0.12,0.1,echo_ms,63,1.349447
latency,rmux,rmux,idle,3,False,0.12,0.1,echo_ms,64,1.255979
latency,rmux,rmux,idle,3,False,0.12,0.1,echo_ms,65,1.394295
latency,rmux,rmux,idle,3,False,0.12,0.1,echo_ms,66,1.348322
latency,rmux,rmux,idle,3,False,0.12,0.1,echo_ms,67,1.132528
latency,rmux,rmux,idle,3,False,0.12,0.1,echo_ms,68,1.343086
latency,rmux,rmux,idle,3,False,0.12,0.1,echo_ms,69,1.312854
latency,rmux,rmux,idle,3,False,0.12,0.1,echo_ms,70,1.299931
latency,rmux,rmux,idle,3,False,0.12,0.1,echo_ms,71,1.210238
latency,rmux,rmux,idle,3,False,0.12,0.1,echo_ms,72,1.240701
latency,rmux,rmux,idle,3,False,0.12,0.1,echo_ms,73,1.211949
latency,rmux,rmux,idle,3,False,0.12,0.1,echo_ms,74,1.211684
latency,rmux,rmux,idle,3,False,0.12,0.1,echo_ms,75,1.295516
latency,rmux,rmux,idle,3,False,0.12,0.1,echo_ms,76,1.344516
latency,rmux,rmux,idle,3,False,0.12,0.1,echo_ms,77,1.297307
latency,rmux,rmux,idle,3,False,0.12,0.1,echo_ms,78,1.306365
latency,rmux,rmux,idle,3,False,0.12,0.1,echo_ms,79,1.153872
latency,rmux,rmux,idle,3,False,0.12,0.1,echo_ms,80,1.359606
latency,rmux,rmux,idle,3,False,0.12,0.1,echo_ms,81,1.321881
latency,rmux,rmux,idle,3,False,0.12,0.1,echo_ms,82,1.323116
latency,rmux,rmux,idle,3,False,0.12,0.1,echo_ms,83,1.259562
latency,rmux,rmux,idle,3,False,0.12,0.1,echo_ms,84,1.308606
latency,rmux,rmux,idle,3,False,0.12,0.1,echo_ms,85,1.220347
latency,rmux,rmux,idle,3,False,0.12,0.1,echo_ms,86,1.302873
latency,rmux,rmux,idle,3,False,0.12,0.1,echo_ms,87,1.301032
latency,rmux,rmux,idle,3,False,0.12,0.1,echo_ms,88,1.392916
latency,rmux,rmux,idle,3,False,0.12,0.1,echo_ms,89,1.140359
latency,rmux,rmux,idle,3,False,0.12,0.1,echo_ms,90,1.346021
latency,rmux,rmux,idle,3,False,0.12,0.1,echo_ms,91,1.337169
latency,rmux,rmux,idle,3,False,0.12,0.1,echo_ms,92,1.347452
latency,rmux,rmux,idle,3,False,0.12,0.1,echo_ms,93,1.290402
latency,rmux,rmux,idle,3,False,0.12,0.1,echo_ms,94,1.219666
latency,rmux,rmux,idle,3,False,0.12,0.1,echo_ms,95,1.363454
latency,rmux,rmux,idle,3,False,0.12,0.1,echo_ms,96,1.200315
latency,rmux,rmux,idle,3,False,0.12,0.1,echo_ms,97,1.326407
latency,rmux,rmux,idle,3,False,0.12,0.1,echo_ms,98,1.299697
latency,rmux,rmux,idle,3,False,0.12,0.1,echo_ms,99,1.318163
latency,rmux,rmux,idle,3,False,0.12,0.1,timeouts,,0
latency,tmux,tmux,idle,4,False,0.1,0.09,echo_ms,0,1.022403
latency,tmux,tmux,idle,4,False,0.1,0.09,echo_ms,1,1.031708
latency,tmux,tmux,idle,4,False,0.1,0.09,echo_ms,2,1.051929
latency,tmux,tmux,idle,4,False,0.1,0.09,echo_ms,3,1.036062
latency,tmux,tmux,idle,4,False,0.1,0.09,echo_ms,4,1.03481
latency,tmux,tmux,idle,4,False,0.1,0.09,echo_ms,5,1.044942
latency,tmux,tmux,idle,4,False,0.1,0.09,echo_ms,6,1.052398
latency,tmux,tmux,idle,4,False,0.1,0.09,echo_ms,7,1.082886
latency,tmux,tmux,idle,4,False,0.1,0.09,echo_ms,8,1.03625
latency,tmux,tmux,idle,4,False,0.1,0.09,echo_ms,9,0.986372
latency,tmux,tmux,idle,4,False,0.1,0.09,echo_ms,10,1.006217
latency,tmux,tmux,idle,4,False,0.1,0.09,echo_ms,11,0.837284
latency,tmux,tmux,idle,4,False,0.1,0.09,echo_ms,12,1.029787
latency,tmux,tmux,idle,4,False,0.1,0.09,echo_ms,13,1.058523
latency,tmux,tmux,idle,4,False,0.1,0.09,echo_ms,14,0.97585
latency,tmux,tmux,idle,4,False,0.1,0.09,echo_ms,15,0.931893
latency,tmux,tmux,idle,4,False,0.1,0.09,echo_ms,16,0.996176
latency,tmux,tmux,idle,4,False,0.1,0.09,echo_ms,17,1.067558
latency,tmux,tmux,idle,4,False,0.1,0.09,echo_ms,18,1.105758
latency,tmux,tmux,idle,4,False,0.1,0.09,echo_ms,19,1.064263
latency,tmux,tmux,idle,4,False,0.1,0.09,echo_ms,20,1.068831
latency,tmux,tmux,idle,4,False,0.1,0.09,echo_ms,21,1.080764
latency,tmux,tmux,idle,4,False,0.1,0.09,echo_ms,22,1.102521
latency,tmux,tmux,idle,4,False,0.1,0.09,echo_ms,23,1.034765
latency,tmux,tmux,idle,4,False,0.1,0.09,echo_ms,24,1.043581
latency,tmux,tmux,idle,4,False,0.1,0.09,echo_ms,25,1.068937
latency,tmux,tmux,idle,4,False,0.1,0.09,echo_ms,26,1.038742
latency,tmux,tmux,idle,4,False,0.1,0.09,echo_ms,27,1.035238
latency,tmux,tmux,idle,4,False,0.1,0.09,echo_ms,28,1.076285
latency,tmux,tmux,idle,4,False,0.1,0.09,echo_ms,29,0.926808
latency,tmux,tmux,idle,4,False,0.1,0.09,echo_ms,30,1.098799
latency,tmux,tmux,idle,4,False,0.1,0.09,echo_ms,31,1.103758
latency,tmux,tmux,idle,4,False,0.1,0.09,echo_ms,32,0.82445
latency,tmux,tmux,idle,4,False,0.1,0.09,echo_ms,33,1.010048
latency,tmux,tmux,idle,4,False,0.1,0.09,echo_ms,34,0.977741
latency,tmux,tmux,idle,4,False,0.1,0.09,echo_ms,35,1.004322
latency,tmux,tmux,idle,4,False,0.1,0.09,echo_ms,36,0.866639
latency,tmux,tmux,idle,4,False,0.1,0.09,echo_ms,37,0.836746
latency,tmux,tmux,idle,4,False,0.1,0.09,echo_ms,38,1.105278
latency,tmux,tmux,idle,4,False,0.1,0.09,echo_ms,39,1.034184
latency,tmux,tmux,idle,4,False,0.1,0.09,echo_ms,40,1.017223
latency,tmux,tmux,idle,4,False,0.1,0.09,echo_ms,41,1.103631
latency,tmux,tmux,idle,4,False,0.1,0.09,echo_ms,42,0.961743
latency,tmux,tmux,idle,4,False,0.1,0.09,echo_ms,43,1.076668
latency,tmux,tmux,idle,4,False,0.1,0.09,echo_ms,44,1.050246
latency,tmux,tmux,idle,4,False,0.1,0.09,echo_ms,45,1.039356
latency,tmux,tmux,idle,4,False,0.1,0.09,echo_ms,46,0.856895
latency,tmux,tmux,idle,4,False,0.1,0.09,echo_ms,47,1.061772
latency,tmux,tmux,idle,4,False,0.1,0.09,echo_ms,48,1.015123
latency,tmux,tmux,idle,4,False,0.1,0.09,echo_ms,49,1.079424
latency,tmux,tmux,idle,4,False,0.1,0.09,echo_ms,50,1.10746
latency,tmux,tmux,idle,4,False,0.1,0.09,echo_ms,51,1.046209
latency,tmux,tmux,idle,4,False,0.1,0.09,echo_ms,52,1.017821
latency,tmux,tmux,idle,4,False,0.1,0.09,echo_ms,53,1.049218
latency,tmux,tmux,idle,4,False,0.1,0.09,echo_ms,54,1.071455
latency,tmux,tmux,idle,4,False,0.1,0.09,echo_ms,55,1.083304
latency,tmux,tmux,idle,4,False,0.1,0.09,echo_ms,56,1.068971
latency,tmux,tmux,idle,4,False,0.1,0.09,echo_ms,57,1.052586
latency,tmux,tmux,idle,4,False,0.1,0.09,echo_ms,58,1.03541
latency,tmux,tmux,idle,4,False,0.1,0.09,echo_ms,59,1.10424
latency,tmux,tmux,idle,4,False,0.1,0.09,echo_ms,60,1.041057
latency,tmux,tmux,idle,4,False,0.1,0.09,echo_ms,61,1.071046
latency,tmux,tmux,idle,4,False,0.1,0.09,echo_ms,62,1.042902
latency,tmux,tmux,idle,4,False,0.1,0.09,echo_ms,63,1.044927
latency,tmux,tmux,idle,4,False,0.1,0.09,echo_ms,64,1.051498
latency,tmux,tmux,idle,4,False,0.1,0.09,echo_ms,65,1.056099
latency,tmux,tmux,idle,4,False,0.1,0.09,echo_ms,66,1.039015
latency,tmux,tmux,idle,4,False,0.1,0.09,echo_ms,67,1.051136
latency,tmux,tmux,idle,4,False,0.1,0.09,echo_ms,68,1.037975
latency,tmux,tmux,idle,4,False,0.1,0.09,echo_ms,69,1.076103
latency,tmux,tmux,idle,4,False,0.1,0.09,echo_ms,70,1.049933
latency,tmux,tmux,idle,4,False,0.1,0.09,echo_ms,71,1.041607
latency,tmux,tmux,idle,4,False,0.1,0.09,echo_ms,72,1.061158
latency,tmux,tmux,idle,4,False,0.1,0.09,echo_ms,73,1.053431
latency,tmux,tmux,idle,4,False,0.1,0.09,echo_ms,74,1.037337
latency,tmux,tmux,idle,4,False,0.1,0.09,echo_ms,75,1.056341
latency,tmux,tmux,idle,4,False,0.1,0.09,echo_ms,76,0.891131
latency,tmux,tmux,idle,4,False,0.1,0.09,echo_ms,77,0.992092
latency,tmux,tmux,idle,4,False,0.1,0.09,echo_ms,78,1.055578
latency,tmux,tmux,idle,4,False,0.1,0.09,echo_ms,79,1.0625
latency,tmux,tmux,idle,4,False,0.1,0.09,echo_ms,80,1.095657
latency,tmux,tmux,idle,4,False,0.1,0.09,echo_ms,81,1.059135
latency,tmux,tmux,idle,4,False,0.1,0.09,echo_ms,82,1.073061
latency,tmux,tmux,idle,4,False,0.1,0.09,echo_ms,83,1.075934
latency,tmux,tmux,idle,4,False,0.1,0.09,echo_ms,84,1.073664
latency,tmux,tmux,idle,4,False,0.1,0.09,echo_ms,85,1.065769
latency,tmux,tmux,idle,4,False,0.1,0.09,echo_ms,86,1.061802
latency,tmux,tmux,idle,4,False,0.1,0.09,echo_ms,87,1.047921
latency,tmux,tmux,idle,4,False,0.1,0.09,echo_ms,88,1.077165
latency,tmux,tmux,idle,4,False,0.1,0.09,echo_ms,89,1.017257
latency,tmux,tmux,idle,4,False,0.1,0.09,echo_ms,90,1.042736
latency,tmux,tmux,idle,4,False,0.1,0.09,echo_ms,91,1.047236
latency,tmux,tmux,idle,4,False,0.1,0.09,echo_ms,92,1.032993
latency,tmux,tmux,idle,4,False,0.1,0.09,echo_ms,93,1.139776
latency,tmux,tmux,idle,4,False,0.1,0.09,echo_ms,94,1.123176
latency,tmux,tmux,idle,4,False,0.1,0.09,echo_ms,95,1.042563
latency,tmux,tmux,idle,4,False,0.1,0.09,echo_ms,96,1.093059
latency,tmux,tmux,idle,4,False,0.1,0.09,echo_ms,97,1.062556
latency,tmux,tmux,idle,4,False,0.1,0.09,echo_ms,98,1.10706
latency,tmux,tmux,idle,4,False,0.1,0.09,echo_ms,99,1.057469
latency,tmux,tmux,idle,4,False,0.1,0.09,timeouts,,0
latency,herdr,herdr,idle,4,False,0.09,0.07,echo_ms,0,2.175932
latency,herdr,herdr,idle,4,False,0.09,0.07,echo_ms,1,2.231737
latency,herdr,herdr,idle,4,False,0.09,0.07,echo_ms,2,1.546908
latency,herdr,herdr,idle,4,False,0.09,0.07,echo_ms,3,2.34016
latency,herdr,herdr,idle,4,False,0.09,0.07,echo_ms,4,2.271993
latency,herdr,herdr,idle,4,False,0.09,0.07,echo_ms,5,2.196246
latency,herdr,herdr,idle,4,False,0.09,0.07,echo_ms,6,2.2457
latency,herdr,herdr,idle,4,False,0.09,0.07,echo_ms,7,2.312622
latency,herdr,herdr,idle,4,False,0.09,0.07,echo_ms,8,2.29919
latency,herdr,herdr,idle,4,False,0.09,0.07,echo_ms,9,2.272146
latency,herdr,herdr,idle,4,False,0.09,0.07,echo_ms,10,2.260053
latency,herdr,herdr,idle,4,False,0.09,0.07,echo_ms,11,2.276209
latency,herdr,herdr,idle,4,False,0.09,0.07,echo_ms,12,2.230309
latency,herdr,herdr,idle,4,False,0.09,0.07,echo_ms,13,2.227072
latency,herdr,herdr,idle,4,False,0.09,0.07,echo_ms,14,2.221904
latency,herdr,herdr,idle,4,False,0.09,0.07,echo_ms,15,2.301363
latency,herdr,herdr,idle,4,False,0.09,0.07,echo_ms,16,2.178182
latency,herdr,herdr,idle,4,False,0.09,0.07,echo_ms,17,2.304287
latency,herdr,herdr,idle,4,False,0.09,0.07,echo_ms,18,2.156835
latency,herdr,herdr,idle,4,False,0.09,0.07,echo_ms,19,2.134793
latency,herdr,herdr,idle,4,False,0.09,0.07,echo_ms,20,2.192457
latency,herdr,herdr,idle,4,False,0.09,0.07,echo_ms,21,1.905823
latency,herdr,herdr,idle,4,False,0.09,0.07,echo_ms,22,2.18748
latency,herdr,herdr,idle,4,False,0.09,0.07,echo_ms,23,2.315897
latency,herdr,herdr,idle,4,False,0.09,0.07,echo_ms,24,2.194069
latency,herdr,herdr,idle,4,False,0.09,0.07,echo_ms,25,2.217221
latency,herdr,herdr,idle,4,False,0.09,0.07,echo_ms,26,2.271479
latency,herdr,herdr,idle,4,False,0.09,0.07,echo_ms,27,1.839029
latency,herdr,herdr,idle,4,False,0.09,0.07,echo_ms,28,2.245613
latency,herdr,herdr,idle,4,False,0.09,0.07,echo_ms,29,2.161502
latency,herdr,herdr,idle,4,False,0.09,0.07,echo_ms,30,2.274834
latency,herdr,herdr,idle,4,False,0.09,0.07,echo_ms,31,2.130164
latency,herdr,herdr,idle,4,False,0.09,0.07,echo_ms,32,2.256755
latency,herdr,herdr,idle,4,False,0.09,0.07,echo_ms,33,2.299281
latency,herdr,herdr,idle,4,False,0.09,0.07,echo_ms,34,2.040492
latency,herdr,herdr,idle,4,False,0.09,0.07,echo_ms,35,2.085763
latency,herdr,herdr,idle,4,False,0.09,0.07,echo_ms,36,2.196069
latency,herdr,herdr,idle,4,False,0.09,0.07,echo_ms,37,2.11787
latency,herdr,herdr,idle,4,False,0.09,0.07,echo_ms,38,2.260751
latency,herdr,herdr,idle,4,False,0.09,0.07,echo_ms,39,2.140479
latency,herdr,herdr,idle,4,False,0.09,0.07,echo_ms,40,2.158551
latency,herdr,herdr,idle,4,False,0.09,0.07,echo_ms,41,2.126864
latency,herdr,herdr,idle,4,False,0.09,0.07,echo_ms,42,2.112011
latency,herdr,herdr,idle,4,False,0.09,0.07,echo_ms,43,2.211955
latency,herdr,herdr,idle,4,False,0.09,0.07,echo_ms,44,2.243128
latency,herdr,herdr,idle,4,False,0.09,0.07,echo_ms,45,2.147378
latency,herdr,herdr,idle,4,False,0.09,0.07,echo_ms,46,2.18984
latency,herdr,herdr,idle,4,False,0.09,0.07,echo_ms,47,2.146865
latency,herdr,herdr,idle,4,False,0.09,0.07,echo_ms,48,2.130675
latency,herdr,herdr,idle,4,False,0.09,0.07,echo_ms,49,1.986697
latency,herdr,herdr,idle,4,False,0.09,0.07,echo_ms,50,2.166653
latency,herdr,herdr,idle,4,False,0.09,0.07,echo_ms,51,2.20986
latency,herdr,herdr,idle,4,False,0.09,0.07,echo_ms,52,2.062978
latency,herdr,herdr,idle,4,False,0.09,0.07,echo_ms,53,2.274604
latency,herdr,herdr,idle,4,False,0.09,0.07,echo_ms,54,2.176652
latency,herdr,herdr,idle,4,False,0.09,0.07,echo_ms,55,2.167585
latency,herdr,herdr,idle,4,False,0.09,0.07,echo_ms,56,2.216709
latency,herdr,herdr,idle,4,False,0.09,0.07,echo_ms,57,2.109435
latency,herdr,herdr,idle,4,False,0.09,0.07,echo_ms,58,1.434997
latency,herdr,herdr,idle,4,False,0.09,0.07,echo_ms,59,2.116047
latency,herdr,herdr,idle,4,False,0.09,0.07,echo_ms,60,2.295908
latency,herdr,herdr,idle,4,False,0.09,0.07,echo_ms,61,2.270204
latency,herdr,herdr,idle,4,False,0.09,0.07,echo_ms,62,2.220939
latency,herdr,herdr,idle,4,False,0.09,0.07,echo_ms,63,2.201543
latency,herdr,herdr,idle,4,False,0.09,0.07,echo_ms,64,2.202375
latency,herdr,herdr,idle,4,False,0.09,0.07,echo_ms,65,1.449499
latency,herdr,herdr,idle,4,False,0.09,0.07,echo_ms,66,2.351767
latency,herdr,herdr,idle,4,False,0.09,0.07,echo_ms,67,2.290614
latency,herdr,herdr,idle,4,False,0.09,0.07,echo_ms,68,2.276251
latency,herdr,herdr,idle,4,False,0.09,0.07,echo_ms,69,2.146642
latency,herdr,herdr,idle,4,False,0.09,0.07,echo_ms,70,2.142518
latency,herdr,herdr,idle,4,False,0.09,0.07,echo_ms,71,2.229087
latency,herdr,herdr,idle,4,False,0.09,0.07,echo_ms,72,2.298242
latency,herdr,herdr,idle,4,False,0.09,0.07,echo_ms,73,2.150105
latency,herdr,herdr,idle,4,False,0.09,0.07,echo_ms,74,2.244234
latency,herdr,herdr,idle,4,False,0.09,0.07,echo_ms,75,2.253231
latency,herdr,herdr,idle,4,False,0.09,0.07,echo_ms,76,2.003279
latency,herdr,herdr,idle,4,False,0.09,0.07,echo_ms,77,1.942621
latency,herdr,herdr,idle,4,False,0.09,0.07,echo_ms,78,2.269351
latency,herdr,herdr,idle,4,False,0.09,0.07,echo_ms,79,1.943224
latency,herdr,herdr,idle,4,False,0.09,0.07,echo_ms,80,2.090238
latency,herdr,herdr,idle,4,False,0.09,0.07,echo_ms,81,2.307159
latency,herdr,herdr,idle,4,False,0.09,0.07,echo_ms,82,2.211268
latency,herdr,herdr,idle,4,False,0.09,0.07,echo_ms,83,1.299987
latency,herdr,herdr,idle,4,False,0.09,0.07,echo_ms,84,2.236995
latency,herdr,herdr,idle,4,False,0.09,0.07,echo_ms,85,2.302411
latency,herdr,herdr,idle,4,False,0.09,0.07,echo_ms,86,2.290376
latency,herdr,herdr,idle,4,False,0.09,0.07,echo_ms,87,2.088137
latency,herdr,herdr,idle,4,False,0.09,0.07,echo_ms,88,2.166189
latency,herdr,herdr,idle,4,False,0.09,0.07,echo_ms,89,2.064025
latency,herdr,herdr,idle,4,False,0.09,0.07,echo_ms,90,2.1849
latency,herdr,herdr,idle,4,False,0.09,0.07,echo_ms,91,2.214012
latency,herdr,herdr,idle,4,False,0.09,0.07,echo_ms,92,1.020205
latency,herdr,herdr,idle,4,False,0.09,0.07,echo_ms,93,1.760677
latency,herdr,herdr,idle,4,False,0.09,0.07,echo_ms,94,2.280475
latency,herdr,herdr,idle,4,False,0.09,0.07,echo_ms,95,3.6377
latency,herdr,herdr,idle,4,False,0.09,0.07,echo_ms,96,2.065004
latency,herdr,herdr,idle,4,False,0.09,0.07,echo_ms,97,2.28411
latency,herdr,herdr,idle,4,False,0.09,0.07,echo_ms,98,2.233889
latency,herdr,herdr,idle,4,False,0.09,0.07,echo_ms,99,2.024857
latency,herdr,herdr,idle,4,False,0.09,0.07,timeouts,,0
latency,rmux,rmux,idle,4,False,0.07,0.06,echo_ms,0,1.317101
latency,rmux,rmux,idle,4,False,0.07,0.06,echo_ms,1,1.302755
latency,rmux,rmux,idle,4,False,0.07,0.06,echo_ms,2,1.340292
latency,rmux,rmux,idle,4,False,0.07,0.06,echo_ms,3,1.326902
latency,rmux,rmux,idle,4,False,0.07,0.06,echo_ms,4,1.256431
latency,rmux,rmux,idle,4,False,0.07,0.06,echo_ms,5,1.249779
latency,rmux,rmux,idle,4,False,0.07,0.06,echo_ms,6,1.242759
latency,rmux,rmux,idle,4,False,0.07,0.06,echo_ms,7,1.1148
latency,rmux,rmux,idle,4,False,0.07,0.06,echo_ms,8,1.214001
latency,rmux,rmux,idle,4,False,0.07,0.06,echo_ms,9,1.23365
latency,rmux,rmux,idle,4,False,0.07,0.06,echo_ms,10,1.242412
latency,rmux,rmux,idle,4,False,0.07,0.06,echo_ms,11,1.25817
latency,rmux,rmux,idle,4,False,0.07,0.06,echo_ms,12,1.33341
latency,rmux,rmux,idle,4,False,0.07,0.06,echo_ms,13,1.248512
latency,rmux,rmux,idle,4,False,0.07,0.06,echo_ms,14,1.181988
latency,rmux,rmux,idle,4,False,0.07,0.06,echo_ms,15,1.250033
latency,rmux,rmux,idle,4,False,0.07,0.06,echo_ms,16,1.299774
latency,rmux,rmux,idle,4,False,0.07,0.06,echo_ms,17,1.258674
latency,rmux,rmux,idle,4,False,0.07,0.06,echo_ms,18,1.310754
latency,rmux,rmux,idle,4,False,0.07,0.06,echo_ms,19,1.145145
latency,rmux,rmux,idle,4,False,0.07,0.06,echo_ms,20,1.168172
latency,rmux,rmux,idle,4,False,0.07,0.06,echo_ms,21,1.231043
latency,rmux,rmux,idle,4,False,0.07,0.06,echo_ms,22,1.275677
latency,rmux,rmux,idle,4,False,0.07,0.06,echo_ms,23,1.340359
latency,rmux,rmux,idle,4,False,0.07,0.06,echo_ms,24,1.299959
latency,rmux,rmux,idle,4,False,0.07,0.06,echo_ms,25,1.253495
latency,rmux,rmux,idle,4,False,0.07,0.06,echo_ms,26,1.206158
latency,rmux,rmux,idle,4,False,0.07,0.06,echo_ms,27,1.234425
latency,rmux,rmux,idle,4,False,0.07,0.06,echo_ms,28,1.227666
latency,rmux,rmux,idle,4,False,0.07,0.06,echo_ms,29,1.143683
latency,rmux,rmux,idle,4,False,0.07,0.06,echo_ms,30,1.157544
latency,rmux,rmux,idle,4,False,0.07,0.06,echo_ms,31,1.098484
latency,rmux,rmux,idle,4,False,0.07,0.06,echo_ms,32,1.213531
latency,rmux,rmux,idle,4,False,0.07,0.06,echo_ms,33,1.263152
latency,rmux,rmux,idle,4,False,0.07,0.06,echo_ms,34,1.280368
latency,rmux,rmux,idle,4,False,0.07,0.06,echo_ms,35,1.355358
latency,rmux,rmux,idle,4,False,0.07,0.06,echo_ms,36,1.286683
latency,rmux,rmux,idle,4,False,0.07,0.06,echo_ms,37,1.125104
latency,rmux,rmux,idle,4,False,0.07,0.06,echo_ms,38,1.282224
latency,rmux,rmux,idle,4,False,0.07,0.06,echo_ms,39,1.222983
latency,rmux,rmux,idle,4,False,0.07,0.06,echo_ms,40,1.278251
latency,rmux,rmux,idle,4,False,0.07,0.06,echo_ms,41,1.201284
latency,rmux,rmux,idle,4,False,0.07,0.06,echo_ms,42,1.174032
latency,rmux,rmux,idle,4,False,0.07,0.06,echo_ms,43,1.271918
latency,rmux,rmux,idle,4,False,0.07,0.06,echo_ms,44,1.117632
latency,rmux,rmux,idle,4,False,0.07,0.06,echo_ms,45,1.298907
latency,rmux,rmux,idle,4,False,0.07,0.06,echo_ms,46,1.332748
latency,rmux,rmux,idle,4,False,0.07,0.06,echo_ms,47,1.372306
latency,rmux,rmux,idle,4,False,0.07,0.06,echo_ms,48,1.235941
latency,rmux,rmux,idle,4,False,0.07,0.06,echo_ms,49,1.303392
latency,rmux,rmux,idle,4,False,0.07,0.06,echo_ms,50,1.191406
latency,rmux,rmux,idle,4,False,0.07,0.06,echo_ms,51,1.242097
latency,rmux,rmux,idle,4,False,0.07,0.06,echo_ms,52,1.290176
latency,rmux,rmux,idle,4,False,0.07,0.06,echo_ms,53,1.258147
latency,rmux,rmux,idle,4,False,0.07,0.06,echo_ms,54,1.244374
latency,rmux,rmux,idle,4,False,0.07,0.06,echo_ms,55,1.105809
latency,rmux,rmux,idle,4,False,0.07,0.06,echo_ms,56,1.206177
latency,rmux,rmux,idle,4,False,0.07,0.06,echo_ms,57,1.266218
latency,rmux,rmux,idle,4,False,0.07,0.06,echo_ms,58,1.253783
latency,rmux,rmux,idle,4,False,0.07,0.06,echo_ms,59,1.270952
latency,rmux,rmux,idle,4,False,0.07,0.06,echo_ms,60,1.292534
latency,rmux,rmux,idle,4,False,0.07,0.06,echo_ms,61,1.333367
latency,rmux,rmux,idle,4,False,0.07,0.06,echo_ms,62,1.275981
latency,rmux,rmux,idle,4,False,0.07,0.06,echo_ms,63,1.29821
latency,rmux,rmux,idle,4,False,0.07,0.06,echo_ms,64,1.311538
latency,rmux,rmux,idle,4,False,0.07,0.06,echo_ms,65,1.309202
latency,rmux,rmux,idle,4,False,0.07,0.06,echo_ms,66,1.268805
latency,rmux,rmux,idle,4,False,0.07,0.06,echo_ms,67,1.287747
latency,rmux,rmux,idle,4,False,0.07,0.06,echo_ms,68,1.37948
latency,rmux,rmux,idle,4,False,0.07,0.06,echo_ms,69,1.343032
latency,rmux,rmux,idle,4,False,0.07,0.06,echo_ms,70,1.177249
latency,rmux,rmux,idle,4,False,0.07,0.06,echo_ms,71,1.222403
latency,rmux,rmux,idle,4,False,0.07,0.06,echo_ms,72,1.198174
latency,rmux,rmux,idle,4,False,0.07,0.06,echo_ms,73,1.280266
latency,rmux,rmux,idle,4,False,0.07,0.06,echo_ms,74,1.300909
latency,rmux,rmux,idle,4,False,0.07,0.06,echo_ms,75,1.368293
latency,rmux,rmux,idle,4,False,0.07,0.06,echo_ms,76,1.357754
latency,rmux,rmux,idle,4,False,0.07,0.06,echo_ms,77,1.307573
latency,rmux,rmux,idle,4,False,0.07,0.06,echo_ms,78,1.36981
latency,rmux,rmux,idle,4,False,0.07,0.06,echo_ms,79,1.315273
latency,rmux,rmux,idle,4,False,0.07,0.06,echo_ms,80,1.179813
latency,rmux,rmux,idle,4,False,0.07,0.06,echo_ms,81,1.309993
latency,rmux,rmux,idle,4,False,0.07,0.06,echo_ms,82,1.217689
latency,rmux,rmux,idle,4,False,0.07,0.06,echo_ms,83,1.278514
latency,rmux,rmux,idle,4,False,0.07,0.06,echo_ms,84,1.299679
latency,rmux,rmux,idle,4,False,0.07,0.06,echo_ms,85,1.333197
latency,rmux,rmux,idle,4,False,0.07,0.06,echo_ms,86,1.126503
latency,rmux,rmux,idle,4,False,0.07,0.06,echo_ms,87,1.128194
latency,rmux,rmux,idle,4,False,0.07,0.06,echo_ms,88,1.243017
latency,rmux,rmux,idle,4,False,0.07,0.06,echo_ms,89,1.356839
latency,rmux,rmux,idle,4,False,0.07,0.06,echo_ms,90,1.232014
latency,rmux,rmux,idle,4,False,0.07,0.06,echo_ms,91,1.252211
latency,rmux,rmux,idle,4,False,0.07,0.06,echo_ms,92,1.341461
latency,rmux,rmux,idle,4,False,0.07,0.06,echo_ms,93,1.334618
latency,rmux,rmux,idle,4,False,0.07,0.06,echo_ms,94,1.324481
latency,rmux,rmux,idle,4,False,0.07,0.06,echo_ms,95,1.314259
latency,rmux,rmux,idle,4,False,0.07,0.06,echo_ms,96,1.235182
latency,rmux,rmux,idle,4,False,0.07,0.06,echo_ms,97,1.30402
latency,rmux,rmux,idle,4,False,0.07,0.06,echo_ms,98,1.360918
latency,rmux,rmux,idle,4,False,0.07,0.06,echo_ms,99,1.344369
latency,rmux,rmux,idle,4,False,0.07,0.06,timeouts,,0
latency,thurbox,tmux,idle,4,False,0.06,0.22,echo_ms,0,3.501388
latency,thurbox,tmux,idle,4,False,0.06,0.22,echo_ms,1,3.466984
latency,thurbox,tmux,idle,4,False,0.06,0.22,echo_ms,2,3.521151
latency,thurbox,tmux,idle,4,False,0.06,0.22,echo_ms,3,3.88029
latency,thurbox,tmux,idle,4,False,0.06,0.22,echo_ms,4,3.230698
latency,thurbox,tmux,idle,4,False,0.06,0.22,echo_ms,5,4.166699
latency,thurbox,tmux,idle,4,False,0.06,0.22,echo_ms,6,4.771546
latency,thurbox,tmux,idle,4,False,0.06,0.22,echo_ms,7,4.800566
latency,thurbox,tmux,idle,4,False,0.06,0.22,echo_ms,8,4.158133
latency,thurbox,tmux,idle,4,False,0.06,0.22,echo_ms,9,4.777555
latency,thurbox,tmux,idle,4,False,0.06,0.22,echo_ms,10,5.144851
latency,thurbox,tmux,idle,4,False,0.06,0.22,echo_ms,11,3.504255
latency,thurbox,tmux,idle,4,False,0.06,0.22,echo_ms,12,4.734752
latency,thurbox,tmux,idle,4,False,0.06,0.22,echo_ms,13,3.572183
latency,thurbox,tmux,idle,4,False,0.06,0.22,echo_ms,14,4.362011
latency,thurbox,tmux,idle,4,False,0.06,0.22,echo_ms,15,4.192824
latency,thurbox,tmux,idle,4,False,0.06,0.22,echo_ms,16,6.811171
latency,thurbox,tmux,idle,4,False,0.06,0.22,echo_ms,17,3.449732
latency,thurbox,tmux,idle,4,False,0.06,0.22,echo_ms,18,3.437563
latency,thurbox,tmux,idle,4,False,0.06,0.22,echo_ms,19,3.164567
latency,thurbox,tmux,idle,4,False,0.06,0.22,echo_ms,20,3.438552
latency,thurbox,tmux,idle,4,False,0.06,0.22,echo_ms,21,4.782444
latency,thurbox,tmux,idle,4,False,0.06,0.22,echo_ms,22,4.786168
latency,thurbox,tmux,idle,4,False,0.06,0.22,echo_ms,23,3.535389
latency,thurbox,tmux,idle,4,False,0.06,0.22,echo_ms,24,1.736536
latency,thurbox,tmux,idle,4,False,0.06,0.22,echo_ms,25,3.529378
latency,thurbox,tmux,idle,4,False,0.06,0.22,echo_ms,26,4.188395
latency,thurbox,tmux,idle,4,False,0.06,0.22,echo_ms,27,4.786103
latency,thurbox,tmux,idle,4,False,0.06,0.22,echo_ms,28,3.150635
latency,thurbox,tmux,idle,4,False,0.06,0.22,echo_ms,29,4.748093
latency,thurbox,tmux,idle,4,False,0.06,0.22,echo_ms,30,3.510078
latency,thurbox,tmux,idle,4,False,0.06,0.22,echo_ms,31,3.500263
latency,thurbox,tmux,idle,4,False,0.06,0.22,echo_ms,32,3.407427
latency,thurbox,tmux,idle,4,False,0.06,0.22,echo_ms,33,5.981656
latency,thurbox,tmux,idle,4,False,0.06,0.22,echo_ms,34,4.842844
latency,thurbox,tmux,idle,4,False,0.06,0.22,echo_ms,35,4.756783
latency,thurbox,tmux,idle,4,False,0.06,0.22,echo_ms,36,4.209625
latency,thurbox,tmux,idle,4,False,0.06,0.22,echo_ms,37,4.774012
latency,thurbox,tmux,idle,4,False,0.06,0.22,echo_ms,38,4.17287
latency,thurbox,tmux,idle,4,False,0.06,0.22,echo_ms,39,4.766893
latency,thurbox,tmux,idle,4,False,0.06,0.22,echo_ms,40,5.152286
latency,thurbox,tmux,idle,4,False,0.06,0.22,echo_ms,41,4.203544
latency,thurbox,tmux,idle,4,False,0.06,0.22,echo_ms,42,4.76864
latency,thurbox,tmux,idle,4,False,0.06,0.22,echo_ms,43,2.24893
latency,thurbox,tmux,idle,4,False,0.06,0.22,echo_ms,44,2.306216
latency,thurbox,tmux,idle,4,False,0.06,0.22,echo_ms,45,4.821827
latency,thurbox,tmux,idle,4,False,0.06,0.22,echo_ms,46,3.534191
latency,thurbox,tmux,idle,4,False,0.06,0.22,echo_ms,47,4.764668
latency,thurbox,tmux,idle,4,False,0.06,0.22,echo_ms,48,3.233748
latency,thurbox,tmux,idle,4,False,0.06,0.22,echo_ms,49,4.195797
latency,thurbox,tmux,idle,4,False,0.06,0.22,echo_ms,50,3.231266
latency,thurbox,tmux,idle,4,False,0.06,0.22,echo_ms,51,4.216967
latency,thurbox,tmux,idle,4,False,0.06,0.22,echo_ms,52,4.15506
latency,thurbox,tmux,idle,4,False,0.06,0.22,echo_ms,53,8.234348
latency,thurbox,tmux,idle,4,False,0.06,0.22,echo_ms,54,4.716186
latency,thurbox,tmux,idle,4,False,0.06,0.22,echo_ms,55,1.166168
latency,thurbox,tmux,idle,4,False,0.06,0.22,echo_ms,56,4.77245
latency,thurbox,tmux,idle,4,False,0.06,0.22,echo_ms,57,3.487516
latency,thurbox,tmux,idle,4,False,0.06,0.22,echo_ms,58,4.731829
latency,thurbox,tmux,idle,4,False,0.06,0.22,echo_ms,59,3.52018
latency,thurbox,tmux,idle,4,False,0.06,0.22,echo_ms,60,4.12742
latency,thurbox,tmux,idle,4,False,0.06,0.22,echo_ms,61,4.75203
latency,thurbox,tmux,idle,4,False,0.06,0.22,echo_ms,62,3.477754
latency,thurbox,tmux,idle,4,False,0.06,0.22,echo_ms,63,4.703472
latency,thurbox,tmux,idle,4,False,0.06,0.22,echo_ms,64,4.700535
latency,thurbox,tmux,idle,4,False,0.06,0.22,echo_ms,65,4.556293
latency,thurbox,tmux,idle,4,False,0.06,0.22,echo_ms,66,4.726136
latency,thurbox,tmux,idle,4,False,0.06,0.22,echo_ms,67,3.509204
latency,thurbox,tmux,idle,4,False,0.06,0.22,echo_ms,68,4.720023
latency,thurbox,tmux,idle,4,False,0.06,0.22,echo_ms,69,4.126611
latency,thurbox,tmux,idle,4,False,0.06,0.22,echo_ms,70,5.103734
latency,thurbox,tmux,idle,4,False,0.06,0.22,echo_ms,71,4.766432
latency,thurbox,tmux,idle,4,False,0.06,0.22,echo_ms,72,4.115751
latency,thurbox,tmux,idle,4,False,0.06,0.22,echo_ms,73,4.70359
latency,thurbox,tmux,idle,4,False,0.06,0.22,echo_ms,74,4.137867
latency,thurbox,tmux,idle,4,False,0.06,0.22,echo_ms,75,3.10956
latency,thurbox,tmux,idle,4,False,0.06,0.22,echo_ms,76,4.706805
latency,thurbox,tmux,idle,4,False,0.06,0.22,echo_ms,77,4.494154
latency,thurbox,tmux,idle,4,False,0.06,0.22,echo_ms,78,4.756574
latency,thurbox,tmux,idle,4,False,0.06,0.22,echo_ms,79,4.75253
latency,thurbox,tmux,idle,4,False,0.06,0.22,echo_ms,80,4.715285
latency,thurbox,tmux,idle,4,False,0.06,0.22,echo_ms,81,4.731141
latency,thurbox,tmux,idle,4,False,0.06,0.22,echo_ms,82,4.650653
latency,thurbox,tmux,idle,4,False,0.06,0.22,echo_ms,83,3.387541
latency,thurbox,tmux,idle,4,False,0.06,0.22,echo_ms,84,3.455391
latency,thurbox,tmux,idle,4,False,0.06,0.22,echo_ms,85,3.448997
latency,thurbox,tmux,idle,4,False,0.06,0.22,echo_ms,86,1.558744
latency,thurbox,tmux,idle,4,False,0.06,0.22,echo_ms,87,4.136357
latency,thurbox,tmux,idle,4,False,0.06,0.22,echo_ms,88,4.74507
latency,thurbox,tmux,idle,4,False,0.06,0.22,echo_ms,89,3.523668
latency,thurbox,tmux,idle,4,False,0.06,0.22,echo_ms,90,4.149057
latency,thurbox,tmux,idle,4,False,0.06,0.22,echo_ms,91,3.436103
latency,thurbox,tmux,idle,4,False,0.06,0.22,echo_ms,92,3.550416
latency,thurbox,tmux,idle,4,False,0.06,0.22,echo_ms,93,3.500872
latency,thurbox,tmux,idle,4,False,0.06,0.22,echo_ms,94,5.07096
latency,thurbox,tmux,idle,4,False,0.06,0.22,echo_ms,95,3.327763
latency,thurbox,tmux,idle,4,False,0.06,0.22,echo_ms,96,3.585498
latency,thurbox,tmux,idle,4,False,0.06,0.22,echo_ms,97,5.076457
latency,thurbox,tmux,idle,4,False,0.06,0.22,echo_ms,98,3.473127
latency,thurbox,tmux,idle,4,False,0.06,0.22,echo_ms,99,3.585319
latency,thurbox,tmux,idle,4,False,0.06,0.22,timeouts,,0
latency,herdr,herdr,idle,5,False,0.22,0.18,echo_ms,0,2.147974
latency,herdr,herdr,idle,5,False,0.22,0.18,echo_ms,1,2.277455
latency,herdr,herdr,idle,5,False,0.22,0.18,echo_ms,2,2.131767
latency,herdr,herdr,idle,5,False,0.22,0.18,echo_ms,3,1.424962
latency,herdr,herdr,idle,5,False,0.22,0.18,echo_ms,4,2.139948
latency,herdr,herdr,idle,5,False,0.22,0.18,echo_ms,5,2.173229
latency,herdr,herdr,idle,5,False,0.22,0.18,echo_ms,6,2.298021
latency,herdr,herdr,idle,5,False,0.22,0.18,echo_ms,7,2.30397
latency,herdr,herdr,idle,5,False,0.22,0.18,echo_ms,8,2.103868
latency,herdr,herdr,idle,5,False,0.22,0.18,echo_ms,9,1.559112
latency,herdr,herdr,idle,5,False,0.22,0.18,echo_ms,10,1.885722
latency,herdr,herdr,idle,5,False,0.22,0.18,echo_ms,11,2.168729
latency,herdr,herdr,idle,5,False,0.22,0.18,echo_ms,12,2.017436
latency,herdr,herdr,idle,5,False,0.22,0.18,echo_ms,13,2.008343
latency,herdr,herdr,idle,5,False,0.22,0.18,echo_ms,14,2.196535
latency,herdr,herdr,idle,5,False,0.22,0.18,echo_ms,15,2.104472
latency,herdr,herdr,idle,5,False,0.22,0.18,echo_ms,16,2.091773
latency,herdr,herdr,idle,5,False,0.22,0.18,echo_ms,17,2.085826
latency,herdr,herdr,idle,5,False,0.22,0.18,echo_ms,18,2.075163
latency,herdr,herdr,idle,5,False,0.22,0.18,echo_ms,19,2.058716
latency,herdr,herdr,idle,5,False,0.22,0.18,echo_ms,20,2.146229
latency,herdr,herdr,idle,5,False,0.22,0.18,echo_ms,21,2.241051
latency,herdr,herdr,idle,5,False,0.22,0.18,echo_ms,22,2.171699
latency,herdr,herdr,idle,5,False,0.22,0.18,echo_ms,23,2.173126
latency,herdr,herdr,idle,5,False,0.22,0.18,echo_ms,24,2.245606
latency,herdr,herdr,idle,5,False,0.22,0.18,echo_ms,25,2.258418
latency,herdr,herdr,idle,5,False,0.22,0.18,echo_ms,26,2.211319
latency,herdr,herdr,idle,5,False,0.22,0.18,echo_ms,27,2.194384
latency,herdr,herdr,idle,5,False,0.22,0.18,echo_ms,28,2.129591
latency,herdr,herdr,idle,5,False,0.22,0.18,echo_ms,29,2.130421
latency,herdr,herdr,idle,5,False,0.22,0.18,echo_ms,30,2.281804
latency,herdr,herdr,idle,5,False,0.22,0.18,echo_ms,31,2.243466
latency,herdr,herdr,idle,5,False,0.22,0.18,echo_ms,32,2.146657
latency,herdr,herdr,idle,5,False,0.22,0.18,echo_ms,33,2.246293
latency,herdr,herdr,idle,5,False,0.22,0.18,echo_ms,34,2.256832
latency,herdr,herdr,idle,5,False,0.22,0.18,echo_ms,35,2.259335
latency,herdr,herdr,idle,5,False,0.22,0.18,echo_ms,36,2.274558
latency,herdr,herdr,idle,5,False,0.22,0.18,echo_ms,37,2.317831
latency,herdr,herdr,idle,5,False,0.22,0.18,echo_ms,38,2.109419
latency,herdr,herdr,idle,5,False,0.22,0.18,echo_ms,39,2.293843
latency,herdr,herdr,idle,5,False,0.22,0.18,echo_ms,40,2.286129
latency,herdr,herdr,idle,5,False,0.22,0.18,echo_ms,41,2.290295
latency,herdr,herdr,idle,5,False,0.22,0.18,echo_ms,42,2.30278
latency,herdr,herdr,idle,5,False,0.22,0.18,echo_ms,43,2.208875
latency,herdr,herdr,idle,5,False,0.22,0.18,echo_ms,44,2.260661
latency,herdr,herdr,idle,5,False,0.22,0.18,echo_ms,45,2.292345
latency,herdr,herdr,idle,5,False,0.22,0.18,echo_ms,46,2.26367
latency,herdr,herdr,idle,5,False,0.22,0.18,echo_ms,47,2.106328
latency,herdr,herdr,idle,5,False,0.22,0.18,echo_ms,48,2.159784
latency,herdr,herdr,idle,5,False,0.22,0.18,echo_ms,49,2.02096
latency,herdr,herdr,idle,5,False,0.22,0.18,echo_ms,50,2.096954
latency,herdr,herdr,idle,5,False,0.22,0.18,echo_ms,51,2.097437
latency,herdr,herdr,idle,5,False,0.22,0.18,echo_ms,52,2.193043
latency,herdr,herdr,idle,5,False,0.22,0.18,echo_ms,53,1.569539
latency,herdr,herdr,idle,5,False,0.22,0.18,echo_ms,54,2.280548
latency,herdr,herdr,idle,5,False,0.22,0.18,echo_ms,55,2.170499
latency,herdr,herdr,idle,5,False,0.22,0.18,echo_ms,56,2.233005
latency,herdr,herdr,idle,5,False,0.22,0.18,echo_ms,57,2.237121
latency,herdr,herdr,idle,5,False,0.22,0.18,echo_ms,58,2.279271
latency,herdr,herdr,idle,5,False,0.22,0.18,echo_ms,59,1.965178
latency,herdr,herdr,idle,5,False,0.22,0.18,echo_ms,60,2.320619
latency,herdr,herdr,idle,5,False,0.22,0.18,echo_ms,61,2.243853
latency,herdr,herdr,idle,5,False,0.22,0.18,echo_ms,62,2.169737
latency,herdr,herdr,idle,5,False,0.22,0.18,echo_ms,63,2.188194
latency,herdr,herdr,idle,5,False,0.22,0.18,echo_ms,64,2.214903
latency,herdr,herdr,idle,5,False,0.22,0.18,echo_ms,65,2.251694
latency,herdr,herdr,idle,5,False,0.22,0.18,echo_ms,66,2.227953
latency,herdr,herdr,idle,5,False,0.22,0.18,echo_ms,67,2.245894
latency,herdr,herdr,idle,5,False,0.22,0.18,echo_ms,68,2.206037
latency,herdr,herdr,idle,5,False,0.22,0.18,echo_ms,69,2.185646
latency,herdr,herdr,idle,5,False,0.22,0.18,echo_ms,70,2.02873
latency,herdr,herdr,idle,5,False,0.22,0.18,echo_ms,71,2.224271
latency,herdr,herdr,idle,5,False,0.22,0.18,echo_ms,72,2.078296
latency,herdr,herdr,idle,5,False,0.22,0.18,echo_ms,73,2.137789
latency,herdr,herdr,idle,5,False,0.22,0.18,echo_ms,74,2.101386
latency,herdr,herdr,idle,5,False,0.22,0.18,echo_ms,75,2.222832
latency,herdr,herdr,idle,5,False,0.22,0.18,echo_ms,76,2.275955
latency,herdr,herdr,idle,5,False,0.22,0.18,echo_ms,77,2.306675
latency,herdr,herdr,idle,5,False,0.22,0.18,echo_ms,78,2.298618
latency,herdr,herdr,idle,5,False,0.22,0.18,echo_ms,79,2.092446
latency,herdr,herdr,idle,5,False,0.22,0.18,echo_ms,80,2.183873
latency,herdr,herdr,idle,5,False,0.22,0.18,echo_ms,81,2.075153
latency,herdr,herdr,idle,5,False,0.22,0.18,echo_ms,82,2.237231
latency,herdr,herdr,idle,5,False,0.22,0.18,echo_ms,83,2.040327
latency,herdr,herdr,idle,5,False,0.22,0.18,echo_ms,84,2.12694
latency,herdr,herdr,idle,5,False,0.22,0.18,echo_ms,85,2.382561
latency,herdr,herdr,idle,5,False,0.22,0.18,echo_ms,86,2.298601
latency,herdr,herdr,idle,5,False,0.22,0.18,echo_ms,87,2.29696
latency,herdr,herdr,idle,5,False,0.22,0.18,echo_ms,88,2.196262
latency,herdr,herdr,idle,5,False,0.22,0.18,echo_ms,89,3.386189
latency,herdr,herdr,idle,5,False,0.22,0.18,echo_ms,90,2.220088
latency,herdr,herdr,idle,5,False,0.22,0.18,echo_ms,91,2.204222
latency,herdr,herdr,idle,5,False,0.22,0.18,echo_ms,92,2.191576
latency,herdr,herdr,idle,5,False,0.22,0.18,echo_ms,93,2.285023
latency,herdr,herdr,idle,5,False,0.22,0.18,echo_ms,94,2.26662
latency,herdr,herdr,idle,5,False,0.22,0.18,echo_ms,95,2.165631
latency,herdr,herdr,idle,5,False,0.22,0.18,echo_ms,96,2.247114
latency,herdr,herdr,idle,5,False,0.22,0.18,echo_ms,97,2.245088
latency,herdr,herdr,idle,5,False,0.22,0.18,echo_ms,98,2.199536
latency,herdr,herdr,idle,5,False,0.22,0.18,echo_ms,99,2.345447
latency,herdr,herdr,idle,5,False,0.22,0.18,timeouts,,0
latency,rmux,rmux,idle,5,False,0.18,0.15,echo_ms,0,1.161471
latency,rmux,rmux,idle,5,False,0.18,0.15,echo_ms,1,1.181489
latency,rmux,rmux,idle,5,False,0.18,0.15,echo_ms,2,1.286675
latency,rmux,rmux,idle,5,False,0.18,0.15,echo_ms,3,1.237039
latency,rmux,rmux,idle,5,False,0.18,0.15,echo_ms,4,1.309964
latency,rmux,rmux,idle,5,False,0.18,0.15,echo_ms,5,1.289792
latency,rmux,rmux,idle,5,False,0.18,0.15,echo_ms,6,1.324338
latency,rmux,rmux,idle,5,False,0.18,0.15,echo_ms,7,1.17074
latency,rmux,rmux,idle,5,False,0.18,0.15,echo_ms,8,1.204068
latency,rmux,rmux,idle,5,False,0.18,0.15,echo_ms,9,1.26777
latency,rmux,rmux,idle,5,False,0.18,0.15,echo_ms,10,1.291914
latency,rmux,rmux,idle,5,False,0.18,0.15,echo_ms,11,1.294174
latency,rmux,rmux,idle,5,False,0.18,0.15,echo_ms,12,1.292979
latency,rmux,rmux,idle,5,False,0.18,0.15,echo_ms,13,1.308906
latency,rmux,rmux,idle,5,False,0.18,0.15,echo_ms,14,1.383554
latency,rmux,rmux,idle,5,False,0.18,0.15,echo_ms,15,1.357236
latency,rmux,rmux,idle,5,False,0.18,0.15,echo_ms,16,1.347385
latency,rmux,rmux,idle,5,False,0.18,0.15,echo_ms,17,1.340688
latency,rmux,rmux,idle,5,False,0.18,0.15,echo_ms,18,1.353263
latency,rmux,rmux,idle,5,False,0.18,0.15,echo_ms,19,1.300003
latency,rmux,rmux,idle,5,False,0.18,0.15,echo_ms,20,1.290411
latency,rmux,rmux,idle,5,False,0.18,0.15,echo_ms,21,1.308536
latency,rmux,rmux,idle,5,False,0.18,0.15,echo_ms,22,1.305425
latency,rmux,rmux,idle,5,False,0.18,0.15,echo_ms,23,1.30054
latency,rmux,rmux,idle,5,False,0.18,0.15,echo_ms,24,1.281227
latency,rmux,rmux,idle,5,False,0.18,0.15,echo_ms,25,1.33891
latency,rmux,rmux,idle,5,False,0.18,0.15,echo_ms,26,1.303634
latency,rmux,rmux,idle,5,False,0.18,0.15,echo_ms,27,1.324283
latency,rmux,rmux,idle,5,False,0.18,0.15,echo_ms,28,1.369709
latency,rmux,rmux,idle,5,False,0.18,0.15,echo_ms,29,1.264851
latency,rmux,rmux,idle,5,False,0.18,0.15,echo_ms,30,1.20089
latency,rmux,rmux,idle,5,False,0.18,0.15,echo_ms,31,1.242702
latency,rmux,rmux,idle,5,False,0.18,0.15,echo_ms,32,1.22933
latency,rmux,rmux,idle,5,False,0.18,0.15,echo_ms,33,1.350903
latency,rmux,rmux,idle,5,False,0.18,0.15,echo_ms,34,1.35343
latency,rmux,rmux,idle,5,False,0.18,0.15,echo_ms,35,1.319535
latency,rmux,rmux,idle,5,False,0.18,0.15,echo_ms,36,1.375102
latency,rmux,rmux,idle,5,False,0.18,0.15,echo_ms,37,1.360086
latency,rmux,rmux,idle,5,False,0.18,0.15,echo_ms,38,1.314134
latency,rmux,rmux,idle,5,False,0.18,0.15,echo_ms,39,1.369002
latency,rmux,rmux,idle,5,False,0.18,0.15,echo_ms,40,1.34985
latency,rmux,rmux,idle,5,False,0.18,0.15,echo_ms,41,1.33241
latency,rmux,rmux,idle,5,False,0.18,0.15,echo_ms,42,1.31878
latency,rmux,rmux,idle,5,False,0.18,0.15,echo_ms,43,1.266261
latency,rmux,rmux,idle,5,False,0.18,0.15,echo_ms,44,1.280683
latency,rmux,rmux,idle,5,False,0.18,0.15,echo_ms,45,1.302625
latency,rmux,rmux,idle,5,False,0.18,0.15,echo_ms,46,1.413811
latency,rmux,rmux,idle,5,False,0.18,0.15,echo_ms,47,1.354131
latency,rmux,rmux,idle,5,False,0.18,0.15,echo_ms,48,1.223679
latency,rmux,rmux,idle,5,False,0.18,0.15,echo_ms,49,1.291696
latency,rmux,rmux,idle,5,False,0.18,0.15,echo_ms,50,1.369973
latency,rmux,rmux,idle,5,False,0.18,0.15,echo_ms,51,1.432093
latency,rmux,rmux,idle,5,False,0.18,0.15,echo_ms,52,1.389236
latency,rmux,rmux,idle,5,False,0.18,0.15,echo_ms,53,1.274308
latency,rmux,rmux,idle,5,False,0.18,0.15,echo_ms,54,1.254876
latency,rmux,rmux,idle,5,False,0.18,0.15,echo_ms,55,1.338479
latency,rmux,rmux,idle,5,False,0.18,0.15,echo_ms,56,1.301825
latency,rmux,rmux,idle,5,False,0.18,0.15,echo_ms,57,1.213344
latency,rmux,rmux,idle,5,False,0.18,0.15,echo_ms,58,1.257336
latency,rmux,rmux,idle,5,False,0.18,0.15,echo_ms,59,1.3863
latency,rmux,rmux,idle,5,False,0.18,0.15,echo_ms,60,1.341038
latency,rmux,rmux,idle,5,False,0.18,0.15,echo_ms,61,1.317692
latency,rmux,rmux,idle,5,False,0.18,0.15,echo_ms,62,1.33493
latency,rmux,rmux,idle,5,False,0.18,0.15,echo_ms,63,1.322422
latency,rmux,rmux,idle,5,False,0.18,0.15,echo_ms,64,1.364567
latency,rmux,rmux,idle,5,False,0.18,0.15,echo_ms,65,1.250188
latency,rmux,rmux,idle,5,False,0.18,0.15,echo_ms,66,1.319071
latency,rmux,rmux,idle,5,False,0.18,0.15,echo_ms,67,1.37466
latency,rmux,rmux,idle,5,False,0.18,0.15,echo_ms,68,1.189996
latency,rmux,rmux,idle,5,False,0.18,0.15,echo_ms,69,1.27545
latency,rmux,rmux,idle,5,False,0.18,0.15,echo_ms,70,1.261643
latency,rmux,rmux,idle,5,False,0.18,0.15,echo_ms,71,1.308024
latency,rmux,rmux,idle,5,False,0.18,0.15,echo_ms,72,1.259029
latency,rmux,rmux,idle,5,False,0.18,0.15,echo_ms,73,1.342436
latency,rmux,rmux,idle,5,False,0.18,0.15,echo_ms,74,1.321264
latency,rmux,rmux,idle,5,False,0.18,0.15,echo_ms,75,1.322513
latency,rmux,rmux,idle,5,False,0.18,0.15,echo_ms,76,1.263079
latency,rmux,rmux,idle,5,False,0.18,0.15,echo_ms,77,1.298313
latency,rmux,rmux,idle,5,False,0.18,0.15,echo_ms,78,1.32404
latency,rmux,rmux,idle,5,False,0.18,0.15,echo_ms,79,1.333603
latency,rmux,rmux,idle,5,False,0.18,0.15,echo_ms,80,1.292565
latency,rmux,rmux,idle,5,False,0.18,0.15,echo_ms,81,1.29355
latency,rmux,rmux,idle,5,False,0.18,0.15,echo_ms,82,1.270857
latency,rmux,rmux,idle,5,False,0.18,0.15,echo_ms,83,1.347994
latency,rmux,rmux,idle,5,False,0.18,0.15,echo_ms,84,1.246334
latency,rmux,rmux,idle,5,False,0.18,0.15,echo_ms,85,1.352337
latency,rmux,rmux,idle,5,False,0.18,0.15,echo_ms,86,1.359721
latency,rmux,rmux,idle,5,False,0.18,0.15,echo_ms,87,1.312895
latency,rmux,rmux,idle,5,False,0.18,0.15,echo_ms,88,1.284482
latency,rmux,rmux,idle,5,False,0.18,0.15,echo_ms,89,1.350038
latency,rmux,rmux,idle,5,False,0.18,0.15,echo_ms,90,1.248594
latency,rmux,rmux,idle,5,False,0.18,0.15,echo_ms,91,1.332267
latency,rmux,rmux,idle,5,False,0.18,0.15,echo_ms,92,1.369477
latency,rmux,rmux,idle,5,False,0.18,0.15,echo_ms,93,1.294478
latency,rmux,rmux,idle,5,False,0.18,0.15,echo_ms,94,1.30758
latency,rmux,rmux,idle,5,False,0.18,0.15,echo_ms,95,1.375159
latency,rmux,rmux,idle,5,False,0.18,0.15,echo_ms,96,1.296405
latency,rmux,rmux,idle,5,False,0.18,0.15,echo_ms,97,1.354682
latency,rmux,rmux,idle,5,False,0.18,0.15,echo_ms,98,1.124166
latency,rmux,rmux,idle,5,False,0.18,0.15,echo_ms,99,1.299197
latency,rmux,rmux,idle,5,False,0.18,0.15,timeouts,,0
latency,thurbox,tmux,idle,5,False,0.15,0.28,echo_ms,0,6.891122
latency,thurbox,tmux,idle,5,False,0.15,0.28,echo_ms,1,3.463162
latency,thurbox,tmux,idle,5,False,0.15,0.28,echo_ms,2,3.408367
latency,thurbox,tmux,idle,5,False,0.15,0.28,echo_ms,3,4.854062
latency,thurbox,tmux,idle,5,False,0.15,0.28,echo_ms,4,4.719173
latency,thurbox,tmux,idle,5,False,0.15,0.28,echo_ms,5,5.769965
latency,thurbox,tmux,idle,5,False,0.15,0.28,echo_ms,6,4.571108
latency,thurbox,tmux,idle,5,False,0.15,0.28,echo_ms,7,4.788803
latency,thurbox,tmux,idle,5,False,0.15,0.28,echo_ms,8,3.469917
latency,thurbox,tmux,idle,5,False,0.15,0.28,echo_ms,9,3.585903
latency,thurbox,tmux,idle,5,False,0.15,0.28,echo_ms,10,4.168072
latency,thurbox,tmux,idle,5,False,0.15,0.28,echo_ms,11,4.774127
latency,thurbox,tmux,idle,5,False,0.15,0.28,echo_ms,12,4.119442
latency,thurbox,tmux,idle,5,False,0.15,0.28,echo_ms,13,4.688362
latency,thurbox,tmux,idle,5,False,0.15,0.28,echo_ms,14,3.480197
latency,thurbox,tmux,idle,5,False,0.15,0.28,echo_ms,15,4.866169
latency,thurbox,tmux,idle,5,False,0.15,0.28,echo_ms,16,4.158447
latency,thurbox,tmux,idle,5,False,0.15,0.28,echo_ms,17,4.775462
latency,thurbox,tmux,idle,5,False,0.15,0.28,echo_ms,18,4.819763
latency,thurbox,tmux,idle,5,False,0.15,0.28,echo_ms,19,4.977725
latency,thurbox,tmux,idle,5,False,0.15,0.28,echo_ms,20,6.405569
latency,thurbox,tmux,idle,5,False,0.15,0.28,echo_ms,21,4.813857
latency,thurbox,tmux,idle,5,False,0.15,0.28,echo_ms,22,4.830739
latency,thurbox,tmux,idle,5,False,0.15,0.28,echo_ms,23,4.762924
latency,thurbox,tmux,idle,5,False,0.15,0.28,echo_ms,24,3.18282
latency,thurbox,tmux,idle,5,False,0.15,0.28,echo_ms,25,1.725617
latency,thurbox,tmux,idle,5,False,0.15,0.28,echo_ms,26,3.164737
latency,thurbox,tmux,idle,5,False,0.15,0.28,echo_ms,27,4.949572
latency,thurbox,tmux,idle,5,False,0.15,0.28,echo_ms,28,4.780579
latency,thurbox,tmux,idle,5,False,0.15,0.28,echo_ms,29,3.536608
latency,thurbox,tmux,idle,5,False,0.15,0.28,echo_ms,30,4.572215
latency,thurbox,tmux,idle,5,False,0.15,0.28,echo_ms,31,4.835596
latency,thurbox,tmux,idle,5,False,0.15,0.28,echo_ms,32,3.572401
latency,thurbox,tmux,idle,5,False,0.15,0.28,echo_ms,33,6.115024
latency,thurbox,tmux,idle,5,False,0.15,0.28,echo_ms,34,4.81217
latency,thurbox,tmux,idle,5,False,0.15,0.28,echo_ms,35,3.458429
latency,thurbox,tmux,idle,5,False,0.15,0.28,echo_ms,36,3.518345
latency,thurbox,tmux,idle,5,False,0.15,0.28,echo_ms,37,3.492051
latency,thurbox,tmux,idle,5,False,0.15,0.28,echo_ms,38,5.183865
latency,thurbox,tmux,idle,5,False,0.15,0.28,echo_ms,39,6.268397
latency,thurbox,tmux,idle,5,False,0.15,0.28,echo_ms,40,3.572353
latency,thurbox,tmux,idle,5,False,0.15,0.28,echo_ms,41,4.703691
latency,thurbox,tmux,idle,5,False,0.15,0.28,echo_ms,42,4.783436
latency,thurbox,tmux,idle,5,False,0.15,0.28,echo_ms,43,4.801457
latency,thurbox,tmux,idle,5,False,0.15,0.28,echo_ms,44,3.274815
latency,thurbox,tmux,idle,5,False,0.15,0.28,echo_ms,45,3.542803
latency,thurbox,tmux,idle,5,False,0.15,0.28,echo_ms,46,4.181165
latency,thurbox,tmux,idle,5,False,0.15,0.28,echo_ms,47,3.592011
latency,thurbox,tmux,idle,5,False,0.15,0.28,echo_ms,48,4.171313
latency,thurbox,tmux,idle,5,False,0.15,0.28,echo_ms,49,4.79741
latency,thurbox,tmux,idle,5,False,0.15,0.28,echo_ms,50,4.268281
latency,thurbox,tmux,idle,5,False,0.15,0.28,echo_ms,51,3.169607
latency,thurbox,tmux,idle,5,False,0.15,0.28,echo_ms,52,3.136638
latency,thurbox,tmux,idle,5,False,0.15,0.28,echo_ms,53,3.727937
latency,thurbox,tmux,idle,5,False,0.15,0.28,echo_ms,54,4.726922
latency,thurbox,tmux,idle,5,False,0.15,0.28,echo_ms,55,2.282767
latency,thurbox,tmux,idle,5,False,0.15,0.28,echo_ms,56,3.558017
latency,thurbox,tmux,idle,5,False,0.15,0.28,echo_ms,57,4.690113
latency,thurbox,tmux,idle,5,False,0.15,0.28,echo_ms,58,4.723695
latency,thurbox,tmux,idle,5,False,0.15,0.28,echo_ms,59,4.480885
latency,thurbox,tmux,idle,5,False,0.15,0.28,echo_ms,60,3.540504
latency,thurbox,tmux,idle,5,False,0.15,0.28,echo_ms,61,4.150077
latency,thurbox,tmux,idle,5,False,0.15,0.28,echo_ms,62,4.760718
latency,thurbox,tmux,idle,5,False,0.15,0.28,echo_ms,63,3.479264
latency,thurbox,tmux,idle,5,False,0.15,0.28,echo_ms,64,7.570718
latency,thurbox,tmux,idle,5,False,0.15,0.28,echo_ms,65,2.002309
latency,thurbox,tmux,idle,5,False,0.15,0.28,echo_ms,66,3.529365
latency,thurbox,tmux,idle,5,False,0.15,0.28,echo_ms,67,3.496711
latency,thurbox,tmux,idle,5,False,0.15,0.28,echo_ms,68,2.658834
latency,thurbox,tmux,idle,5,False,0.15,0.28,echo_ms,69,5.118738
latency,thurbox,tmux,idle,5,False,0.15,0.28,echo_ms,70,4.791452
latency,thurbox,tmux,idle,5,False,0.15,0.28,echo_ms,71,4.710249
latency,thurbox,tmux,idle,5,False,0.15,0.28,echo_ms,72,4.16775
latency,thurbox,tmux,idle,5,False,0.15,0.28,echo_ms,73,5.109522
latency,thurbox,tmux,idle,5,False,0.15,0.28,echo_ms,74,3.603464
latency,thurbox,tmux,idle,5,False,0.15,0.28,echo_ms,75,3.477332
latency,thurbox,tmux,idle,5,False,0.15,0.28,echo_ms,76,4.710116
latency,thurbox,tmux,idle,5,False,0.15,0.28,echo_ms,77,3.553072
latency,thurbox,tmux,idle,5,False,0.15,0.28,echo_ms,78,4.135439
latency,thurbox,tmux,idle,5,False,0.15,0.28,echo_ms,79,4.200149
latency,thurbox,tmux,idle,5,False,0.15,0.28,echo_ms,80,4.158839
latency,thurbox,tmux,idle,5,False,0.15,0.28,echo_ms,81,4.742821
latency,thurbox,tmux,idle,5,False,0.15,0.28,echo_ms,82,4.778842
latency,thurbox,tmux,idle,5,False,0.15,0.28,echo_ms,83,4.292536
latency,thurbox,tmux,idle,5,False,0.15,0.28,echo_ms,84,4.744367
latency,thurbox,tmux,idle,5,False,0.15,0.28,echo_ms,85,4.455019
latency,thurbox,tmux,idle,5,False,0.15,0.28,echo_ms,86,1.82097
latency,thurbox,tmux,idle,5,False,0.15,0.28,echo_ms,87,4.71812
latency,thurbox,tmux,idle,5,False,0.15,0.28,echo_ms,88,4.593697
latency,thurbox,tmux,idle,5,False,0.15,0.28,echo_ms,89,4.713411
latency,thurbox,tmux,idle,5,False,0.15,0.28,echo_ms,90,3.561454
latency,thurbox,tmux,idle,5,False,0.15,0.28,echo_ms,91,3.10361
latency,thurbox,tmux,idle,5,False,0.15,0.28,echo_ms,92,4.65372
latency,thurbox,tmux,idle,5,False,0.15,0.28,echo_ms,93,3.105707
latency,thurbox,tmux,idle,5,False,0.15,0.28,echo_ms,94,5.072599
latency,thurbox,tmux,idle,5,False,0.15,0.28,echo_ms,95,4.062616
latency,thurbox,tmux,idle,5,False,0.15,0.28,echo_ms,96,4.728425
latency,thurbox,tmux,idle,5,False,0.15,0.28,echo_ms,97,3.494838
latency,thurbox,tmux,idle,5,False,0.15,0.28,echo_ms,98,5.689333
latency,thurbox,tmux,idle,5,False,0.15,0.28,echo_ms,99,3.126659
latency,thurbox,tmux,idle,5,False,0.15,0.28,timeouts,,0
latency,tmux,tmux,idle,5,False,0.28,0.23,echo_ms,0,1.054404
latency,tmux,tmux,idle,5,False,0.28,0.23,echo_ms,1,1.037739
latency,tmux,tmux,idle,5,False,0.28,0.23,echo_ms,2,1.009414
latency,tmux,tmux,idle,5,False,0.28,0.23,echo_ms,3,0.949636
latency,tmux,tmux,idle,5,False,0.28,0.23,echo_ms,4,1.059436
latency,tmux,tmux,idle,5,False,0.28,0.23,echo_ms,5,1.035299
latency,tmux,tmux,idle,5,False,0.28,0.23,echo_ms,6,1.04282
latency,tmux,tmux,idle,5,False,0.28,0.23,echo_ms,7,1.043208
latency,tmux,tmux,idle,5,False,0.28,0.23,echo_ms,8,1.070204
latency,tmux,tmux,idle,5,False,0.28,0.23,echo_ms,9,1.092053
latency,tmux,tmux,idle,5,False,0.28,0.23,echo_ms,10,0.96048
latency,tmux,tmux,idle,5,False,0.28,0.23,echo_ms,11,1.038934
latency,tmux,tmux,idle,5,False,0.28,0.23,echo_ms,12,1.058526
latency,tmux,tmux,idle,5,False,0.28,0.23,echo_ms,13,1.060451
latency,tmux,tmux,idle,5,False,0.28,0.23,echo_ms,14,0.966975
latency,tmux,tmux,idle,5,False,0.28,0.23,echo_ms,15,0.971891
latency,tmux,tmux,idle,5,False,0.28,0.23,echo_ms,16,0.890215
latency,tmux,tmux,idle,5,False,0.28,0.23,echo_ms,17,1.050324
latency,tmux,tmux,idle,5,False,0.28,0.23,echo_ms,18,0.976214
latency,tmux,tmux,idle,5,False,0.28,0.23,echo_ms,19,1.006703
latency,tmux,tmux,idle,5,False,0.28,0.23,echo_ms,20,0.972135
latency,tmux,tmux,idle,5,False,0.28,0.23,echo_ms,21,1.02732
latency,tmux,tmux,idle,5,False,0.28,0.23,echo_ms,22,1.010413
latency,tmux,tmux,idle,5,False,0.28,0.23,echo_ms,23,1.022742
latency,tmux,tmux,idle,5,False,0.28,0.23,echo_ms,24,1.079499
latency,tmux,tmux,idle,5,False,0.28,0.23,echo_ms,25,1.05912
latency,tmux,tmux,idle,5,False,0.28,0.23,echo_ms,26,1.074362
latency,tmux,tmux,idle,5,False,0.28,0.23,echo_ms,27,1.066958
latency,tmux,tmux,idle,5,False,0.28,0.23,echo_ms,28,1.059686
latency,tmux,tmux,idle,5,False,0.28,0.23,echo_ms,29,0.80683
latency,tmux,tmux,idle,5,False,0.28,0.23,echo_ms,30,1.028273
latency,tmux,tmux,idle,5,False,0.28,0.23,echo_ms,31,1.044069
latency,tmux,tmux,idle,5,False,0.28,0.23,echo_ms,32,1.023496
latency,tmux,tmux,idle,5,False,0.28,0.23,echo_ms,33,1.06075
latency,tmux,tmux,idle,5,False,0.28,0.23,echo_ms,34,0.995708
latency,tmux,tmux,idle,5,False,0.28,0.23,echo_ms,35,0.931269
latency,tmux,tmux,idle,5,False,0.28,0.23,echo_ms,36,1.035348
latency,tmux,tmux,idle,5,False,0.28,0.23,echo_ms,37,1.066735
latency,tmux,tmux,idle,5,False,0.28,0.23,echo_ms,38,1.081022
latency,tmux,tmux,idle,5,False,0.28,0.23,echo_ms,39,1.101548
latency,tmux,tmux,idle,5,False,0.28,0.23,echo_ms,40,1.072431
latency,tmux,tmux,idle,5,False,0.28,0.23,echo_ms,41,1.048367
latency,tmux,tmux,idle,5,False,0.28,0.23,echo_ms,42,1.049257
latency,tmux,tmux,idle,5,False,0.28,0.23,echo_ms,43,1.032358
latency,tmux,tmux,idle,5,False,0.28,0.23,echo_ms,44,1.045866
latency,tmux,tmux,idle,5,False,0.28,0.23,echo_ms,45,1.067055
latency,tmux,tmux,idle,5,False,0.28,0.23,echo_ms,46,1.09857
latency,tmux,tmux,idle,5,False,0.28,0.23,echo_ms,47,1.0448
latency,tmux,tmux,idle,5,False,0.28,0.23,echo_ms,48,1.09938
latency,tmux,tmux,idle,5,False,0.28,0.23,echo_ms,49,1.077339
latency,tmux,tmux,idle,5,False,0.28,0.23,echo_ms,50,1.050018
latency,tmux,tmux,idle,5,False,0.28,0.23,echo_ms,51,1.011099
latency,tmux,tmux,idle,5,False,0.28,0.23,echo_ms,52,1.045706
latency,tmux,tmux,idle,5,False,0.28,0.23,echo_ms,53,1.040076
latency,tmux,tmux,idle,5,False,0.28,0.23,echo_ms,54,1.101504
latency,tmux,tmux,idle,5,False,0.28,0.23,echo_ms,55,1.025726
latency,tmux,tmux,idle,5,False,0.28,0.23,echo_ms,56,1.106115
latency,tmux,tmux,idle,5,False,0.28,0.23,echo_ms,57,0.98472
latency,tmux,tmux,idle,5,False,0.28,0.23,echo_ms,58,1.051689
latency,tmux,tmux,idle,5,False,0.28,0.23,echo_ms,59,0.968323
latency,tmux,tmux,idle,5,False,0.28,0.23,echo_ms,60,1.044307
latency,tmux,tmux,idle,5,False,0.28,0.23,echo_ms,61,1.042277
latency,tmux,tmux,idle,5,False,0.28,0.23,echo_ms,62,1.044799
latency,tmux,tmux,idle,5,False,0.28,0.23,echo_ms,63,1.078716
latency,tmux,tmux,idle,5,False,0.28,0.23,echo_ms,64,0.972681
latency,tmux,tmux,idle,5,False,0.28,0.23,echo_ms,65,0.988365
latency,tmux,tmux,idle,5,False,0.28,0.23,echo_ms,66,0.964197
latency,tmux,tmux,idle,5,False,0.28,0.23,echo_ms,67,0.931763
latency,tmux,tmux,idle,5,False,0.28,0.23,echo_ms,68,0.93376
latency,tmux,tmux,idle,5,False,0.28,0.23,echo_ms,69,0.972336
latency,tmux,tmux,idle,5,False,0.28,0.23,echo_ms,70,0.951576
latency,tmux,tmux,idle,5,False,0.28,0.23,echo_ms,71,0.996078
latency,tmux,tmux,idle,5,False,0.28,0.23,echo_ms,72,0.883075
latency,tmux,tmux,idle,5,False,0.28,0.23,echo_ms,73,0.982774
latency,tmux,tmux,idle,5,False,0.28,0.23,echo_ms,74,1.050466
latency,tmux,tmux,idle,5,False,0.28,0.23,echo_ms,75,0.9559
latency,tmux,tmux,idle,5,False,0.28,0.23,echo_ms,76,1.041362
latency,tmux,tmux,idle,5,False,0.28,0.23,echo_ms,77,1.063312
latency,tmux,tmux,idle,5,False,0.28,0.23,echo_ms,78,1.067161
latency,tmux,tmux,idle,5,False,0.28,0.23,echo_ms,79,1.033955
latency,tmux,tmux,idle,5,False,0.28,0.23,echo_ms,80,1.069315
latency,tmux,tmux,idle,5,False,0.28,0.23,echo_ms,81,1.042797
latency,tmux,tmux,idle,5,False,0.28,0.23,echo_ms,82,1.069327
latency,tmux,tmux,idle,5,False,0.28,0.23,echo_ms,83,1.081811
latency,tmux,tmux,idle,5,False,0.28,0.23,echo_ms,84,1.080814
latency,tmux,tmux,idle,5,False,0.28,0.23,echo_ms,85,1.035567
latency,tmux,tmux,idle,5,False,0.28,0.23,echo_ms,86,1.050886
latency,tmux,tmux,idle,5,False,0.28,0.23,echo_ms,87,1.045134
latency,tmux,tmux,idle,5,False,0.28,0.23,echo_ms,88,1.060559
latency,tmux,tmux,idle,5,False,0.28,0.23,echo_ms,89,0.946248
latency,tmux,tmux,idle,5,False,0.28,0.23,echo_ms,90,1.034014
latency,tmux,tmux,idle,5,False,0.28,0.23,echo_ms,91,1.061754
latency,tmux,tmux,idle,5,False,0.28,0.23,echo_ms,92,1.080801
latency,tmux,tmux,idle,5,False,0.28,0.23,echo_ms,93,1.072591
latency,tmux,tmux,idle,5,False,0.28,0.23,echo_ms,94,1.062286
latency,tmux,tmux,idle,5,False,0.28,0.23,echo_ms,95,1.068036
latency,tmux,tmux,idle,5,False,0.28,0.23,echo_ms,96,0.988376
latency,tmux,tmux,idle,5,False,0.28,0.23,echo_ms,97,1.02053
latency,tmux,tmux,idle,5,False,0.28,0.23,echo_ms,98,1.056925
latency,tmux,tmux,idle,5,False,0.28,0.23,echo_ms,99,1.055669
latency,tmux,tmux,idle,5,False,0.28,0.23,timeouts,,0
latency,tmux,tmux,other-busy,0,True,0.23,0.35,echo_ms,0,0.754848
latency,tmux,tmux,other-busy,0,True,0.23,0.35,echo_ms,1,0.607433
latency,tmux,tmux,other-busy,0,True,0.23,0.35,echo_ms,2,0.847181
latency,tmux,tmux,other-busy,0,True,0.23,0.35,echo_ms,3,0.801116
latency,tmux,tmux,other-busy,0,True,0.23,0.35,echo_ms,4,0.639388
latency,tmux,tmux,other-busy,0,True,0.23,0.35,echo_ms,5,0.635659
latency,tmux,tmux,other-busy,0,True,0.23,0.35,echo_ms,6,0.632487
latency,tmux,tmux,other-busy,0,True,0.23,0.35,echo_ms,7,0.562145
latency,tmux,tmux,other-busy,0,True,0.23,0.35,echo_ms,8,0.587829
latency,tmux,tmux,other-busy,0,True,0.23,0.35,echo_ms,9,0.514237
latency,tmux,tmux,other-busy,0,True,0.23,0.35,echo_ms,10,0.7426
latency,tmux,tmux,other-busy,0,True,0.23,0.35,echo_ms,11,0.789411
latency,tmux,tmux,other-busy,0,True,0.23,0.35,echo_ms,12,0.612862
latency,tmux,tmux,other-busy,0,True,0.23,0.35,echo_ms,13,0.766671
latency,tmux,tmux,other-busy,0,True,0.23,0.35,echo_ms,14,0.689297
latency,tmux,tmux,other-busy,0,True,0.23,0.35,echo_ms,15,0.59809
latency,tmux,tmux,other-busy,0,True,0.23,0.35,echo_ms,16,0.896997
latency,tmux,tmux,other-busy,0,True,0.23,0.35,echo_ms,17,0.868978
latency,tmux,tmux,other-busy,0,True,0.23,0.35,echo_ms,18,0.600291
latency,tmux,tmux,other-busy,0,True,0.23,0.35,echo_ms,19,0.696883
latency,tmux,tmux,other-busy,0,True,0.23,0.35,echo_ms,20,0.654675
latency,tmux,tmux,other-busy,0,True,0.23,0.35,echo_ms,21,0.722944
latency,tmux,tmux,other-busy,0,True,0.23,0.35,echo_ms,22,0.603618
latency,tmux,tmux,other-busy,0,True,0.23,0.35,echo_ms,23,0.590542
latency,tmux,tmux,other-busy,0,True,0.23,0.35,echo_ms,24,0.867494
latency,tmux,tmux,other-busy,0,True,0.23,0.35,echo_ms,25,0.75691
latency,tmux,tmux,other-busy,0,True,0.23,0.35,echo_ms,26,0.925519
latency,tmux,tmux,other-busy,0,True,0.23,0.35,echo_ms,27,0.767425
latency,tmux,tmux,other-busy,0,True,0.23,0.35,echo_ms,28,0.596165
latency,tmux,tmux,other-busy,0,True,0.23,0.35,echo_ms,29,0.811698
latency,tmux,tmux,other-busy,0,True,0.23,0.35,echo_ms,30,0.231434
latency,tmux,tmux,other-busy,0,True,0.23,0.35,echo_ms,31,0.581999
latency,tmux,tmux,other-busy,0,True,0.23,0.35,echo_ms,32,0.616971
latency,tmux,tmux,other-busy,0,True,0.23,0.35,echo_ms,33,0.853246
latency,tmux,tmux,other-busy,0,True,0.23,0.35,echo_ms,34,0.750601
latency,tmux,tmux,other-busy,0,True,0.23,0.35,echo_ms,35,0.531553
latency,tmux,tmux,other-busy,0,True,0.23,0.35,echo_ms,36,0.516147
latency,tmux,tmux,other-busy,0,True,0.23,0.35,echo_ms,37,0.788099
latency,tmux,tmux,other-busy,0,True,0.23,0.35,echo_ms,38,0.765014
latency,tmux,tmux,other-busy,0,True,0.23,0.35,echo_ms,39,0.702859
latency,tmux,tmux,other-busy,0,True,0.23,0.35,echo_ms,40,0.694221
latency,tmux,tmux,other-busy,0,True,0.23,0.35,echo_ms,41,0.68895
latency,tmux,tmux,other-busy,0,True,0.23,0.35,echo_ms,42,0.560726
latency,tmux,tmux,other-busy,0,True,0.23,0.35,echo_ms,43,0.743511
latency,tmux,tmux,other-busy,0,True,0.23,0.35,echo_ms,44,0.685683
latency,tmux,tmux,other-busy,0,True,0.23,0.35,echo_ms,45,0.934025
latency,tmux,tmux,other-busy,0,True,0.23,0.35,echo_ms,46,0.745471
latency,tmux,tmux,other-busy,0,True,0.23,0.35,echo_ms,47,0.543833
latency,tmux,tmux,other-busy,0,True,0.23,0.35,echo_ms,48,0.762987
latency,tmux,tmux,other-busy,0,True,0.23,0.35,echo_ms,49,0.738847
latency,tmux,tmux,other-busy,0,True,0.23,0.35,echo_ms,50,0.704642
latency,tmux,tmux,other-busy,0,True,0.23,0.35,echo_ms,51,0.678909
latency,tmux,tmux,other-busy,0,True,0.23,0.35,echo_ms,52,0.719661
latency,tmux,tmux,other-busy,0,True,0.23,0.35,echo_ms,53,0.803475
latency,tmux,tmux,other-busy,0,True,0.23,0.35,echo_ms,54,0.664418
latency,tmux,tmux,other-busy,0,True,0.23,0.35,echo_ms,55,0.706194
latency,tmux,tmux,other-busy,0,True,0.23,0.35,echo_ms,56,0.537316
latency,tmux,tmux,other-busy,0,True,0.23,0.35,echo_ms,57,0.689125
latency,tmux,tmux,other-busy,0,True,0.23,0.35,echo_ms,58,0.675414
latency,tmux,tmux,other-busy,0,True,0.23,0.35,echo_ms,59,0.757277
latency,tmux,tmux,other-busy,0,True,0.23,0.35,echo_ms,60,0.557516
latency,tmux,tmux,other-busy,0,True,0.23,0.35,echo_ms,61,0.572393
latency,tmux,tmux,other-busy,0,True,0.23,0.35,echo_ms,62,0.542586
latency,tmux,tmux,other-busy,0,True,0.23,0.35,echo_ms,63,0.725224
latency,tmux,tmux,other-busy,0,True,0.23,0.35,echo_ms,64,0.833998
latency,tmux,tmux,other-busy,0,True,0.23,0.35,echo_ms,65,0.81806
latency,tmux,tmux,other-busy,0,True,0.23,0.35,echo_ms,66,0.814882
latency,tmux,tmux,other-busy,0,True,0.23,0.35,echo_ms,67,0.531419
latency,tmux,tmux,other-busy,0,True,0.23,0.35,echo_ms,68,0.747471
latency,tmux,tmux,other-busy,0,True,0.23,0.35,echo_ms,69,0.484317
latency,tmux,tmux,other-busy,0,True,0.23,0.35,echo_ms,70,0.793803
latency,tmux,tmux,other-busy,0,True,0.23,0.35,echo_ms,71,0.785075
latency,tmux,tmux,other-busy,0,True,0.23,0.35,echo_ms,72,0.622337
latency,tmux,tmux,other-busy,0,True,0.23,0.35,echo_ms,73,0.872293
latency,tmux,tmux,other-busy,0,True,0.23,0.35,echo_ms,74,0.637246
latency,tmux,tmux,other-busy,0,True,0.23,0.35,echo_ms,75,0.716176
latency,tmux,tmux,other-busy,0,True,0.23,0.35,echo_ms,76,0.520593
latency,tmux,tmux,other-busy,0,True,0.23,0.35,echo_ms,77,0.555369
latency,tmux,tmux,other-busy,0,True,0.23,0.35,echo_ms,78,0.670885
latency,tmux,tmux,other-busy,0,True,0.23,0.35,echo_ms,79,0.840651
latency,tmux,tmux,other-busy,0,True,0.23,0.35,echo_ms,80,0.694907
latency,tmux,tmux,other-busy,0,True,0.23,0.35,echo_ms,81,1.004946
latency,tmux,tmux,other-busy,0,True,0.23,0.35,echo_ms,82,0.647021
latency,tmux,tmux,other-busy,0,True,0.23,0.35,echo_ms,83,0.816926
latency,tmux,tmux,other-busy,0,True,0.23,0.35,echo_ms,84,0.762752
latency,tmux,tmux,other-busy,0,True,0.23,0.35,echo_ms,85,0.702908
latency,tmux,tmux,other-busy,0,True,0.23,0.35,echo_ms,86,0.608628
latency,tmux,tmux,other-busy,0,True,0.23,0.35,echo_ms,87,0.679652
latency,tmux,tmux,other-busy,0,True,0.23,0.35,echo_ms,88,0.619735
latency,tmux,tmux,other-busy,0,True,0.23,0.35,echo_ms,89,0.681887
latency,tmux,tmux,other-busy,0,True,0.23,0.35,echo_ms,90,0.790045
latency,tmux,tmux,other-busy,0,True,0.23,0.35,echo_ms,91,0.699184
latency,tmux,tmux,other-busy,0,True,0.23,0.35,echo_ms,92,0.598946
latency,tmux,tmux,other-busy,0,True,0.23,0.35,echo_ms,93,0.698174
latency,tmux,tmux,other-busy,0,True,0.23,0.35,echo_ms,94,0.55344
latency,tmux,tmux,other-busy,0,True,0.23,0.35,echo_ms,95,0.567945
latency,tmux,tmux,other-busy,0,True,0.23,0.35,echo_ms,96,0.784148
latency,tmux,tmux,other-busy,0,True,0.23,0.35,echo_ms,97,0.769475
latency,tmux,tmux,other-busy,0,True,0.23,0.35,echo_ms,98,0.694111
latency,tmux,tmux,other-busy,0,True,0.23,0.35,echo_ms,99,0.658613
latency,tmux,tmux,other-busy,0,True,0.23,0.35,timeouts,,0
latency,herdr,herdr,other-busy,0,True,0.35,0.53,echo_ms,0,0.466677
latency,herdr,herdr,other-busy,0,True,0.35,0.53,echo_ms,1,0.518763
latency,herdr,herdr,other-busy,0,True,0.35,0.53,echo_ms,2,0.46734
latency,herdr,herdr,other-busy,0,True,0.35,0.53,echo_ms,3,0.491014
latency,herdr,herdr,other-busy,0,True,0.35,0.53,echo_ms,4,0.45125
latency,herdr,herdr,other-busy,0,True,0.35,0.53,echo_ms,5,0.502195
latency,herdr,herdr,other-busy,0,True,0.35,0.53,echo_ms,6,0.481038
latency,herdr,herdr,other-busy,0,True,0.35,0.53,echo_ms,7,0.454716
latency,herdr,herdr,other-busy,0,True,0.35,0.53,echo_ms,8,0.419259
latency,herdr,herdr,other-busy,0,True,0.35,0.53,echo_ms,9,0.488535
latency,herdr,herdr,other-busy,0,True,0.35,0.53,echo_ms,10,0.416007
latency,herdr,herdr,other-busy,0,True,0.35,0.53,echo_ms,11,0.489925
latency,herdr,herdr,other-busy,0,True,0.35,0.53,echo_ms,12,0.458838
latency,herdr,herdr,other-busy,0,True,0.35,0.53,echo_ms,13,0.44053
latency,herdr,herdr,other-busy,0,True,0.35,0.53,echo_ms,14,0.440619
latency,herdr,herdr,other-busy,0,True,0.35,0.53,echo_ms,15,0.50212
latency,herdr,herdr,other-busy,0,True,0.35,0.53,echo_ms,16,0.475528
latency,herdr,herdr,other-busy,0,True,0.35,0.53,echo_ms,17,0.474266
latency,herdr,herdr,other-busy,0,True,0.35,0.53,echo_ms,18,0.486002
latency,herdr,herdr,other-busy,0,True,0.35,0.53,echo_ms,19,0.576286
latency,herdr,herdr,other-busy,0,True,0.35,0.53,echo_ms,20,0.521111
latency,herdr,herdr,other-busy,0,True,0.35,0.53,echo_ms,21,0.458725
latency,herdr,herdr,other-busy,0,True,0.35,0.53,echo_ms,22,0.458254
latency,herdr,herdr,other-busy,0,True,0.35,0.53,echo_ms,23,0.51336
latency,herdr,herdr,other-busy,0,True,0.35,0.53,echo_ms,24,0.455589
latency,herdr,herdr,other-busy,0,True,0.35,0.53,echo_ms,25,0.439075
latency,herdr,herdr,other-busy,0,True,0.35,0.53,echo_ms,26,0.43649
latency,herdr,herdr,other-busy,0,True,0.35,0.53,echo_ms,27,0.433868
latency,herdr,herdr,other-busy,0,True,0.35,0.53,echo_ms,28,0.484751
latency,herdr,herdr,other-busy,0,True,0.35,0.53,echo_ms,29,0.420322
latency,herdr,herdr,other-busy,0,True,0.35,0.53,echo_ms,30,0.947923
latency,herdr,herdr,other-busy,0,True,0.35,0.53,echo_ms,31,0.434857
latency,herdr,herdr,other-busy,0,True,0.35,0.53,echo_ms,32,0.479288
latency,herdr,herdr,other-busy,0,True,0.35,0.53,echo_ms,33,0.531917
latency,herdr,herdr,other-busy,0,True,0.35,0.53,echo_ms,34,0.473305
latency,herdr,herdr,other-busy,0,True,0.35,0.53,echo_ms,35,0.439858
latency,herdr,herdr,other-busy,0,True,0.35,0.53,echo_ms,36,0.485465
latency,herdr,herdr,other-busy,0,True,0.35,0.53,echo_ms,37,0.484083
latency,herdr,herdr,other-busy,0,True,0.35,0.53,echo_ms,38,0.525529
latency,herdr,herdr,other-busy,0,True,0.35,0.53,echo_ms,39,0.725325
latency,herdr,herdr,other-busy,0,True,0.35,0.53,echo_ms,40,0.425639
latency,herdr,herdr,other-busy,0,True,0.35,0.53,echo_ms,41,0.463549
latency,herdr,herdr,other-busy,0,True,0.35,0.53,echo_ms,42,0.538724
latency,herdr,herdr,other-busy,0,True,0.35,0.53,echo_ms,43,0.450651
latency,herdr,herdr,other-busy,0,True,0.35,0.53,echo_ms,44,0.429242
latency,herdr,herdr,other-busy,0,True,0.35,0.53,echo_ms,45,0.415891
latency,herdr,herdr,other-busy,0,True,0.35,0.53,echo_ms,46,0.513119
latency,herdr,herdr,other-busy,0,True,0.35,0.53,echo_ms,47,0.523701
latency,herdr,herdr,other-busy,0,True,0.35,0.53,echo_ms,48,0.433024
latency,herdr,herdr,other-busy,0,True,0.35,0.53,echo_ms,49,0.444225
latency,herdr,herdr,other-busy,0,True,0.35,0.53,echo_ms,50,0.532536
latency,herdr,herdr,other-busy,0,True,0.35,0.53,echo_ms,51,0.4666
latency,herdr,herdr,other-busy,0,True,0.35,0.53,echo_ms,52,1.274355
latency,herdr,herdr,other-busy,0,True,0.35,0.53,echo_ms,53,0.485811
latency,herdr,herdr,other-busy,0,True,0.35,0.53,echo_ms,54,0.45484
latency,herdr,herdr,other-busy,0,True,0.35,0.53,echo_ms,55,0.441823
latency,herdr,herdr,other-busy,0,True,0.35,0.53,echo_ms,56,0.415271
latency,herdr,herdr,other-busy,0,True,0.35,0.53,echo_ms,57,0.481255
latency,herdr,herdr,other-busy,0,True,0.35,0.53,echo_ms,58,0.461221
latency,herdr,herdr,other-busy,0,True,0.35,0.53,echo_ms,59,0.574888
latency,herdr,herdr,other-busy,0,True,0.35,0.53,echo_ms,60,0.425401
latency,herdr,herdr,other-busy,0,True,0.35,0.53,echo_ms,61,0.500101
latency,herdr,herdr,other-busy,0,True,0.35,0.53,echo_ms,62,0.477477
latency,herdr,herdr,other-busy,0,True,0.35,0.53,echo_ms,63,0.415631
latency,herdr,herdr,other-busy,0,True,0.35,0.53,echo_ms,64,0.494454
latency,herdr,herdr,other-busy,0,True,0.35,0.53,echo_ms,65,0.478519
latency,herdr,herdr,other-busy,0,True,0.35,0.53,echo_ms,66,0.455445
latency,herdr,herdr,other-busy,0,True,0.35,0.53,echo_ms,67,0.454009
latency,herdr,herdr,other-busy,0,True,0.35,0.53,echo_ms,68,0.468273
latency,herdr,herdr,other-busy,0,True,0.35,0.53,echo_ms,69,0.475424
latency,herdr,herdr,other-busy,0,True,0.35,0.53,echo_ms,70,0.44061
latency,herdr,herdr,other-busy,0,True,0.35,0.53,echo_ms,71,0.59663
latency,herdr,herdr,other-busy,0,True,0.35,0.53,echo_ms,72,0.42858
latency,herdr,herdr,other-busy,0,True,0.35,0.53,echo_ms,73,0.497198
latency,herdr,herdr,other-busy,0,True,0.35,0.53,echo_ms,74,0.472825
latency,herdr,herdr,other-busy,0,True,0.35,0.53,echo_ms,75,0.463105
latency,herdr,herdr,other-busy,0,True,0.35,0.53,echo_ms,76,0.428251
latency,herdr,herdr,other-busy,0,True,0.35,0.53,echo_ms,77,0.404762
latency,herdr,herdr,other-busy,0,True,0.35,0.53,echo_ms,78,0.419877
latency,herdr,herdr,other-busy,0,True,0.35,0.53,echo_ms,79,0.468207
latency,herdr,herdr,other-busy,0,True,0.35,0.53,echo_ms,80,0.436778
latency,herdr,herdr,other-busy,0,True,0.35,0.53,echo_ms,81,0.440236
latency,herdr,herdr,other-busy,0,True,0.35,0.53,echo_ms,82,0.426813
latency,herdr,herdr,other-busy,0,True,0.35,0.53,echo_ms,83,0.425579
latency,herdr,herdr,other-busy,0,True,0.35,0.53,echo_ms,84,0.548277
latency,herdr,herdr,other-busy,0,True,0.35,0.53,echo_ms,85,0.55691
latency,herdr,herdr,other-busy,0,True,0.35,0.53,echo_ms,86,0.444987
latency,herdr,herdr,other-busy,0,True,0.35,0.53,echo_ms,87,0.530695
latency,herdr,herdr,other-busy,0,True,0.35,0.53,echo_ms,88,0.420993
latency,herdr,herdr,other-busy,0,True,0.35,0.53,echo_ms,89,0.459776
latency,herdr,herdr,other-busy,0,True,0.35,0.53,echo_ms,90,0.44338
latency,herdr,herdr,other-busy,0,True,0.35,0.53,echo_ms,91,0.43632
latency,herdr,herdr,other-busy,0,True,0.35,0.53,echo_ms,92,0.469704
latency,herdr,herdr,other-busy,0,True,0.35,0.53,echo_ms,93,0.440444
latency,herdr,herdr,other-busy,0,True,0.35,0.53,echo_ms,94,0.430989
latency,herdr,herdr,other-busy,0,True,0.35,0.53,echo_ms,95,0.431476
latency,herdr,herdr,other-busy,0,True,0.35,0.53,echo_ms,96,0.476573
latency,herdr,herdr,other-busy,0,True,0.35,0.53,echo_ms,97,0.46363
latency,herdr,herdr,other-busy,0,True,0.35,0.53,echo_ms,98,0.485609
latency,herdr,herdr,other-busy,0,True,0.35,0.53,echo_ms,99,0.519964
latency,herdr,herdr,other-busy,0,True,0.35,0.53,timeouts,,0
latency,rmux,rmux,other-busy,0,True,0.53,0.6,echo_ms,0,0.564414
latency,rmux,rmux,other-busy,0,True,0.53,0.6,echo_ms,1,0.911339
latency,rmux,rmux,other-busy,0,True,0.53,0.6,echo_ms,2,0.677142
latency,rmux,rmux,other-busy,0,True,0.53,0.6,echo_ms,3,1.35532
latency,rmux,rmux,other-busy,0,True,0.53,0.6,echo_ms,4,9.60662
latency,rmux,rmux,other-busy,0,True,0.53,0.6,echo_ms,5,1.030467
latency,rmux,rmux,other-busy,0,True,0.53,0.6,echo_ms,6,1.812777
latency,rmux,rmux,other-busy,0,True,0.53,0.6,echo_ms,7,3.613975
latency,rmux,rmux,other-busy,0,True,0.53,0.6,echo_ms,8,1.333851
latency,rmux,rmux,other-busy,0,True,0.53,0.6,echo_ms,9,7.457295
latency,rmux,rmux,other-busy,0,True,0.53,0.6,echo_ms,10,0.553646
latency,rmux,rmux,other-busy,0,True,0.53,0.6,echo_ms,11,0.442612
latency,rmux,rmux,other-busy,0,True,0.53,0.6,echo_ms,12,13.982302
latency,rmux,rmux,other-busy,0,True,0.53,0.6,echo_ms,13,1.156398
latency,rmux,rmux,other-busy,0,True,0.53,0.6,echo_ms,14,2.56812
latency,rmux,rmux,other-busy,0,True,0.53,0.6,echo_ms,15,0.759962
latency,rmux,rmux,other-busy,0,True,0.53,0.6,echo_ms,16,3.041903
latency,rmux,rmux,other-busy,0,True,0.53,0.6,echo_ms,17,2.994146
latency,rmux,rmux,other-busy,0,True,0.53,0.6,echo_ms,18,0.408802
latency,rmux,rmux,other-busy,0,True,0.53,0.6,echo_ms,19,5.190514
latency,rmux,rmux,other-busy,0,True,0.53,0.6,echo_ms,20,2.169773
latency,rmux,rmux,other-busy,0,True,0.53,0.6,echo_ms,21,0.957342
latency,rmux,rmux,other-busy,0,True,0.53,0.6,echo_ms,22,2.901294
latency,rmux,rmux,other-busy,0,True,0.53,0.6,echo_ms,23,1.394035
latency,rmux,rmux,other-busy,0,True,0.53,0.6,echo_ms,24,1.108849
latency,rmux,rmux,other-busy,0,True,0.53,0.6,echo_ms,25,2.038088
latency,rmux,rmux,other-busy,0,True,0.53,0.6,echo_ms,26,0.726181
latency,rmux,rmux,other-busy,0,True,0.53,0.6,echo_ms,27,0.829773
latency,rmux,rmux,other-busy,0,True,0.53,0.6,echo_ms,28,4.729493
latency,rmux,rmux,other-busy,0,True,0.53,0.6,echo_ms,29,0.194232
latency,rmux,rmux,other-busy,0,True,0.53,0.6,echo_ms,30,0.842757
latency,rmux,rmux,other-busy,0,True,0.53,0.6,echo_ms,31,0.576362
latency,rmux,rmux,other-busy,0,True,0.53,0.6,echo_ms,32,1.218587
latency,rmux,rmux,other-busy,0,True,0.53,0.6,echo_ms,33,3.899306
latency,rmux,rmux,other-busy,0,True,0.53,0.6,echo_ms,34,5.433788
latency,rmux,rmux,other-busy,0,True,0.53,0.6,echo_ms,35,1.032865
latency,rmux,rmux,other-busy,0,True,0.53,0.6,echo_ms,36,0.710275
latency,rmux,rmux,other-busy,0,True,0.53,0.6,echo_ms,37,5.442285
latency,rmux,rmux,other-busy,0,True,0.53,0.6,echo_ms,38,1.206854
latency,rmux,rmux,other-busy,0,True,0.53,0.6,echo_ms,39,1.049301
latency,rmux,rmux,other-busy,0,True,0.53,0.6,echo_ms,40,4.414086
latency,rmux,rmux,other-busy,0,True,0.53,0.6,echo_ms,41,0.766033
latency,rmux,rmux,other-busy,0,True,0.53,0.6,echo_ms,42,2.305706
latency,rmux,rmux,other-busy,0,True,0.53,0.6,echo_ms,43,1.362564
latency,rmux,rmux,other-busy,0,True,0.53,0.6,echo_ms,44,6.043919
latency,rmux,rmux,other-busy,0,True,0.53,0.6,echo_ms,45,0.934775
latency,rmux,rmux,other-busy,0,True,0.53,0.6,echo_ms,46,2.011925
latency,rmux,rmux,other-busy,0,True,0.53,0.6,echo_ms,47,1.272986
latency,rmux,rmux,other-busy,0,True,0.53,0.6,echo_ms,48,1.103096
latency,rmux,rmux,other-busy,0,True,0.53,0.6,echo_ms,49,0.842455
latency,rmux,rmux,other-busy,0,True,0.53,0.6,echo_ms,50,1.434084
latency,rmux,rmux,other-busy,0,True,0.53,0.6,echo_ms,51,0.603905
latency,rmux,rmux,other-busy,0,True,0.53,0.6,echo_ms,52,1.9849
latency,rmux,rmux,other-busy,0,True,0.53,0.6,echo_ms,53,1.949458
latency,rmux,rmux,other-busy,0,True,0.53,0.6,echo_ms,54,7.49191
latency,rmux,rmux,other-busy,0,True,0.53,0.6,echo_ms,55,0.395833
latency,rmux,rmux,other-busy,0,True,0.53,0.6,echo_ms,56,4.928124
latency,rmux,rmux,other-busy,0,True,0.53,0.6,echo_ms,57,0.614058
latency,rmux,rmux,other-busy,0,True,0.53,0.6,echo_ms,58,14.809922
latency,rmux,rmux,other-busy,0,True,0.53,0.6,echo_ms,59,1.351402
latency,rmux,rmux,other-busy,0,True,0.53,0.6,echo_ms,60,0.655672
latency,rmux,rmux,other-busy,0,True,0.53,0.6,echo_ms,61,0.767855
latency,rmux,rmux,other-busy,0,True,0.53,0.6,echo_ms,62,3.64831
latency,rmux,rmux,other-busy,0,True,0.53,0.6,echo_ms,63,0.486533
latency,rmux,rmux,other-busy,0,True,0.53,0.6,echo_ms,64,2.740101
latency,rmux,rmux,other-busy,0,True,0.53,0.6,echo_ms,65,0.593291
latency,rmux,rmux,other-busy,0,True,0.53,0.6,echo_ms,66,6.925103
latency,rmux,rmux,other-busy,0,True,0.53,0.6,echo_ms,67,2.5091
latency,rmux,rmux,other-busy,0,True,0.53,0.6,echo_ms,68,0.632853
latency,rmux,rmux,other-busy,0,True,0.53,0.6,echo_ms,69,7.299081
latency,rmux,rmux,other-busy,0,True,0.53,0.6,echo_ms,70,0.622827
latency,rmux,rmux,other-busy,0,True,0.53,0.6,echo_ms,71,2.628431
latency,rmux,rmux,other-busy,0,True,0.53,0.6,echo_ms,72,3.535188
latency,rmux,rmux,other-busy,0,True,0.53,0.6,echo_ms,73,4.79169
latency,rmux,rmux,other-busy,0,True,0.53,0.6,echo_ms,74,5.636253
latency,rmux,rmux,other-busy,0,True,0.53,0.6,echo_ms,75,0.55429
latency,rmux,rmux,other-busy,0,True,0.53,0.6,echo_ms,76,0.694164
latency,rmux,rmux,other-busy,0,True,0.53,0.6,echo_ms,77,1.657513
latency,rmux,rmux,other-busy,0,True,0.53,0.6,echo_ms,78,1.113989
latency,rmux,rmux,other-busy,0,True,0.53,0.6,echo_ms,79,4.053992
latency,rmux,rmux,other-busy,0,True,0.53,0.6,echo_ms,80,2.40464
latency,rmux,rmux,other-busy,0,True,0.53,0.6,echo_ms,81,0.845188
latency,rmux,rmux,other-busy,0,True,0.53,0.6,echo_ms,82,0.533294
latency,rmux,rmux,other-busy,0,True,0.53,0.6,echo_ms,83,1.104859
latency,rmux,rmux,other-busy,0,True,0.53,0.6,echo_ms,84,9.730261
latency,rmux,rmux,other-busy,0,True,0.53,0.6,echo_ms,85,7.8734
latency,rmux,rmux,other-busy,0,True,0.53,0.6,echo_ms,86,0.873766
latency,rmux,rmux,other-busy,0,True,0.53,0.6,echo_ms,87,11.524914
latency,rmux,rmux,other-busy,0,True,0.53,0.6,echo_ms,88,4.758827
latency,rmux,rmux,other-busy,0,True,0.53,0.6,echo_ms,89,3.879818
latency,rmux,rmux,other-busy,0,True,0.53,0.6,echo_ms,90,1.985042
latency,rmux,rmux,other-busy,0,True,0.53,0.6,echo_ms,91,5.622403
latency,rmux,rmux,other-busy,0,True,0.53,0.6,echo_ms,92,2.102811
latency,rmux,rmux,other-busy,0,True,0.53,0.6,echo_ms,93,9.255737
latency,rmux,rmux,other-busy,0,True,0.53,0.6,echo_ms,94,7.91887
latency,rmux,rmux,other-busy,0,True,0.53,0.6,echo_ms,95,3.006935
latency,rmux,rmux,other-busy,0,True,0.53,0.6,echo_ms,96,1.109573
latency,rmux,rmux,other-busy,0,True,0.53,0.6,echo_ms,97,14.204465
latency,rmux,rmux,other-busy,0,True,0.53,0.6,echo_ms,98,3.770855
latency,rmux,rmux,other-busy,0,True,0.53,0.6,echo_ms,99,3.887658
latency,rmux,rmux,other-busy,0,True,0.53,0.6,timeouts,,0
latency,thurbox,tmux,other-busy,0,True,0.6,0.66,echo_ms,0,1.755069
latency,thurbox,tmux,other-busy,0,True,0.6,0.66,echo_ms,1,2.984916
latency,thurbox,tmux,other-busy,0,True,0.6,0.66,echo_ms,2,2.481064
latency,thurbox,tmux,other-busy,0,True,0.6,0.66,echo_ms,3,2.213266
latency,thurbox,tmux,other-busy,0,True,0.6,0.66,echo_ms,4,2.224621
latency,thurbox,tmux,other-busy,0,True,0.6,0.66,echo_ms,5,2.867673
latency,thurbox,tmux,other-busy,0,True,0.6,0.66,echo_ms,6,1.851771
latency,thurbox,tmux,other-busy,0,True,0.6,0.66,echo_ms,7,2.050499
latency,thurbox,tmux,other-busy,0,True,0.6,0.66,echo_ms,8,2.011299
latency,thurbox,tmux,other-busy,0,True,0.6,0.66,echo_ms,9,1.546485
latency,thurbox,tmux,other-busy,0,True,0.6,0.66,echo_ms,10,3.167685
latency,thurbox,tmux,other-busy,0,True,0.6,0.66,echo_ms,11,1.652354
latency,thurbox,tmux,other-busy,0,True,0.6,0.66,echo_ms,12,2.242448
latency,thurbox,tmux,other-busy,0,True,0.6,0.66,echo_ms,13,2.179306
latency,thurbox,tmux,other-busy,0,True,0.6,0.66,echo_ms,14,1.781278
latency,thurbox,tmux,other-busy,0,True,0.6,0.66,echo_ms,15,3.011039
latency,thurbox,tmux,other-busy,0,True,0.6,0.66,echo_ms,16,2.175948
latency,thurbox,tmux,other-busy,0,True,0.6,0.66,echo_ms,17,2.324316
latency,thurbox,tmux,other-busy,0,True,0.6,0.66,echo_ms,18,2.577581
latency,thurbox,tmux,other-busy,0,True,0.6,0.66,echo_ms,19,1.827394
latency,thurbox,tmux,other-busy,0,True,0.6,0.66,echo_ms,20,1.910962
latency,thurbox,tmux,other-busy,0,True,0.6,0.66,echo_ms,21,2.216694
latency,thurbox,tmux,other-busy,0,True,0.6,0.66,echo_ms,22,2.96864
latency,thurbox,tmux,other-busy,0,True,0.6,0.66,echo_ms,23,2.147472
latency,thurbox,tmux,other-busy,0,True,0.6,0.66,echo_ms,24,2.842362
latency,thurbox,tmux,other-busy,0,True,0.6,0.66,echo_ms,25,1.971097
latency,thurbox,tmux,other-busy,0,True,0.6,0.66,echo_ms,26,2.573716
latency,thurbox,tmux,other-busy,0,True,0.6,0.66,echo_ms,27,2.08695
latency,thurbox,tmux,other-busy,0,True,0.6,0.66,echo_ms,28,2.114453
latency,thurbox,tmux,other-busy,0,True,0.6,0.66,echo_ms,29,1.913323
latency,thurbox,tmux,other-busy,0,True,0.6,0.66,echo_ms,30,2.076634
latency,thurbox,tmux,other-busy,0,True,0.6,0.66,echo_ms,31,3.078928
latency,thurbox,tmux,other-busy,0,True,0.6,0.66,echo_ms,32,2.581356
latency,thurbox,tmux,other-busy,0,True,0.6,0.66,echo_ms,33,1.93185
latency,thurbox,tmux,other-busy,0,True,0.6,0.66,echo_ms,34,2.775062
latency,thurbox,tmux,other-busy,0,True,0.6,0.66,echo_ms,35,2.066467
latency,thurbox,tmux,other-busy,0,True,0.6,0.66,echo_ms,36,2.047915
latency,thurbox,tmux,other-busy,0,True,0.6,0.66,echo_ms,37,2.966371
latency,thurbox,tmux,other-busy,0,True,0.6,0.66,echo_ms,38,1.797795
latency,thurbox,tmux,other-busy,0,True,0.6,0.66,echo_ms,39,1.810472
latency,thurbox,tmux,other-busy,0,True,0.6,0.66,echo_ms,40,2.823198
latency,thurbox,tmux,other-busy,0,True,0.6,0.66,echo_ms,41,2.774059
latency,thurbox,tmux,other-busy,0,True,0.6,0.66,echo_ms,42,2.519864
latency,thurbox,tmux,other-busy,0,True,0.6,0.66,echo_ms,43,2.873579
latency,thurbox,tmux,other-busy,0,True,0.6,0.66,echo_ms,44,1.709659
latency,thurbox,tmux,other-busy,0,True,0.6,0.66,echo_ms,45,2.155426
latency,thurbox,tmux,other-busy,0,True,0.6,0.66,echo_ms,46,2.618899
latency,thurbox,tmux,other-busy,0,True,0.6,0.66,echo_ms,47,1.934775
latency,thurbox,tmux,other-busy,0,True,0.6,0.66,echo_ms,48,1.783375
latency,thurbox,tmux,other-busy,0,True,0.6,0.66,echo_ms,49,2.066708
latency,thurbox,tmux,other-busy,0,True,0.6,0.66,echo_ms,50,1.995973
latency,thurbox,tmux,other-busy,0,True,0.6,0.66,echo_ms,51,2.881343
latency,thurbox,tmux,other-busy,0,True,0.6,0.66,echo_ms,52,5.000247
latency,thurbox,tmux,other-busy,0,True,0.6,0.66,echo_ms,53,3.176591
latency,thurbox,tmux,other-busy,0,True,0.6,0.66,echo_ms,54,2.900881
latency,thurbox,tmux,other-busy,0,True,0.6,0.66,echo_ms,55,2.316043
latency,thurbox,tmux,other-busy,0,True,0.6,0.66,echo_ms,56,2.954506
latency,thurbox,tmux,other-busy,0,True,0.6,0.66,echo_ms,57,2.395964
latency,thurbox,tmux,other-busy,0,True,0.6,0.66,echo_ms,58,2.107462
latency,thurbox,tmux,other-busy,0,True,0.6,0.66,echo_ms,59,1.711082
latency,thurbox,tmux,other-busy,0,True,0.6,0.66,echo_ms,60,1.889569
latency,thurbox,tmux,other-busy,0,True,0.6,0.66,echo_ms,61,2.52754
latency,thurbox,tmux,other-busy,0,True,0.6,0.66,echo_ms,62,2.669019
latency,thurbox,tmux,other-busy,0,True,0.6,0.66,echo_ms,63,3.093203
latency,thurbox,tmux,other-busy,0,True,0.6,0.66,echo_ms,64,2.015068
latency,thurbox,tmux,other-busy,0,True,0.6,0.66,echo_ms,65,2.001405
latency,thurbox,tmux,other-busy,0,True,0.6,0.66,echo_ms,66,2.108014
latency,thurbox,tmux,other-busy,0,True,0.6,0.66,echo_ms,67,2.045831
latency,thurbox,tmux,other-busy,0,True,0.6,0.66,echo_ms,68,2.087493
latency,thurbox,tmux,other-busy,0,True,0.6,0.66,echo_ms,69,1.963952
latency,thurbox,tmux,other-busy,0,True,0.6,0.66,echo_ms,70,2.932792
latency,thurbox,tmux,other-busy,0,True,0.6,0.66,echo_ms,71,2.343413
latency,thurbox,tmux,other-busy,0,True,0.6,0.66,echo_ms,72,1.924636
latency,thurbox,tmux,other-busy,0,True,0.6,0.66,echo_ms,73,2.261797
latency,thurbox,tmux,other-busy,0,True,0.6,0.66,echo_ms,74,1.804639
latency,thurbox,tmux,other-busy,0,True,0.6,0.66,echo_ms,75,1.757648
latency,thurbox,tmux,other-busy,0,True,0.6,0.66,echo_ms,76,2.214411
latency,thurbox,tmux,other-busy,0,True,0.6,0.66,echo_ms,77,1.934629
latency,thurbox,tmux,other-busy,0,True,0.6,0.66,echo_ms,78,2.631214
latency,thurbox,tmux,other-busy,0,True,0.6,0.66,echo_ms,79,1.752419
latency,thurbox,tmux,other-busy,0,True,0.6,0.66,echo_ms,80,2.495406
latency,thurbox,tmux,other-busy,0,True,0.6,0.66,echo_ms,81,2.073789
latency,thurbox,tmux,other-busy,0,True,0.6,0.66,echo_ms,82,2.337055
latency,thurbox,tmux,other-busy,0,True,0.6,0.66,echo_ms,83,3.096458
latency,thurbox,tmux,other-busy,0,True,0.6,0.66,echo_ms,84,1.833754
latency,thurbox,tmux,other-busy,0,True,0.6,0.66,echo_ms,85,3.55979
latency,thurbox,tmux,other-busy,0,True,0.6,0.66,echo_ms,86,2.118351
latency,thurbox,tmux,other-busy,0,True,0.6,0.66,echo_ms,87,2.603266
latency,thurbox,tmux,other-busy,0,True,0.6,0.66,echo_ms,88,2.907131
latency,thurbox,tmux,other-busy,0,True,0.6,0.66,echo_ms,89,2.084633
latency,thurbox,tmux,other-busy,0,True,0.6,0.66,echo_ms,90,3.44756
latency,thurbox,tmux,other-busy,0,True,0.6,0.66,echo_ms,91,1.763874
latency,thurbox,tmux,other-busy,0,True,0.6,0.66,echo_ms,92,2.027752
latency,thurbox,tmux,other-busy,0,True,0.6,0.66,echo_ms,93,2.489683
latency,thurbox,tmux,other-busy,0,True,0.6,0.66,echo_ms,94,2.887583
latency,thurbox,tmux,other-busy,0,True,0.6,0.66,echo_ms,95,1.70471
latency,thurbox,tmux,other-busy,0,True,0.6,0.66,echo_ms,96,1.811777
latency,thurbox,tmux,other-busy,0,True,0.6,0.66,echo_ms,97,2.578749
latency,thurbox,tmux,other-busy,0,True,0.6,0.66,echo_ms,98,2.63619
latency,thurbox,tmux,other-busy,0,True,0.6,0.66,echo_ms,99,2.012313
latency,thurbox,tmux,other-busy,0,True,0.6,0.66,timeouts,,0
latency,herdr,herdr,other-busy,1,False,0.66,0.95,echo_ms,0,0.425333
latency,herdr,herdr,other-busy,1,False,0.66,0.95,echo_ms,1,0.467133
latency,herdr,herdr,other-busy,1,False,0.66,0.95,echo_ms,2,0.436593
latency,herdr,herdr,other-busy,1,False,0.66,0.95,echo_ms,3,0.505487
latency,herdr,herdr,other-busy,1,False,0.66,0.95,echo_ms,4,0.441945
latency,herdr,herdr,other-busy,1,False,0.66,0.95,echo_ms,5,0.439867
latency,herdr,herdr,other-busy,1,False,0.66,0.95,echo_ms,6,0.506254
latency,herdr,herdr,other-busy,1,False,0.66,0.95,echo_ms,7,0.484872
latency,herdr,herdr,other-busy,1,False,0.66,0.95,echo_ms,8,0.508451
latency,herdr,herdr,other-busy,1,False,0.66,0.95,echo_ms,9,0.453211
latency,herdr,herdr,other-busy,1,False,0.66,0.95,echo_ms,10,0.494418
latency,herdr,herdr,other-busy,1,False,0.66,0.95,echo_ms,11,0.43651
latency,herdr,herdr,other-busy,1,False,0.66,0.95,echo_ms,12,0.449678
latency,herdr,herdr,other-busy,1,False,0.66,0.95,echo_ms,13,0.461748
latency,herdr,herdr,other-busy,1,False,0.66,0.95,echo_ms,14,0.425729
latency,herdr,herdr,other-busy,1,False,0.66,0.95,echo_ms,15,0.438684
latency,herdr,herdr,other-busy,1,False,0.66,0.95,echo_ms,16,0.453364
latency,herdr,herdr,other-busy,1,False,0.66,0.95,echo_ms,17,0.414672
latency,herdr,herdr,other-busy,1,False,0.66,0.95,echo_ms,18,0.416189
latency,herdr,herdr,other-busy,1,False,0.66,0.95,echo_ms,19,0.447316
latency,herdr,herdr,other-busy,1,False,0.66,0.95,echo_ms,20,0.422748
latency,herdr,herdr,other-busy,1,False,0.66,0.95,echo_ms,21,0.436286
latency,herdr,herdr,other-busy,1,False,0.66,0.95,echo_ms,22,0.470536
latency,herdr,herdr,other-busy,1,False,0.66,0.95,echo_ms,23,0.460557
latency,herdr,herdr,other-busy,1,False,0.66,0.95,echo_ms,24,0.42303
latency,herdr,herdr,other-busy,1,False,0.66,0.95,echo_ms,25,0.451074
latency,herdr,herdr,other-busy,1,False,0.66,0.95,echo_ms,26,0.458583
latency,herdr,herdr,other-busy,1,False,0.66,0.95,echo_ms,27,0.428812
latency,herdr,herdr,other-busy,1,False,0.66,0.95,echo_ms,28,0.433318
latency,herdr,herdr,other-busy,1,False,0.66,0.95,echo_ms,29,0.652092
latency,herdr,herdr,other-busy,1,False,0.66,0.95,echo_ms,30,0.445011
latency,herdr,herdr,other-busy,1,False,0.66,0.95,echo_ms,31,0.422827
latency,herdr,herdr,other-busy,1,False,0.66,0.95,echo_ms,32,0.448741
latency,herdr,herdr,other-busy,1,False,0.66,0.95,echo_ms,33,0.513733
latency,herdr,herdr,other-busy,1,False,0.66,0.95,echo_ms,34,0.462586
latency,herdr,herdr,other-busy,1,False,0.66,0.95,echo_ms,35,0.500447
latency,herdr,herdr,other-busy,1,False,0.66,0.95,echo_ms,36,0.451461
latency,herdr,herdr,other-busy,1,False,0.66,0.95,echo_ms,37,0.54478
latency,herdr,herdr,other-busy,1,False,0.66,0.95,echo_ms,38,0.487274
latency,herdr,herdr,other-busy,1,False,0.66,0.95,echo_ms,39,0.535809
latency,herdr,herdr,other-busy,1,False,0.66,0.95,echo_ms,40,0.452508
latency,herdr,herdr,other-busy,1,False,0.66,0.95,echo_ms,41,0.400498
latency,herdr,herdr,other-busy,1,False,0.66,0.95,echo_ms,42,0.455858
latency,herdr,herdr,other-busy,1,False,0.66,0.95,echo_ms,43,0.435323
latency,herdr,herdr,other-busy,1,False,0.66,0.95,echo_ms,44,0.437409
latency,herdr,herdr,other-busy,1,False,0.66,0.95,echo_ms,45,0.480564
latency,herdr,herdr,other-busy,1,False,0.66,0.95,echo_ms,46,0.464072
latency,herdr,herdr,other-busy,1,False,0.66,0.95,echo_ms,47,0.419805
latency,herdr,herdr,other-busy,1,False,0.66,0.95,echo_ms,48,0.467987
latency,herdr,herdr,other-busy,1,False,0.66,0.95,echo_ms,49,0.468255
latency,herdr,herdr,other-busy,1,False,0.66,0.95,echo_ms,50,0.485575
latency,herdr,herdr,other-busy,1,False,0.66,0.95,echo_ms,51,0.500351
latency,herdr,herdr,other-busy,1,False,0.66,0.95,echo_ms,52,0.48582
latency,herdr,herdr,other-busy,1,False,0.66,0.95,echo_ms,53,0.508127
latency,herdr,herdr,other-busy,1,False,0.66,0.95,echo_ms,54,0.532497
latency,herdr,herdr,other-busy,1,False,0.66,0.95,echo_ms,55,0.470362
latency,herdr,herdr,other-busy,1,False,0.66,0.95,echo_ms,56,0.480193
latency,herdr,herdr,other-busy,1,False,0.66,0.95,echo_ms,57,0.432738
latency,herdr,herdr,other-busy,1,False,0.66,0.95,echo_ms,58,0.560739
latency,herdr,herdr,other-busy,1,False,0.66,0.95,echo_ms,59,0.510431
latency,herdr,herdr,other-busy,1,False,0.66,0.95,echo_ms,60,0.471462
latency,herdr,herdr,other-busy,1,False,0.66,0.95,echo_ms,61,0.492862
latency,herdr,herdr,other-busy,1,False,0.66,0.95,echo_ms,62,0.435995
latency,herdr,herdr,other-busy,1,False,0.66,0.95,echo_ms,63,0.532938
latency,herdr,herdr,other-busy,1,False,0.66,0.95,echo_ms,64,0.553462
latency,herdr,herdr,other-busy,1,False,0.66,0.95,echo_ms,65,0.429711
latency,herdr,herdr,other-busy,1,False,0.66,0.95,echo_ms,66,0.430678
latency,herdr,herdr,other-busy,1,False,0.66,0.95,echo_ms,67,0.404541
latency,herdr,herdr,other-busy,1,False,0.66,0.95,echo_ms,68,0.431171
latency,herdr,herdr,other-busy,1,False,0.66,0.95,echo_ms,69,0.44745
latency,herdr,herdr,other-busy,1,False,0.66,0.95,echo_ms,70,0.555871
latency,herdr,herdr,other-busy,1,False,0.66,0.95,echo_ms,71,0.536009
latency,herdr,herdr,other-busy,1,False,0.66,0.95,echo_ms,72,0.45622
latency,herdr,herdr,other-busy,1,False,0.66,0.95,echo_ms,73,0.44616
latency,herdr,herdr,other-busy,1,False,0.66,0.95,echo_ms,74,0.455963
latency,herdr,herdr,other-busy,1,False,0.66,0.95,echo_ms,75,0.462409
latency,herdr,herdr,other-busy,1,False,0.66,0.95,echo_ms,76,0.497091
latency,herdr,herdr,other-busy,1,False,0.66,0.95,echo_ms,77,0.500357
latency,herdr,herdr,other-busy,1,False,0.66,0.95,echo_ms,78,0.43972
latency,herdr,herdr,other-busy,1,False,0.66,0.95,echo_ms,79,0.435408
latency,herdr,herdr,other-busy,1,False,0.66,0.95,echo_ms,80,0.435996
latency,herdr,herdr,other-busy,1,False,0.66,0.95,echo_ms,81,0.443822
latency,herdr,herdr,other-busy,1,False,0.66,0.95,echo_ms,82,0.473738
latency,herdr,herdr,other-busy,1,False,0.66,0.95,echo_ms,83,0.483339
latency,herdr,herdr,other-busy,1,False,0.66,0.95,echo_ms,84,0.480089
latency,herdr,herdr,other-busy,1,False,0.66,0.95,echo_ms,85,0.462372
latency,herdr,herdr,other-busy,1,False,0.66,0.95,echo_ms,86,0.419311
latency,herdr,herdr,other-busy,1,False,0.66,0.95,echo_ms,87,0.522951
latency,herdr,herdr,other-busy,1,False,0.66,0.95,echo_ms,88,0.427733
latency,herdr,herdr,other-busy,1,False,0.66,0.95,echo_ms,89,0.423202
latency,herdr,herdr,other-busy,1,False,0.66,0.95,echo_ms,90,0.434078
latency,herdr,herdr,other-busy,1,False,0.66,0.95,echo_ms,91,0.508826
latency,herdr,herdr,other-busy,1,False,0.66,0.95,echo_ms,92,0.5065
latency,herdr,herdr,other-busy,1,False,0.66,0.95,echo_ms,93,0.528831
latency,herdr,herdr,other-busy,1,False,0.66,0.95,echo_ms,94,0.497921
latency,herdr,herdr,other-busy,1,False,0.66,0.95,echo_ms,95,0.432953
latency,herdr,herdr,other-busy,1,False,0.66,0.95,echo_ms,96,0.543398
latency,herdr,herdr,other-busy,1,False,0.66,0.95,echo_ms,97,0.514767
latency,herdr,herdr,other-busy,1,False,0.66,0.95,echo_ms,98,0.63379
latency,herdr,herdr,other-busy,1,False,0.66,0.95,echo_ms,99,0.56755
latency,herdr,herdr,other-busy,1,False,0.66,0.95,timeouts,,0
latency,rmux,rmux,other-busy,1,False,0.95,1.11,echo_ms,0,0.521327
latency,rmux,rmux,other-busy,1,False,0.95,1.11,echo_ms,1,0.213427
latency,rmux,rmux,other-busy,1,False,0.95,1.11,echo_ms,2,0.925544
latency,rmux,rmux,other-busy,1,False,0.95,1.11,echo_ms,3,0.725242
latency,rmux,rmux,other-busy,1,False,0.95,1.11,echo_ms,4,2.283643
latency,rmux,rmux,other-busy,1,False,0.95,1.11,echo_ms,5,0.950186
latency,rmux,rmux,other-busy,1,False,0.95,1.11,echo_ms,6,1.543623
latency,rmux,rmux,other-busy,1,False,0.95,1.11,echo_ms,7,0.838602
latency,rmux,rmux,other-busy,1,False,0.95,1.11,echo_ms,8,1.15763
latency,rmux,rmux,other-busy,1,False,0.95,1.11,echo_ms,9,1.494782
latency,rmux,rmux,other-busy,1,False,0.95,1.11,echo_ms,10,2.223073
latency,rmux,rmux,other-busy,1,False,0.95,1.11,echo_ms,11,6.740481
latency,rmux,rmux,other-busy,1,False,0.95,1.11,echo_ms,12,0.534421
latency,rmux,rmux,other-busy,1,False,0.95,1.11,echo_ms,13,0.901204
latency,rmux,rmux,other-busy,1,False,0.95,1.11,echo_ms,14,0.521448
latency,rmux,rmux,other-busy,1,False,0.95,1.11,echo_ms,15,0.510076
latency,rmux,rmux,other-busy,1,False,0.95,1.11,echo_ms,16,18.672674
latency,rmux,rmux,other-busy,1,False,0.95,1.11,echo_ms,17,6.300197
latency,rmux,rmux,other-busy,1,False,0.95,1.11,echo_ms,18,11.081642
latency,rmux,rmux,other-busy,1,False,0.95,1.11,echo_ms,19,3.304427
latency,rmux,rmux,other-busy,1,False,0.95,1.11,echo_ms,20,2.391125
latency,rmux,rmux,other-busy,1,False,0.95,1.11,echo_ms,21,3.952515
latency,rmux,rmux,other-busy,1,False,0.95,1.11,echo_ms,22,0.829824
latency,rmux,rmux,other-busy,1,False,0.95,1.11,echo_ms,23,0.489618
latency,rmux,rmux,other-busy,1,False,0.95,1.11,echo_ms,24,0.412665
latency,rmux,rmux,other-busy,1,False,0.95,1.11,echo_ms,25,8.037461
latency,rmux,rmux,other-busy,1,False,0.95,1.11,echo_ms,26,17.800671
latency,rmux,rmux,other-busy,1,False,0.95,1.11,echo_ms,27,2.756726
latency,rmux,rmux,other-busy,1,False,0.95,1.11,echo_ms,28,5.71231
latency,rmux,rmux,other-busy,1,False,0.95,1.11,echo_ms,29,2.997085
latency,rmux,rmux,other-busy,1,False,0.95,1.11,echo_ms,30,1.05726
latency,rmux,rmux,other-busy,1,False,0.95,1.11,echo_ms,31,0.297365
latency,rmux,rmux,other-busy,1,False,0.95,1.11,echo_ms,32,3.095367
latency,rmux,rmux,other-busy,1,False,0.95,1.11,echo_ms,33,3.259312
latency,rmux,rmux,other-busy,1,False,0.95,1.11,echo_ms,34,0.828016
latency,rmux,rmux,other-busy,1,False,0.95,1.11,echo_ms,35,0.729703
latency,rmux,rmux,other-busy,1,False,0.95,1.11,echo_ms,36,1.463498
latency,rmux,rmux,other-busy,1,False,0.95,1.11,echo_ms,37,3.792138
latency,rmux,rmux,other-busy,1,False,0.95,1.11,echo_ms,38,2.773111
latency,rmux,rmux,other-busy,1,False,0.95,1.11,echo_ms,39,2.422911
latency,rmux,rmux,other-busy,1,False,0.95,1.11,echo_ms,40,8.537071
latency,rmux,rmux,other-busy,1,False,0.95,1.11,echo_ms,41,2.8428
latency,rmux,rmux,other-busy,1,False,0.95,1.11,echo_ms,42,3.120068
latency,rmux,rmux,other-busy,1,False,0.95,1.11,echo_ms,43,0.809838
latency,rmux,rmux,other-busy,1,False,0.95,1.11,echo_ms,44,0.58816
latency,rmux,rmux,other-busy,1,False,0.95,1.11,echo_ms,45,0.319786
latency,rmux,rmux,other-busy,1,False,0.95,1.11,echo_ms,46,1.173214
latency,rmux,rmux,other-busy,1,False,0.95,1.11,echo_ms,47,5.327345
latency,rmux,rmux,other-busy,1,False,0.95,1.11,echo_ms,48,0.537074
latency,rmux,rmux,other-busy,1,False,0.95,1.11,echo_ms,49,2.400125
latency,rmux,rmux,other-busy,1,False,0.95,1.11,echo_ms,50,0.438425
latency,rmux,rmux,other-busy,1,False,0.95,1.11,echo_ms,51,0.79545
latency,rmux,rmux,other-busy,1,False,0.95,1.11,echo_ms,52,3.313174
latency,rmux,rmux,other-busy,1,False,0.95,1.11,echo_ms,53,2.407195
latency,rmux,rmux,other-busy,1,False,0.95,1.11,echo_ms,54,0.665887
latency,rmux,rmux,other-busy,1,False,0.95,1.11,echo_ms,55,0.793381
latency,rmux,rmux,other-busy,1,False,0.95,1.11,echo_ms,56,1.262372
latency,rmux,rmux,other-busy,1,False,0.95,1.11,echo_ms,57,0.35275
latency,rmux,rmux,other-busy,1,False,0.95,1.11,echo_ms,58,1.490729
latency,rmux,rmux,other-busy,1,False,0.95,1.11,echo_ms,59,1.03401
latency,rmux,rmux,other-busy,1,False,0.95,1.11,echo_ms,60,11.786759
latency,rmux,rmux,other-busy,1,False,0.95,1.11,echo_ms,61,5.965174
latency,rmux,rmux,other-busy,1,False,0.95,1.11,echo_ms,62,6.278858
latency,rmux,rmux,other-busy,1,False,0.95,1.11,echo_ms,63,8.436804
latency,rmux,rmux,other-busy,1,False,0.95,1.11,echo_ms,64,2.440675
latency,rmux,rmux,other-busy,1,False,0.95,1.11,echo_ms,65,0.585097
latency,rmux,rmux,other-busy,1,False,0.95,1.11,echo_ms,66,15.683223
latency,rmux,rmux,other-busy,1,False,0.95,1.11,echo_ms,67,1.729448
latency,rmux,rmux,other-busy,1,False,0.95,1.11,echo_ms,68,6.463848
latency,rmux,rmux,other-busy,1,False,0.95,1.11,echo_ms,69,6.333859
latency,rmux,rmux,other-busy,1,False,0.95,1.11,echo_ms,70,4.096282
latency,rmux,rmux,other-busy,1,False,0.95,1.11,echo_ms,71,5.611232
latency,rmux,rmux,other-busy,1,False,0.95,1.11,echo_ms,72,1.497235
latency,rmux,rmux,other-busy,1,False,0.95,1.11,echo_ms,73,1.698129
latency,rmux,rmux,other-busy,1,False,0.95,1.11,echo_ms,74,12.236129
latency,rmux,rmux,other-busy,1,False,0.95,1.11,echo_ms,75,1.188577
latency,rmux,rmux,other-busy,1,False,0.95,1.11,echo_ms,76,2.201416
latency,rmux,rmux,other-busy,1,False,0.95,1.11,echo_ms,77,4.968744
latency,rmux,rmux,other-busy,1,False,0.95,1.11,echo_ms,78,17.717977
latency,rmux,rmux,other-busy,1,False,0.95,1.11,echo_ms,79,0.948918
latency,rmux,rmux,other-busy,1,False,0.95,1.11,echo_ms,80,0.350344
latency,rmux,rmux,other-busy,1,False,0.95,1.11,echo_ms,81,28.5486
latency,rmux,rmux,other-busy,1,False,0.95,1.11,echo_ms,82,1.871878
latency,rmux,rmux,other-busy,1,False,0.95,1.11,echo_ms,83,0.602825
latency,rmux,rmux,other-busy,1,False,0.95,1.11,echo_ms,84,1.69018
latency,rmux,rmux,other-busy,1,False,0.95,1.11,echo_ms,85,5.347477
latency,rmux,rmux,other-busy,1,False,0.95,1.11,echo_ms,86,1.219647
latency,rmux,rmux,other-busy,1,False,0.95,1.11,echo_ms,87,0.59075
latency,rmux,rmux,other-busy,1,False,0.95,1.11,echo_ms,88,0.998557
latency,rmux,rmux,other-busy,1,False,0.95,1.11,echo_ms,89,2.060715
latency,rmux,rmux,other-busy,1,False,0.95,1.11,echo_ms,90,3.370308
latency,rmux,rmux,other-busy,1,False,0.95,1.11,echo_ms,91,0.796453
latency,rmux,rmux,other-busy,1,False,0.95,1.11,echo_ms,92,1.731464
latency,rmux,rmux,other-busy,1,False,0.95,1.11,echo_ms,93,0.698914
latency,rmux,rmux,other-busy,1,False,0.95,1.11,echo_ms,94,2.127646
latency,rmux,rmux,other-busy,1,False,0.95,1.11,echo_ms,95,4.404452
latency,rmux,rmux,other-busy,1,False,0.95,1.11,echo_ms,96,0.928602
latency,rmux,rmux,other-busy,1,False,0.95,1.11,echo_ms,97,4.623115
latency,rmux,rmux,other-busy,1,False,0.95,1.11,echo_ms,98,0.994298
latency,rmux,rmux,other-busy,1,False,0.95,1.11,echo_ms,99,0.77004
latency,rmux,rmux,other-busy,1,False,0.95,1.11,timeouts,,0
latency,thurbox,tmux,other-busy,1,False,1.11,1.26,echo_ms,0,1.808385
latency,thurbox,tmux,other-busy,1,False,1.11,1.26,echo_ms,1,2.019013
latency,thurbox,tmux,other-busy,1,False,1.11,1.26,echo_ms,2,2.211935
latency,thurbox,tmux,other-busy,1,False,1.11,1.26,echo_ms,3,2.986923
latency,thurbox,tmux,other-busy,1,False,1.11,1.26,echo_ms,4,2.835095
latency,thurbox,tmux,other-busy,1,False,1.11,1.26,echo_ms,5,2.798893
latency,thurbox,tmux,other-busy,1,False,1.11,1.26,echo_ms,6,2.344942
latency,thurbox,tmux,other-busy,1,False,1.11,1.26,echo_ms,7,1.799334
latency,thurbox,tmux,other-busy,1,False,1.11,1.26,echo_ms,8,1.845022
latency,thurbox,tmux,other-busy,1,False,1.11,1.26,echo_ms,9,2.365797
latency,thurbox,tmux,other-busy,1,False,1.11,1.26,echo_ms,10,2.205513
latency,thurbox,tmux,other-busy,1,False,1.11,1.26,echo_ms,11,1.853335
latency,thurbox,tmux,other-busy,1,False,1.11,1.26,echo_ms,12,2.227839
latency,thurbox,tmux,other-busy,1,False,1.11,1.26,echo_ms,13,2.857667
latency,thurbox,tmux,other-busy,1,False,1.11,1.26,echo_ms,14,2.229377
latency,thurbox,tmux,other-busy,1,False,1.11,1.26,echo_ms,15,2.04938
latency,thurbox,tmux,other-busy,1,False,1.11,1.26,echo_ms,16,2.127503
latency,thurbox,tmux,other-busy,1,False,1.11,1.26,echo_ms,17,2.116358
latency,thurbox,tmux,other-busy,1,False,1.11,1.26,echo_ms,18,2.08868
latency,thurbox,tmux,other-busy,1,False,1.11,1.26,echo_ms,19,1.991851
latency,thurbox,tmux,other-busy,1,False,1.11,1.26,echo_ms,20,1.700276
latency,thurbox,tmux,other-busy,1,False,1.11,1.26,echo_ms,21,2.05239
latency,thurbox,tmux,other-busy,1,False,1.11,1.26,echo_ms,22,1.644335
latency,thurbox,tmux,other-busy,1,False,1.11,1.26,echo_ms,23,2.059287
latency,thurbox,tmux,other-busy,1,False,1.11,1.26,echo_ms,24,2.696523
latency,thurbox,tmux,other-busy,1,False,1.11,1.26,echo_ms,25,2.298181
latency,thurbox,tmux,other-busy,1,False,1.11,1.26,echo_ms,26,2.35342
latency,thurbox,tmux,other-busy,1,False,1.11,1.26,echo_ms,27,2.577518
latency,thurbox,tmux,other-busy,1,False,1.11,1.26,echo_ms,28,2.303371
latency,thurbox,tmux,other-busy,1,False,1.11,1.26,echo_ms,29,2.088703
latency,thurbox,tmux,other-busy,1,False,1.11,1.26,echo_ms,30,1.792806
latency,thurbox,tmux,other-busy,1,False,1.11,1.26,echo_ms,31,1.668362
latency,thurbox,tmux,other-busy,1,False,1.11,1.26,echo_ms,32,2.195054
latency,thurbox,tmux,other-busy,1,False,1.11,1.26,echo_ms,33,2.127697
latency,thurbox,tmux,other-busy,1,False,1.11,1.26,echo_ms,34,2.048195
latency,thurbox,tmux,other-busy,1,False,1.11,1.26,echo_ms,35,2.035696
latency,thurbox,tmux,other-busy,1,False,1.11,1.26,echo_ms,36,2.015392
latency,thurbox,tmux,other-busy,1,False,1.11,1.26,echo_ms,37,2.325416
latency,thurbox,tmux,other-busy,1,False,1.11,1.26,echo_ms,38,2.065825
latency,thurbox,tmux,other-busy,1,False,1.11,1.26,echo_ms,39,2.172047
latency,thurbox,tmux,other-busy,1,False,1.11,1.26,echo_ms,40,1.770882
latency,thurbox,tmux,other-busy,1,False,1.11,1.26,echo_ms,41,2.192253
latency,thurbox,tmux,other-busy,1,False,1.11,1.26,echo_ms,42,2.462218
latency,thurbox,tmux,other-busy,1,False,1.11,1.26,echo_ms,43,2.887165
latency,thurbox,tmux,other-busy,1,False,1.11,1.26,echo_ms,44,2.934904
latency,thurbox,tmux,other-busy,1,False,1.11,1.26,echo_ms,45,4.730592
latency,thurbox,tmux,other-busy,1,False,1.11,1.26,echo_ms,46,2.336009
latency,thurbox,tmux,other-busy,1,False,1.11,1.26,echo_ms,47,1.959911
latency,thurbox,tmux,other-busy,1,False,1.11,1.26,echo_ms,48,1.718241
latency,thurbox,tmux,other-busy,1,False,1.11,1.26,echo_ms,49,2.525176
latency,thurbox,tmux,other-busy,1,False,1.11,1.26,echo_ms,50,2.060107
latency,thurbox,tmux,other-busy,1,False,1.11,1.26,echo_ms,51,1.831064
latency,thurbox,tmux,other-busy,1,False,1.11,1.26,echo_ms,52,4.707863
latency,thurbox,tmux,other-busy,1,False,1.11,1.26,echo_ms,53,3.05466
latency,thurbox,tmux,other-busy,1,False,1.11,1.26,echo_ms,54,2.478748
latency,thurbox,tmux,other-busy,1,False,1.11,1.26,echo_ms,55,4.000216
latency,thurbox,tmux,other-busy,1,False,1.11,1.26,echo_ms,56,2.469875
latency,thurbox,tmux,other-busy,1,False,1.11,1.26,echo_ms,57,1.857228
latency,thurbox,tmux,other-busy,1,False,1.11,1.26,echo_ms,58,2.903073
latency,thurbox,tmux,other-busy,1,False,1.11,1.26,echo_ms,59,1.630272
latency,thurbox,tmux,other-busy,1,False,1.11,1.26,echo_ms,60,2.055547
latency,thurbox,tmux,other-busy,1,False,1.11,1.26,echo_ms,61,2.156455
latency,thurbox,tmux,other-busy,1,False,1.11,1.26,echo_ms,62,2.710978
latency,thurbox,tmux,other-busy,1,False,1.11,1.26,echo_ms,63,2.516713
latency,thurbox,tmux,other-busy,1,False,1.11,1.26,echo_ms,64,2.564682
latency,thurbox,tmux,other-busy,1,False,1.11,1.26,echo_ms,65,2.037287
latency,thurbox,tmux,other-busy,1,False,1.11,1.26,echo_ms,66,1.977626
latency,thurbox,tmux,other-busy,1,False,1.11,1.26,echo_ms,67,2.24749
latency,thurbox,tmux,other-busy,1,False,1.11,1.26,echo_ms,68,2.4688
latency,thurbox,tmux,other-busy,1,False,1.11,1.26,echo_ms,69,2.468594
latency,thurbox,tmux,other-busy,1,False,1.11,1.26,echo_ms,70,2.867064
latency,thurbox,tmux,other-busy,1,False,1.11,1.26,echo_ms,71,1.97874
latency,thurbox,tmux,other-busy,1,False,1.11,1.26,echo_ms,72,2.077752
latency,thurbox,tmux,other-busy,1,False,1.11,1.26,echo_ms,73,2.365302
latency,thurbox,tmux,other-busy,1,False,1.11,1.26,echo_ms,74,1.966013
latency,thurbox,tmux,other-busy,1,False,1.11,1.26,echo_ms,75,2.054987
latency,thurbox,tmux,other-busy,1,False,1.11,1.26,echo_ms,76,1.761021
latency,thurbox,tmux,other-busy,1,False,1.11,1.26,echo_ms,77,1.781085
latency,thurbox,tmux,other-busy,1,False,1.11,1.26,echo_ms,78,1.965212
latency,thurbox,tmux,other-busy,1,False,1.11,1.26,echo_ms,79,2.217352
latency,thurbox,tmux,other-busy,1,False,1.11,1.26,echo_ms,80,1.84671
latency,thurbox,tmux,other-busy,1,False,1.11,1.26,echo_ms,81,2.344689
latency,thurbox,tmux,other-busy,1,False,1.11,1.26,echo_ms,82,2.605775
latency,thurbox,tmux,other-busy,1,False,1.11,1.26,echo_ms,83,1.684715
latency,thurbox,tmux,other-busy,1,False,1.11,1.26,echo_ms,84,2.630295
latency,thurbox,tmux,other-busy,1,False,1.11,1.26,echo_ms,85,1.960548
latency,thurbox,tmux,other-busy,1,False,1.11,1.26,echo_ms,86,2.396523
latency,thurbox,tmux,other-busy,1,False,1.11,1.26,echo_ms,87,2.159402
latency,thurbox,tmux,other-busy,1,False,1.11,1.26,echo_ms,88,3.580668
latency,thurbox,tmux,other-busy,1,False,1.11,1.26,echo_ms,89,2.103904
latency,thurbox,tmux,other-busy,1,False,1.11,1.26,echo_ms,90,2.173068
latency,thurbox,tmux,other-busy,1,False,1.11,1.26,echo_ms,91,1.900179
latency,thurbox,tmux,other-busy,1,False,1.11,1.26,echo_ms,92,2.791805
latency,thurbox,tmux,other-busy,1,False,1.11,1.26,echo_ms,93,2.261324
latency,thurbox,tmux,other-busy,1,False,1.11,1.26,echo_ms,94,2.322773
latency,thurbox,tmux,other-busy,1,False,1.11,1.26,echo_ms,95,2.751278
latency,thurbox,tmux,other-busy,1,False,1.11,1.26,echo_ms,96,3.476996
latency,thurbox,tmux,other-busy,1,False,1.11,1.26,echo_ms,97,2.125096
latency,thurbox,tmux,other-busy,1,False,1.11,1.26,echo_ms,98,2.341794
latency,thurbox,tmux,other-busy,1,False,1.11,1.26,echo_ms,99,1.860231
latency,thurbox,tmux,other-busy,1,False,1.11,1.26,timeouts,,0
latency,tmux,tmux,other-busy,1,False,1.26,1.29,echo_ms,0,0.899499
latency,tmux,tmux,other-busy,1,False,1.26,1.29,echo_ms,1,0.726999
latency,tmux,tmux,other-busy,1,False,1.26,1.29,echo_ms,2,1.389505
latency,tmux,tmux,other-busy,1,False,1.26,1.29,echo_ms,3,0.711132
latency,tmux,tmux,other-busy,1,False,1.26,1.29,echo_ms,4,0.709159
latency,tmux,tmux,other-busy,1,False,1.26,1.29,echo_ms,5,0.625992
latency,tmux,tmux,other-busy,1,False,1.26,1.29,echo_ms,6,0.889824
latency,tmux,tmux,other-busy,1,False,1.26,1.29,echo_ms,7,0.640965
latency,tmux,tmux,other-busy,1,False,1.26,1.29,echo_ms,8,0.792004
latency,tmux,tmux,other-busy,1,False,1.26,1.29,echo_ms,9,0.686609
latency,tmux,tmux,other-busy,1,False,1.26,1.29,echo_ms,10,0.517137
latency,tmux,tmux,other-busy,1,False,1.26,1.29,echo_ms,11,0.69292
latency,tmux,tmux,other-busy,1,False,1.26,1.29,echo_ms,12,0.572465
latency,tmux,tmux,other-busy,1,False,1.26,1.29,echo_ms,13,0.62524
latency,tmux,tmux,other-busy,1,False,1.26,1.29,echo_ms,14,0.670656
latency,tmux,tmux,other-busy,1,False,1.26,1.29,echo_ms,15,0.758022
latency,tmux,tmux,other-busy,1,False,1.26,1.29,echo_ms,16,0.220871
latency,tmux,tmux,other-busy,1,False,1.26,1.29,echo_ms,17,0.740558
latency,tmux,tmux,other-busy,1,False,1.26,1.29,echo_ms,18,0.774445
latency,tmux,tmux,other-busy,1,False,1.26,1.29,echo_ms,19,0.648131
latency,tmux,tmux,other-busy,1,False,1.26,1.29,echo_ms,20,0.729825
latency,tmux,tmux,other-busy,1,False,1.26,1.29,echo_ms,21,0.501614
latency,tmux,tmux,other-busy,1,False,1.26,1.29,echo_ms,22,0.702281
latency,tmux,tmux,other-busy,1,False,1.26,1.29,echo_ms,23,0.694842
latency,tmux,tmux,other-busy,1,False,1.26,1.29,echo_ms,24,0.857419
latency,tmux,tmux,other-busy,1,False,1.26,1.29,echo_ms,25,0.676888
latency,tmux,tmux,other-busy,1,False,1.26,1.29,echo_ms,26,0.537133
latency,tmux,tmux,other-busy,1,False,1.26,1.29,echo_ms,27,0.676791
latency,tmux,tmux,other-busy,1,False,1.26,1.29,echo_ms,28,0.579309
latency,tmux,tmux,other-busy,1,False,1.26,1.29,echo_ms,29,0.57781
latency,tmux,tmux,other-busy,1,False,1.26,1.29,echo_ms,30,0.54109
latency,tmux,tmux,other-busy,1,False,1.26,1.29,echo_ms,31,0.931186
latency,tmux,tmux,other-busy,1,False,1.26,1.29,echo_ms,32,0.536456
latency,tmux,tmux,other-busy,1,False,1.26,1.29,echo_ms,33,0.721609
latency,tmux,tmux,other-busy,1,False,1.26,1.29,echo_ms,34,0.625326
latency,tmux,tmux,other-busy,1,False,1.26,1.29,echo_ms,35,0.760208
latency,tmux,tmux,other-busy,1,False,1.26,1.29,echo_ms,36,0.675492
latency,tmux,tmux,other-busy,1,False,1.26,1.29,echo_ms,37,0.77516
latency,tmux,tmux,other-busy,1,False,1.26,1.29,echo_ms,38,0.872606
latency,tmux,tmux,other-busy,1,False,1.26,1.29,echo_ms,39,0.695626
latency,tmux,tmux,other-busy,1,False,1.26,1.29,echo_ms,40,0.604515
latency,tmux,tmux,other-busy,1,False,1.26,1.29,echo_ms,41,0.578707
latency,tmux,tmux,other-busy,1,False,1.26,1.29,echo_ms,42,0.763272
latency,tmux,tmux,other-busy,1,False,1.26,1.29,echo_ms,43,0.893568
latency,tmux,tmux,other-busy,1,False,1.26,1.29,echo_ms,44,0.870142
latency,tmux,tmux,other-busy,1,False,1.26,1.29,echo_ms,45,0.585702
latency,tmux,tmux,other-busy,1,False,1.26,1.29,echo_ms,46,0.719397
latency,tmux,tmux,other-busy,1,False,1.26,1.29,echo_ms,47,0.521339
latency,tmux,tmux,other-busy,1,False,1.26,1.29,echo_ms,48,0.773471
latency,tmux,tmux,other-busy,1,False,1.26,1.29,echo_ms,49,0.716245
latency,tmux,tmux,other-busy,1,False,1.26,1.29,echo_ms,50,0.516019
latency,tmux,tmux,other-busy,1,False,1.26,1.29,echo_ms,51,0.641752
latency,tmux,tmux,other-busy,1,False,1.26,1.29,echo_ms,52,0.768679
latency,tmux,tmux,other-busy,1,False,1.26,1.29,echo_ms,53,0.824023
latency,tmux,tmux,other-busy,1,False,1.26,1.29,echo_ms,54,0.64852
latency,tmux,tmux,other-busy,1,False,1.26,1.29,echo_ms,55,0.633242
latency,tmux,tmux,other-busy,1,False,1.26,1.29,echo_ms,56,1.109665
latency,tmux,tmux,other-busy,1,False,1.26,1.29,echo_ms,57,0.812419
latency,tmux,tmux,other-busy,1,False,1.26,1.29,echo_ms,58,0.79552
latency,tmux,tmux,other-busy,1,False,1.26,1.29,echo_ms,59,0.802341
latency,tmux,tmux,other-busy,1,False,1.26,1.29,echo_ms,60,0.613059
latency,tmux,tmux,other-busy,1,False,1.26,1.29,echo_ms,61,0.783296
latency,tmux,tmux,other-busy,1,False,1.26,1.29,echo_ms,62,0.736052
latency,tmux,tmux,other-busy,1,False,1.26,1.29,echo_ms,63,0.582632
latency,tmux,tmux,other-busy,1,False,1.26,1.29,echo_ms,64,0.5745
latency,tmux,tmux,other-busy,1,False,1.26,1.29,echo_ms,65,0.883239
latency,tmux,tmux,other-busy,1,False,1.26,1.29,echo_ms,66,0.722164
latency,tmux,tmux,other-busy,1,False,1.26,1.29,echo_ms,67,0.515896
latency,tmux,tmux,other-busy,1,False,1.26,1.29,echo_ms,68,0.522817
latency,tmux,tmux,other-busy,1,False,1.26,1.29,echo_ms,69,0.681105
latency,tmux,tmux,other-busy,1,False,1.26,1.29,echo_ms,70,0.692445
latency,tmux,tmux,other-busy,1,False,1.26,1.29,echo_ms,71,0.726937
latency,tmux,tmux,other-busy,1,False,1.26,1.29,echo_ms,72,0.815369
latency,tmux,tmux,other-busy,1,False,1.26,1.29,echo_ms,73,0.609029
latency,tmux,tmux,other-busy,1,False,1.26,1.29,echo_ms,74,0.540243
latency,tmux,tmux,other-busy,1,False,1.26,1.29,echo_ms,75,0.750175
latency,tmux,tmux,other-busy,1,False,1.26,1.29,echo_ms,76,0.738647
latency,tmux,tmux,other-busy,1,False,1.26,1.29,echo_ms,77,0.872439
latency,tmux,tmux,other-busy,1,False,1.26,1.29,echo_ms,78,1.682954
latency,tmux,tmux,other-busy,1,False,1.26,1.29,echo_ms,79,0.651505
latency,tmux,tmux,other-busy,1,False,1.26,1.29,echo_ms,80,0.535625
latency,tmux,tmux,other-busy,1,False,1.26,1.29,echo_ms,81,0.722061
latency,tmux,tmux,other-busy,1,False,1.26,1.29,echo_ms,82,0.81963
latency,tmux,tmux,other-busy,1,False,1.26,1.29,echo_ms,83,0.503058
latency,tmux,tmux,other-busy,1,False,1.26,1.29,echo_ms,84,0.812503
latency,tmux,tmux,other-busy,1,False,1.26,1.29,echo_ms,85,0.749922
latency,tmux,tmux,other-busy,1,False,1.26,1.29,echo_ms,86,0.656255
latency,tmux,tmux,other-busy,1,False,1.26,1.29,echo_ms,87,0.701317
latency,tmux,tmux,other-busy,1,False,1.26,1.29,echo_ms,88,0.495681
latency,tmux,tmux,other-busy,1,False,1.26,1.29,echo_ms,89,0.155155
latency,tmux,tmux,other-busy,1,False,1.26,1.29,echo_ms,90,0.573803
latency,tmux,tmux,other-busy,1,False,1.26,1.29,echo_ms,91,0.769739
latency,tmux,tmux,other-busy,1,False,1.26,1.29,echo_ms,92,0.732166
latency,tmux,tmux,other-busy,1,False,1.26,1.29,echo_ms,93,0.545224
latency,tmux,tmux,other-busy,1,False,1.26,1.29,echo_ms,94,0.766207
latency,tmux,tmux,other-busy,1,False,1.26,1.29,echo_ms,95,0.762829
latency,tmux,tmux,other-busy,1,False,1.26,1.29,echo_ms,96,0.624213
latency,tmux,tmux,other-busy,1,False,1.26,1.29,echo_ms,97,0.586516
latency,tmux,tmux,other-busy,1,False,1.26,1.29,echo_ms,98,0.823471
latency,tmux,tmux,other-busy,1,False,1.26,1.29,echo_ms,99,0.630806
latency,tmux,tmux,other-busy,1,False,1.26,1.29,timeouts,,0
latency,rmux,rmux,other-busy,2,False,1.29,1.26,echo_ms,0,4.909797
latency,rmux,rmux,other-busy,2,False,1.29,1.26,echo_ms,1,5.44862
latency,rmux,rmux,other-busy,2,False,1.29,1.26,echo_ms,2,2.108779
latency,rmux,rmux,other-busy,2,False,1.29,1.26,echo_ms,3,2.154789
latency,rmux,rmux,other-busy,2,False,1.29,1.26,echo_ms,4,2.839308
latency,rmux,rmux,other-busy,2,False,1.29,1.26,echo_ms,5,5.955778
latency,rmux,rmux,other-busy,2,False,1.29,1.26,echo_ms,6,4.89188
latency,rmux,rmux,other-busy,2,False,1.29,1.26,echo_ms,7,4.926829
latency,rmux,rmux,other-busy,2,False,1.29,1.26,echo_ms,8,2.482985
latency,rmux,rmux,other-busy,2,False,1.29,1.26,echo_ms,9,4.30928
latency,rmux,rmux,other-busy,2,False,1.29,1.26,echo_ms,10,2.25634
latency,rmux,rmux,other-busy,2,False,1.29,1.26,echo_ms,11,3.219324
latency,rmux,rmux,other-busy,2,False,1.29,1.26,echo_ms,12,5.133472
latency,rmux,rmux,other-busy,2,False,1.29,1.26,echo_ms,13,0.210711
latency,rmux,rmux,other-busy,2,False,1.29,1.26,echo_ms,14,0.587789
latency,rmux,rmux,other-busy,2,False,1.29,1.26,echo_ms,15,3.770195
latency,rmux,rmux,other-busy,2,False,1.29,1.26,echo_ms,16,0.236712
latency,rmux,rmux,other-busy,2,False,1.29,1.26,echo_ms,17,3.064173
latency,rmux,rmux,other-busy,2,False,1.29,1.26,echo_ms,18,0.803697
latency,rmux,rmux,other-busy,2,False,1.29,1.26,echo_ms,19,0.407785
latency,rmux,rmux,other-busy,2,False,1.29,1.26,echo_ms,20,2.036821
latency,rmux,rmux,other-busy,2,False,1.29,1.26,echo_ms,21,0.688725
latency,rmux,rmux,other-busy,2,False,1.29,1.26,echo_ms,22,3.420925
latency,rmux,rmux,other-busy,2,False,1.29,1.26,echo_ms,23,0.741975
latency,rmux,rmux,other-busy,2,False,1.29,1.26,echo_ms,24,0.438573
latency,rmux,rmux,other-busy,2,False,1.29,1.26,echo_ms,25,9.313932
latency,rmux,rmux,other-busy,2,False,1.29,1.26,echo_ms,26,0.671771
latency,rmux,rmux,other-busy,2,False,1.29,1.26,echo_ms,27,2.157224
latency,rmux,rmux,other-busy,2,False,1.29,1.26,echo_ms,28,5.917757
latency,rmux,rmux,other-busy,2,False,1.29,1.26,echo_ms,29,1.835034
latency,rmux,rmux,other-busy,2,False,1.29,1.26,echo_ms,30,0.728997
latency,rmux,rmux,other-busy,2,False,1.29,1.26,echo_ms,31,4.705355
latency,rmux,rmux,other-busy,2,False,1.29,1.26,echo_ms,32,4.819079
latency,rmux,rmux,other-busy,2,False,1.29,1.26,echo_ms,33,2.767672
latency,rmux,rmux,other-busy,2,False,1.29,1.26,echo_ms,34,5.016639
latency,rmux,rmux,other-busy,2,False,1.29,1.26,echo_ms,35,0.747462
latency,rmux,rmux,other-busy,2,False,1.29,1.26,echo_ms,36,1.348652
latency,rmux,rmux,other-busy,2,False,1.29,1.26,echo_ms,37,2.453316
latency,rmux,rmux,other-busy,2,False,1.29,1.26,echo_ms,38,3.943916
latency,rmux,rmux,other-busy,2,False,1.29,1.26,echo_ms,39,0.964866
latency,rmux,rmux,other-busy,2,False,1.29,1.26,echo_ms,40,1.161232
latency,rmux,rmux,other-busy,2,False,1.29,1.26,echo_ms,41,1.985937
latency,rmux,rmux,other-busy,2,False,1.29,1.26,echo_ms,42,1.79705
latency,rmux,rmux,other-busy,2,False,1.29,1.26,echo_ms,43,0.412926
latency,rmux,rmux,other-busy,2,False,1.29,1.26,echo_ms,44,1.609746
latency,rmux,rmux,other-busy,2,False,1.29,1.26,echo_ms,45,2.804647
latency,rmux,rmux,other-busy,2,False,1.29,1.26,echo_ms,46,5.465076
latency,rmux,rmux,other-busy,2,False,1.29,1.26,echo_ms,47,13.698819
latency,rmux,rmux,other-busy,2,False,1.29,1.26,echo_ms,48,1.044509
latency,rmux,rmux,other-busy,2,False,1.29,1.26,echo_ms,49,0.554082
latency,rmux,rmux,other-busy,2,False,1.29,1.26,echo_ms,50,3.300168
latency,rmux,rmux,other-busy,2,False,1.29,1.26,echo_ms,51,3.57198
latency,rmux,rmux,other-busy,2,False,1.29,1.26,echo_ms,52,1.986526
latency,rmux,rmux,other-busy,2,False,1.29,1.26,echo_ms,53,1.10552
latency,rmux,rmux,other-busy,2,False,1.29,1.26,echo_ms,54,0.56561
latency,rmux,rmux,other-busy,2,False,1.29,1.26,echo_ms,55,3.035365
latency,rmux,rmux,other-busy,2,False,1.29,1.26,echo_ms,56,1.083726
latency,rmux,rmux,other-busy,2,False,1.29,1.26,echo_ms,57,2.429196
latency,rmux,rmux,other-busy,2,False,1.29,1.26,echo_ms,58,5.337877
latency,rmux,rmux,other-busy,2,False,1.29,1.26,echo_ms,59,2.426833
latency,rmux,rmux,other-busy,2,False,1.29,1.26,echo_ms,60,2.597283
latency,rmux,rmux,other-busy,2,False,1.29,1.26,echo_ms,61,1.115181
latency,rmux,rmux,other-busy,2,False,1.29,1.26,echo_ms,62,2.498744
latency,rmux,rmux,other-busy,2,False,1.29,1.26,echo_ms,63,2.121895
latency,rmux,rmux,other-busy,2,False,1.29,1.26,echo_ms,64,4.171084
latency,rmux,rmux,other-busy,2,False,1.29,1.26,echo_ms,65,1.48212
latency,rmux,rmux,other-busy,2,False,1.29,1.26,echo_ms,66,0.876822
latency,rmux,rmux,other-busy,2,False,1.29,1.26,echo_ms,67,0.756998
latency,rmux,rmux,other-busy,2,False,1.29,1.26,echo_ms,68,0.822673
latency,rmux,rmux,other-busy,2,False,1.29,1.26,echo_ms,69,1.306673
latency,rmux,rmux,other-busy,2,False,1.29,1.26,echo_ms,70,7.647288
latency,rmux,rmux,other-busy,2,False,1.29,1.26,echo_ms,71,0.826896
latency,rmux,rmux,other-busy,2,False,1.29,1.26,echo_ms,72,1.439372
latency,rmux,rmux,other-busy,2,False,1.29,1.26,echo_ms,73,1.713591
latency,rmux,rmux,other-busy,2,False,1.29,1.26,echo_ms,74,4.596399
latency,rmux,rmux,other-busy,2,False,1.29,1.26,echo_ms,75,2.788653
latency,rmux,rmux,other-busy,2,False,1.29,1.26,echo_ms,76,3.192653
latency,rmux,rmux,other-busy,2,False,1.29,1.26,echo_ms,77,3.506292
latency,rmux,rmux,other-busy,2,False,1.29,1.26,echo_ms,78,0.423987
latency,rmux,rmux,other-busy,2,False,1.29,1.26,echo_ms,79,0.523688
latency,rmux,rmux,other-busy,2,False,1.29,1.26,echo_ms,80,5.537778
latency,rmux,rmux,other-busy,2,False,1.29,1.26,echo_ms,81,1.144697
latency,rmux,rmux,other-busy,2,False,1.29,1.26,echo_ms,82,9.32305
latency,rmux,rmux,other-busy,2,False,1.29,1.26,echo_ms,83,0.473313
latency,rmux,rmux,other-busy,2,False,1.29,1.26,echo_ms,84,0.996754
latency,rmux,rmux,other-busy,2,False,1.29,1.26,echo_ms,85,2.572663
latency,rmux,rmux,other-busy,2,False,1.29,1.26,echo_ms,86,2.907958
latency,rmux,rmux,other-busy,2,False,1.29,1.26,echo_ms,87,1.496771
latency,rmux,rmux,other-busy,2,False,1.29,1.26,echo_ms,88,9.153542
latency,rmux,rmux,other-busy,2,False,1.29,1.26,echo_ms,89,2.25508
latency,rmux,rmux,other-busy,2,False,1.29,1.26,echo_ms,90,1.222287
latency,rmux,rmux,other-busy,2,False,1.29,1.26,echo_ms,91,1.145952
latency,rmux,rmux,other-busy,2,False,1.29,1.26,echo_ms,92,2.158438
latency,rmux,rmux,other-busy,2,False,1.29,1.26,echo_ms,93,1.728614
latency,rmux,rmux,other-busy,2,False,1.29,1.26,echo_ms,94,3.710205
latency,rmux,rmux,other-busy,2,False,1.29,1.26,echo_ms,95,0.981487
latency,rmux,rmux,other-busy,2,False,1.29,1.26,echo_ms,96,1.053651
latency,rmux,rmux,other-busy,2,False,1.29,1.26,echo_ms,97,5.347555
latency,rmux,rmux,other-busy,2,False,1.29,1.26,echo_ms,98,0.500467
latency,rmux,rmux,other-busy,2,False,1.29,1.26,echo_ms,99,7.609301
latency,rmux,rmux,other-busy,2,False,1.29,1.26,timeouts,,0
latency,thurbox,tmux,other-busy,2,False,1.26,1.3,echo_ms,0,2.786763
latency,thurbox,tmux,other-busy,2,False,1.26,1.3,echo_ms,1,2.310911
latency,thurbox,tmux,other-busy,2,False,1.26,1.3,echo_ms,2,3.15166
latency,thurbox,tmux,other-busy,2,False,1.26,1.3,echo_ms,3,2.525374
latency,thurbox,tmux,other-busy,2,False,1.26,1.3,echo_ms,4,2.2381
latency,thurbox,tmux,other-busy,2,False,1.26,1.3,echo_ms,5,3.224376
latency,thurbox,tmux,other-busy,2,False,1.26,1.3,echo_ms,6,2.355341
latency,thurbox,tmux,other-busy,2,False,1.26,1.3,echo_ms,7,2.112351
latency,thurbox,tmux,other-busy,2,False,1.26,1.3,echo_ms,8,2.000889
latency,thurbox,tmux,other-busy,2,False,1.26,1.3,echo_ms,9,2.517777
latency,thurbox,tmux,other-busy,2,False,1.26,1.3,echo_ms,10,2.345539
latency,thurbox,tmux,other-busy,2,False,1.26,1.3,echo_ms,11,1.898982
latency,thurbox,tmux,other-busy,2,False,1.26,1.3,echo_ms,12,2.232441
latency,thurbox,tmux,other-busy,2,False,1.26,1.3,echo_ms,13,3.180649
latency,thurbox,tmux,other-busy,2,False,1.26,1.3,echo_ms,14,1.825263
latency,thurbox,tmux,other-busy,2,False,1.26,1.3,echo_ms,15,2.745434
latency,thurbox,tmux,other-busy,2,False,1.26,1.3,echo_ms,16,2.163152
latency,thurbox,tmux,other-busy,2,False,1.26,1.3,echo_ms,17,2.465089
latency,thurbox,tmux,other-busy,2,False,1.26,1.3,echo_ms,18,2.314749
latency,thurbox,tmux,other-busy,2,False,1.26,1.3,echo_ms,19,2.13412
latency,thurbox,tmux,other-busy,2,False,1.26,1.3,echo_ms,20,1.802101
latency,thurbox,tmux,other-busy,2,False,1.26,1.3,echo_ms,21,2.669182
latency,thurbox,tmux,other-busy,2,False,1.26,1.3,echo_ms,22,1.942944
latency,thurbox,tmux,other-busy,2,False,1.26,1.3,echo_ms,23,2.015764
latency,thurbox,tmux,other-busy,2,False,1.26,1.3,echo_ms,24,1.773742
latency,thurbox,tmux,other-busy,2,False,1.26,1.3,echo_ms,25,1.913802
latency,thurbox,tmux,other-busy,2,False,1.26,1.3,echo_ms,26,2.48183
latency,thurbox,tmux,other-busy,2,False,1.26,1.3,echo_ms,27,4.019412
latency,thurbox,tmux,other-busy,2,False,1.26,1.3,echo_ms,28,2.397188
latency,thurbox,tmux,other-busy,2,False,1.26,1.3,echo_ms,29,2.129967
latency,thurbox,tmux,other-busy,2,False,1.26,1.3,echo_ms,30,1.931397
latency,thurbox,tmux,other-busy,2,False,1.26,1.3,echo_ms,31,1.992391
latency,thurbox,tmux,other-busy,2,False,1.26,1.3,echo_ms,32,2.83194
latency,thurbox,tmux,other-busy,2,False,1.26,1.3,echo_ms,33,2.018231
latency,thurbox,tmux,other-busy,2,False,1.26,1.3,echo_ms,34,2.01968
latency,thurbox,tmux,other-busy,2,False,1.26,1.3,echo_ms,35,2.301016
latency,thurbox,tmux,other-busy,2,False,1.26,1.3,echo_ms,36,1.76381
latency,thurbox,tmux,other-busy,2,False,1.26,1.3,echo_ms,37,2.589696
latency,thurbox,tmux,other-busy,2,False,1.26,1.3,echo_ms,38,2.136609
latency,thurbox,tmux,other-busy,2,False,1.26,1.3,echo_ms,39,2.596175
latency,thurbox,tmux,other-busy,2,False,1.26,1.3,echo_ms,40,2.436384
latency,thurbox,tmux,other-busy,2,False,1.26,1.3,echo_ms,41,2.493008
latency,thurbox,tmux,other-busy,2,False,1.26,1.3,echo_ms,42,1.862217
latency,thurbox,tmux,other-busy,2,False,1.26,1.3,echo_ms,43,2.271066
latency,thurbox,tmux,other-busy,2,False,1.26,1.3,echo_ms,44,2.560411
latency,thurbox,tmux,other-busy,2,False,1.26,1.3,echo_ms,45,3.419797
latency,thurbox,tmux,other-busy,2,False,1.26,1.3,echo_ms,46,2.952092
latency,thurbox,tmux,other-busy,2,False,1.26,1.3,echo_ms,47,2.280467
latency,thurbox,tmux,other-busy,2,False,1.26,1.3,echo_ms,48,2.160115
latency,thurbox,tmux,other-busy,2,False,1.26,1.3,echo_ms,49,1.908899
latency,thurbox,tmux,other-busy,2,False,1.26,1.3,echo_ms,50,2.724735
latency,thurbox,tmux,other-busy,2,False,1.26,1.3,echo_ms,51,1.963662
latency,thurbox,tmux,other-busy,2,False,1.26,1.3,echo_ms,52,1.949155
latency,thurbox,tmux,other-busy,2,False,1.26,1.3,echo_ms,53,2.18491
latency,thurbox,tmux,other-busy,2,False,1.26,1.3,echo_ms,54,1.969213
latency,thurbox,tmux,other-busy,2,False,1.26,1.3,echo_ms,55,1.858628
latency,thurbox,tmux,other-busy,2,False,1.26,1.3,echo_ms,56,2.209627
latency,thurbox,tmux,other-busy,2,False,1.26,1.3,echo_ms,57,2.636206
latency,thurbox,tmux,other-busy,2,False,1.26,1.3,echo_ms,58,2.158709
latency,thurbox,tmux,other-busy,2,False,1.26,1.3,echo_ms,59,1.691411
latency,thurbox,tmux,other-busy,2,False,1.26,1.3,echo_ms,60,3.171687
latency,thurbox,tmux,other-busy,2,False,1.26,1.3,echo_ms,61,1.804684
latency,thurbox,tmux,other-busy,2,False,1.26,1.3,echo_ms,62,2.411371
latency,thurbox,tmux,other-busy,2,False,1.26,1.3,echo_ms,63,2.062134
latency,thurbox,tmux,other-busy,2,False,1.26,1.3,echo_ms,64,1.896474
latency,thurbox,tmux,other-busy,2,False,1.26,1.3,echo_ms,65,2.330582
latency,thurbox,tmux,other-busy,2,False,1.26,1.3,echo_ms,66,2.841522
latency,thurbox,tmux,other-busy,2,False,1.26,1.3,echo_ms,67,2.044419
latency,thurbox,tmux,other-busy,2,False,1.26,1.3,echo_ms,68,2.52476
latency,thurbox,tmux,other-busy,2,False,1.26,1.3,echo_ms,69,2.53653
latency,thurbox,tmux,other-busy,2,False,1.26,1.3,echo_ms,70,2.202366
latency,thurbox,tmux,other-busy,2,False,1.26,1.3,echo_ms,71,2.02378
latency,thurbox,tmux,other-busy,2,False,1.26,1.3,echo_ms,72,2.157592
latency,thurbox,tmux,other-busy,2,False,1.26,1.3,echo_ms,73,1.822156
latency,thurbox,tmux,other-busy,2,False,1.26,1.3,echo_ms,74,2.60568
latency,thurbox,tmux,other-busy,2,False,1.26,1.3,echo_ms,75,2.808646
latency,thurbox,tmux,other-busy,2,False,1.26,1.3,echo_ms,76,2.110093
latency,thurbox,tmux,other-busy,2,False,1.26,1.3,echo_ms,77,2.388325
latency,thurbox,tmux,other-busy,2,False,1.26,1.3,echo_ms,78,2.148925
latency,thurbox,tmux,other-busy,2,False,1.26,1.3,echo_ms,79,2.245297
latency,thurbox,tmux,other-busy,2,False,1.26,1.3,echo_ms,80,2.398329
latency,thurbox,tmux,other-busy,2,False,1.26,1.3,echo_ms,81,1.892755
latency,thurbox,tmux,other-busy,2,False,1.26,1.3,echo_ms,82,1.910916
latency,thurbox,tmux,other-busy,2,False,1.26,1.3,echo_ms,83,2.048278
latency,thurbox,tmux,other-busy,2,False,1.26,1.3,echo_ms,84,1.787166
latency,thurbox,tmux,other-busy,2,False,1.26,1.3,echo_ms,85,2.573344
latency,thurbox,tmux,other-busy,2,False,1.26,1.3,echo_ms,86,2.471542
latency,thurbox,tmux,other-busy,2,False,1.26,1.3,echo_ms,87,2.077605
latency,thurbox,tmux,other-busy,2,False,1.26,1.3,echo_ms,88,1.728621
latency,thurbox,tmux,other-busy,2,False,1.26,1.3,echo_ms,89,2.568707
latency,thurbox,tmux,other-busy,2,False,1.26,1.3,echo_ms,90,2.472727
latency,thurbox,tmux,other-busy,2,False,1.26,1.3,echo_ms,91,3.05201
latency,thurbox,tmux,other-busy,2,False,1.26,1.3,echo_ms,92,1.899008
latency,thurbox,tmux,other-busy,2,False,1.26,1.3,echo_ms,93,2.162344
latency,thurbox,tmux,other-busy,2,False,1.26,1.3,echo_ms,94,2.618529
latency,thurbox,tmux,other-busy,2,False,1.26,1.3,echo_ms,95,2.083204
latency,thurbox,tmux,other-busy,2,False,1.26,1.3,echo_ms,96,2.156804
latency,thurbox,tmux,other-busy,2,False,1.26,1.3,echo_ms,97,1.824335
latency,thurbox,tmux,other-busy,2,False,1.26,1.3,echo_ms,98,2.375477
latency,thurbox,tmux,other-busy,2,False,1.26,1.3,echo_ms,99,2.083666
latency,thurbox,tmux,other-busy,2,False,1.26,1.3,timeouts,,0
latency,tmux,tmux,other-busy,2,False,1.3,1.25,echo_ms,0,0.820225
latency,tmux,tmux,other-busy,2,False,1.3,1.25,echo_ms,1,0.687585
latency,tmux,tmux,other-busy,2,False,1.3,1.25,echo_ms,2,0.702105
latency,tmux,tmux,other-busy,2,False,1.3,1.25,echo_ms,3,0.782528
latency,tmux,tmux,other-busy,2,False,1.3,1.25,echo_ms,4,0.517723
latency,tmux,tmux,other-busy,2,False,1.3,1.25,echo_ms,5,0.913158
latency,tmux,tmux,other-busy,2,False,1.3,1.25,echo_ms,6,0.547237
latency,tmux,tmux,other-busy,2,False,1.3,1.25,echo_ms,7,0.879067
latency,tmux,tmux,other-busy,2,False,1.3,1.25,echo_ms,8,0.769161
latency,tmux,tmux,other-busy,2,False,1.3,1.25,echo_ms,9,0.717218
latency,tmux,tmux,other-busy,2,False,1.3,1.25,echo_ms,10,0.795774
latency,tmux,tmux,other-busy,2,False,1.3,1.25,echo_ms,11,0.701376
latency,tmux,tmux,other-busy,2,False,1.3,1.25,echo_ms,12,0.659742
latency,tmux,tmux,other-busy,2,False,1.3,1.25,echo_ms,13,0.660754
latency,tmux,tmux,other-busy,2,False,1.3,1.25,echo_ms,14,0.5957
latency,tmux,tmux,other-busy,2,False,1.3,1.25,echo_ms,15,0.681591
latency,tmux,tmux,other-busy,2,False,1.3,1.25,echo_ms,16,0.665809
latency,tmux,tmux,other-busy,2,False,1.3,1.25,echo_ms,17,0.656382
latency,tmux,tmux,other-busy,2,False,1.3,1.25,echo_ms,18,0.678596
latency,tmux,tmux,other-busy,2,False,1.3,1.25,echo_ms,19,0.612716
latency,tmux,tmux,other-busy,2,False,1.3,1.25,echo_ms,20,0.709616
latency,tmux,tmux,other-busy,2,False,1.3,1.25,echo_ms,21,0.630573
latency,tmux,tmux,other-busy,2,False,1.3,1.25,echo_ms,22,0.664366
latency,tmux,tmux,other-busy,2,False,1.3,1.25,echo_ms,23,0.726516
latency,tmux,tmux,other-busy,2,False,1.3,1.25,echo_ms,24,0.699196
latency,tmux,tmux,other-busy,2,False,1.3,1.25,echo_ms,25,0.528111
latency,tmux,tmux,other-busy,2,False,1.3,1.25,echo_ms,26,0.640395
latency,tmux,tmux,other-busy,2,False,1.3,1.25,echo_ms,27,0.712162
latency,tmux,tmux,other-busy,2,False,1.3,1.25,echo_ms,28,0.71971
latency,tmux,tmux,other-busy,2,False,1.3,1.25,echo_ms,29,0.548928
latency,tmux,tmux,other-busy,2,False,1.3,1.25,echo_ms,30,0.723734
latency,tmux,tmux,other-busy,2,False,1.3,1.25,echo_ms,31,0.668343
latency,tmux,tmux,other-busy,2,False,1.3,1.25,echo_ms,32,0.536059
latency,tmux,tmux,other-busy,2,False,1.3,1.25,echo_ms,33,0.632227
latency,tmux,tmux,other-busy,2,False,1.3,1.25,echo_ms,34,0.639738
latency,tmux,tmux,other-busy,2,False,1.3,1.25,echo_ms,35,0.567358
latency,tmux,tmux,other-busy,2,False,1.3,1.25,echo_ms,36,0.712967
latency,tmux,tmux,other-busy,2,False,1.3,1.25,echo_ms,37,0.630507
latency,tmux,tmux,other-busy,2,False,1.3,1.25,echo_ms,38,0.721991
latency,tmux,tmux,other-busy,2,False,1.3,1.25,echo_ms,39,0.774537
latency,tmux,tmux,other-busy,2,False,1.3,1.25,echo_ms,40,0.678477
latency,tmux,tmux,other-busy,2,False,1.3,1.25,echo_ms,41,0.616533
latency,tmux,tmux,other-busy,2,False,1.3,1.25,echo_ms,42,0.82958
latency,tmux,tmux,other-busy,2,False,1.3,1.25,echo_ms,43,0.741146
latency,tmux,tmux,other-busy,2,False,1.3,1.25,echo_ms,44,0.534407
latency,tmux,tmux,other-busy,2,False,1.3,1.25,echo_ms,45,0.677982
latency,tmux,tmux,other-busy,2,False,1.3,1.25,echo_ms,46,0.764657
latency,tmux,tmux,other-busy,2,False,1.3,1.25,echo_ms,47,0.741712
latency,tmux,tmux,other-busy,2,False,1.3,1.25,echo_ms,48,0.94459
latency,tmux,tmux,other-busy,2,False,1.3,1.25,echo_ms,49,0.65228
latency,tmux,tmux,other-busy,2,False,1.3,1.25,echo_ms,50,0.615507
latency,tmux,tmux,other-busy,2,False,1.3,1.25,echo_ms,51,0.795929
latency,tmux,tmux,other-busy,2,False,1.3,1.25,echo_ms,52,0.842158
latency,tmux,tmux,other-busy,2,False,1.3,1.25,echo_ms,53,0.587476
latency,tmux,tmux,other-busy,2,False,1.3,1.25,echo_ms,54,0.680893
latency,tmux,tmux,other-busy,2,False,1.3,1.25,echo_ms,55,0.673756
latency,tmux,tmux,other-busy,2,False,1.3,1.25,echo_ms,56,0.582004
latency,tmux,tmux,other-busy,2,False,1.3,1.25,echo_ms,57,0.705287
latency,tmux,tmux,other-busy,2,False,1.3,1.25,echo_ms,58,0.617497
latency,tmux,tmux,other-busy,2,False,1.3,1.25,echo_ms,59,0.736779
latency,tmux,tmux,other-busy,2,False,1.3,1.25,echo_ms,60,0.720015
latency,tmux,tmux,other-busy,2,False,1.3,1.25,echo_ms,61,0.585356
latency,tmux,tmux,other-busy,2,False,1.3,1.25,echo_ms,62,0.82785
latency,tmux,tmux,other-busy,2,False,1.3,1.25,echo_ms,63,0.702342
latency,tmux,tmux,other-busy,2,False,1.3,1.25,echo_ms,64,0.769484
latency,tmux,tmux,other-busy,2,False,1.3,1.25,echo_ms,65,0.592084
latency,tmux,tmux,other-busy,2,False,1.3,1.25,echo_ms,66,0.585019
latency,tmux,tmux,other-busy,2,False,1.3,1.25,echo_ms,67,0.691933
latency,tmux,tmux,other-busy,2,False,1.3,1.25,echo_ms,68,0.653284
latency,tmux,tmux,other-busy,2,False,1.3,1.25,echo_ms,69,0.717531
latency,tmux,tmux,other-busy,2,False,1.3,1.25,echo_ms,70,0.545462
latency,tmux,tmux,other-busy,2,False,1.3,1.25,echo_ms,71,0.52583
latency,tmux,tmux,other-busy,2,False,1.3,1.25,echo_ms,72,0.653967
latency,tmux,tmux,other-busy,2,False,1.3,1.25,echo_ms,73,0.613302
latency,tmux,tmux,other-busy,2,False,1.3,1.25,echo_ms,74,0.783266
latency,tmux,tmux,other-busy,2,False,1.3,1.25,echo_ms,75,0.689598
latency,tmux,tmux,other-busy,2,False,1.3,1.25,echo_ms,76,0.716741
latency,tmux,tmux,other-busy,2,False,1.3,1.25,echo_ms,77,0.438678
latency,tmux,tmux,other-busy,2,False,1.3,1.25,echo_ms,78,0.530706
latency,tmux,tmux,other-busy,2,False,1.3,1.25,echo_ms,79,0.567574
latency,tmux,tmux,other-busy,2,False,1.3,1.25,echo_ms,80,0.778354
latency,tmux,tmux,other-busy,2,False,1.3,1.25,echo_ms,81,0.66719
latency,tmux,tmux,other-busy,2,False,1.3,1.25,echo_ms,82,0.900436
latency,tmux,tmux,other-busy,2,False,1.3,1.25,echo_ms,83,0.644404
latency,tmux,tmux,other-busy,2,False,1.3,1.25,echo_ms,84,0.686393
latency,tmux,tmux,other-busy,2,False,1.3,1.25,echo_ms,85,0.602075
latency,tmux,tmux,other-busy,2,False,1.3,1.25,echo_ms,86,0.582359
latency,tmux,tmux,other-busy,2,False,1.3,1.25,echo_ms,87,0.773879
latency,tmux,tmux,other-busy,2,False,1.3,1.25,echo_ms,88,0.717034
latency,tmux,tmux,other-busy,2,False,1.3,1.25,echo_ms,89,0.559526
latency,tmux,tmux,other-busy,2,False,1.3,1.25,echo_ms,90,0.561857
latency,tmux,tmux,other-busy,2,False,1.3,1.25,echo_ms,91,0.536719
latency,tmux,tmux,other-busy,2,False,1.3,1.25,echo_ms,92,0.797809
latency,tmux,tmux,other-busy,2,False,1.3,1.25,echo_ms,93,0.749812
latency,tmux,tmux,other-busy,2,False,1.3,1.25,echo_ms,94,0.520183
latency,tmux,tmux,other-busy,2,False,1.3,1.25,echo_ms,95,0.742324
latency,tmux,tmux,other-busy,2,False,1.3,1.25,echo_ms,96,0.785454
latency,tmux,tmux,other-busy,2,False,1.3,1.25,echo_ms,97,0.591174
latency,tmux,tmux,other-busy,2,False,1.3,1.25,echo_ms,98,0.780858
latency,tmux,tmux,other-busy,2,False,1.3,1.25,echo_ms,99,0.433381
latency,tmux,tmux,other-busy,2,False,1.3,1.25,timeouts,,0
latency,herdr,herdr,other-busy,2,False,1.25,1.37,echo_ms,0,0.472021
latency,herdr,herdr,other-busy,2,False,1.25,1.37,echo_ms,1,0.508019
latency,herdr,herdr,other-busy,2,False,1.25,1.37,echo_ms,2,0.445776
latency,herdr,herdr,other-busy,2,False,1.25,1.37,echo_ms,3,0.494213
latency,herdr,herdr,other-busy,2,False,1.25,1.37,echo_ms,4,0.499588
latency,herdr,herdr,other-busy,2,False,1.25,1.37,echo_ms,5,0.487794
latency,herdr,herdr,other-busy,2,False,1.25,1.37,echo_ms,6,0.517696
latency,herdr,herdr,other-busy,2,False,1.25,1.37,echo_ms,7,0.429792
latency,herdr,herdr,other-busy,2,False,1.25,1.37,echo_ms,8,0.461093
latency,herdr,herdr,other-busy,2,False,1.25,1.37,echo_ms,9,0.43836
latency,herdr,herdr,other-busy,2,False,1.25,1.37,echo_ms,10,0.465116
latency,herdr,herdr,other-busy,2,False,1.25,1.37,echo_ms,11,0.472874
latency,herdr,herdr,other-busy,2,False,1.25,1.37,echo_ms,12,0.489737
latency,herdr,herdr,other-busy,2,False,1.25,1.37,echo_ms,13,0.430496
latency,herdr,herdr,other-busy,2,False,1.25,1.37,echo_ms,14,0.424944
latency,herdr,herdr,other-busy,2,False,1.25,1.37,echo_ms,15,0.432376
latency,herdr,herdr,other-busy,2,False,1.25,1.37,echo_ms,16,0.439051
latency,herdr,herdr,other-busy,2,False,1.25,1.37,echo_ms,17,0.576457
latency,herdr,herdr,other-busy,2,False,1.25,1.37,echo_ms,18,0.442153
latency,herdr,herdr,other-busy,2,False,1.25,1.37,echo_ms,19,0.45441
latency,herdr,herdr,other-busy,2,False,1.25,1.37,echo_ms,20,0.442442
latency,herdr,herdr,other-busy,2,False,1.25,1.37,echo_ms,21,0.577763
latency,herdr,herdr,other-busy,2,False,1.25,1.37,echo_ms,22,0.437923
latency,herdr,herdr,other-busy,2,False,1.25,1.37,echo_ms,23,0.566929
latency,herdr,herdr,other-busy,2,False,1.25,1.37,echo_ms,24,0.465296
latency,herdr,herdr,other-busy,2,False,1.25,1.37,echo_ms,25,0.459423
latency,herdr,herdr,other-busy,2,False,1.25,1.37,echo_ms,26,0.415576
latency,herdr,herdr,other-busy,2,False,1.25,1.37,echo_ms,27,0.491271
latency,herdr,herdr,other-busy,2,False,1.25,1.37,echo_ms,28,0.420155
latency,herdr,herdr,other-busy,2,False,1.25,1.37,echo_ms,29,0.426047
latency,herdr,herdr,other-busy,2,False,1.25,1.37,echo_ms,30,0.47274
latency,herdr,herdr,other-busy,2,False,1.25,1.37,echo_ms,31,0.495293
latency,herdr,herdr,other-busy,2,False,1.25,1.37,echo_ms,32,0.477316
latency,herdr,herdr,other-busy,2,False,1.25,1.37,echo_ms,33,0.449258
latency,herdr,herdr,other-busy,2,False,1.25,1.37,echo_ms,34,0.444455
latency,herdr,herdr,other-busy,2,False,1.25,1.37,echo_ms,35,0.466005
latency,herdr,herdr,other-busy,2,False,1.25,1.37,echo_ms,36,0.541031
latency,herdr,herdr,other-busy,2,False,1.25,1.37,echo_ms,37,0.555737
latency,herdr,herdr,other-busy,2,False,1.25,1.37,echo_ms,38,0.4751
latency,herdr,herdr,other-busy,2,False,1.25,1.37,echo_ms,39,0.446458
latency,herdr,herdr,other-busy,2,False,1.25,1.37,echo_ms,40,0.430668
latency,herdr,herdr,other-busy,2,False,1.25,1.37,echo_ms,41,0.438157
latency,herdr,herdr,other-busy,2,False,1.25,1.37,echo_ms,42,0.439565
latency,herdr,herdr,other-busy,2,False,1.25,1.37,echo_ms,43,0.450796
latency,herdr,herdr,other-busy,2,False,1.25,1.37,echo_ms,44,0.430633
latency,herdr,herdr,other-busy,2,False,1.25,1.37,echo_ms,45,0.444966
latency,herdr,herdr,other-busy,2,False,1.25,1.37,echo_ms,46,0.432252
latency,herdr,herdr,other-busy,2,False,1.25,1.37,echo_ms,47,0.443538
latency,herdr,herdr,other-busy,2,False,1.25,1.37,echo_ms,48,0.491665
latency,herdr,herdr,other-busy,2,False,1.25,1.37,echo_ms,49,0.493756
latency,herdr,herdr,other-busy,2,False,1.25,1.37,echo_ms,50,0.444072
latency,herdr,herdr,other-busy,2,False,1.25,1.37,echo_ms,51,0.512515
latency,herdr,herdr,other-busy,2,False,1.25,1.37,echo_ms,52,0.44394
latency,herdr,herdr,other-busy,2,False,1.25,1.37,echo_ms,53,0.446858
latency,herdr,herdr,other-busy,2,False,1.25,1.37,echo_ms,54,0.449633
latency,herdr,herdr,other-busy,2,False,1.25,1.37,echo_ms,55,0.42598
latency,herdr,herdr,other-busy,2,False,1.25,1.37,echo_ms,56,0.528729
latency,herdr,herdr,other-busy,2,False,1.25,1.37,echo_ms,57,0.508342
latency,herdr,herdr,other-busy,2,False,1.25,1.37,echo_ms,58,0.536541
latency,herdr,herdr,other-busy,2,False,1.25,1.37,echo_ms,59,0.419493
latency,herdr,herdr,other-busy,2,False,1.25,1.37,echo_ms,60,0.433199
latency,herdr,herdr,other-busy,2,False,1.25,1.37,echo_ms,61,0.420758
latency,herdr,herdr,other-busy,2,False,1.25,1.37,echo_ms,62,0.451125
latency,herdr,herdr,other-busy,2,False,1.25,1.37,echo_ms,63,0.466439
latency,herdr,herdr,other-busy,2,False,1.25,1.37,echo_ms,64,0.636456
latency,herdr,herdr,other-busy,2,False,1.25,1.37,echo_ms,65,0.470105
latency,herdr,herdr,other-busy,2,False,1.25,1.37,echo_ms,66,0.480924
latency,herdr,herdr,other-busy,2,False,1.25,1.37,echo_ms,67,0.43905
latency,herdr,herdr,other-busy,2,False,1.25,1.37,echo_ms,68,0.464426
latency,herdr,herdr,other-busy,2,False,1.25,1.37,echo_ms,69,0.460637
latency,herdr,herdr,other-busy,2,False,1.25,1.37,echo_ms,70,0.468836
latency,herdr,herdr,other-busy,2,False,1.25,1.37,echo_ms,71,0.433447
latency,herdr,herdr,other-busy,2,False,1.25,1.37,echo_ms,72,0.497946
latency,herdr,herdr,other-busy,2,False,1.25,1.37,echo_ms,73,0.479726
latency,herdr,herdr,other-busy,2,False,1.25,1.37,echo_ms,74,0.439943
latency,herdr,herdr,other-busy,2,False,1.25,1.37,echo_ms,75,0.484609
latency,herdr,herdr,other-busy,2,False,1.25,1.37,echo_ms,76,0.474147
latency,herdr,herdr,other-busy,2,False,1.25,1.37,echo_ms,77,0.488337
latency,herdr,herdr,other-busy,2,False,1.25,1.37,echo_ms,78,0.428253
latency,herdr,herdr,other-busy,2,False,1.25,1.37,echo_ms,79,0.450854
latency,herdr,herdr,other-busy,2,False,1.25,1.37,echo_ms,80,0.477918
latency,herdr,herdr,other-busy,2,False,1.25,1.37,echo_ms,81,0.46253
latency,herdr,herdr,other-busy,2,False,1.25,1.37,echo_ms,82,0.487596
latency,herdr,herdr,other-busy,2,False,1.25,1.37,echo_ms,83,0.512379
latency,herdr,herdr,other-busy,2,False,1.25,1.37,echo_ms,84,0.481976
latency,herdr,herdr,other-busy,2,False,1.25,1.37,echo_ms,85,0.535084
latency,herdr,herdr,other-busy,2,False,1.25,1.37,echo_ms,86,0.447662
latency,herdr,herdr,other-busy,2,False,1.25,1.37,echo_ms,87,0.446596
latency,herdr,herdr,other-busy,2,False,1.25,1.37,echo_ms,88,0.454507
latency,herdr,herdr,other-busy,2,False,1.25,1.37,echo_ms,89,0.446067
latency,herdr,herdr,other-busy,2,False,1.25,1.37,echo_ms,90,0.424082
latency,herdr,herdr,other-busy,2,False,1.25,1.37,echo_ms,91,0.448073
latency,herdr,herdr,other-busy,2,False,1.25,1.37,echo_ms,92,0.511272
latency,herdr,herdr,other-busy,2,False,1.25,1.37,echo_ms,93,0.478533
latency,herdr,herdr,other-busy,2,False,1.25,1.37,echo_ms,94,0.45679
latency,herdr,herdr,other-busy,2,False,1.25,1.37,echo_ms,95,0.459818
latency,herdr,herdr,other-busy,2,False,1.25,1.37,echo_ms,96,0.645182
latency,herdr,herdr,other-busy,2,False,1.25,1.37,echo_ms,97,0.52145
latency,herdr,herdr,other-busy,2,False,1.25,1.37,echo_ms,98,0.473346
latency,herdr,herdr,other-busy,2,False,1.25,1.37,echo_ms,99,0.428518
latency,herdr,herdr,other-busy,2,False,1.25,1.37,timeouts,,0
latency,thurbox,tmux,other-busy,3,False,1.37,1.31,echo_ms,0,2.566226
latency,thurbox,tmux,other-busy,3,False,1.37,1.31,echo_ms,1,2.263744
latency,thurbox,tmux,other-busy,3,False,1.37,1.31,echo_ms,2,2.250731
latency,thurbox,tmux,other-busy,3,False,1.37,1.31,echo_ms,3,1.856595
latency,thurbox,tmux,other-busy,3,False,1.37,1.31,echo_ms,4,3.662633
latency,thurbox,tmux,other-busy,3,False,1.37,1.31,echo_ms,5,1.93538
latency,thurbox,tmux,other-busy,3,False,1.37,1.31,echo_ms,6,1.799513
latency,thurbox,tmux,other-busy,3,False,1.37,1.31,echo_ms,7,2.029858
latency,thurbox,tmux,other-busy,3,False,1.37,1.31,echo_ms,8,3.982766
latency,thurbox,tmux,other-busy,3,False,1.37,1.31,echo_ms,9,2.612885
latency,thurbox,tmux,other-busy,3,False,1.37,1.31,echo_ms,10,1.935085
latency,thurbox,tmux,other-busy,3,False,1.37,1.31,echo_ms,11,2.028581
latency,thurbox,tmux,other-busy,3,False,1.37,1.31,echo_ms,12,2.043099
latency,thurbox,tmux,other-busy,3,False,1.37,1.31,echo_ms,13,2.005741
latency,thurbox,tmux,other-busy,3,False,1.37,1.31,echo_ms,14,2.017581
latency,thurbox,tmux,other-busy,3,False,1.37,1.31,echo_ms,15,2.220366
latency,thurbox,tmux,other-busy,3,False,1.37,1.31,echo_ms,16,2.757784
latency,thurbox,tmux,other-busy,3,False,1.37,1.31,echo_ms,17,2.110681
latency,thurbox,tmux,other-busy,3,False,1.37,1.31,echo_ms,18,1.833449
latency,thurbox,tmux,other-busy,3,False,1.37,1.31,echo_ms,19,2.439482
latency,thurbox,tmux,other-busy,3,False,1.37,1.31,echo_ms,20,2.299804
latency,thurbox,tmux,other-busy,3,False,1.37,1.31,echo_ms,21,2.170726
latency,thurbox,tmux,other-busy,3,False,1.37,1.31,echo_ms,22,2.1913
latency,thurbox,tmux,other-busy,3,False,1.37,1.31,echo_ms,23,2.098026
latency,thurbox,tmux,other-busy,3,False,1.37,1.31,echo_ms,24,2.840394
latency,thurbox,tmux,other-busy,3,False,1.37,1.31,echo_ms,25,3.00013
latency,thurbox,tmux,other-busy,3,False,1.37,1.31,echo_ms,26,2.009886
latency,thurbox,tmux,other-busy,3,False,1.37,1.31,echo_ms,27,2.833016
latency,thurbox,tmux,other-busy,3,False,1.37,1.31,echo_ms,28,2.191707
latency,thurbox,tmux,other-busy,3,False,1.37,1.31,echo_ms,29,2.365912
latency,thurbox,tmux,other-busy,3,False,1.37,1.31,echo_ms,30,2.222526
latency,thurbox,tmux,other-busy,3,False,1.37,1.31,echo_ms,31,1.629768
latency,thurbox,tmux,other-busy,3,False,1.37,1.31,echo_ms,32,2.078949
latency,thurbox,tmux,other-busy,3,False,1.37,1.31,echo_ms,33,1.98002
latency,thurbox,tmux,other-busy,3,False,1.37,1.31,echo_ms,34,2.664923
latency,thurbox,tmux,other-busy,3,False,1.37,1.31,echo_ms,35,2.074388
latency,thurbox,tmux,other-busy,3,False,1.37,1.31,echo_ms,36,2.477313
latency,thurbox,tmux,other-busy,3,False,1.37,1.31,echo_ms,37,1.807905
latency,thurbox,tmux,other-busy,3,False,1.37,1.31,echo_ms,38,2.189994
latency,thurbox,tmux,other-busy,3,False,1.37,1.31,echo_ms,39,1.920092
latency,thurbox,tmux,other-busy,3,False,1.37,1.31,echo_ms,40,1.855061
latency,thurbox,tmux,other-busy,3,False,1.37,1.31,echo_ms,41,2.078802
latency,thurbox,tmux,other-busy,3,False,1.37,1.31,echo_ms,42,1.982274
latency,thurbox,tmux,other-busy,3,False,1.37,1.31,echo_ms,43,2.776141
latency,thurbox,tmux,other-busy,3,False,1.37,1.31,echo_ms,44,1.874403
latency,thurbox,tmux,other-busy,3,False,1.37,1.31,echo_ms,45,2.788715
latency,thurbox,tmux,other-busy,3,False,1.37,1.31,echo_ms,46,1.892388
latency,thurbox,tmux,other-busy,3,False,1.37,1.31,echo_ms,47,1.911738
latency,thurbox,tmux,other-busy,3,False,1.37,1.31,echo_ms,48,2.035867
latency,thurbox,tmux,other-busy,3,False,1.37,1.31,echo_ms,49,2.147864
latency,thurbox,tmux,other-busy,3,False,1.37,1.31,echo_ms,50,3.937474
latency,thurbox,tmux,other-busy,3,False,1.37,1.31,echo_ms,51,3.97802
latency,thurbox,tmux,other-busy,3,False,1.37,1.31,echo_ms,52,2.321848
latency,thurbox,tmux,other-busy,3,False,1.37,1.31,echo_ms,53,2.071881
latency,thurbox,tmux,other-busy,3,False,1.37,1.31,echo_ms,54,1.877716
latency,thurbox,tmux,other-busy,3,False,1.37,1.31,echo_ms,55,2.168418
latency,thurbox,tmux,other-busy,3,False,1.37,1.31,echo_ms,56,2.118302
latency,thurbox,tmux,other-busy,3,False,1.37,1.31,echo_ms,57,1.989649
latency,thurbox,tmux,other-busy,3,False,1.37,1.31,echo_ms,58,1.919928
latency,thurbox,tmux,other-busy,3,False,1.37,1.31,echo_ms,59,2.828777
latency,thurbox,tmux,other-busy,3,False,1.37,1.31,echo_ms,60,1.995004
latency,thurbox,tmux,other-busy,3,False,1.37,1.31,echo_ms,61,2.0135
latency,thurbox,tmux,other-busy,3,False,1.37,1.31,echo_ms,62,2.256766
latency,thurbox,tmux,other-busy,3,False,1.37,1.31,echo_ms,63,1.950513
latency,thurbox,tmux,other-busy,3,False,1.37,1.31,echo_ms,64,2.152817
latency,thurbox,tmux,other-busy,3,False,1.37,1.31,echo_ms,65,1.993046
latency,thurbox,tmux,other-busy,3,False,1.37,1.31,echo_ms,66,2.985924
latency,thurbox,tmux,other-busy,3,False,1.37,1.31,echo_ms,67,2.464046
latency,thurbox,tmux,other-busy,3,False,1.37,1.31,echo_ms,68,1.916977
latency,thurbox,tmux,other-busy,3,False,1.37,1.31,echo_ms,69,2.484689
latency,thurbox,tmux,other-busy,3,False,1.37,1.31,echo_ms,70,2.13277
latency,thurbox,tmux,other-busy,3,False,1.37,1.31,echo_ms,71,1.918853
latency,thurbox,tmux,other-busy,3,False,1.37,1.31,echo_ms,72,2.278191
latency,thurbox,tmux,other-busy,3,False,1.37,1.31,echo_ms,73,2.540906
latency,thurbox,tmux,other-busy,3,False,1.37,1.31,echo_ms,74,1.697585
latency,thurbox,tmux,other-busy,3,False,1.37,1.31,echo_ms,75,2.000531
latency,thurbox,tmux,other-busy,3,False,1.37,1.31,echo_ms,76,2.30563
latency,thurbox,tmux,other-busy,3,False,1.37,1.31,echo_ms,77,2.142017
latency,thurbox,tmux,other-busy,3,False,1.37,1.31,echo_ms,78,1.807748
latency,thurbox,tmux,other-busy,3,False,1.37,1.31,echo_ms,79,1.777455
latency,thurbox,tmux,other-busy,3,False,1.37,1.31,echo_ms,80,1.862437
latency,thurbox,tmux,other-busy,3,False,1.37,1.31,echo_ms,81,1.867065
latency,thurbox,tmux,other-busy,3,False,1.37,1.31,echo_ms,82,2.235677
latency,thurbox,tmux,other-busy,3,False,1.37,1.31,echo_ms,83,2.313187
latency,thurbox,tmux,other-busy,3,False,1.37,1.31,echo_ms,84,1.98512
latency,thurbox,tmux,other-busy,3,False,1.37,1.31,echo_ms,85,1.888618
latency,thurbox,tmux,other-busy,3,False,1.37,1.31,echo_ms,86,2.747152
latency,thurbox,tmux,other-busy,3,False,1.37,1.31,echo_ms,87,2.962025
latency,thurbox,tmux,other-busy,3,False,1.37,1.31,echo_ms,88,2.253249
latency,thurbox,tmux,other-busy,3,False,1.37,1.31,echo_ms,89,1.889108
latency,thurbox,tmux,other-busy,3,False,1.37,1.31,echo_ms,90,1.811922
latency,thurbox,tmux,other-busy,3,False,1.37,1.31,echo_ms,91,1.968036
latency,thurbox,tmux,other-busy,3,False,1.37,1.31,echo_ms,92,2.509411
latency,thurbox,tmux,other-busy,3,False,1.37,1.31,echo_ms,93,2.556682
latency,thurbox,tmux,other-busy,3,False,1.37,1.31,echo_ms,94,2.011362
latency,thurbox,tmux,other-busy,3,False,1.37,1.31,echo_ms,95,1.875036
latency,thurbox,tmux,other-busy,3,False,1.37,1.31,echo_ms,96,2.3919
latency,thurbox,tmux,other-busy,3,False,1.37,1.31,echo_ms,97,1.726257
latency,thurbox,tmux,other-busy,3,False,1.37,1.31,echo_ms,98,2.520203
latency,thurbox,tmux,other-busy,3,False,1.37,1.31,echo_ms,99,2.372816
latency,thurbox,tmux,other-busy,3,False,1.37,1.31,timeouts,,0
latency,tmux,tmux,other-busy,3,False,1.31,1.27,echo_ms,0,0.715485
latency,tmux,tmux,other-busy,3,False,1.31,1.27,echo_ms,1,0.777421
latency,tmux,tmux,other-busy,3,False,1.31,1.27,echo_ms,2,0.681126
latency,tmux,tmux,other-busy,3,False,1.31,1.27,echo_ms,3,0.819672
latency,tmux,tmux,other-busy,3,False,1.31,1.27,echo_ms,4,0.602079
latency,tmux,tmux,other-busy,3,False,1.31,1.27,echo_ms,5,0.578736
latency,tmux,tmux,other-busy,3,False,1.31,1.27,echo_ms,6,0.653357
latency,tmux,tmux,other-busy,3,False,1.31,1.27,echo_ms,7,0.504632
latency,tmux,tmux,other-busy,3,False,1.31,1.27,echo_ms,8,0.621322
latency,tmux,tmux,other-busy,3,False,1.31,1.27,echo_ms,9,0.665093
latency,tmux,tmux,other-busy,3,False,1.31,1.27,echo_ms,10,0.684213
latency,tmux,tmux,other-busy,3,False,1.31,1.27,echo_ms,11,0.634323
latency,tmux,tmux,other-busy,3,False,1.31,1.27,echo_ms,12,0.766406
latency,tmux,tmux,other-busy,3,False,1.31,1.27,echo_ms,13,0.598897
latency,tmux,tmux,other-busy,3,False,1.31,1.27,echo_ms,14,0.684889
latency,tmux,tmux,other-busy,3,False,1.31,1.27,echo_ms,15,0.532499
latency,tmux,tmux,other-busy,3,False,1.31,1.27,echo_ms,16,0.746287
latency,tmux,tmux,other-busy,3,False,1.31,1.27,echo_ms,17,0.557992
latency,tmux,tmux,other-busy,3,False,1.31,1.27,echo_ms,18,0.536176
latency,tmux,tmux,other-busy,3,False,1.31,1.27,echo_ms,19,0.709008
latency,tmux,tmux,other-busy,3,False,1.31,1.27,echo_ms,20,0.493102
latency,tmux,tmux,other-busy,3,False,1.31,1.27,echo_ms,21,0.551491
latency,tmux,tmux,other-busy,3,False,1.31,1.27,echo_ms,22,0.564124
latency,tmux,tmux,other-busy,3,False,1.31,1.27,echo_ms,23,0.779572
latency,tmux,tmux,other-busy,3,False,1.31,1.27,echo_ms,24,0.586283
latency,tmux,tmux,other-busy,3,False,1.31,1.27,echo_ms,25,0.651739
latency,tmux,tmux,other-busy,3,False,1.31,1.27,echo_ms,26,0.642883
latency,tmux,tmux,other-busy,3,False,1.31,1.27,echo_ms,27,0.561386
latency,tmux,tmux,other-busy,3,False,1.31,1.27,echo_ms,28,0.51023
latency,tmux,tmux,other-busy,3,False,1.31,1.27,echo_ms,29,0.788311
latency,tmux,tmux,other-busy,3,False,1.31,1.27,echo_ms,30,0.641677
latency,tmux,tmux,other-busy,3,False,1.31,1.27,echo_ms,31,0.779508
latency,tmux,tmux,other-busy,3,False,1.31,1.27,echo_ms,32,0.595923
latency,tmux,tmux,other-busy,3,False,1.31,1.27,echo_ms,33,0.728453
latency,tmux,tmux,other-busy,3,False,1.31,1.27,echo_ms,34,0.22709
latency,tmux,tmux,other-busy,3,False,1.31,1.27,echo_ms,35,0.75302
latency,tmux,tmux,other-busy,3,False,1.31,1.27,echo_ms,36,0.730403
latency,tmux,tmux,other-busy,3,False,1.31,1.27,echo_ms,37,0.698062
latency,tmux,tmux,other-busy,3,False,1.31,1.27,echo_ms,38,0.579255
latency,tmux,tmux,other-busy,3,False,1.31,1.27,echo_ms,39,0.592214
latency,tmux,tmux,other-busy,3,False,1.31,1.27,echo_ms,40,0.840957
latency,tmux,tmux,other-busy,3,False,1.31,1.27,echo_ms,41,0.706454
latency,tmux,tmux,other-busy,3,False,1.31,1.27,echo_ms,42,0.770921
latency,tmux,tmux,other-busy,3,False,1.31,1.27,echo_ms,43,0.782666
latency,tmux,tmux,other-busy,3,False,1.31,1.27,echo_ms,44,0.89731
latency,tmux,tmux,other-busy,3,False,1.31,1.27,echo_ms,45,0.783578
latency,tmux,tmux,other-busy,3,False,1.31,1.27,echo_ms,46,0.654885
latency,tmux,tmux,other-busy,3,False,1.31,1.27,echo_ms,47,0.565147
latency,tmux,tmux,other-busy,3,False,1.31,1.27,echo_ms,48,0.888577
latency,tmux,tmux,other-busy,3,False,1.31,1.27,echo_ms,49,0.702017
latency,tmux,tmux,other-busy,3,False,1.31,1.27,echo_ms,50,0.853523
latency,tmux,tmux,other-busy,3,False,1.31,1.27,echo_ms,51,0.607298
latency,tmux,tmux,other-busy,3,False,1.31,1.27,echo_ms,52,0.630758
latency,tmux,tmux,other-busy,3,False,1.31,1.27,echo_ms,53,0.78702
latency,tmux,tmux,other-busy,3,False,1.31,1.27,echo_ms,54,0.6619
latency,tmux,tmux,other-busy,3,False,1.31,1.27,echo_ms,55,0.768808
latency,tmux,tmux,other-busy,3,False,1.31,1.27,echo_ms,56,0.837133
latency,tmux,tmux,other-busy,3,False,1.31,1.27,echo_ms,57,0.760937
latency,tmux,tmux,other-busy,3,False,1.31,1.27,echo_ms,58,0.792025
latency,tmux,tmux,other-busy,3,False,1.31,1.27,echo_ms,59,0.591378
latency,tmux,tmux,other-busy,3,False,1.31,1.27,echo_ms,60,0.592675
latency,tmux,tmux,other-busy,3,False,1.31,1.27,echo_ms,61,0.601354
latency,tmux,tmux,other-busy,3,False,1.31,1.27,echo_ms,62,0.651731
latency,tmux,tmux,other-busy,3,False,1.31,1.27,echo_ms,63,0.783471
latency,tmux,tmux,other-busy,3,False,1.31,1.27,echo_ms,64,0.917002
latency,tmux,tmux,other-busy,3,False,1.31,1.27,echo_ms,65,0.754955
latency,tmux,tmux,other-busy,3,False,1.31,1.27,echo_ms,66,0.526516
latency,tmux,tmux,other-busy,3,False,1.31,1.27,echo_ms,67,0.820242
latency,tmux,tmux,other-busy,3,False,1.31,1.27,echo_ms,68,0.543003
latency,tmux,tmux,other-busy,3,False,1.31,1.27,echo_ms,69,0.626576
latency,tmux,tmux,other-busy,3,False,1.31,1.27,echo_ms,70,0.886602
latency,tmux,tmux,other-busy,3,False,1.31,1.27,echo_ms,71,0.692241
latency,tmux,tmux,other-busy,3,False,1.31,1.27,echo_ms,72,0.733123
latency,tmux,tmux,other-busy,3,False,1.31,1.27,echo_ms,73,0.725778
latency,tmux,tmux,other-busy,3,False,1.31,1.27,echo_ms,74,0.649758
latency,tmux,tmux,other-busy,3,False,1.31,1.27,echo_ms,75,0.668668
latency,tmux,tmux,other-busy,3,False,1.31,1.27,echo_ms,76,0.687708
latency,tmux,tmux,other-busy,3,False,1.31,1.27,echo_ms,77,0.745146
latency,tmux,tmux,other-busy,3,False,1.31,1.27,echo_ms,78,0.805854
latency,tmux,tmux,other-busy,3,False,1.31,1.27,echo_ms,79,0.667984
latency,tmux,tmux,other-busy,3,False,1.31,1.27,echo_ms,80,0.632184
latency,tmux,tmux,other-busy,3,False,1.31,1.27,echo_ms,81,0.640566
latency,tmux,tmux,other-busy,3,False,1.31,1.27,echo_ms,82,0.572925
latency,tmux,tmux,other-busy,3,False,1.31,1.27,echo_ms,83,0.640401
latency,tmux,tmux,other-busy,3,False,1.31,1.27,echo_ms,84,0.747424
latency,tmux,tmux,other-busy,3,False,1.31,1.27,echo_ms,85,0.719274
latency,tmux,tmux,other-busy,3,False,1.31,1.27,echo_ms,86,0.760841
latency,tmux,tmux,other-busy,3,False,1.31,1.27,echo_ms,87,0.63606
latency,tmux,tmux,other-busy,3,False,1.31,1.27,echo_ms,88,0.781839
latency,tmux,tmux,other-busy,3,False,1.31,1.27,echo_ms,89,0.648251
latency,tmux,tmux,other-busy,3,False,1.31,1.27,echo_ms,90,0.563248
latency,tmux,tmux,other-busy,3,False,1.31,1.27,echo_ms,91,0.593784
latency,tmux,tmux,other-busy,3,False,1.31,1.27,echo_ms,92,0.240581
latency,tmux,tmux,other-busy,3,False,1.31,1.27,echo_ms,93,0.613187
latency,tmux,tmux,other-busy,3,False,1.31,1.27,echo_ms,94,0.596092
latency,tmux,tmux,other-busy,3,False,1.31,1.27,echo_ms,95,0.902369
latency,tmux,tmux,other-busy,3,False,1.31,1.27,echo_ms,96,0.521966
latency,tmux,tmux,other-busy,3,False,1.31,1.27,echo_ms,97,0.70684
latency,tmux,tmux,other-busy,3,False,1.31,1.27,echo_ms,98,0.610521
latency,tmux,tmux,other-busy,3,False,1.31,1.27,echo_ms,99,0.632567
latency,tmux,tmux,other-busy,3,False,1.31,1.27,timeouts,,0
latency,herdr,herdr,other-busy,3,False,1.27,1.22,echo_ms,0,0.458661
latency,herdr,herdr,other-busy,3,False,1.27,1.22,echo_ms,1,0.48421
latency,herdr,herdr,other-busy,3,False,1.27,1.22,echo_ms,2,0.497233
latency,herdr,herdr,other-busy,3,False,1.27,1.22,echo_ms,3,0.487072
latency,herdr,herdr,other-busy,3,False,1.27,1.22,echo_ms,4,0.472794
latency,herdr,herdr,other-busy,3,False,1.27,1.22,echo_ms,5,0.464529
latency,herdr,herdr,other-busy,3,False,1.27,1.22,echo_ms,6,0.434287
latency,herdr,herdr,other-busy,3,False,1.27,1.22,echo_ms,7,0.512974
latency,herdr,herdr,other-busy,3,False,1.27,1.22,echo_ms,8,0.482622
latency,herdr,herdr,other-busy,3,False,1.27,1.22,echo_ms,9,0.463809
latency,herdr,herdr,other-busy,3,False,1.27,1.22,echo_ms,10,0.453916
latency,herdr,herdr,other-busy,3,False,1.27,1.22,echo_ms,11,0.479063
latency,herdr,herdr,other-busy,3,False,1.27,1.22,echo_ms,12,0.463668
latency,herdr,herdr,other-busy,3,False,1.27,1.22,echo_ms,13,0.470891
latency,herdr,herdr,other-busy,3,False,1.27,1.22,echo_ms,14,1.058741
latency,herdr,herdr,other-busy,3,False,1.27,1.22,echo_ms,15,0.526605
latency,herdr,herdr,other-busy,3,False,1.27,1.22,echo_ms,16,0.445412
latency,herdr,herdr,other-busy,3,False,1.27,1.22,echo_ms,17,0.450954
latency,herdr,herdr,other-busy,3,False,1.27,1.22,echo_ms,18,0.472366
latency,herdr,herdr,other-busy,3,False,1.27,1.22,echo_ms,19,0.454941
latency,herdr,herdr,other-busy,3,False,1.27,1.22,echo_ms,20,0.688295
latency,herdr,herdr,other-busy,3,False,1.27,1.22,echo_ms,21,0.500927
latency,herdr,herdr,other-busy,3,False,1.27,1.22,echo_ms,22,0.456468
latency,herdr,herdr,other-busy,3,False,1.27,1.22,echo_ms,23,0.416613
latency,herdr,herdr,other-busy,3,False,1.27,1.22,echo_ms,24,0.45519
latency,herdr,herdr,other-busy,3,False,1.27,1.22,echo_ms,25,0.510188
latency,herdr,herdr,other-busy,3,False,1.27,1.22,echo_ms,26,0.484196
latency,herdr,herdr,other-busy,3,False,1.27,1.22,echo_ms,27,0.443666
latency,herdr,herdr,other-busy,3,False,1.27,1.22,echo_ms,28,0.449217
latency,herdr,herdr,other-busy,3,False,1.27,1.22,echo_ms,29,0.552841
latency,herdr,herdr,other-busy,3,False,1.27,1.22,echo_ms,30,0.460126
latency,herdr,herdr,other-busy,3,False,1.27,1.22,echo_ms,31,0.430373
latency,herdr,herdr,other-busy,3,False,1.27,1.22,echo_ms,32,0.420463
latency,herdr,herdr,other-busy,3,False,1.27,1.22,echo_ms,33,0.459478
latency,herdr,herdr,other-busy,3,False,1.27,1.22,echo_ms,34,0.453722
latency,herdr,herdr,other-busy,3,False,1.27,1.22,echo_ms,35,0.478058
latency,herdr,herdr,other-busy,3,False,1.27,1.22,echo_ms,36,0.432526
latency,herdr,herdr,other-busy,3,False,1.27,1.22,echo_ms,37,0.417576
latency,herdr,herdr,other-busy,3,False,1.27,1.22,echo_ms,38,0.491331
latency,herdr,herdr,other-busy,3,False,1.27,1.22,echo_ms,39,0.473143
latency,herdr,herdr,other-busy,3,False,1.27,1.22,echo_ms,40,0.489639
latency,herdr,herdr,other-busy,3,False,1.27,1.22,echo_ms,41,0.445598
latency,herdr,herdr,other-busy,3,False,1.27,1.22,echo_ms,42,0.436237
latency,herdr,herdr,other-busy,3,False,1.27,1.22,echo_ms,43,0.436459
latency,herdr,herdr,other-busy,3,False,1.27,1.22,echo_ms,44,0.451488
latency,herdr,herdr,other-busy,3,False,1.27,1.22,echo_ms,45,0.537722
latency,herdr,herdr,other-busy,3,False,1.27,1.22,echo_ms,46,0.506787
latency,herdr,herdr,other-busy,3,False,1.27,1.22,echo_ms,47,0.460495
latency,herdr,herdr,other-busy,3,False,1.27,1.22,echo_ms,48,0.448904
latency,herdr,herdr,other-busy,3,False,1.27,1.22,echo_ms,49,0.422005
latency,herdr,herdr,other-busy,3,False,1.27,1.22,echo_ms,50,0.487236
latency,herdr,herdr,other-busy,3,False,1.27,1.22,echo_ms,51,0.51693
latency,herdr,herdr,other-busy,3,False,1.27,1.22,echo_ms,52,0.530848
latency,herdr,herdr,other-busy,3,False,1.27,1.22,echo_ms,53,0.515503
latency,herdr,herdr,other-busy,3,False,1.27,1.22,echo_ms,54,0.450493
latency,herdr,herdr,other-busy,3,False,1.27,1.22,echo_ms,55,0.46292
latency,herdr,herdr,other-busy,3,False,1.27,1.22,echo_ms,56,0.436671
latency,herdr,herdr,other-busy,3,False,1.27,1.22,echo_ms,57,0.5376
latency,herdr,herdr,other-busy,3,False,1.27,1.22,echo_ms,58,0.41631
latency,herdr,herdr,other-busy,3,False,1.27,1.22,echo_ms,59,0.437339
latency,herdr,herdr,other-busy,3,False,1.27,1.22,echo_ms,60,0.480071
latency,herdr,herdr,other-busy,3,False,1.27,1.22,echo_ms,61,0.44236
latency,herdr,herdr,other-busy,3,False,1.27,1.22,echo_ms,62,0.427792
latency,herdr,herdr,other-busy,3,False,1.27,1.22,echo_ms,63,0.461218
latency,herdr,herdr,other-busy,3,False,1.27,1.22,echo_ms,64,0.449126
latency,herdr,herdr,other-busy,3,False,1.27,1.22,echo_ms,65,0.467135
latency,herdr,herdr,other-busy,3,False,1.27,1.22,echo_ms,66,0.508461
latency,herdr,herdr,other-busy,3,False,1.27,1.22,echo_ms,67,0.478508
latency,herdr,herdr,other-busy,3,False,1.27,1.22,echo_ms,68,0.406824
latency,herdr,herdr,other-busy,3,False,1.27,1.22,echo_ms,69,0.467823
latency,herdr,herdr,other-busy,3,False,1.27,1.22,echo_ms,70,0.497056
latency,herdr,herdr,other-busy,3,False,1.27,1.22,echo_ms,71,0.47477
latency,herdr,herdr,other-busy,3,False,1.27,1.22,echo_ms,72,0.450655
latency,herdr,herdr,other-busy,3,False,1.27,1.22,echo_ms,73,0.436954
latency,herdr,herdr,other-busy,3,False,1.27,1.22,echo_ms,74,0.445328
latency,herdr,herdr,other-busy,3,False,1.27,1.22,echo_ms,75,0.429511
latency,herdr,herdr,other-busy,3,False,1.27,1.22,echo_ms,76,0.481009
latency,herdr,herdr,other-busy,3,False,1.27,1.22,echo_ms,77,0.436114
latency,herdr,herdr,other-busy,3,False,1.27,1.22,echo_ms,78,0.459611
latency,herdr,herdr,other-busy,3,False,1.27,1.22,echo_ms,79,0.440356
latency,herdr,herdr,other-busy,3,False,1.27,1.22,echo_ms,80,0.428957
latency,herdr,herdr,other-busy,3,False,1.27,1.22,echo_ms,81,0.460722
latency,herdr,herdr,other-busy,3,False,1.27,1.22,echo_ms,82,0.42965
latency,herdr,herdr,other-busy,3,False,1.27,1.22,echo_ms,83,0.440992
latency,herdr,herdr,other-busy,3,False,1.27,1.22,echo_ms,84,0.476603
latency,herdr,herdr,other-busy,3,False,1.27,1.22,echo_ms,85,0.456978
latency,herdr,herdr,other-busy,3,False,1.27,1.22,echo_ms,86,0.48965
latency,herdr,herdr,other-busy,3,False,1.27,1.22,echo_ms,87,0.505106
latency,herdr,herdr,other-busy,3,False,1.27,1.22,echo_ms,88,0.431824
latency,herdr,herdr,other-busy,3,False,1.27,1.22,echo_ms,89,0.491054
latency,herdr,herdr,other-busy,3,False,1.27,1.22,echo_ms,90,0.462803
latency,herdr,herdr,other-busy,3,False,1.27,1.22,echo_ms,91,0.530719
latency,herdr,herdr,other-busy,3,False,1.27,1.22,echo_ms,92,0.45025
latency,herdr,herdr,other-busy,3,False,1.27,1.22,echo_ms,93,0.433257
latency,herdr,herdr,other-busy,3,False,1.27,1.22,echo_ms,94,0.413847
latency,herdr,herdr,other-busy,3,False,1.27,1.22,echo_ms,95,0.481731
latency,herdr,herdr,other-busy,3,False,1.27,1.22,echo_ms,96,0.578547
latency,herdr,herdr,other-busy,3,False,1.27,1.22,echo_ms,97,0.475417
latency,herdr,herdr,other-busy,3,False,1.27,1.22,echo_ms,98,0.461212
latency,herdr,herdr,other-busy,3,False,1.27,1.22,echo_ms,99,0.439464
latency,herdr,herdr,other-busy,3,False,1.27,1.22,timeouts,,0
latency,rmux,rmux,other-busy,3,False,1.22,1.34,echo_ms,0,6.721956
latency,rmux,rmux,other-busy,3,False,1.22,1.34,echo_ms,1,0.843664
latency,rmux,rmux,other-busy,3,False,1.22,1.34,echo_ms,2,1.555746
latency,rmux,rmux,other-busy,3,False,1.22,1.34,echo_ms,3,1.759599
latency,rmux,rmux,other-busy,3,False,1.22,1.34,echo_ms,4,1.609142
latency,rmux,rmux,other-busy,3,False,1.22,1.34,echo_ms,5,5.537932
latency,rmux,rmux,other-busy,3,False,1.22,1.34,echo_ms,6,9.059347
latency,rmux,rmux,other-busy,3,False,1.22,1.34,echo_ms,7,0.866966
latency,rmux,rmux,other-busy,3,False,1.22,1.34,echo_ms,8,4.769135
latency,rmux,rmux,other-busy,3,False,1.22,1.34,echo_ms,9,1.768783
latency,rmux,rmux,other-busy,3,False,1.22,1.34,echo_ms,10,3.273042
latency,rmux,rmux,other-busy,3,False,1.22,1.34,echo_ms,11,1.077965
latency,rmux,rmux,other-busy,3,False,1.22,1.34,echo_ms,12,0.490318
latency,rmux,rmux,other-busy,3,False,1.22,1.34,echo_ms,13,0.72737
latency,rmux,rmux,other-busy,3,False,1.22,1.34,echo_ms,14,1.122494
latency,rmux,rmux,other-busy,3,False,1.22,1.34,echo_ms,15,1.244491
latency,rmux,rmux,other-busy,3,False,1.22,1.34,echo_ms,16,1.14215
latency,rmux,rmux,other-busy,3,False,1.22,1.34,echo_ms,17,5.320885
latency,rmux,rmux,other-busy,3,False,1.22,1.34,echo_ms,18,0.712462
latency,rmux,rmux,other-busy,3,False,1.22,1.34,echo_ms,19,1.369976
latency,rmux,rmux,other-busy,3,False,1.22,1.34,echo_ms,20,1.76616
latency,rmux,rmux,other-busy,3,False,1.22,1.34,echo_ms,21,1.475886
latency,rmux,rmux,other-busy,3,False,1.22,1.34,echo_ms,22,0.729876
latency,rmux,rmux,other-busy,3,False,1.22,1.34,echo_ms,23,4.260101
latency,rmux,rmux,other-busy,3,False,1.22,1.34,echo_ms,24,1.100379
latency,rmux,rmux,other-busy,3,False,1.22,1.34,echo_ms,25,3.231488
latency,rmux,rmux,other-busy,3,False,1.22,1.34,echo_ms,26,1.086641
latency,rmux,rmux,other-busy,3,False,1.22,1.34,echo_ms,27,10.589315
latency,rmux,rmux,other-busy,3,False,1.22,1.34,echo_ms,28,1.794017
latency,rmux,rmux,other-busy,3,False,1.22,1.34,echo_ms,29,2.878896
latency,rmux,rmux,other-busy,3,False,1.22,1.34,echo_ms,30,4.288174
latency,rmux,rmux,other-busy,3,False,1.22,1.34,echo_ms,31,1.22506
latency,rmux,rmux,other-busy,3,False,1.22,1.34,echo_ms,32,2.671157
latency,rmux,rmux,other-busy,3,False,1.22,1.34,echo_ms,33,2.884587
latency,rmux,rmux,other-busy,3,False,1.22,1.34,echo_ms,34,0.651868
latency,rmux,rmux,other-busy,3,False,1.22,1.34,echo_ms,35,1.608332
latency,rmux,rmux,other-busy,3,False,1.22,1.34,echo_ms,36,3.024422
latency,rmux,rmux,other-busy,3,False,1.22,1.34,echo_ms,37,0.713374
latency,rmux,rmux,other-busy,3,False,1.22,1.34,echo_ms,38,0.663758
latency,rmux,rmux,other-busy,3,False,1.22,1.34,echo_ms,39,1.78553
latency,rmux,rmux,other-busy,3,False,1.22,1.34,echo_ms,40,1.982633
latency,rmux,rmux,other-busy,3,False,1.22,1.34,echo_ms,41,1.068594
latency,rmux,rmux,other-busy,3,False,1.22,1.34,echo_ms,42,4.618719
latency,rmux,rmux,other-busy,3,False,1.22,1.34,echo_ms,43,0.773841
latency,rmux,rmux,other-busy,3,False,1.22,1.34,echo_ms,44,1.376378
latency,rmux,rmux,other-busy,3,False,1.22,1.34,echo_ms,45,0.665823
latency,rmux,rmux,other-busy,3,False,1.22,1.34,echo_ms,46,0.623693
latency,rmux,rmux,other-busy,3,False,1.22,1.34,echo_ms,47,8.745036
latency,rmux,rmux,other-busy,3,False,1.22,1.34,echo_ms,48,3.056552
latency,rmux,rmux,other-busy,3,False,1.22,1.34,echo_ms,49,1.820973
latency,rmux,rmux,other-busy,3,False,1.22,1.34,echo_ms,50,4.217244
latency,rmux,rmux,other-busy,3,False,1.22,1.34,echo_ms,51,0.538904
latency,rmux,rmux,other-busy,3,False,1.22,1.34,echo_ms,52,4.396661
latency,rmux,rmux,other-busy,3,False,1.22,1.34,echo_ms,53,0.696146
latency,rmux,rmux,other-busy,3,False,1.22,1.34,echo_ms,54,1.320508
latency,rmux,rmux,other-busy,3,False,1.22,1.34,echo_ms,55,1.554515
latency,rmux,rmux,other-busy,3,False,1.22,1.34,echo_ms,56,8.931941
latency,rmux,rmux,other-busy,3,False,1.22,1.34,echo_ms,57,1.765077
latency,rmux,rmux,other-busy,3,False,1.22,1.34,echo_ms,58,1.405317
latency,rmux,rmux,other-busy,3,False,1.22,1.34,echo_ms,59,0.739858
latency,rmux,rmux,other-busy,3,False,1.22,1.34,echo_ms,60,1.187622
latency,rmux,rmux,other-busy,3,False,1.22,1.34,echo_ms,61,1.175306
latency,rmux,rmux,other-busy,3,False,1.22,1.34,echo_ms,62,6.27698
latency,rmux,rmux,other-busy,3,False,1.22,1.34,echo_ms,63,0.80445
latency,rmux,rmux,other-busy,3,False,1.22,1.34,echo_ms,64,4.341885
latency,rmux,rmux,other-busy,3,False,1.22,1.34,echo_ms,65,6.530865
latency,rmux,rmux,other-busy,3,False,1.22,1.34,echo_ms,66,6.183766
latency,rmux,rmux,other-busy,3,False,1.22,1.34,echo_ms,67,2.116153
latency,rmux,rmux,other-busy,3,False,1.22,1.34,echo_ms,68,3.985322
latency,rmux,rmux,other-busy,3,False,1.22,1.34,echo_ms,69,5.667554
latency,rmux,rmux,other-busy,3,False,1.22,1.34,echo_ms,70,5.830347
latency,rmux,rmux,other-busy,3,False,1.22,1.34,echo_ms,71,4.883721
latency,rmux,rmux,other-busy,3,False,1.22,1.34,echo_ms,72,2.293289
latency,rmux,rmux,other-busy,3,False,1.22,1.34,echo_ms,73,2.120602
latency,rmux,rmux,other-busy,3,False,1.22,1.34,echo_ms,74,17.704068
latency,rmux,rmux,other-busy,3,False,1.22,1.34,echo_ms,75,2.42329
latency,rmux,rmux,other-busy,3,False,1.22,1.34,echo_ms,76,7.523989
latency,rmux,rmux,other-busy,3,False,1.22,1.34,echo_ms,77,5.118641
latency,rmux,rmux,other-busy,3,False,1.22,1.34,echo_ms,78,12.306962
latency,rmux,rmux,other-busy,3,False,1.22,1.34,echo_ms,79,3.226416
latency,rmux,rmux,other-busy,3,False,1.22,1.34,echo_ms,80,0.58471
latency,rmux,rmux,other-busy,3,False,1.22,1.34,echo_ms,81,0.854023
latency,rmux,rmux,other-busy,3,False,1.22,1.34,echo_ms,82,2.377542
latency,rmux,rmux,other-busy,3,False,1.22,1.34,echo_ms,83,7.920375
latency,rmux,rmux,other-busy,3,False,1.22,1.34,echo_ms,84,5.205142
latency,rmux,rmux,other-busy,3,False,1.22,1.34,echo_ms,85,0.767756
latency,rmux,rmux,other-busy,3,False,1.22,1.34,echo_ms,86,3.562734
latency,rmux,rmux,other-busy,3,False,1.22,1.34,echo_ms,87,1.127398
latency,rmux,rmux,other-busy,3,False,1.22,1.34,echo_ms,88,0.302506
latency,rmux,rmux,other-busy,3,False,1.22,1.34,echo_ms,89,3.861734
latency,rmux,rmux,other-busy,3,False,1.22,1.34,echo_ms,90,5.301846
latency,rmux,rmux,other-busy,3,False,1.22,1.34,echo_ms,91,1.986052
latency,rmux,rmux,other-busy,3,False,1.22,1.34,echo_ms,92,0.338606
latency,rmux,rmux,other-busy,3,False,1.22,1.34,echo_ms,93,15.555564
latency,rmux,rmux,other-busy,3,False,1.22,1.34,echo_ms,94,0.992813
latency,rmux,rmux,other-busy,3,False,1.22,1.34,echo_ms,95,1.346125
latency,rmux,rmux,other-busy,3,False,1.22,1.34,echo_ms,96,0.755224
latency,rmux,rmux,other-busy,3,False,1.22,1.34,echo_ms,97,0.705714
latency,rmux,rmux,other-busy,3,False,1.22,1.34,echo_ms,98,4.405436
latency,rmux,rmux,other-busy,3,False,1.22,1.34,echo_ms,99,2.436906
latency,rmux,rmux,other-busy,3,False,1.22,1.34,timeouts,,0
latency,tmux,tmux,other-busy,4,False,1.34,1.29,echo_ms,0,0.748001
latency,tmux,tmux,other-busy,4,False,1.34,1.29,echo_ms,1,0.784303
latency,tmux,tmux,other-busy,4,False,1.34,1.29,echo_ms,2,0.832549
latency,tmux,tmux,other-busy,4,False,1.34,1.29,echo_ms,3,0.660454
latency,tmux,tmux,other-busy,4,False,1.34,1.29,echo_ms,4,0.787151
latency,tmux,tmux,other-busy,4,False,1.34,1.29,echo_ms,5,0.660456
latency,tmux,tmux,other-busy,4,False,1.34,1.29,echo_ms,6,0.629585
latency,tmux,tmux,other-busy,4,False,1.34,1.29,echo_ms,7,0.688548
latency,tmux,tmux,other-busy,4,False,1.34,1.29,echo_ms,8,0.711569
latency,tmux,tmux,other-busy,4,False,1.34,1.29,echo_ms,9,0.630056
latency,tmux,tmux,other-busy,4,False,1.34,1.29,echo_ms,10,0.659036
latency,tmux,tmux,other-busy,4,False,1.34,1.29,echo_ms,11,0.612003
latency,tmux,tmux,other-busy,4,False,1.34,1.29,echo_ms,12,0.534642
latency,tmux,tmux,other-busy,4,False,1.34,1.29,echo_ms,13,0.521873
latency,tmux,tmux,other-busy,4,False,1.34,1.29,echo_ms,14,0.599613
latency,tmux,tmux,other-busy,4,False,1.34,1.29,echo_ms,15,0.59808
latency,tmux,tmux,other-busy,4,False,1.34,1.29,echo_ms,16,0.573812
latency,tmux,tmux,other-busy,4,False,1.34,1.29,echo_ms,17,0.599601
latency,tmux,tmux,other-busy,4,False,1.34,1.29,echo_ms,18,0.629462
latency,tmux,tmux,other-busy,4,False,1.34,1.29,echo_ms,19,0.622791
latency,tmux,tmux,other-busy,4,False,1.34,1.29,echo_ms,20,0.702049
latency,tmux,tmux,other-busy,4,False,1.34,1.29,echo_ms,21,0.595721
latency,tmux,tmux,other-busy,4,False,1.34,1.29,echo_ms,22,0.648283
latency,tmux,tmux,other-busy,4,False,1.34,1.29,echo_ms,23,0.520558
latency,tmux,tmux,other-busy,4,False,1.34,1.29,echo_ms,24,0.753661
latency,tmux,tmux,other-busy,4,False,1.34,1.29,echo_ms,25,0.753681
latency,tmux,tmux,other-busy,4,False,1.34,1.29,echo_ms,26,0.736712
latency,tmux,tmux,other-busy,4,False,1.34,1.29,echo_ms,27,0.747899
latency,tmux,tmux,other-busy,4,False,1.34,1.29,echo_ms,28,0.760862
latency,tmux,tmux,other-busy,4,False,1.34,1.29,echo_ms,29,0.743142
latency,tmux,tmux,other-busy,4,False,1.34,1.29,echo_ms,30,0.676428
latency,tmux,tmux,other-busy,4,False,1.34,1.29,echo_ms,31,0.66676
latency,tmux,tmux,other-busy,4,False,1.34,1.29,echo_ms,32,0.652224
latency,tmux,tmux,other-busy,4,False,1.34,1.29,echo_ms,33,0.593513
latency,tmux,tmux,other-busy,4,False,1.34,1.29,echo_ms,34,0.663391
latency,tmux,tmux,other-busy,4,False,1.34,1.29,echo_ms,35,0.581719
latency,tmux,tmux,other-busy,4,False,1.34,1.29,echo_ms,36,0.58165
latency,tmux,tmux,other-busy,4,False,1.34,1.29,echo_ms,37,0.623691
latency,tmux,tmux,other-busy,4,False,1.34,1.29,echo_ms,38,0.620328
latency,tmux,tmux,other-busy,4,False,1.34,1.29,echo_ms,39,0.631096
latency,tmux,tmux,other-busy,4,False,1.34,1.29,echo_ms,40,0.710915
latency,tmux,tmux,other-busy,4,False,1.34,1.29,echo_ms,41,0.633625
latency,tmux,tmux,other-busy,4,False,1.34,1.29,echo_ms,42,0.881206
latency,tmux,tmux,other-busy,4,False,1.34,1.29,echo_ms,43,0.586264
latency,tmux,tmux,other-busy,4,False,1.34,1.29,echo_ms,44,0.995982
latency,tmux,tmux,other-busy,4,False,1.34,1.29,echo_ms,45,0.814743
latency,tmux,tmux,other-busy,4,False,1.34,1.29,echo_ms,46,0.565798
latency,tmux,tmux,other-busy,4,False,1.34,1.29,echo_ms,47,0.693754
latency,tmux,tmux,other-busy,4,False,1.34,1.29,echo_ms,48,0.810724
latency,tmux,tmux,other-busy,4,False,1.34,1.29,echo_ms,49,0.653064
latency,tmux,tmux,other-busy,4,False,1.34,1.29,echo_ms,50,0.615745
latency,tmux,tmux,other-busy,4,False,1.34,1.29,echo_ms,51,0.696718
latency,tmux,tmux,other-busy,4,False,1.34,1.29,echo_ms,52,0.541685
latency,tmux,tmux,other-busy,4,False,1.34,1.29,echo_ms,53,0.576527
latency,tmux,tmux,other-busy,4,False,1.34,1.29,echo_ms,54,0.851097
latency,tmux,tmux,other-busy,4,False,1.34,1.29,echo_ms,55,0.743439
latency,tmux,tmux,other-busy,4,False,1.34,1.29,echo_ms,56,0.660286
latency,tmux,tmux,other-busy,4,False,1.34,1.29,echo_ms,57,0.533366
latency,tmux,tmux,other-busy,4,False,1.34,1.29,echo_ms,58,0.64475
latency,tmux,tmux,other-busy,4,False,1.34,1.29,echo_ms,59,0.60965
latency,tmux,tmux,other-busy,4,False,1.34,1.29,echo_ms,60,0.777279
latency,tmux,tmux,other-busy,4,False,1.34,1.29,echo_ms,61,0.735935
latency,tmux,tmux,other-busy,4,False,1.34,1.29,echo_ms,62,0.560241
latency,tmux,tmux,other-busy,4,False,1.34,1.29,echo_ms,63,0.818164
latency,tmux,tmux,other-busy,4,False,1.34,1.29,echo_ms,64,0.583092
latency,tmux,tmux,other-busy,4,False,1.34,1.29,echo_ms,65,0.729571
latency,tmux,tmux,other-busy,4,False,1.34,1.29,echo_ms,66,0.79359
latency,tmux,tmux,other-busy,4,False,1.34,1.29,echo_ms,67,0.887131
latency,tmux,tmux,other-busy,4,False,1.34,1.29,echo_ms,68,0.738953
latency,tmux,tmux,other-busy,4,False,1.34,1.29,echo_ms,69,0.540601
latency,tmux,tmux,other-busy,4,False,1.34,1.29,echo_ms,70,0.731425
latency,tmux,tmux,other-busy,4,False,1.34,1.29,echo_ms,71,0.926475
latency,tmux,tmux,other-busy,4,False,1.34,1.29,echo_ms,72,0.780433
latency,tmux,tmux,other-busy,4,False,1.34,1.29,echo_ms,73,0.662605
latency,tmux,tmux,other-busy,4,False,1.34,1.29,echo_ms,74,0.76169
latency,tmux,tmux,other-busy,4,False,1.34,1.29,echo_ms,75,0.695867
latency,tmux,tmux,other-busy,4,False,1.34,1.29,echo_ms,76,0.700685
latency,tmux,tmux,other-busy,4,False,1.34,1.29,echo_ms,77,0.750319
latency,tmux,tmux,other-busy,4,False,1.34,1.29,echo_ms,78,0.676385
latency,tmux,tmux,other-busy,4,False,1.34,1.29,echo_ms,79,0.600517
latency,tmux,tmux,other-busy,4,False,1.34,1.29,echo_ms,80,0.743154
latency,tmux,tmux,other-busy,4,False,1.34,1.29,echo_ms,81,0.509354
latency,tmux,tmux,other-busy,4,False,1.34,1.29,echo_ms,82,0.761823
latency,tmux,tmux,other-busy,4,False,1.34,1.29,echo_ms,83,0.552815
latency,tmux,tmux,other-busy,4,False,1.34,1.29,echo_ms,84,0.916548
latency,tmux,tmux,other-busy,4,False,1.34,1.29,echo_ms,85,0.70156
latency,tmux,tmux,other-busy,4,False,1.34,1.29,echo_ms,86,0.768337
latency,tmux,tmux,other-busy,4,False,1.34,1.29,echo_ms,87,0.784607
latency,tmux,tmux,other-busy,4,False,1.34,1.29,echo_ms,88,0.672969
latency,tmux,tmux,other-busy,4,False,1.34,1.29,echo_ms,89,0.72143
latency,tmux,tmux,other-busy,4,False,1.34,1.29,echo_ms,90,0.693381
latency,tmux,tmux,other-busy,4,False,1.34,1.29,echo_ms,91,0.752805
latency,tmux,tmux,other-busy,4,False,1.34,1.29,echo_ms,92,0.788274
latency,tmux,tmux,other-busy,4,False,1.34,1.29,echo_ms,93,0.685206
latency,tmux,tmux,other-busy,4,False,1.34,1.29,echo_ms,94,0.609032
latency,tmux,tmux,other-busy,4,False,1.34,1.29,echo_ms,95,0.81345
latency,tmux,tmux,other-busy,4,False,1.34,1.29,echo_ms,96,0.710172
latency,tmux,tmux,other-busy,4,False,1.34,1.29,echo_ms,97,0.698832
latency,tmux,tmux,other-busy,4,False,1.34,1.29,echo_ms,98,0.602486
latency,tmux,tmux,other-busy,4,False,1.34,1.29,echo_ms,99,0.673189
latency,tmux,tmux,other-busy,4,False,1.34,1.29,timeouts,,0
latency,herdr,herdr,other-busy,4,False,1.29,1.25,echo_ms,0,0.501267
latency,herdr,herdr,other-busy,4,False,1.29,1.25,echo_ms,1,0.446249
latency,herdr,herdr,other-busy,4,False,1.29,1.25,echo_ms,2,0.490467
latency,herdr,herdr,other-busy,4,False,1.29,1.25,echo_ms,3,0.456512
latency,herdr,herdr,other-busy,4,False,1.29,1.25,echo_ms,4,0.476212
latency,herdr,herdr,other-busy,4,False,1.29,1.25,echo_ms,5,0.443303
latency,herdr,herdr,other-busy,4,False,1.29,1.25,echo_ms,6,0.443072
latency,herdr,herdr,other-busy,4,False,1.29,1.25,echo_ms,7,0.460163
latency,herdr,herdr,other-busy,4,False,1.29,1.25,echo_ms,8,0.454103
latency,herdr,herdr,other-busy,4,False,1.29,1.25,echo_ms,9,0.440302
latency,herdr,herdr,other-busy,4,False,1.29,1.25,echo_ms,10,0.497689
latency,herdr,herdr,other-busy,4,False,1.29,1.25,echo_ms,11,0.517145
latency,herdr,herdr,other-busy,4,False,1.29,1.25,echo_ms,12,0.433605
latency,herdr,herdr,other-busy,4,False,1.29,1.25,echo_ms,13,0.434043
latency,herdr,herdr,other-busy,4,False,1.29,1.25,echo_ms,14,0.44714
latency,herdr,herdr,other-busy,4,False,1.29,1.25,echo_ms,15,0.445397
latency,herdr,herdr,other-busy,4,False,1.29,1.25,echo_ms,16,0.443225
latency,herdr,herdr,other-busy,4,False,1.29,1.25,echo_ms,17,0.445984
latency,herdr,herdr,other-busy,4,False,1.29,1.25,echo_ms,18,0.464081
latency,herdr,herdr,other-busy,4,False,1.29,1.25,echo_ms,19,0.500007
latency,herdr,herdr,other-busy,4,False,1.29,1.25,echo_ms,20,0.455814
latency,herdr,herdr,other-busy,4,False,1.29,1.25,echo_ms,21,0.431805
latency,herdr,herdr,other-busy,4,False,1.29,1.25,echo_ms,22,0.434644
latency,herdr,herdr,other-busy,4,False,1.29,1.25,echo_ms,23,0.479761
latency,herdr,herdr,other-busy,4,False,1.29,1.25,echo_ms,24,0.491876
latency,herdr,herdr,other-busy,4,False,1.29,1.25,echo_ms,25,0.434338
latency,herdr,herdr,other-busy,4,False,1.29,1.25,echo_ms,26,0.446386
latency,herdr,herdr,other-busy,4,False,1.29,1.25,echo_ms,27,0.472272
latency,herdr,herdr,other-busy,4,False,1.29,1.25,echo_ms,28,0.439014
latency,herdr,herdr,other-busy,4,False,1.29,1.25,echo_ms,29,0.458343
latency,herdr,herdr,other-busy,4,False,1.29,1.25,echo_ms,30,0.484217
latency,herdr,herdr,other-busy,4,False,1.29,1.25,echo_ms,31,0.467206
latency,herdr,herdr,other-busy,4,False,1.29,1.25,echo_ms,32,0.462616
latency,herdr,herdr,other-busy,4,False,1.29,1.25,echo_ms,33,0.460557
latency,herdr,herdr,other-busy,4,False,1.29,1.25,echo_ms,34,0.443832
latency,herdr,herdr,other-busy,4,False,1.29,1.25,echo_ms,35,0.425418
latency,herdr,herdr,other-busy,4,False,1.29,1.25,echo_ms,36,0.469399
latency,herdr,herdr,other-busy,4,False,1.29,1.25,echo_ms,37,0.509477
latency,herdr,herdr,other-busy,4,False,1.29,1.25,echo_ms,38,0.455297
latency,herdr,herdr,other-busy,4,False,1.29,1.25,echo_ms,39,0.458297
latency,herdr,herdr,other-busy,4,False,1.29,1.25,echo_ms,40,0.451787
latency,herdr,herdr,other-busy,4,False,1.29,1.25,echo_ms,41,0.428381
latency,herdr,herdr,other-busy,4,False,1.29,1.25,echo_ms,42,0.437281
latency,herdr,herdr,other-busy,4,False,1.29,1.25,echo_ms,43,0.475078
latency,herdr,herdr,other-busy,4,False,1.29,1.25,echo_ms,44,0.480774
latency,herdr,herdr,other-busy,4,False,1.29,1.25,echo_ms,45,0.567208
latency,herdr,herdr,other-busy,4,False,1.29,1.25,echo_ms,46,0.505974
latency,herdr,herdr,other-busy,4,False,1.29,1.25,echo_ms,47,0.457833
latency,herdr,herdr,other-busy,4,False,1.29,1.25,echo_ms,48,0.591193
latency,herdr,herdr,other-busy,4,False,1.29,1.25,echo_ms,49,0.747589
latency,herdr,herdr,other-busy,4,False,1.29,1.25,echo_ms,50,0.476728
latency,herdr,herdr,other-busy,4,False,1.29,1.25,echo_ms,51,0.476591
latency,herdr,herdr,other-busy,4,False,1.29,1.25,echo_ms,52,0.492198
latency,herdr,herdr,other-busy,4,False,1.29,1.25,echo_ms,53,0.478085
latency,herdr,herdr,other-busy,4,False,1.29,1.25,echo_ms,54,0.440645
latency,herdr,herdr,other-busy,4,False,1.29,1.25,echo_ms,55,0.456523
latency,herdr,herdr,other-busy,4,False,1.29,1.25,echo_ms,56,0.434479
latency,herdr,herdr,other-busy,4,False,1.29,1.25,echo_ms,57,0.42858
latency,herdr,herdr,other-busy,4,False,1.29,1.25,echo_ms,58,0.457628
latency,herdr,herdr,other-busy,4,False,1.29,1.25,echo_ms,59,0.471316
latency,herdr,herdr,other-busy,4,False,1.29,1.25,echo_ms,60,0.453592
latency,herdr,herdr,other-busy,4,False,1.29,1.25,echo_ms,61,0.82865
latency,herdr,herdr,other-busy,4,False,1.29,1.25,echo_ms,62,0.493757
latency,herdr,herdr,other-busy,4,False,1.29,1.25,echo_ms,63,0.632075
latency,herdr,herdr,other-busy,4,False,1.29,1.25,echo_ms,64,0.488076
latency,herdr,herdr,other-busy,4,False,1.29,1.25,echo_ms,65,0.443326
latency,herdr,herdr,other-busy,4,False,1.29,1.25,echo_ms,66,0.434329
latency,herdr,herdr,other-busy,4,False,1.29,1.25,echo_ms,67,0.468266
latency,herdr,herdr,other-busy,4,False,1.29,1.25,echo_ms,68,0.433235
latency,herdr,herdr,other-busy,4,False,1.29,1.25,echo_ms,69,0.454412
latency,herdr,herdr,other-busy,4,False,1.29,1.25,echo_ms,70,0.459305
latency,herdr,herdr,other-busy,4,False,1.29,1.25,echo_ms,71,0.467065
latency,herdr,herdr,other-busy,4,False,1.29,1.25,echo_ms,72,0.457943
latency,herdr,herdr,other-busy,4,False,1.29,1.25,echo_ms,73,0.543291
latency,herdr,herdr,other-busy,4,False,1.29,1.25,echo_ms,74,0.48525
latency,herdr,herdr,other-busy,4,False,1.29,1.25,echo_ms,75,0.430022
latency,herdr,herdr,other-busy,4,False,1.29,1.25,echo_ms,76,0.444748
latency,herdr,herdr,other-busy,4,False,1.29,1.25,echo_ms,77,0.425022
latency,herdr,herdr,other-busy,4,False,1.29,1.25,echo_ms,78,0.454473
latency,herdr,herdr,other-busy,4,False,1.29,1.25,echo_ms,79,0.456911
latency,herdr,herdr,other-busy,4,False,1.29,1.25,echo_ms,80,0.447724
latency,herdr,herdr,other-busy,4,False,1.29,1.25,echo_ms,81,0.448628
latency,herdr,herdr,other-busy,4,False,1.29,1.25,echo_ms,82,0.44522
latency,herdr,herdr,other-busy,4,False,1.29,1.25,echo_ms,83,0.479464
latency,herdr,herdr,other-busy,4,False,1.29,1.25,echo_ms,84,0.452798
latency,herdr,herdr,other-busy,4,False,1.29,1.25,echo_ms,85,0.464611
latency,herdr,herdr,other-busy,4,False,1.29,1.25,echo_ms,86,0.545327
latency,herdr,herdr,other-busy,4,False,1.29,1.25,echo_ms,87,0.420036
latency,herdr,herdr,other-busy,4,False,1.29,1.25,echo_ms,88,0.434059
latency,herdr,herdr,other-busy,4,False,1.29,1.25,echo_ms,89,0.451985
latency,herdr,herdr,other-busy,4,False,1.29,1.25,echo_ms,90,0.457439
latency,herdr,herdr,other-busy,4,False,1.29,1.25,echo_ms,91,0.475155
latency,herdr,herdr,other-busy,4,False,1.29,1.25,echo_ms,92,0.44226
latency,herdr,herdr,other-busy,4,False,1.29,1.25,echo_ms,93,0.445666
latency,herdr,herdr,other-busy,4,False,1.29,1.25,echo_ms,94,0.458073
latency,herdr,herdr,other-busy,4,False,1.29,1.25,echo_ms,95,0.441548
latency,herdr,herdr,other-busy,4,False,1.29,1.25,echo_ms,96,0.439291
latency,herdr,herdr,other-busy,4,False,1.29,1.25,echo_ms,97,0.497622
latency,herdr,herdr,other-busy,4,False,1.29,1.25,echo_ms,98,0.456428
latency,herdr,herdr,other-busy,4,False,1.29,1.25,echo_ms,99,0.448846
latency,herdr,herdr,other-busy,4,False,1.29,1.25,timeouts,,0
latency,rmux,rmux,other-busy,4,False,1.25,1.44,echo_ms,0,0.856659
latency,rmux,rmux,other-busy,4,False,1.25,1.44,echo_ms,1,3.742307
latency,rmux,rmux,other-busy,4,False,1.25,1.44,echo_ms,2,1.097685
latency,rmux,rmux,other-busy,4,False,1.25,1.44,echo_ms,3,5.109357
latency,rmux,rmux,other-busy,4,False,1.25,1.44,echo_ms,4,2.367614
latency,rmux,rmux,other-busy,4,False,1.25,1.44,echo_ms,5,6.056315
latency,rmux,rmux,other-busy,4,False,1.25,1.44,echo_ms,6,0.651565
latency,rmux,rmux,other-busy,4,False,1.25,1.44,echo_ms,7,2.730977
latency,rmux,rmux,other-busy,4,False,1.25,1.44,echo_ms,8,6.414166
latency,rmux,rmux,other-busy,4,False,1.25,1.44,echo_ms,9,0.565707
latency,rmux,rmux,other-busy,4,False,1.25,1.44,echo_ms,10,1.972354
latency,rmux,rmux,other-busy,4,False,1.25,1.44,echo_ms,11,5.494868
latency,rmux,rmux,other-busy,4,False,1.25,1.44,echo_ms,12,4.083043
latency,rmux,rmux,other-busy,4,False,1.25,1.44,echo_ms,13,0.811568
latency,rmux,rmux,other-busy,4,False,1.25,1.44,echo_ms,14,4.094009
latency,rmux,rmux,other-busy,4,False,1.25,1.44,echo_ms,15,0.774342
latency,rmux,rmux,other-busy,4,False,1.25,1.44,echo_ms,16,1.838509
latency,rmux,rmux,other-busy,4,False,1.25,1.44,echo_ms,17,1.686409
latency,rmux,rmux,other-busy,4,False,1.25,1.44,echo_ms,18,1.000251
latency,rmux,rmux,other-busy,4,False,1.25,1.44,echo_ms,19,0.583508
latency,rmux,rmux,other-busy,4,False,1.25,1.44,echo_ms,20,0.950228
latency,rmux,rmux,other-busy,4,False,1.25,1.44,echo_ms,21,1.728288
latency,rmux,rmux,other-busy,4,False,1.25,1.44,echo_ms,22,0.745848
latency,rmux,rmux,other-busy,4,False,1.25,1.44,echo_ms,23,4.656535
latency,rmux,rmux,other-busy,4,False,1.25,1.44,echo_ms,24,10.181806
latency,rmux,rmux,other-busy,4,False,1.25,1.44,echo_ms,25,2.518727
latency,rmux,rmux,other-busy,4,False,1.25,1.44,echo_ms,26,3.575883
latency,rmux,rmux,other-busy,4,False,1.25,1.44,echo_ms,27,19.100102
latency,rmux,rmux,other-busy,4,False,1.25,1.44,echo_ms,28,7.117124
latency,rmux,rmux,other-busy,4,False,1.25,1.44,echo_ms,29,3.787997
latency,rmux,rmux,other-busy,4,False,1.25,1.44,echo_ms,30,3.673175
latency,rmux,rmux,other-busy,4,False,1.25,1.44,echo_ms,31,3.06082
latency,rmux,rmux,other-busy,4,False,1.25,1.44,echo_ms,32,0.549694
latency,rmux,rmux,other-busy,4,False,1.25,1.44,echo_ms,33,1.007374
latency,rmux,rmux,other-busy,4,False,1.25,1.44,echo_ms,34,3.923648
latency,rmux,rmux,other-busy,4,False,1.25,1.44,echo_ms,35,2.070687
latency,rmux,rmux,other-busy,4,False,1.25,1.44,echo_ms,36,1.557579
latency,rmux,rmux,other-busy,4,False,1.25,1.44,echo_ms,37,0.609264
latency,rmux,rmux,other-busy,4,False,1.25,1.44,echo_ms,38,1.205197
latency,rmux,rmux,other-busy,4,False,1.25,1.44,echo_ms,39,1.764147
latency,rmux,rmux,other-busy,4,False,1.25,1.44,echo_ms,40,7.33828
latency,rmux,rmux,other-busy,4,False,1.25,1.44,echo_ms,41,2.92667
latency,rmux,rmux,other-busy,4,False,1.25,1.44,echo_ms,42,2.255135
latency,rmux,rmux,other-busy,4,False,1.25,1.44,echo_ms,43,1.543026
latency,rmux,rmux,other-busy,4,False,1.25,1.44,echo_ms,44,5.728381
latency,rmux,rmux,other-busy,4,False,1.25,1.44,echo_ms,45,1.066162
latency,rmux,rmux,other-busy,4,False,1.25,1.44,echo_ms,46,0.717155
latency,rmux,rmux,other-busy,4,False,1.25,1.44,echo_ms,47,0.729734
latency,rmux,rmux,other-busy,4,False,1.25,1.44,echo_ms,48,0.651413
latency,rmux,rmux,other-busy,4,False,1.25,1.44,echo_ms,49,1.71865
latency,rmux,rmux,other-busy,4,False,1.25,1.44,echo_ms,50,4.750885
latency,rmux,rmux,other-busy,4,False,1.25,1.44,echo_ms,51,0.887676
latency,rmux,rmux,other-busy,4,False,1.25,1.44,echo_ms,52,11.053745
latency,rmux,rmux,other-busy,4,False,1.25,1.44,echo_ms,53,1.963947
latency,rmux,rmux,other-busy,4,False,1.25,1.44,echo_ms,54,0.670652
latency,rmux,rmux,other-busy,4,False,1.25,1.44,echo_ms,55,3.025762
latency,rmux,rmux,other-busy,4,False,1.25,1.44,echo_ms,56,0.558692
latency,rmux,rmux,other-busy,4,False,1.25,1.44,echo_ms,57,12.203088
latency,rmux,rmux,other-busy,4,False,1.25,1.44,echo_ms,58,11.492023
latency,rmux,rmux,other-busy,4,False,1.25,1.44,echo_ms,59,0.673275
latency,rmux,rmux,other-busy,4,False,1.25,1.44,echo_ms,60,5.345667
latency,rmux,rmux,other-busy,4,False,1.25,1.44,echo_ms,61,0.635913
latency,rmux,rmux,other-busy,4,False,1.25,1.44,echo_ms,62,10.757756
latency,rmux,rmux,other-busy,4,False,1.25,1.44,echo_ms,63,0.538577
latency,rmux,rmux,other-busy,4,False,1.25,1.44,echo_ms,64,0.616291
latency,rmux,rmux,other-busy,4,False,1.25,1.44,echo_ms,65,4.823065
latency,rmux,rmux,other-busy,4,False,1.25,1.44,echo_ms,66,3.126321
latency,rmux,rmux,other-busy,4,False,1.25,1.44,echo_ms,67,3.558289
latency,rmux,rmux,other-busy,4,False,1.25,1.44,echo_ms,68,0.213938
latency,rmux,rmux,other-busy,4,False,1.25,1.44,echo_ms,69,0.728109
latency,rmux,rmux,other-busy,4,False,1.25,1.44,echo_ms,70,0.498783
latency,rmux,rmux,other-busy,4,False,1.25,1.44,echo_ms,71,16.293404
latency,rmux,rmux,other-busy,4,False,1.25,1.44,echo_ms,72,3.254828
latency,rmux,rmux,other-busy,4,False,1.25,1.44,echo_ms,73,13.018653
latency,rmux,rmux,other-busy,4,False,1.25,1.44,echo_ms,74,0.620344
latency,rmux,rmux,other-busy,4,False,1.25,1.44,echo_ms,75,1.332539
latency,rmux,rmux,other-busy,4,False,1.25,1.44,echo_ms,76,4.715849
latency,rmux,rmux,other-busy,4,False,1.25,1.44,echo_ms,77,4.779925
latency,rmux,rmux,other-busy,4,False,1.25,1.44,echo_ms,78,0.408107
latency,rmux,rmux,other-busy,4,False,1.25,1.44,echo_ms,79,15.305239
latency,rmux,rmux,other-busy,4,False,1.25,1.44,echo_ms,80,0.75727
latency,rmux,rmux,other-busy,4,False,1.25,1.44,echo_ms,81,10.912353
latency,rmux,rmux,other-busy,4,False,1.25,1.44,echo_ms,82,1.723898
latency,rmux,rmux,other-busy,4,False,1.25,1.44,echo_ms,83,0.937862
latency,rmux,rmux,other-busy,4,False,1.25,1.44,echo_ms,84,4.135756
latency,rmux,rmux,other-busy,4,False,1.25,1.44,echo_ms,85,10.315751
latency,rmux,rmux,other-busy,4,False,1.25,1.44,echo_ms,86,0.308803
latency,rmux,rmux,other-busy,4,False,1.25,1.44,echo_ms,87,1.381382
latency,rmux,rmux,other-busy,4,False,1.25,1.44,echo_ms,88,2.933763
latency,rmux,rmux,other-busy,4,False,1.25,1.44,echo_ms,89,3.175155
latency,rmux,rmux,other-busy,4,False,1.25,1.44,echo_ms,90,0.502526
latency,rmux,rmux,other-busy,4,False,1.25,1.44,echo_ms,91,0.686773
latency,rmux,rmux,other-busy,4,False,1.25,1.44,echo_ms,92,2.668158
latency,rmux,rmux,other-busy,4,False,1.25,1.44,echo_ms,93,0.677017
latency,rmux,rmux,other-busy,4,False,1.25,1.44,echo_ms,94,2.221324
latency,rmux,rmux,other-busy,4,False,1.25,1.44,echo_ms,95,3.03535
latency,rmux,rmux,other-busy,4,False,1.25,1.44,echo_ms,96,5.611768
latency,rmux,rmux,other-busy,4,False,1.25,1.44,echo_ms,97,0.379541
latency,rmux,rmux,other-busy,4,False,1.25,1.44,echo_ms,98,12.451081
latency,rmux,rmux,other-busy,4,False,1.25,1.44,echo_ms,99,4.669382
latency,rmux,rmux,other-busy,4,False,1.25,1.44,timeouts,,0
latency,thurbox,tmux,other-busy,4,False,1.44,1.37,echo_ms,0,1.837915
latency,thurbox,tmux,other-busy,4,False,1.44,1.37,echo_ms,1,1.819608
latency,thurbox,tmux,other-busy,4,False,1.44,1.37,echo_ms,2,1.961615
latency,thurbox,tmux,other-busy,4,False,1.44,1.37,echo_ms,3,1.929126
latency,thurbox,tmux,other-busy,4,False,1.44,1.37,echo_ms,4,2.857644
latency,thurbox,tmux,other-busy,4,False,1.44,1.37,echo_ms,5,1.867841
latency,thurbox,tmux,other-busy,4,False,1.44,1.37,echo_ms,6,2.257311
latency,thurbox,tmux,other-busy,4,False,1.44,1.37,echo_ms,7,2.498742
latency,thurbox,tmux,other-busy,4,False,1.44,1.37,echo_ms,8,2.42633
latency,thurbox,tmux,other-busy,4,False,1.44,1.37,echo_ms,9,2.928988
latency,thurbox,tmux,other-busy,4,False,1.44,1.37,echo_ms,10,2.223345
latency,thurbox,tmux,other-busy,4,False,1.44,1.37,echo_ms,11,1.895661
latency,thurbox,tmux,other-busy,4,False,1.44,1.37,echo_ms,12,2.777979
latency,thurbox,tmux,other-busy,4,False,1.44,1.37,echo_ms,13,1.780676
latency,thurbox,tmux,other-busy,4,False,1.44,1.37,echo_ms,14,4.366372
latency,thurbox,tmux,other-busy,4,False,1.44,1.37,echo_ms,15,1.783945
latency,thurbox,tmux,other-busy,4,False,1.44,1.37,echo_ms,16,2.098708
latency,thurbox,tmux,other-busy,4,False,1.44,1.37,echo_ms,17,1.975755
latency,thurbox,tmux,other-busy,4,False,1.44,1.37,echo_ms,18,2.691946
latency,thurbox,tmux,other-busy,4,False,1.44,1.37,echo_ms,19,1.744237
latency,thurbox,tmux,other-busy,4,False,1.44,1.37,echo_ms,20,2.551939
latency,thurbox,tmux,other-busy,4,False,1.44,1.37,echo_ms,21,2.792514
latency,thurbox,tmux,other-busy,4,False,1.44,1.37,echo_ms,22,2.128263
latency,thurbox,tmux,other-busy,4,False,1.44,1.37,echo_ms,23,1.234859
latency,thurbox,tmux,other-busy,4,False,1.44,1.37,echo_ms,24,2.738936
latency,thurbox,tmux,other-busy,4,False,1.44,1.37,echo_ms,25,2.414624
latency,thurbox,tmux,other-busy,4,False,1.44,1.37,echo_ms,26,2.975657
latency,thurbox,tmux,other-busy,4,False,1.44,1.37,echo_ms,27,2.105441
latency,thurbox,tmux,other-busy,4,False,1.44,1.37,echo_ms,28,3.55122
latency,thurbox,tmux,other-busy,4,False,1.44,1.37,echo_ms,29,1.958049
latency,thurbox,tmux,other-busy,4,False,1.44,1.37,echo_ms,30,1.697457
latency,thurbox,tmux,other-busy,4,False,1.44,1.37,echo_ms,31,1.845711
latency,thurbox,tmux,other-busy,4,False,1.44,1.37,echo_ms,32,2.950312
latency,thurbox,tmux,other-busy,4,False,1.44,1.37,echo_ms,33,1.880532
latency,thurbox,tmux,other-busy,4,False,1.44,1.37,echo_ms,34,3.580803
latency,thurbox,tmux,other-busy,4,False,1.44,1.37,echo_ms,35,3.202267
latency,thurbox,tmux,other-busy,4,False,1.44,1.37,echo_ms,36,2.361928
latency,thurbox,tmux,other-busy,4,False,1.44,1.37,echo_ms,37,2.044743
latency,thurbox,tmux,other-busy,4,False,1.44,1.37,echo_ms,38,2.121147
latency,thurbox,tmux,other-busy,4,False,1.44,1.37,echo_ms,39,2.271568
latency,thurbox,tmux,other-busy,4,False,1.44,1.37,echo_ms,40,1.715388
latency,thurbox,tmux,other-busy,4,False,1.44,1.37,echo_ms,41,2.440033
latency,thurbox,tmux,other-busy,4,False,1.44,1.37,echo_ms,42,2.099098
latency,thurbox,tmux,other-busy,4,False,1.44,1.37,echo_ms,43,2.345934
latency,thurbox,tmux,other-busy,4,False,1.44,1.37,echo_ms,44,2.197338
latency,thurbox,tmux,other-busy,4,False,1.44,1.37,echo_ms,45,2.076763
latency,thurbox,tmux,other-busy,4,False,1.44,1.37,echo_ms,46,2.754327
latency,thurbox,tmux,other-busy,4,False,1.44,1.37,echo_ms,47,2.479168
latency,thurbox,tmux,other-busy,4,False,1.44,1.37,echo_ms,48,1.87006
latency,thurbox,tmux,other-busy,4,False,1.44,1.37,echo_ms,49,2.277842
latency,thurbox,tmux,other-busy,4,False,1.44,1.37,echo_ms,50,2.284432
latency,thurbox,tmux,other-busy,4,False,1.44,1.37,echo_ms,51,2.064276
latency,thurbox,tmux,other-busy,4,False,1.44,1.37,echo_ms,52,1.900632
latency,thurbox,tmux,other-busy,4,False,1.44,1.37,echo_ms,53,2.722448
latency,thurbox,tmux,other-busy,4,False,1.44,1.37,echo_ms,54,2.48545
latency,thurbox,tmux,other-busy,4,False,1.44,1.37,echo_ms,55,2.276154
latency,thurbox,tmux,other-busy,4,False,1.44,1.37,echo_ms,56,1.946219
latency,thurbox,tmux,other-busy,4,False,1.44,1.37,echo_ms,57,2.2914
latency,thurbox,tmux,other-busy,4,False,1.44,1.37,echo_ms,58,2.068728
latency,thurbox,tmux,other-busy,4,False,1.44,1.37,echo_ms,59,1.77253
latency,thurbox,tmux,other-busy,4,False,1.44,1.37,echo_ms,60,3.620691
latency,thurbox,tmux,other-busy,4,False,1.44,1.37,echo_ms,61,1.725265
latency,thurbox,tmux,other-busy,4,False,1.44,1.37,echo_ms,62,2.117577
latency,thurbox,tmux,other-busy,4,False,1.44,1.37,echo_ms,63,2.085385
latency,thurbox,tmux,other-busy,4,False,1.44,1.37,echo_ms,64,2.214819
latency,thurbox,tmux,other-busy,4,False,1.44,1.37,echo_ms,65,2.782086
latency,thurbox,tmux,other-busy,4,False,1.44,1.37,echo_ms,66,2.414442
latency,thurbox,tmux,other-busy,4,False,1.44,1.37,echo_ms,67,2.407216
latency,thurbox,tmux,other-busy,4,False,1.44,1.37,echo_ms,68,1.772757
latency,thurbox,tmux,other-busy,4,False,1.44,1.37,echo_ms,69,2.405471
latency,thurbox,tmux,other-busy,4,False,1.44,1.37,echo_ms,70,1.970087
latency,thurbox,tmux,other-busy,4,False,1.44,1.37,echo_ms,71,2.196324
latency,thurbox,tmux,other-busy,4,False,1.44,1.37,echo_ms,72,1.882426
latency,thurbox,tmux,other-busy,4,False,1.44,1.37,echo_ms,73,3.120372
latency,thurbox,tmux,other-busy,4,False,1.44,1.37,echo_ms,74,2.362262
latency,thurbox,tmux,other-busy,4,False,1.44,1.37,echo_ms,75,2.576867
latency,thurbox,tmux,other-busy,4,False,1.44,1.37,echo_ms,76,2.28889
latency,thurbox,tmux,other-busy,4,False,1.44,1.37,echo_ms,77,2.50726
latency,thurbox,tmux,other-busy,4,False,1.44,1.37,echo_ms,78,2.157917
latency,thurbox,tmux,other-busy,4,False,1.44,1.37,echo_ms,79,2.371925
latency,thurbox,tmux,other-busy,4,False,1.44,1.37,echo_ms,80,1.944453
latency,thurbox,tmux,other-busy,4,False,1.44,1.37,echo_ms,81,2.050444
latency,thurbox,tmux,other-busy,4,False,1.44,1.37,echo_ms,82,1.93508
latency,thurbox,tmux,other-busy,4,False,1.44,1.37,echo_ms,83,2.205397
latency,thurbox,tmux,other-busy,4,False,1.44,1.37,echo_ms,84,2.364273
latency,thurbox,tmux,other-busy,4,False,1.44,1.37,echo_ms,85,1.897956
latency,thurbox,tmux,other-busy,4,False,1.44,1.37,echo_ms,86,2.290806
latency,thurbox,tmux,other-busy,4,False,1.44,1.37,echo_ms,87,2.336265
latency,thurbox,tmux,other-busy,4,False,1.44,1.37,echo_ms,88,3.794193
latency,thurbox,tmux,other-busy,4,False,1.44,1.37,echo_ms,89,2.086739
latency,thurbox,tmux,other-busy,4,False,1.44,1.37,echo_ms,90,3.118323
latency,thurbox,tmux,other-busy,4,False,1.44,1.37,echo_ms,91,2.545413
latency,thurbox,tmux,other-busy,4,False,1.44,1.37,echo_ms,92,2.130821
latency,thurbox,tmux,other-busy,4,False,1.44,1.37,echo_ms,93,2.78065
latency,thurbox,tmux,other-busy,4,False,1.44,1.37,echo_ms,94,1.815422
latency,thurbox,tmux,other-busy,4,False,1.44,1.37,echo_ms,95,1.951096
latency,thurbox,tmux,other-busy,4,False,1.44,1.37,echo_ms,96,2.766313
latency,thurbox,tmux,other-busy,4,False,1.44,1.37,echo_ms,97,1.806261
latency,thurbox,tmux,other-busy,4,False,1.44,1.37,echo_ms,98,2.168541
latency,thurbox,tmux,other-busy,4,False,1.44,1.37,echo_ms,99,2.830555
latency,thurbox,tmux,other-busy,4,False,1.44,1.37,timeouts,,0
latency,herdr,herdr,other-busy,5,False,1.37,1.39,echo_ms,0,0.457965
latency,herdr,herdr,other-busy,5,False,1.37,1.39,echo_ms,1,0.535958
latency,herdr,herdr,other-busy,5,False,1.37,1.39,echo_ms,2,0.459833
latency,herdr,herdr,other-busy,5,False,1.37,1.39,echo_ms,3,0.453112
latency,herdr,herdr,other-busy,5,False,1.37,1.39,echo_ms,4,0.461155
latency,herdr,herdr,other-busy,5,False,1.37,1.39,echo_ms,5,0.435902
latency,herdr,herdr,other-busy,5,False,1.37,1.39,echo_ms,6,0.473253
latency,herdr,herdr,other-busy,5,False,1.37,1.39,echo_ms,7,0.446954
latency,herdr,herdr,other-busy,5,False,1.37,1.39,echo_ms,8,0.462087
latency,herdr,herdr,other-busy,5,False,1.37,1.39,echo_ms,9,0.460762
latency,herdr,herdr,other-busy,5,False,1.37,1.39,echo_ms,10,0.418257
latency,herdr,herdr,other-busy,5,False,1.37,1.39,echo_ms,11,0.528796
latency,herdr,herdr,other-busy,5,False,1.37,1.39,echo_ms,12,0.422722
latency,herdr,herdr,other-busy,5,False,1.37,1.39,echo_ms,13,0.436125
latency,herdr,herdr,other-busy,5,False,1.37,1.39,echo_ms,14,0.580622
latency,herdr,herdr,other-busy,5,False,1.37,1.39,echo_ms,15,0.459461
latency,herdr,herdr,other-busy,5,False,1.37,1.39,echo_ms,16,0.48374
latency,herdr,herdr,other-busy,5,False,1.37,1.39,echo_ms,17,0.468553
latency,herdr,herdr,other-busy,5,False,1.37,1.39,echo_ms,18,0.487658
latency,herdr,herdr,other-busy,5,False,1.37,1.39,echo_ms,19,0.439123
latency,herdr,herdr,other-busy,5,False,1.37,1.39,echo_ms,20,0.480489
latency,herdr,herdr,other-busy,5,False,1.37,1.39,echo_ms,21,0.458842
latency,herdr,herdr,other-busy,5,False,1.37,1.39,echo_ms,22,0.43701
latency,herdr,herdr,other-busy,5,False,1.37,1.39,echo_ms,23,0.452747
latency,herdr,herdr,other-busy,5,False,1.37,1.39,echo_ms,24,0.498018
latency,herdr,herdr,other-busy,5,False,1.37,1.39,echo_ms,25,0.472958
latency,herdr,herdr,other-busy,5,False,1.37,1.39,echo_ms,26,0.476564
latency,herdr,herdr,other-busy,5,False,1.37,1.39,echo_ms,27,0.439116
latency,herdr,herdr,other-busy,5,False,1.37,1.39,echo_ms,28,0.413422
latency,herdr,herdr,other-busy,5,False,1.37,1.39,echo_ms,29,0.538825
latency,herdr,herdr,other-busy,5,False,1.37,1.39,echo_ms,30,0.4549
latency,herdr,herdr,other-busy,5,False,1.37,1.39,echo_ms,31,0.439268
latency,herdr,herdr,other-busy,5,False,1.37,1.39,echo_ms,32,0.482084
latency,herdr,herdr,other-busy,5,False,1.37,1.39,echo_ms,33,0.52054
latency,herdr,herdr,other-busy,5,False,1.37,1.39,echo_ms,34,0.437686
latency,herdr,herdr,other-busy,5,False,1.37,1.39,echo_ms,35,0.433597
latency,herdr,herdr,other-busy,5,False,1.37,1.39,echo_ms,36,0.475792
latency,herdr,herdr,other-busy,5,False,1.37,1.39,echo_ms,37,0.462675
latency,herdr,herdr,other-busy,5,False,1.37,1.39,echo_ms,38,0.631771
latency,herdr,herdr,other-busy,5,False,1.37,1.39,echo_ms,39,0.453573
latency,herdr,herdr,other-busy,5,False,1.37,1.39,echo_ms,40,0.440824
latency,herdr,herdr,other-busy,5,False,1.37,1.39,echo_ms,41,0.461653
latency,herdr,herdr,other-busy,5,False,1.37,1.39,echo_ms,42,0.427923
latency,herdr,herdr,other-busy,5,False,1.37,1.39,echo_ms,43,0.487202
latency,herdr,herdr,other-busy,5,False,1.37,1.39,echo_ms,44,0.505223
latency,herdr,herdr,other-busy,5,False,1.37,1.39,echo_ms,45,0.445237
latency,herdr,herdr,other-busy,5,False,1.37,1.39,echo_ms,46,0.45315
latency,herdr,herdr,other-busy,5,False,1.37,1.39,echo_ms,47,0.485953
latency,herdr,herdr,other-busy,5,False,1.37,1.39,echo_ms,48,0.429442
latency,herdr,herdr,other-busy,5,False,1.37,1.39,echo_ms,49,0.446362
latency,herdr,herdr,other-busy,5,False,1.37,1.39,echo_ms,50,0.479532
latency,herdr,herdr,other-busy,5,False,1.37,1.39,echo_ms,51,0.537776
latency,herdr,herdr,other-busy,5,False,1.37,1.39,echo_ms,52,0.416205
latency,herdr,herdr,other-busy,5,False,1.37,1.39,echo_ms,53,0.445006
latency,herdr,herdr,other-busy,5,False,1.37,1.39,echo_ms,54,0.44255
latency,herdr,herdr,other-busy,5,False,1.37,1.39,echo_ms,55,0.414559
latency,herdr,herdr,other-busy,5,False,1.37,1.39,echo_ms,56,0.561113
latency,herdr,herdr,other-busy,5,False,1.37,1.39,echo_ms,57,0.506312
latency,herdr,herdr,other-busy,5,False,1.37,1.39,echo_ms,58,0.462032
latency,herdr,herdr,other-busy,5,False,1.37,1.39,echo_ms,59,0.50863
latency,herdr,herdr,other-busy,5,False,1.37,1.39,echo_ms,60,0.44239
latency,herdr,herdr,other-busy,5,False,1.37,1.39,echo_ms,61,0.550237
latency,herdr,herdr,other-busy,5,False,1.37,1.39,echo_ms,62,0.453217
latency,herdr,herdr,other-busy,5,False,1.37,1.39,echo_ms,63,0.865658
latency,herdr,herdr,other-busy,5,False,1.37,1.39,echo_ms,64,0.505274
latency,herdr,herdr,other-busy,5,False,1.37,1.39,echo_ms,65,0.472999
latency,herdr,herdr,other-busy,5,False,1.37,1.39,echo_ms,66,0.444861
latency,herdr,herdr,other-busy,5,False,1.37,1.39,echo_ms,67,0.421514
latency,herdr,herdr,other-busy,5,False,1.37,1.39,echo_ms,68,0.445211
latency,herdr,herdr,other-busy,5,False,1.37,1.39,echo_ms,69,0.43247
latency,herdr,herdr,other-busy,5,False,1.37,1.39,echo_ms,70,0.440996
latency,herdr,herdr,other-busy,5,False,1.37,1.39,echo_ms,71,0.433804
latency,herdr,herdr,other-busy,5,False,1.37,1.39,echo_ms,72,0.468413
latency,herdr,herdr,other-busy,5,False,1.37,1.39,echo_ms,73,0.439303
latency,herdr,herdr,other-busy,5,False,1.37,1.39,echo_ms,74,0.41908
latency,herdr,herdr,other-busy,5,False,1.37,1.39,echo_ms,75,0.434016
latency,herdr,herdr,other-busy,5,False,1.37,1.39,echo_ms,76,0.490047
latency,herdr,herdr,other-busy,5,False,1.37,1.39,echo_ms,77,0.448266
latency,herdr,herdr,other-busy,5,False,1.37,1.39,echo_ms,78,0.406949
latency,herdr,herdr,other-busy,5,False,1.37,1.39,echo_ms,79,0.47849
latency,herdr,herdr,other-busy,5,False,1.37,1.39,echo_ms,80,0.535307
latency,herdr,herdr,other-busy,5,False,1.37,1.39,echo_ms,81,0.449946
latency,herdr,herdr,other-busy,5,False,1.37,1.39,echo_ms,82,0.444647
latency,herdr,herdr,other-busy,5,False,1.37,1.39,echo_ms,83,0.527626
latency,herdr,herdr,other-busy,5,False,1.37,1.39,echo_ms,84,0.551681
latency,herdr,herdr,other-busy,5,False,1.37,1.39,echo_ms,85,0.438793
latency,herdr,herdr,other-busy,5,False,1.37,1.39,echo_ms,86,0.539236
latency,herdr,herdr,other-busy,5,False,1.37,1.39,echo_ms,87,0.496489
latency,herdr,herdr,other-busy,5,False,1.37,1.39,echo_ms,88,0.511846
latency,herdr,herdr,other-busy,5,False,1.37,1.39,echo_ms,89,0.489922
latency,herdr,herdr,other-busy,5,False,1.37,1.39,echo_ms,90,0.419776
latency,herdr,herdr,other-busy,5,False,1.37,1.39,echo_ms,91,0.425374
latency,herdr,herdr,other-busy,5,False,1.37,1.39,echo_ms,92,0.470448
latency,herdr,herdr,other-busy,5,False,1.37,1.39,echo_ms,93,0.465941
latency,herdr,herdr,other-busy,5,False,1.37,1.39,echo_ms,94,0.597543
latency,herdr,herdr,other-busy,5,False,1.37,1.39,echo_ms,95,0.487152
latency,herdr,herdr,other-busy,5,False,1.37,1.39,echo_ms,96,0.439462
latency,herdr,herdr,other-busy,5,False,1.37,1.39,echo_ms,97,0.420717
latency,herdr,herdr,other-busy,5,False,1.37,1.39,echo_ms,98,0.470074
latency,herdr,herdr,other-busy,5,False,1.37,1.39,echo_ms,99,0.480727
latency,herdr,herdr,other-busy,5,False,1.37,1.39,timeouts,,0
latency,rmux,rmux,other-busy,5,False,1.39,1.44,echo_ms,0,3.104234
latency,rmux,rmux,other-busy,5,False,1.39,1.44,echo_ms,1,3.096845
latency,rmux,rmux,other-busy,5,False,1.39,1.44,echo_ms,2,1.898976
latency,rmux,rmux,other-busy,5,False,1.39,1.44,echo_ms,3,1.093461
latency,rmux,rmux,other-busy,5,False,1.39,1.44,echo_ms,4,1.61166
latency,rmux,rmux,other-busy,5,False,1.39,1.44,echo_ms,5,0.576105
latency,rmux,rmux,other-busy,5,False,1.39,1.44,echo_ms,6,1.016802
latency,rmux,rmux,other-busy,5,False,1.39,1.44,echo_ms,7,6.377764
latency,rmux,rmux,other-busy,5,False,1.39,1.44,echo_ms,8,17.18084
latency,rmux,rmux,other-busy,5,False,1.39,1.44,echo_ms,9,3.856465
latency,rmux,rmux,other-busy,5,False,1.39,1.44,echo_ms,10,0.726914
latency,rmux,rmux,other-busy,5,False,1.39,1.44,echo_ms,11,2.451092
latency,rmux,rmux,other-busy,5,False,1.39,1.44,echo_ms,12,1.384437
latency,rmux,rmux,other-busy,5,False,1.39,1.44,echo_ms,13,4.052279
latency,rmux,rmux,other-busy,5,False,1.39,1.44,echo_ms,14,12.121533
latency,rmux,rmux,other-busy,5,False,1.39,1.44,echo_ms,15,4.975781
latency,rmux,rmux,other-busy,5,False,1.39,1.44,echo_ms,16,8.419377
latency,rmux,rmux,other-busy,5,False,1.39,1.44,echo_ms,17,13.387947
latency,rmux,rmux,other-busy,5,False,1.39,1.44,echo_ms,18,6.751367
latency,rmux,rmux,other-busy,5,False,1.39,1.44,echo_ms,19,0.96213
latency,rmux,rmux,other-busy,5,False,1.39,1.44,echo_ms,20,5.127065
latency,rmux,rmux,other-busy,5,False,1.39,1.44,echo_ms,21,3.697073
latency,rmux,rmux,other-busy,5,False,1.39,1.44,echo_ms,22,1.441606
latency,rmux,rmux,other-busy,5,False,1.39,1.44,echo_ms,23,4.082448
latency,rmux,rmux,other-busy,5,False,1.39,1.44,echo_ms,24,6.291488
latency,rmux,rmux,other-busy,5,False,1.39,1.44,echo_ms,25,1.853063
latency,rmux,rmux,other-busy,5,False,1.39,1.44,echo_ms,26,8.987556
latency,rmux,rmux,other-busy,5,False,1.39,1.44,echo_ms,27,3.399463
latency,rmux,rmux,other-busy,5,False,1.39,1.44,echo_ms,28,1.586925
latency,rmux,rmux,other-busy,5,False,1.39,1.44,echo_ms,29,0.81029
latency,rmux,rmux,other-busy,5,False,1.39,1.44,echo_ms,30,5.810395
latency,rmux,rmux,other-busy,5,False,1.39,1.44,echo_ms,31,1.187672
latency,rmux,rmux,other-busy,5,False,1.39,1.44,echo_ms,32,1.186993
latency,rmux,rmux,other-busy,5,False,1.39,1.44,echo_ms,33,0.878889
latency,rmux,rmux,other-busy,5,False,1.39,1.44,echo_ms,34,0.975418
latency,rmux,rmux,other-busy,5,False,1.39,1.44,echo_ms,35,2.844386
latency,rmux,rmux,other-busy,5,False,1.39,1.44,echo_ms,36,17.465226
latency,rmux,rmux,other-busy,5,False,1.39,1.44,echo_ms,37,3.07381
latency,rmux,rmux,other-busy,5,False,1.39,1.44,echo_ms,38,1.39302
latency,rmux,rmux,other-busy,5,False,1.39,1.44,echo_ms,39,8.362873
latency,rmux,rmux,other-busy,5,False,1.39,1.44,echo_ms,40,11.598187
latency,rmux,rmux,other-busy,5,False,1.39,1.44,echo_ms,41,0.595032
latency,rmux,rmux,other-busy,5,False,1.39,1.44,echo_ms,42,1.460714
latency,rmux,rmux,other-busy,5,False,1.39,1.44,echo_ms,43,4.265988
latency,rmux,rmux,other-busy,5,False,1.39,1.44,echo_ms,44,4.516056
latency,rmux,rmux,other-busy,5,False,1.39,1.44,echo_ms,45,1.227516
latency,rmux,rmux,other-busy,5,False,1.39,1.44,echo_ms,46,0.953052
latency,rmux,rmux,other-busy,5,False,1.39,1.44,echo_ms,47,2.553571
latency,rmux,rmux,other-busy,5,False,1.39,1.44,echo_ms,48,0.393483
latency,rmux,rmux,other-busy,5,False,1.39,1.44,echo_ms,49,0.851633
latency,rmux,rmux,other-busy,5,False,1.39,1.44,echo_ms,50,0.666396
latency,rmux,rmux,other-busy,5,False,1.39,1.44,echo_ms,51,1.331807
latency,rmux,rmux,other-busy,5,False,1.39,1.44,echo_ms,52,8.426646
latency,rmux,rmux,other-busy,5,False,1.39,1.44,echo_ms,53,11.239708
latency,rmux,rmux,other-busy,5,False,1.39,1.44,echo_ms,54,1.720449
latency,rmux,rmux,other-busy,5,False,1.39,1.44,echo_ms,55,2.164362
latency,rmux,rmux,other-busy,5,False,1.39,1.44,echo_ms,56,16.363163
latency,rmux,rmux,other-busy,5,False,1.39,1.44,echo_ms,57,1.182304
latency,rmux,rmux,other-busy,5,False,1.39,1.44,echo_ms,58,4.159892
latency,rmux,rmux,other-busy,5,False,1.39,1.44,echo_ms,59,0.564566
latency,rmux,rmux,other-busy,5,False,1.39,1.44,echo_ms,60,3.036017
latency,rmux,rmux,other-busy,5,False,1.39,1.44,echo_ms,61,2.739766
latency,rmux,rmux,other-busy,5,False,1.39,1.44,echo_ms,62,6.105287
latency,rmux,rmux,other-busy,5,False,1.39,1.44,echo_ms,63,5.416845
latency,rmux,rmux,other-busy,5,False,1.39,1.44,echo_ms,64,2.241863
latency,rmux,rmux,other-busy,5,False,1.39,1.44,echo_ms,65,0.838306
latency,rmux,rmux,other-busy,5,False,1.39,1.44,echo_ms,66,0.23898
latency,rmux,rmux,other-busy,5,False,1.39,1.44,echo_ms,67,2.652668
latency,rmux,rmux,other-busy,5,False,1.39,1.44,echo_ms,68,2.828747
latency,rmux,rmux,other-busy,5,False,1.39,1.44,echo_ms,69,8.397988
latency,rmux,rmux,other-busy,5,False,1.39,1.44,echo_ms,70,1.280172
latency,rmux,rmux,other-busy,5,False,1.39,1.44,echo_ms,71,7.461029
latency,rmux,rmux,other-busy,5,False,1.39,1.44,echo_ms,72,1.819062
latency,rmux,rmux,other-busy,5,False,1.39,1.44,echo_ms,73,2.09299
latency,rmux,rmux,other-busy,5,False,1.39,1.44,echo_ms,74,1.629001
latency,rmux,rmux,other-busy,5,False,1.39,1.44,echo_ms,75,0.779127
latency,rmux,rmux,other-busy,5,False,1.39,1.44,echo_ms,76,5.778902
latency,rmux,rmux,other-busy,5,False,1.39,1.44,echo_ms,77,1.575916
latency,rmux,rmux,other-busy,5,False,1.39,1.44,echo_ms,78,0.831845
latency,rmux,rmux,other-busy,5,False,1.39,1.44,echo_ms,79,8.6172
latency,rmux,rmux,other-busy,5,False,1.39,1.44,echo_ms,80,1.042595
latency,rmux,rmux,other-busy,5,False,1.39,1.44,echo_ms,81,0.395805
latency,rmux,rmux,other-busy,5,False,1.39,1.44,echo_ms,82,2.244218
latency,rmux,rmux,other-busy,5,False,1.39,1.44,echo_ms,83,0.282036
latency,rmux,rmux,other-busy,5,False,1.39,1.44,echo_ms,84,2.145693
latency,rmux,rmux,other-busy,5,False,1.39,1.44,echo_ms,85,1.278991
latency,rmux,rmux,other-busy,5,False,1.39,1.44,echo_ms,86,0.538707
latency,rmux,rmux,other-busy,5,False,1.39,1.44,echo_ms,87,0.916705
latency,rmux,rmux,other-busy,5,False,1.39,1.44,echo_ms,88,0.653348
latency,rmux,rmux,other-busy,5,False,1.39,1.44,echo_ms,89,2.357837
latency,rmux,rmux,other-busy,5,False,1.39,1.44,echo_ms,90,0.234128
latency,rmux,rmux,other-busy,5,False,1.39,1.44,echo_ms,91,5.881685
latency,rmux,rmux,other-busy,5,False,1.39,1.44,echo_ms,92,2.68475
latency,rmux,rmux,other-busy,5,False,1.39,1.44,echo_ms,93,3.924678
latency,rmux,rmux,other-busy,5,False,1.39,1.44,echo_ms,94,0.855987
latency,rmux,rmux,other-busy,5,False,1.39,1.44,echo_ms,95,1.271781
latency,rmux,rmux,other-busy,5,False,1.39,1.44,echo_ms,96,8.826952
latency,rmux,rmux,other-busy,5,False,1.39,1.44,echo_ms,97,0.95392
latency,rmux,rmux,other-busy,5,False,1.39,1.44,echo_ms,98,3.236575
latency,rmux,rmux,other-busy,5,False,1.39,1.44,echo_ms,99,3.314411
latency,rmux,rmux,other-busy,5,False,1.39,1.44,timeouts,,0
latency,thurbox,tmux,other-busy,5,False,1.44,1.45,echo_ms,0,2.553204
latency,thurbox,tmux,other-busy,5,False,1.44,1.45,echo_ms,1,2.229645
latency,thurbox,tmux,other-busy,5,False,1.44,1.45,echo_ms,2,2.060748
latency,thurbox,tmux,other-busy,5,False,1.44,1.45,echo_ms,3,2.636431
latency,thurbox,tmux,other-busy,5,False,1.44,1.45,echo_ms,4,2.490347
latency,thurbox,tmux,other-busy,5,False,1.44,1.45,echo_ms,5,2.818656
latency,thurbox,tmux,other-busy,5,False,1.44,1.45,echo_ms,6,2.269586
latency,thurbox,tmux,other-busy,5,False,1.44,1.45,echo_ms,7,2.175493
latency,thurbox,tmux,other-busy,5,False,1.44,1.45,echo_ms,8,2.361301
latency,thurbox,tmux,other-busy,5,False,1.44,1.45,echo_ms,9,2.825934
latency,thurbox,tmux,other-busy,5,False,1.44,1.45,echo_ms,10,1.966487
latency,thurbox,tmux,other-busy,5,False,1.44,1.45,echo_ms,11,3.250798
latency,thurbox,tmux,other-busy,5,False,1.44,1.45,echo_ms,12,2.307888
latency,thurbox,tmux,other-busy,5,False,1.44,1.45,echo_ms,13,2.05069
latency,thurbox,tmux,other-busy,5,False,1.44,1.45,echo_ms,14,2.875694
latency,thurbox,tmux,other-busy,5,False,1.44,1.45,echo_ms,15,3.421234
latency,thurbox,tmux,other-busy,5,False,1.44,1.45,echo_ms,16,2.038513
latency,thurbox,tmux,other-busy,5,False,1.44,1.45,echo_ms,17,2.051665
latency,thurbox,tmux,other-busy,5,False,1.44,1.45,echo_ms,18,2.120382
latency,thurbox,tmux,other-busy,5,False,1.44,1.45,echo_ms,19,2.698473
latency,thurbox,tmux,other-busy,5,False,1.44,1.45,echo_ms,20,1.897281
latency,thurbox,tmux,other-busy,5,False,1.44,1.45,echo_ms,21,2.994197
latency,thurbox,tmux,other-busy,5,False,1.44,1.45,echo_ms,22,2.148752
latency,thurbox,tmux,other-busy,5,False,1.44,1.45,echo_ms,23,2.685002
latency,thurbox,tmux,other-busy,5,False,1.44,1.45,echo_ms,24,2.145806
latency,thurbox,tmux,other-busy,5,False,1.44,1.45,echo_ms,25,5.496027
latency,thurbox,tmux,other-busy,5,False,1.44,1.45,echo_ms,26,2.045998
latency,thurbox,tmux,other-busy,5,False,1.44,1.45,echo_ms,27,2.118913
latency,thurbox,tmux,other-busy,5,False,1.44,1.45,echo_ms,28,2.154968
latency,thurbox,tmux,other-busy,5,False,1.44,1.45,echo_ms,29,2.894272
latency,thurbox,tmux,other-busy,5,False,1.44,1.45,echo_ms,30,2.122631
latency,thurbox,tmux,other-busy,5,False,1.44,1.45,echo_ms,31,2.387563
latency,thurbox,tmux,other-busy,5,False,1.44,1.45,echo_ms,32,2.40496
latency,thurbox,tmux,other-busy,5,False,1.44,1.45,echo_ms,33,1.918402
latency,thurbox,tmux,other-busy,5,False,1.44,1.45,echo_ms,34,2.099435
latency,thurbox,tmux,other-busy,5,False,1.44,1.45,echo_ms,35,2.283206
latency,thurbox,tmux,other-busy,5,False,1.44,1.45,echo_ms,36,1.84565
latency,thurbox,tmux,other-busy,5,False,1.44,1.45,echo_ms,37,2.173553
latency,thurbox,tmux,other-busy,5,False,1.44,1.45,echo_ms,38,2.450705
latency,thurbox,tmux,other-busy,5,False,1.44,1.45,echo_ms,39,2.491141
latency,thurbox,tmux,other-busy,5,False,1.44,1.45,echo_ms,40,2.057268
latency,thurbox,tmux,other-busy,5,False,1.44,1.45,echo_ms,41,2.24193
latency,thurbox,tmux,other-busy,5,False,1.44,1.45,echo_ms,42,1.884251
latency,thurbox,tmux,other-busy,5,False,1.44,1.45,echo_ms,43,2.113427
latency,thurbox,tmux,other-busy,5,False,1.44,1.45,echo_ms,44,2.214696
latency,thurbox,tmux,other-busy,5,False,1.44,1.45,echo_ms,45,2.704787
latency,thurbox,tmux,other-busy,5,False,1.44,1.45,echo_ms,46,1.860654
latency,thurbox,tmux,other-busy,5,False,1.44,1.45,echo_ms,47,2.524351
latency,thurbox,tmux,other-busy,5,False,1.44,1.45,echo_ms,48,3.515287
latency,thurbox,tmux,other-busy,5,False,1.44,1.45,echo_ms,49,2.579119
latency,thurbox,tmux,other-busy,5,False,1.44,1.45,echo_ms,50,2.786483
latency,thurbox,tmux,other-busy,5,False,1.44,1.45,echo_ms,51,1.941184
latency,thurbox,tmux,other-busy,5,False,1.44,1.45,echo_ms,52,2.058074
latency,thurbox,tmux,other-busy,5,False,1.44,1.45,echo_ms,53,2.818984
latency,thurbox,tmux,other-busy,5,False,1.44,1.45,echo_ms,54,2.312322
latency,thurbox,tmux,other-busy,5,False,1.44,1.45,echo_ms,55,2.782908
latency,thurbox,tmux,other-busy,5,False,1.44,1.45,echo_ms,56,2.482404
latency,thurbox,tmux,other-busy,5,False,1.44,1.45,echo_ms,57,1.976201
latency,thurbox,tmux,other-busy,5,False,1.44,1.45,echo_ms,58,1.87609
latency,thurbox,tmux,other-busy,5,False,1.44,1.45,echo_ms,59,2.135963
latency,thurbox,tmux,other-busy,5,False,1.44,1.45,echo_ms,60,2.483669
latency,thurbox,tmux,other-busy,5,False,1.44,1.45,echo_ms,61,2.057571
latency,thurbox,tmux,other-busy,5,False,1.44,1.45,echo_ms,62,1.780292
latency,thurbox,tmux,other-busy,5,False,1.44,1.45,echo_ms,63,2.695055
latency,thurbox,tmux,other-busy,5,False,1.44,1.45,echo_ms,64,2.122729
latency,thurbox,tmux,other-busy,5,False,1.44,1.45,echo_ms,65,3.179894
latency,thurbox,tmux,other-busy,5,False,1.44,1.45,echo_ms,66,2.244971
latency,thurbox,tmux,other-busy,5,False,1.44,1.45,echo_ms,67,2.366483
latency,thurbox,tmux,other-busy,5,False,1.44,1.45,echo_ms,68,2.608987
latency,thurbox,tmux,other-busy,5,False,1.44,1.45,echo_ms,69,2.141377
latency,thurbox,tmux,other-busy,5,False,1.44,1.45,echo_ms,70,1.827721
latency,thurbox,tmux,other-busy,5,False,1.44,1.45,echo_ms,71,1.711638
latency,thurbox,tmux,other-busy,5,False,1.44,1.45,echo_ms,72,2.077085
latency,thurbox,tmux,other-busy,5,False,1.44,1.45,echo_ms,73,1.903437
latency,thurbox,tmux,other-busy,5,False,1.44,1.45,echo_ms,74,1.841839
latency,thurbox,tmux,other-busy,5,False,1.44,1.45,echo_ms,75,2.022601
latency,thurbox,tmux,other-busy,5,False,1.44,1.45,echo_ms,76,1.696003
latency,thurbox,tmux,other-busy,5,False,1.44,1.45,echo_ms,77,1.726652
latency,thurbox,tmux,other-busy,5,False,1.44,1.45,echo_ms,78,2.713463
latency,thurbox,tmux,other-busy,5,False,1.44,1.45,echo_ms,79,2.59914
latency,thurbox,tmux,other-busy,5,False,1.44,1.45,echo_ms,80,2.239977
latency,thurbox,tmux,other-busy,5,False,1.44,1.45,echo_ms,81,2.732145
latency,thurbox,tmux,other-busy,5,False,1.44,1.45,echo_ms,82,1.998427
latency,thurbox,tmux,other-busy,5,False,1.44,1.45,echo_ms,83,2.617736
latency,thurbox,tmux,other-busy,5,False,1.44,1.45,echo_ms,84,2.461745
latency,thurbox,tmux,other-busy,5,False,1.44,1.45,echo_ms,85,2.129821
latency,thurbox,tmux,other-busy,5,False,1.44,1.45,echo_ms,86,2.400882
latency,thurbox,tmux,other-busy,5,False,1.44,1.45,echo_ms,87,2.524168
latency,thurbox,tmux,other-busy,5,False,1.44,1.45,echo_ms,88,2.88484
latency,thurbox,tmux,other-busy,5,False,1.44,1.45,echo_ms,89,2.235551
latency,thurbox,tmux,other-busy,5,False,1.44,1.45,echo_ms,90,2.819585
latency,thurbox,tmux,other-busy,5,False,1.44,1.45,echo_ms,91,1.826182
latency,thurbox,tmux,other-busy,5,False,1.44,1.45,echo_ms,92,1.768864
latency,thurbox,tmux,other-busy,5,False,1.44,1.45,echo_ms,93,2.733524
latency,thurbox,tmux,other-busy,5,False,1.44,1.45,echo_ms,94,1.904853
latency,thurbox,tmux,other-busy,5,False,1.44,1.45,echo_ms,95,1.925447
latency,thurbox,tmux,other-busy,5,False,1.44,1.45,echo_ms,96,1.924656
latency,thurbox,tmux,other-busy,5,False,1.44,1.45,echo_ms,97,2.240356
latency,thurbox,tmux,other-busy,5,False,1.44,1.45,echo_ms,98,2.183198
latency,thurbox,tmux,other-busy,5,False,1.44,1.45,echo_ms,99,2.030389
latency,thurbox,tmux,other-busy,5,False,1.44,1.45,timeouts,,0
latency,tmux,tmux,other-busy,5,False,1.45,1.46,echo_ms,0,0.507979
latency,tmux,tmux,other-busy,5,False,1.45,1.46,echo_ms,1,0.674589
latency,tmux,tmux,other-busy,5,False,1.45,1.46,echo_ms,2,0.529939
latency,tmux,tmux,other-busy,5,False,1.45,1.46,echo_ms,3,0.664447
latency,tmux,tmux,other-busy,5,False,1.45,1.46,echo_ms,4,0.642632
latency,tmux,tmux,other-busy,5,False,1.45,1.46,echo_ms,5,0.612187
latency,tmux,tmux,other-busy,5,False,1.45,1.46,echo_ms,6,0.520227
latency,tmux,tmux,other-busy,5,False,1.45,1.46,echo_ms,7,0.783399
latency,tmux,tmux,other-busy,5,False,1.45,1.46,echo_ms,8,0.77723
latency,tmux,tmux,other-busy,5,False,1.45,1.46,echo_ms,9,0.526892
latency,tmux,tmux,other-busy,5,False,1.45,1.46,echo_ms,10,0.723393
latency,tmux,tmux,other-busy,5,False,1.45,1.46,echo_ms,11,0.589577
latency,tmux,tmux,other-busy,5,False,1.45,1.46,echo_ms,12,0.677218
latency,tmux,tmux,other-busy,5,False,1.45,1.46,echo_ms,13,0.719444
latency,tmux,tmux,other-busy,5,False,1.45,1.46,echo_ms,14,0.678502
latency,tmux,tmux,other-busy,5,False,1.45,1.46,echo_ms,15,0.60178
latency,tmux,tmux,other-busy,5,False,1.45,1.46,echo_ms,16,0.571605
latency,tmux,tmux,other-busy,5,False,1.45,1.46,echo_ms,17,0.724429
latency,tmux,tmux,other-busy,5,False,1.45,1.46,echo_ms,18,0.576001
latency,tmux,tmux,other-busy,5,False,1.45,1.46,echo_ms,19,0.777542
latency,tmux,tmux,other-busy,5,False,1.45,1.46,echo_ms,20,0.564071
latency,tmux,tmux,other-busy,5,False,1.45,1.46,echo_ms,21,0.883677
latency,tmux,tmux,other-busy,5,False,1.45,1.46,echo_ms,22,0.31435
latency,tmux,tmux,other-busy,5,False,1.45,1.46,echo_ms,23,0.550091
latency,tmux,tmux,other-busy,5,False,1.45,1.46,echo_ms,24,0.622489
latency,tmux,tmux,other-busy,5,False,1.45,1.46,echo_ms,25,0.660995
latency,tmux,tmux,other-busy,5,False,1.45,1.46,echo_ms,26,0.693978
latency,tmux,tmux,other-busy,5,False,1.45,1.46,echo_ms,27,0.754706
latency,tmux,tmux,other-busy,5,False,1.45,1.46,echo_ms,28,0.666412
latency,tmux,tmux,other-busy,5,False,1.45,1.46,echo_ms,29,0.847432
latency,tmux,tmux,other-busy,5,False,1.45,1.46,echo_ms,30,0.536159
latency,tmux,tmux,other-busy,5,False,1.45,1.46,echo_ms,31,0.611504
latency,tmux,tmux,other-busy,5,False,1.45,1.46,echo_ms,32,0.664861
latency,tmux,tmux,other-busy,5,False,1.45,1.46,echo_ms,33,0.800967
latency,tmux,tmux,other-busy,5,False,1.45,1.46,echo_ms,34,0.738009
latency,tmux,tmux,other-busy,5,False,1.45,1.46,echo_ms,35,0.550499
latency,tmux,tmux,other-busy,5,False,1.45,1.46,echo_ms,36,0.574308
latency,tmux,tmux,other-busy,5,False,1.45,1.46,echo_ms,37,0.750736
latency,tmux,tmux,other-busy,5,False,1.45,1.46,echo_ms,38,0.717281
latency,tmux,tmux,other-busy,5,False,1.45,1.46,echo_ms,39,0.702713
latency,tmux,tmux,other-busy,5,False,1.45,1.46,echo_ms,40,0.750372
latency,tmux,tmux,other-busy,5,False,1.45,1.46,echo_ms,41,0.86053
latency,tmux,tmux,other-busy,5,False,1.45,1.46,echo_ms,42,0.789714
latency,tmux,tmux,other-busy,5,False,1.45,1.46,echo_ms,43,0.577704
latency,tmux,tmux,other-busy,5,False,1.45,1.46,echo_ms,44,0.71066
latency,tmux,tmux,other-busy,5,False,1.45,1.46,echo_ms,45,0.637994
latency,tmux,tmux,other-busy,5,False,1.45,1.46,echo_ms,46,0.689011
latency,tmux,tmux,other-busy,5,False,1.45,1.46,echo_ms,47,0.580229
latency,tmux,tmux,other-busy,5,False,1.45,1.46,echo_ms,48,0.590428
latency,tmux,tmux,other-busy,5,False,1.45,1.46,echo_ms,49,0.625361
latency,tmux,tmux,other-busy,5,False,1.45,1.46,echo_ms,50,0.664131
latency,tmux,tmux,other-busy,5,False,1.45,1.46,echo_ms,51,0.709611
latency,tmux,tmux,other-busy,5,False,1.45,1.46,echo_ms,52,0.73877
latency,tmux,tmux,other-busy,5,False,1.45,1.46,echo_ms,53,0.605419
latency,tmux,tmux,other-busy,5,False,1.45,1.46,echo_ms,54,0.667079
latency,tmux,tmux,other-busy,5,False,1.45,1.46,echo_ms,55,0.682796
latency,tmux,tmux,other-busy,5,False,1.45,1.46,echo_ms,56,0.686529
latency,tmux,tmux,other-busy,5,False,1.45,1.46,echo_ms,57,0.628842
latency,tmux,tmux,other-busy,5,False,1.45,1.46,echo_ms,58,0.553838
latency,tmux,tmux,other-busy,5,False,1.45,1.46,echo_ms,59,0.576916
latency,tmux,tmux,other-busy,5,False,1.45,1.46,echo_ms,60,0.707479
latency,tmux,tmux,other-busy,5,False,1.45,1.46,echo_ms,61,0.538144
latency,tmux,tmux,other-busy,5,False,1.45,1.46,echo_ms,62,0.718125
latency,tmux,tmux,other-busy,5,False,1.45,1.46,echo_ms,63,0.660234
latency,tmux,tmux,other-busy,5,False,1.45,1.46,echo_ms,64,0.772212
latency,tmux,tmux,other-busy,5,False,1.45,1.46,echo_ms,65,0.668869
latency,tmux,tmux,other-busy,5,False,1.45,1.46,echo_ms,66,0.911711
latency,tmux,tmux,other-busy,5,False,1.45,1.46,echo_ms,67,0.83039
latency,tmux,tmux,other-busy,5,False,1.45,1.46,echo_ms,68,0.582281
latency,tmux,tmux,other-busy,5,False,1.45,1.46,echo_ms,69,0.590865
latency,tmux,tmux,other-busy,5,False,1.45,1.46,echo_ms,70,0.526283
latency,tmux,tmux,other-busy,5,False,1.45,1.46,echo_ms,71,0.551422
latency,tmux,tmux,other-busy,5,False,1.45,1.46,echo_ms,72,0.585998
latency,tmux,tmux,other-busy,5,False,1.45,1.46,echo_ms,73,0.746505
latency,tmux,tmux,other-busy,5,False,1.45,1.46,echo_ms,74,0.655093
latency,tmux,tmux,other-busy,5,False,1.45,1.46,echo_ms,75,0.882081
latency,tmux,tmux,other-busy,5,False,1.45,1.46,echo_ms,76,0.877665
latency,tmux,tmux,other-busy,5,False,1.45,1.46,echo_ms,77,0.753547
latency,tmux,tmux,other-busy,5,False,1.45,1.46,echo_ms,78,0.806909
latency,tmux,tmux,other-busy,5,False,1.45,1.46,echo_ms,79,0.560438
latency,tmux,tmux,other-busy,5,False,1.45,1.46,echo_ms,80,0.754
latency,tmux,tmux,other-busy,5,False,1.45,1.46,echo_ms,81,0.763853
latency,tmux,tmux,other-busy,5,False,1.45,1.46,echo_ms,82,0.52625
latency,tmux,tmux,other-busy,5,False,1.45,1.46,echo_ms,83,0.724889
latency,tmux,tmux,other-busy,5,False,1.45,1.46,echo_ms,84,0.727838
latency,tmux,tmux,other-busy,5,False,1.45,1.46,echo_ms,85,0.616847
latency,tmux,tmux,other-busy,5,False,1.45,1.46,echo_ms,86,0.55862
latency,tmux,tmux,other-busy,5,False,1.45,1.46,echo_ms,87,0.806106
latency,tmux,tmux,other-busy,5,False,1.45,1.46,echo_ms,88,0.703084
latency,tmux,tmux,other-busy,5,False,1.45,1.46,echo_ms,89,0.486925
latency,tmux,tmux,other-busy,5,False,1.45,1.46,echo_ms,90,0.76765
latency,tmux,tmux,other-busy,5,False,1.45,1.46,echo_ms,91,0.682605
latency,tmux,tmux,other-busy,5,False,1.45,1.46,echo_ms,92,0.643052
latency,tmux,tmux,other-busy,5,False,1.45,1.46,echo_ms,93,0.70983
latency,tmux,tmux,other-busy,5,False,1.45,1.46,echo_ms,94,0.747589
latency,tmux,tmux,other-busy,5,False,1.45,1.46,echo_ms,95,0.685632
latency,tmux,tmux,other-busy,5,False,1.45,1.46,echo_ms,96,0.801046
latency,tmux,tmux,other-busy,5,False,1.45,1.46,echo_ms,97,0.805416
latency,tmux,tmux,other-busy,5,False,1.45,1.46,echo_ms,98,0.571513
latency,tmux,tmux,other-busy,5,False,1.45,1.46,echo_ms,99,0.858099
latency,tmux,tmux,other-busy,5,False,1.45,1.46,timeouts,,0
survival,tmux,tmux,crash,0,True,1.46,1.34,alive_after_client_kill,,3
survival,tmux,tmux,crash,0,True,1.46,1.34,alive_after_server_kill,,0
survival,tmux,tmux,restart,0,True,1.34,0.81,commands_back,,0
survival,tmux,tmux,restart,0,True,1.34,0.81,forced_shutdown,,False
survival,tmux,tmux,restart,0,True,1.34,0.81,restore_ms,,
survival,tmux,tmux,restart,0,True,1.34,0.81,listed,,0
survival,herdr,herdr,crash,0,True,0.81,0.75,alive_after_client_kill,,3
survival,herdr,herdr,crash,0,True,0.81,0.75,alive_after_server_kill,,0
survival,herdr,herdr,restart,0,True,0.75,0.45,commands_back,,0
survival,herdr,herdr,restart,0,True,0.75,0.45,forced_shutdown,,False
survival,herdr,herdr,restart,0,True,0.75,0.45,restore_ms,,
survival,herdr,herdr,restart,0,True,0.75,0.45,listed,,3
survival,rmux,rmux,crash,0,True,0.45,0.41,alive_after_client_kill,,3
survival,rmux,rmux,crash,0,True,0.45,0.41,alive_after_server_kill,,0
survival,rmux,rmux,restart,0,True,0.41,0.25,commands_back,,0
survival,rmux,rmux,restart,0,True,0.41,0.25,forced_shutdown,,False
survival,rmux,rmux,restart,0,True,0.41,0.25,restore_ms,,
survival,rmux,rmux,restart,0,True,0.41,0.25,listed,,0
survival,thurbox,tmux,crash,0,True,0.25,0.23,alive_after_client_kill,,3
survival,thurbox,tmux,crash,0,True,0.25,0.23,alive_after_server_kill,,0
survival,thurbox,tmux,restart,0,True,0.23,0.23,commands_back,,3
survival,thurbox,tmux,restart,0,True,0.23,0.23,forced_shutdown,,False
survival,thurbox,tmux,restart,0,True,0.23,0.23,restore_ms,,144.063076
survival,thurbox,tmux,restart,0,True,0.23,0.23,listed,,3
survival,herdr,herdr,crash,1,False,0.23,0.21,alive_after_client_kill,,3
survival,herdr,herdr,crash,1,False,0.23,0.21,alive_after_server_kill,,0
survival,herdr,herdr,restart,1,False,0.21,0.13,commands_back,,0
survival,herdr,herdr,restart,1,False,0.21,0.13,forced_shutdown,,False
survival,herdr,herdr,restart,1,False,0.21,0.13,restore_ms,,
survival,herdr,herdr,restart,1,False,0.21,0.13,listed,,3
survival,rmux,rmux,crash,1,False,0.13,0.12,alive_after_client_kill,,3
survival,rmux,rmux,crash,1,False,0.13,0.12,alive_after_server_kill,,0
survival,rmux,rmux,restart,1,False,0.12,0.07,commands_back,,0
survival,rmux,rmux,restart,1,False,0.12,0.07,forced_shutdown,,False
survival,rmux,rmux,restart,1,False,0.12,0.07,restore_ms,,
survival,rmux,rmux,restart,1,False,0.12,0.07,listed,,0
survival,thurbox,tmux,crash,1,False,0.07,0.06,alive_after_client_kill,,3
survival,thurbox,tmux,crash,1,False,0.07,0.06,alive_after_server_kill,,0
survival,thurbox,tmux,restart,1,False,0.06,0.06,commands_back,,3
survival,thurbox,tmux,restart,1,False,0.06,0.06,forced_shutdown,,False
survival,thurbox,tmux,restart,1,False,0.06,0.06,restore_ms,,155.352854
survival,thurbox,tmux,restart,1,False,0.06,0.06,listed,,3
survival,tmux,tmux,crash,1,False,0.06,0.06,alive_after_client_kill,,3
survival,tmux,tmux,crash,1,False,0.06,0.06,alive_after_server_kill,,0
survival,tmux,tmux,restart,1,False,0.06,0.03,commands_back,,0
survival,tmux,tmux,restart,1,False,0.06,0.03,forced_shutdown,,False
survival,tmux,tmux,restart,1,False,0.06,0.03,restore_ms,,
survival,tmux,tmux,restart,1,False,0.06,0.03,listed,,0
survival,rmux,rmux,crash,2,False,0.03,0.03,alive_after_client_kill,,3
survival,rmux,rmux,crash,2,False,0.03,0.03,alive_after_server_kill,,0
survival,rmux,rmux,restart,2,False,0.03,0.02,commands_back,,0
survival,rmux,rmux,restart,2,False,0.03,0.02,forced_shutdown,,False
survival,rmux,rmux,restart,2,False,0.03,0.02,restore_ms,,
survival,rmux,rmux,restart,2,False,0.03,0.02,listed,,0
survival,thurbox,tmux,crash,2,False,0.02,0.02,alive_after_client_kill,,3
survival,thurbox,tmux,crash,2,False,0.02,0.02,alive_after_server_kill,,0
survival,thurbox,tmux,restart,2,False,0.02,0.02,commands_back,,3
survival,thurbox,tmux,restart,2,False,0.02,0.02,forced_shutdown,,False
survival,thurbox,tmux,restart,2,False,0.02,0.02,restore_ms,,167.181651
survival,thurbox,tmux,restart,2,False,0.02,0.02,listed,,3
survival,tmux,tmux,crash,2,False,0.02,0.01,alive_after_client_kill,,3
survival,tmux,tmux,crash,2,False,0.02,0.01,alive_after_server_kill,,0
survival,tmux,tmux,restart,2,False,0.01,0.01,commands_back,,0
survival,tmux,tmux,restart,2,False,0.01,0.01,forced_shutdown,,False
survival,tmux,tmux,restart,2,False,0.01,0.01,restore_ms,,
survival,tmux,tmux,restart,2,False,0.01,0.01,listed,,0
survival,herdr,herdr,crash,2,False,0.01,0.01,alive_after_client_kill,,3
survival,herdr,herdr,crash,2,False,0.01,0.01,alive_after_server_kill,,0
survival,herdr,herdr,restart,2,False,0.01,0.0,commands_back,,0
survival,herdr,herdr,restart,2,False,0.01,0.0,forced_shutdown,,False
survival,herdr,herdr,restart,2,False,0.01,0.0,restore_ms,,
survival,herdr,herdr,restart,2,False,0.01,0.0,listed,,3
survival,thurbox,tmux,crash,3,False,0.0,0.0,alive_after_client_kill,,3
survival,thurbox,tmux,crash,3,False,0.0,0.0,alive_after_server_kill,,0
survival,thurbox,tmux,restart,3,False,0.0,0.0,commands_back,,3
survival,thurbox,tmux,restart,3,False,0.0,0.0,forced_shutdown,,False
survival,thurbox,tmux,restart,3,False,0.0,0.0,restore_ms,,146.916167
survival,thurbox,tmux,restart,3,False,0.0,0.0,listed,,3
survival,tmux,tmux,crash,3,False,0.0,0.0,alive_after_client_kill,,3
survival,tmux,tmux,crash,3,False,0.0,0.0,alive_after_server_kill,,0
survival,tmux,tmux,restart,3,False,0.0,0.0,commands_back,,0
survival,tmux,tmux,restart,3,False,0.0,0.0,forced_shutdown,,False
survival,tmux,tmux,restart,3,False,0.0,0.0,restore_ms,,
survival,tmux,tmux,restart,3,False,0.0,0.0,listed,,0
survival,herdr,herdr,crash,3,False,0.0,0.0,alive_after_client_kill,,3
survival,herdr,herdr,crash,3,False,0.0,0.0,alive_after_server_kill,,0
survival,herdr,herdr,restart,3,False,0.0,0.08,commands_back,,0
survival,herdr,herdr,restart,3,False,0.0,0.08,forced_shutdown,,False
survival,herdr,herdr,restart,3,False,0.0,0.08,restore_ms,,
survival,herdr,herdr,restart,3,False,0.0,0.08,listed,,3
survival,rmux,rmux,crash,3,False,0.08,0.07,alive_after_client_kill,,3
survival,rmux,rmux,crash,3,False,0.08,0.07,alive_after_server_kill,,0
survival,rmux,rmux,restart,3,False,0.07,0.04,commands_back,,0
survival,rmux,rmux,restart,3,False,0.07,0.04,forced_shutdown,,False
survival,rmux,rmux,restart,3,False,0.07,0.04,restore_ms,,
survival,rmux,rmux,restart,3,False,0.07,0.04,listed,,0
survival,tmux,tmux,crash,4,False,0.04,0.04,alive_after_client_kill,,3
survival,tmux,tmux,crash,4,False,0.04,0.04,alive_after_server_kill,,0
survival,tmux,tmux,restart,4,False,0.04,0.09,commands_back,,0
survival,tmux,tmux,restart,4,False,0.04,0.09,forced_shutdown,,False
survival,tmux,tmux,restart,4,False,0.04,0.09,restore_ms,,
survival,tmux,tmux,restart,4,False,0.04,0.09,listed,,0
survival,herdr,herdr,crash,4,False,0.09,0.09,alive_after_client_kill,,3
survival,herdr,herdr,crash,4,False,0.09,0.09,alive_after_server_kill,,0
survival,herdr,herdr,restart,4,False,0.09,0.05,commands_back,,0
survival,herdr,herdr,restart,4,False,0.09,0.05,forced_shutdown,,False
survival,herdr,herdr,restart,4,False,0.09,0.05,restore_ms,,
survival,herdr,herdr,restart,4,False,0.09,0.05,listed,,3
survival,rmux,rmux,crash,4,False,0.05,0.05,alive_after_client_kill,,3
survival,rmux,rmux,crash,4,False,0.05,0.05,alive_after_server_kill,,0
survival,rmux,rmux,restart,4,False,0.05,0.03,commands_back,,0
survival,rmux,rmux,restart,4,False,0.05,0.03,forced_shutdown,,False
survival,rmux,rmux,restart,4,False,0.05,0.03,restore_ms,,
survival,rmux,rmux,restart,4,False,0.05,0.03,listed,,0
survival,thurbox,tmux,crash,4,False,0.03,0.03,alive_after_client_kill,,3
survival,thurbox,tmux,crash,4,False,0.03,0.03,alive_after_server_kill,,0
survival,thurbox,tmux,restart,4,False,0.03,0.02,commands_back,,3
survival,thurbox,tmux,restart,4,False,0.03,0.02,forced_shutdown,,False
survival,thurbox,tmux,restart,4,False,0.03,0.02,restore_ms,,167.478706
survival,thurbox,tmux,restart,4,False,0.03,0.02,listed,,3
survival,herdr,herdr,crash,5,False,0.02,0.02,alive_after_client_kill,,3
survival,herdr,herdr,crash,5,False,0.02,0.02,alive_after_server_kill,,0
survival,herdr,herdr,restart,5,False,0.02,0.08,commands_back,,0
survival,herdr,herdr,restart,5,False,0.02,0.08,forced_shutdown,,False
survival,herdr,herdr,restart,5,False,0.02,0.08,restore_ms,,
survival,herdr,herdr,restart,5,False,0.02,0.08,listed,,3
survival,rmux,rmux,crash,5,False,0.08,0.08,alive_after_client_kill,,3
survival,rmux,rmux,crash,5,False,0.08,0.08,alive_after_server_kill,,0
survival,rmux,rmux,restart,5,False,0.08,0.04,commands_back,,0
survival,rmux,rmux,restart,5,False,0.08,0.04,forced_shutdown,,False
survival,rmux,rmux,restart,5,False,0.08,0.04,restore_ms,,
survival,rmux,rmux,restart,5,False,0.08,0.04,listed,,0
survival,thurbox,tmux,crash,5,False,0.04,0.04,alive_after_client_kill,,3
survival,thurbox,tmux,crash,5,False,0.04,0.04,alive_after_server_kill,,0
survival,thurbox,tmux,restart,5,False,0.04,0.04,commands_back,,3
survival,thurbox,tmux,restart,5,False,0.04,0.04,forced_shutdown,,False
survival,thurbox,tmux,restart,5,False,0.04,0.04,restore_ms,,175.228925
survival,thurbox,tmux,restart,5,False,0.04,0.04,listed,,3
survival,tmux,tmux,crash,5,False,0.04,0.04,alive_after_client_kill,,3
survival,tmux,tmux,crash,5,False,0.04,0.04,alive_after_server_kill,,0
survival,tmux,tmux,restart,5,False,0.04,0.08,commands_back,,0
survival,tmux,tmux,restart,5,False,0.04,0.08,forced_shutdown,,False
survival,tmux,tmux,restart,5,False,0.04,0.08,restore_ms,,
survival,tmux,tmux,restart,5,False,0.04,0.08,listed,,0
