scenario,host,variant,rep,warmup,load1,load1_end,metric,sample,value
latency,tmux,idle,0,True,0.17,0.14,echo_ms,0,1.03655
latency,tmux,idle,0,True,0.17,0.14,echo_ms,1,1.042533
latency,tmux,idle,0,True,0.17,0.14,echo_ms,2,1.003593
latency,tmux,idle,0,True,0.17,0.14,echo_ms,3,1.035324
latency,tmux,idle,0,True,0.17,0.14,echo_ms,4,1.055074
latency,tmux,idle,0,True,0.17,0.14,echo_ms,5,1.05454
latency,tmux,idle,0,True,0.17,0.14,echo_ms,6,1.047997
latency,tmux,idle,0,True,0.17,0.14,echo_ms,7,1.062455
latency,tmux,idle,0,True,0.17,0.14,echo_ms,8,1.05081
latency,tmux,idle,0,True,0.17,0.14,echo_ms,9,1.069647
latency,tmux,idle,0,True,0.17,0.14,echo_ms,10,0.958157
latency,tmux,idle,0,True,0.17,0.14,echo_ms,11,1.046626
latency,tmux,idle,0,True,0.17,0.14,echo_ms,12,1.062558
latency,tmux,idle,0,True,0.17,0.14,echo_ms,13,1.092148
latency,tmux,idle,0,True,0.17,0.14,echo_ms,14,1.007093
latency,tmux,idle,0,True,0.17,0.14,echo_ms,15,1.051325
latency,tmux,idle,0,True,0.17,0.14,echo_ms,16,1.023604
latency,tmux,idle,0,True,0.17,0.14,echo_ms,17,1.05014
latency,tmux,idle,0,True,0.17,0.14,echo_ms,18,1.056701
latency,tmux,idle,0,True,0.17,0.14,echo_ms,19,1.06605
latency,tmux,idle,0,True,0.17,0.14,echo_ms,20,1.066131
latency,tmux,idle,0,True,0.17,0.14,echo_ms,21,1.058509
latency,tmux,idle,0,True,0.17,0.14,echo_ms,22,1.016098
latency,tmux,idle,0,True,0.17,0.14,echo_ms,23,1.013291
latency,tmux,idle,0,True,0.17,0.14,echo_ms,24,0.933243
latency,tmux,idle,0,True,0.17,0.14,echo_ms,25,1.032776
latency,tmux,idle,0,True,0.17,0.14,echo_ms,26,0.841048
latency,tmux,idle,0,True,0.17,0.14,echo_ms,27,1.019426
latency,tmux,idle,0,True,0.17,0.14,echo_ms,28,1.03306
latency,tmux,idle,0,True,0.17,0.14,echo_ms,29,1.034718
latency,tmux,idle,0,True,0.17,0.14,echo_ms,30,0.992721
latency,tmux,idle,0,True,0.17,0.14,echo_ms,31,1.035889
latency,tmux,idle,0,True,0.17,0.14,echo_ms,32,0.995167
latency,tmux,idle,0,True,0.17,0.14,echo_ms,33,0.975107
latency,tmux,idle,0,True,0.17,0.14,echo_ms,34,0.953151
latency,tmux,idle,0,True,0.17,0.14,echo_ms,35,0.954299
latency,tmux,idle,0,True,0.17,0.14,echo_ms,36,0.988733
latency,tmux,idle,0,True,0.17,0.14,echo_ms,37,1.007913
latency,tmux,idle,0,True,0.17,0.14,echo_ms,38,0.981383
latency,tmux,idle,0,True,0.17,0.14,echo_ms,39,1.006429
latency,tmux,idle,0,True,0.17,0.14,echo_ms,40,1.063808
latency,tmux,idle,0,True,0.17,0.14,echo_ms,41,1.033498
latency,tmux,idle,0,True,0.17,0.14,echo_ms,42,1.078906
latency,tmux,idle,0,True,0.17,0.14,echo_ms,43,1.048347
latency,tmux,idle,0,True,0.17,0.14,echo_ms,44,1.015811
latency,tmux,idle,0,True,0.17,0.14,echo_ms,45,1.025357
latency,tmux,idle,0,True,0.17,0.14,echo_ms,46,1.045141
latency,tmux,idle,0,True,0.17,0.14,echo_ms,47,1.054317
latency,tmux,idle,0,True,0.17,0.14,echo_ms,48,0.96886
latency,tmux,idle,0,True,0.17,0.14,echo_ms,49,0.994925
latency,tmux,idle,0,True,0.17,0.14,echo_ms,50,1.114668
latency,tmux,idle,0,True,0.17,0.14,echo_ms,51,1.044641
latency,tmux,idle,0,True,0.17,0.14,echo_ms,52,1.049373
latency,tmux,idle,0,True,0.17,0.14,echo_ms,53,1.057029
latency,tmux,idle,0,True,0.17,0.14,echo_ms,54,1.04177
latency,tmux,idle,0,True,0.17,0.14,echo_ms,55,1.040473
latency,tmux,idle,0,True,0.17,0.14,echo_ms,56,1.063421
latency,tmux,idle,0,True,0.17,0.14,echo_ms,57,1.058053
latency,tmux,idle,0,True,0.17,0.14,echo_ms,58,1.054911
latency,tmux,idle,0,True,0.17,0.14,echo_ms,59,1.014309
latency,tmux,idle,0,True,0.17,0.14,echo_ms,60,1.035398
latency,tmux,idle,0,True,0.17,0.14,echo_ms,61,1.014123
latency,tmux,idle,0,True,0.17,0.14,echo_ms,62,1.047439
latency,tmux,idle,0,True,0.17,0.14,echo_ms,63,1.108636
latency,tmux,idle,0,True,0.17,0.14,echo_ms,64,1.046643
latency,tmux,idle,0,True,0.17,0.14,echo_ms,65,1.08977
latency,tmux,idle,0,True,0.17,0.14,echo_ms,66,1.045411
latency,tmux,idle,0,True,0.17,0.14,echo_ms,67,1.106414
latency,tmux,idle,0,True,0.17,0.14,echo_ms,68,1.024443
latency,tmux,idle,0,True,0.17,0.14,echo_ms,69,1.057698
latency,tmux,idle,0,True,0.17,0.14,echo_ms,70,1.039762
latency,tmux,idle,0,True,0.17,0.14,echo_ms,71,1.053266
latency,tmux,idle,0,True,0.17,0.14,echo_ms,72,1.035575
latency,tmux,idle,0,True,0.17,0.14,echo_ms,73,1.021662
latency,tmux,idle,0,True,0.17,0.14,echo_ms,74,1.02822
latency,tmux,idle,0,True,0.17,0.14,echo_ms,75,1.028878
latency,tmux,idle,0,True,0.17,0.14,echo_ms,76,1.034793
latency,tmux,idle,0,True,0.17,0.14,echo_ms,77,1.075405
latency,tmux,idle,0,True,0.17,0.14,echo_ms,78,1.052864
latency,tmux,idle,0,True,0.17,0.14,echo_ms,79,1.096077
latency,tmux,idle,0,True,0.17,0.14,echo_ms,80,1.036751
latency,tmux,idle,0,True,0.17,0.14,echo_ms,81,1.012223
latency,tmux,idle,0,True,0.17,0.14,echo_ms,82,1.063535
latency,tmux,idle,0,True,0.17,0.14,echo_ms,83,1.047654
latency,tmux,idle,0,True,0.17,0.14,echo_ms,84,1.068138
latency,tmux,idle,0,True,0.17,0.14,echo_ms,85,1.062601
latency,tmux,idle,0,True,0.17,0.14,echo_ms,86,1.057491
latency,tmux,idle,0,True,0.17,0.14,echo_ms,87,0.660366
latency,tmux,idle,0,True,0.17,0.14,echo_ms,88,1.022723
latency,tmux,idle,0,True,0.17,0.14,echo_ms,89,1.047353
latency,tmux,idle,0,True,0.17,0.14,echo_ms,90,1.100913
latency,tmux,idle,0,True,0.17,0.14,echo_ms,91,1.076784
latency,tmux,idle,0,True,0.17,0.14,echo_ms,92,1.108994
latency,tmux,idle,0,True,0.17,0.14,echo_ms,93,1.06284
latency,tmux,idle,0,True,0.17,0.14,echo_ms,94,0.985591
latency,tmux,idle,0,True,0.17,0.14,echo_ms,95,1.04691
latency,tmux,idle,0,True,0.17,0.14,echo_ms,96,1.031305
latency,tmux,idle,0,True,0.17,0.14,echo_ms,97,1.009493
latency,tmux,idle,0,True,0.17,0.14,echo_ms,98,0.974891
latency,tmux,idle,0,True,0.17,0.14,echo_ms,99,1.061753
latency,tmux,idle,0,True,0.17,0.14,timeouts,,0
latency,herdr,idle,0,True,0.14,0.12,echo_ms,0,2.262247
latency,herdr,idle,0,True,0.14,0.12,echo_ms,1,2.12357
latency,herdr,idle,0,True,0.14,0.12,echo_ms,2,1.574834
latency,herdr,idle,0,True,0.14,0.12,echo_ms,3,2.282577
latency,herdr,idle,0,True,0.14,0.12,echo_ms,4,2.281744
latency,herdr,idle,0,True,0.14,0.12,echo_ms,5,2.339677
latency,herdr,idle,0,True,0.14,0.12,echo_ms,6,2.110067
latency,herdr,idle,0,True,0.14,0.12,echo_ms,7,2.084659
latency,herdr,idle,0,True,0.14,0.12,echo_ms,8,2.349415
latency,herdr,idle,0,True,0.14,0.12,echo_ms,9,1.45425
latency,herdr,idle,0,True,0.14,0.12,echo_ms,10,2.395382
latency,herdr,idle,0,True,0.14,0.12,echo_ms,11,2.345586
latency,herdr,idle,0,True,0.14,0.12,echo_ms,12,2.3902
latency,herdr,idle,0,True,0.14,0.12,echo_ms,13,2.336296
latency,herdr,idle,0,True,0.14,0.12,echo_ms,14,2.260282
latency,herdr,idle,0,True,0.14,0.12,echo_ms,15,2.297935
latency,herdr,idle,0,True,0.14,0.12,echo_ms,16,2.355711
latency,herdr,idle,0,True,0.14,0.12,echo_ms,17,2.298619
latency,herdr,idle,0,True,0.14,0.12,echo_ms,18,2.079391
latency,herdr,idle,0,True,0.14,0.12,echo_ms,19,2.273796
latency,herdr,idle,0,True,0.14,0.12,echo_ms,20,2.306767
latency,herdr,idle,0,True,0.14,0.12,echo_ms,21,2.259601
latency,herdr,idle,0,True,0.14,0.12,echo_ms,22,2.199617
latency,herdr,idle,0,True,0.14,0.12,echo_ms,23,2.231527
latency,herdr,idle,0,True,0.14,0.12,echo_ms,24,2.284998
latency,herdr,idle,0,True,0.14,0.12,echo_ms,25,2.264719
latency,herdr,idle,0,True,0.14,0.12,echo_ms,26,2.307704
latency,herdr,idle,0,True,0.14,0.12,echo_ms,27,2.281017
latency,herdr,idle,0,True,0.14,0.12,echo_ms,28,2.131802
latency,herdr,idle,0,True,0.14,0.12,echo_ms,29,2.126024
latency,herdr,idle,0,True,0.14,0.12,echo_ms,30,2.225386
latency,herdr,idle,0,True,0.14,0.12,echo_ms,31,2.259707
latency,herdr,idle,0,True,0.14,0.12,echo_ms,32,2.371304
latency,herdr,idle,0,True,0.14,0.12,echo_ms,33,2.310292
latency,herdr,idle,0,True,0.14,0.12,echo_ms,34,2.318683
latency,herdr,idle,0,True,0.14,0.12,echo_ms,35,2.26243
latency,herdr,idle,0,True,0.14,0.12,echo_ms,36,1.706734
latency,herdr,idle,0,True,0.14,0.12,echo_ms,37,2.258037
latency,herdr,idle,0,True,0.14,0.12,echo_ms,38,2.080988
latency,herdr,idle,0,True,0.14,0.12,echo_ms,39,2.372693
latency,herdr,idle,0,True,0.14,0.12,echo_ms,40,2.176472
latency,herdr,idle,0,True,0.14,0.12,echo_ms,41,2.142877
latency,herdr,idle,0,True,0.14,0.12,echo_ms,42,2.035693
latency,herdr,idle,0,True,0.14,0.12,echo_ms,43,2.263693
latency,herdr,idle,0,True,0.14,0.12,echo_ms,44,2.216822
latency,herdr,idle,0,True,0.14,0.12,echo_ms,45,2.044873
latency,herdr,idle,0,True,0.14,0.12,echo_ms,46,2.141325
latency,herdr,idle,0,True,0.14,0.12,echo_ms,47,2.105288
latency,herdr,idle,0,True,0.14,0.12,echo_ms,48,2.214665
latency,herdr,idle,0,True,0.14,0.12,echo_ms,49,2.170531
latency,herdr,idle,0,True,0.14,0.12,echo_ms,50,2.321824
latency,herdr,idle,0,True,0.14,0.12,echo_ms,51,2.255142
latency,herdr,idle,0,True,0.14,0.12,echo_ms,52,2.116881
latency,herdr,idle,0,True,0.14,0.12,echo_ms,53,2.296217
latency,herdr,idle,0,True,0.14,0.12,echo_ms,54,2.121651
latency,herdr,idle,0,True,0.14,0.12,echo_ms,55,2.080565
latency,herdr,idle,0,True,0.14,0.12,echo_ms,56,2.241218
latency,herdr,idle,0,True,0.14,0.12,echo_ms,57,2.267154
latency,herdr,idle,0,True,0.14,0.12,echo_ms,58,2.328144
latency,herdr,idle,0,True,0.14,0.12,echo_ms,59,2.121391
latency,herdr,idle,0,True,0.14,0.12,echo_ms,60,2.122681
latency,herdr,idle,0,True,0.14,0.12,echo_ms,61,2.277614
latency,herdr,idle,0,True,0.14,0.12,echo_ms,62,2.308951
latency,herdr,idle,0,True,0.14,0.12,echo_ms,63,2.167223
latency,herdr,idle,0,True,0.14,0.12,echo_ms,64,2.219032
latency,herdr,idle,0,True,0.14,0.12,echo_ms,65,2.264914
latency,herdr,idle,0,True,0.14,0.12,echo_ms,66,2.104679
latency,herdr,idle,0,True,0.14,0.12,echo_ms,67,2.135928
latency,herdr,idle,0,True,0.14,0.12,echo_ms,68,2.156831
latency,herdr,idle,0,True,0.14,0.12,echo_ms,69,2.176661
latency,herdr,idle,0,True,0.14,0.12,echo_ms,70,2.268875
latency,herdr,idle,0,True,0.14,0.12,echo_ms,71,2.332052
latency,herdr,idle,0,True,0.14,0.12,echo_ms,72,2.173971
latency,herdr,idle,0,True,0.14,0.12,echo_ms,73,2.240929
latency,herdr,idle,0,True,0.14,0.12,echo_ms,74,2.211995
latency,herdr,idle,0,True,0.14,0.12,echo_ms,75,2.263458
latency,herdr,idle,0,True,0.14,0.12,echo_ms,76,2.251794
latency,herdr,idle,0,True,0.14,0.12,echo_ms,77,2.298683
latency,herdr,idle,0,True,0.14,0.12,echo_ms,78,2.339451
latency,herdr,idle,0,True,0.14,0.12,echo_ms,79,2.155353
latency,herdr,idle,0,True,0.14,0.12,echo_ms,80,2.308718
latency,herdr,idle,0,True,0.14,0.12,echo_ms,81,2.283768
latency,herdr,idle,0,True,0.14,0.12,echo_ms,82,2.158166
latency,herdr,idle,0,True,0.14,0.12,echo_ms,83,2.263774
latency,herdr,idle,0,True,0.14,0.12,echo_ms,84,2.256044
latency,herdr,idle,0,True,0.14,0.12,echo_ms,85,2.116651
latency,herdr,idle,0,True,0.14,0.12,echo_ms,86,1.563157
latency,herdr,idle,0,True,0.14,0.12,echo_ms,87,2.228585
latency,herdr,idle,0,True,0.14,0.12,echo_ms,88,2.2154
latency,herdr,idle,0,True,0.14,0.12,echo_ms,89,2.214115
latency,herdr,idle,0,True,0.14,0.12,echo_ms,90,2.189114
latency,herdr,idle,0,True,0.14,0.12,echo_ms,91,1.700128
latency,herdr,idle,0,True,0.14,0.12,echo_ms,92,2.279898
latency,herdr,idle,0,True,0.14,0.12,echo_ms,93,2.078056
latency,herdr,idle,0,True,0.14,0.12,echo_ms,94,2.315664
latency,herdr,idle,0,True,0.14,0.12,echo_ms,95,2.384217
latency,herdr,idle,0,True,0.14,0.12,echo_ms,96,1.619802
latency,herdr,idle,0,True,0.14,0.12,echo_ms,97,2.17284
latency,herdr,idle,0,True,0.14,0.12,echo_ms,98,2.104261
latency,herdr,idle,0,True,0.14,0.12,echo_ms,99,2.178548
latency,herdr,idle,0,True,0.14,0.12,timeouts,,0
latency,thurbox,idle,0,True,0.12,0.1,echo_ms,0,4.741309
latency,thurbox,idle,0,True,0.12,0.1,echo_ms,1,3.484496
latency,thurbox,idle,0,True,0.12,0.1,echo_ms,2,3.243671
latency,thurbox,idle,0,True,0.12,0.1,echo_ms,3,3.177948
latency,thurbox,idle,0,True,0.12,0.1,echo_ms,4,3.538033
latency,thurbox,idle,0,True,0.12,0.1,echo_ms,5,4.167879
latency,thurbox,idle,0,True,0.12,0.1,echo_ms,6,4.685922
latency,thurbox,idle,0,True,0.12,0.1,echo_ms,7,5.144569
latency,thurbox,idle,0,True,0.12,0.1,echo_ms,8,4.66635
latency,thurbox,idle,0,True,0.12,0.1,echo_ms,9,4.781605
latency,thurbox,idle,0,True,0.12,0.1,echo_ms,10,3.436229
latency,thurbox,idle,0,True,0.12,0.1,echo_ms,11,3.152763
latency,thurbox,idle,0,True,0.12,0.1,echo_ms,12,3.49905
latency,thurbox,idle,0,True,0.12,0.1,echo_ms,13,4.432239
latency,thurbox,idle,0,True,0.12,0.1,echo_ms,14,3.478704
latency,thurbox,idle,0,True,0.12,0.1,echo_ms,15,3.173696
latency,thurbox,idle,0,True,0.12,0.1,echo_ms,16,4.152159
latency,thurbox,idle,0,True,0.12,0.1,echo_ms,17,5.102314
latency,thurbox,idle,0,True,0.12,0.1,echo_ms,18,4.751299
latency,thurbox,idle,0,True,0.12,0.1,echo_ms,19,4.747271
latency,thurbox,idle,0,True,0.12,0.1,echo_ms,20,4.769966
latency,thurbox,idle,0,True,0.12,0.1,echo_ms,21,3.505694
latency,thurbox,idle,0,True,0.12,0.1,echo_ms,22,3.448499
latency,thurbox,idle,0,True,0.12,0.1,echo_ms,23,3.124967
latency,thurbox,idle,0,True,0.12,0.1,echo_ms,24,5.108434
latency,thurbox,idle,0,True,0.12,0.1,echo_ms,25,1.93908
latency,thurbox,idle,0,True,0.12,0.1,echo_ms,26,3.505814
latency,thurbox,idle,0,True,0.12,0.1,echo_ms,27,4.933068
latency,thurbox,idle,0,True,0.12,0.1,echo_ms,28,3.485515
latency,thurbox,idle,0,True,0.12,0.1,echo_ms,29,3.381043
latency,thurbox,idle,0,True,0.12,0.1,echo_ms,30,6.351138
latency,thurbox,idle,0,True,0.12,0.1,echo_ms,31,3.604595
latency,thurbox,idle,0,True,0.12,0.1,echo_ms,32,3.113305
latency,thurbox,idle,0,True,0.12,0.1,echo_ms,33,4.766178
latency,thurbox,idle,0,True,0.12,0.1,echo_ms,34,4.760995
latency,thurbox,idle,0,True,0.12,0.1,echo_ms,35,3.424031
latency,thurbox,idle,0,True,0.12,0.1,echo_ms,36,3.481242
latency,thurbox,idle,0,True,0.12,0.1,echo_ms,37,4.782595
latency,thurbox,idle,0,True,0.12,0.1,echo_ms,38,5.106373
latency,thurbox,idle,0,True,0.12,0.1,echo_ms,39,2.656337
latency,thurbox,idle,0,True,0.12,0.1,echo_ms,40,3.463924
latency,thurbox,idle,0,True,0.12,0.1,echo_ms,41,4.943887
latency,thurbox,idle,0,True,0.12,0.1,echo_ms,42,3.35465
latency,thurbox,idle,0,True,0.12,0.1,echo_ms,43,3.330134
latency,thurbox,idle,0,True,0.12,0.1,echo_ms,44,4.715136
latency,thurbox,idle,0,True,0.12,0.1,echo_ms,45,3.470427
latency,thurbox,idle,0,True,0.12,0.1,echo_ms,46,6.142105
latency,thurbox,idle,0,True,0.12,0.1,echo_ms,47,4.584521
latency,thurbox,idle,0,True,0.12,0.1,echo_ms,48,5.113169
latency,thurbox,idle,0,True,0.12,0.1,echo_ms,49,4.741756
latency,thurbox,idle,0,True,0.12,0.1,echo_ms,50,3.282534
latency,thurbox,idle,0,True,0.12,0.1,echo_ms,51,4.912555
latency,thurbox,idle,0,True,0.12,0.1,echo_ms,52,3.462257
latency,thurbox,idle,0,True,0.12,0.1,echo_ms,53,9.273967
latency,thurbox,idle,0,True,0.12,0.1,echo_ms,54,4.199176
latency,thurbox,idle,0,True,0.12,0.1,echo_ms,55,3.45201
latency,thurbox,idle,0,True,0.12,0.1,echo_ms,56,2.345347
latency,thurbox,idle,0,True,0.12,0.1,echo_ms,57,4.73529
latency,thurbox,idle,0,True,0.12,0.1,echo_ms,58,4.705575
latency,thurbox,idle,0,True,0.12,0.1,echo_ms,59,3.480896
latency,thurbox,idle,0,True,0.12,0.1,echo_ms,60,4.72484
latency,thurbox,idle,0,True,0.12,0.1,echo_ms,61,3.735136
latency,thurbox,idle,0,True,0.12,0.1,echo_ms,62,5.64464
latency,thurbox,idle,0,True,0.12,0.1,echo_ms,63,4.708635
latency,thurbox,idle,0,True,0.12,0.1,echo_ms,64,4.407173
latency,thurbox,idle,0,True,0.12,0.1,echo_ms,65,3.113738
latency,thurbox,idle,0,True,0.12,0.1,echo_ms,66,3.544915
latency,thurbox,idle,0,True,0.12,0.1,echo_ms,67,3.411563
latency,thurbox,idle,0,True,0.12,0.1,echo_ms,68,3.557178
latency,thurbox,idle,0,True,0.12,0.1,echo_ms,69,4.692991
latency,thurbox,idle,0,True,0.12,0.1,echo_ms,70,4.785693
latency,thurbox,idle,0,True,0.12,0.1,echo_ms,71,4.119046
latency,thurbox,idle,0,True,0.12,0.1,echo_ms,72,3.107861
latency,thurbox,idle,0,True,0.12,0.1,echo_ms,73,4.752373
latency,thurbox,idle,0,True,0.12,0.1,echo_ms,74,3.100455
latency,thurbox,idle,0,True,0.12,0.1,echo_ms,75,3.793956
latency,thurbox,idle,0,True,0.12,0.1,echo_ms,76,3.415822
latency,thurbox,idle,0,True,0.12,0.1,echo_ms,77,3.509432
latency,thurbox,idle,0,True,0.12,0.1,echo_ms,78,3.851953
latency,thurbox,idle,0,True,0.12,0.1,echo_ms,79,4.635504
latency,thurbox,idle,0,True,0.12,0.1,echo_ms,80,4.132944
latency,thurbox,idle,0,True,0.12,0.1,echo_ms,81,4.721366
latency,thurbox,idle,0,True,0.12,0.1,echo_ms,82,4.12796
latency,thurbox,idle,0,True,0.12,0.1,echo_ms,83,4.715346
latency,thurbox,idle,0,True,0.12,0.1,echo_ms,84,3.445623
latency,thurbox,idle,0,True,0.12,0.1,echo_ms,85,4.69797
latency,thurbox,idle,0,True,0.12,0.1,echo_ms,86,5.792442
latency,thurbox,idle,0,True,0.12,0.1,echo_ms,87,4.747872
latency,thurbox,idle,0,True,0.12,0.1,echo_ms,88,4.532408
latency,thurbox,idle,0,True,0.12,0.1,echo_ms,89,3.115798
latency,thurbox,idle,0,True,0.12,0.1,echo_ms,90,5.259314
latency,thurbox,idle,0,True,0.12,0.1,echo_ms,91,4.232496
latency,thurbox,idle,0,True,0.12,0.1,echo_ms,92,3.57634
latency,thurbox,idle,0,True,0.12,0.1,echo_ms,93,4.18765
latency,thurbox,idle,0,True,0.12,0.1,echo_ms,94,3.474128
latency,thurbox,idle,0,True,0.12,0.1,echo_ms,95,3.566336
latency,thurbox,idle,0,True,0.12,0.1,echo_ms,96,4.757095
latency,thurbox,idle,0,True,0.12,0.1,echo_ms,97,4.749515
latency,thurbox,idle,0,True,0.12,0.1,echo_ms,98,3.43032
latency,thurbox,idle,0,True,0.12,0.1,echo_ms,99,5.106615
latency,thurbox,idle,0,True,0.12,0.1,timeouts,,0
latency,tmux,idle,1,False,0.1,0.08,echo_ms,0,1.097972
latency,tmux,idle,1,False,0.1,0.08,echo_ms,1,1.032546
latency,tmux,idle,1,False,0.1,0.08,echo_ms,2,1.03765
latency,tmux,idle,1,False,0.1,0.08,echo_ms,3,1.064371
latency,tmux,idle,1,False,0.1,0.08,echo_ms,4,1.047054
latency,tmux,idle,1,False,0.1,0.08,echo_ms,5,1.029896
latency,tmux,idle,1,False,0.1,0.08,echo_ms,6,1.02215
latency,tmux,idle,1,False,0.1,0.08,echo_ms,7,1.054002
latency,tmux,idle,1,False,0.1,0.08,echo_ms,8,1.03284
latency,tmux,idle,1,False,0.1,0.08,echo_ms,9,1.056859
latency,tmux,idle,1,False,0.1,0.08,echo_ms,10,1.008132
latency,tmux,idle,1,False,0.1,0.08,echo_ms,11,1.029067
latency,tmux,idle,1,False,0.1,0.08,echo_ms,12,1.071936
latency,tmux,idle,1,False,0.1,0.08,echo_ms,13,1.033441
latency,tmux,idle,1,False,0.1,0.08,echo_ms,14,1.002364
latency,tmux,idle,1,False,0.1,0.08,echo_ms,15,1.031755
latency,tmux,idle,1,False,0.1,0.08,echo_ms,16,1.102246
latency,tmux,idle,1,False,0.1,0.08,echo_ms,17,1.06435
latency,tmux,idle,1,False,0.1,0.08,echo_ms,18,0.997262
latency,tmux,idle,1,False,0.1,0.08,echo_ms,19,1.029875
latency,tmux,idle,1,False,0.1,0.08,echo_ms,20,1.027454
latency,tmux,idle,1,False,0.1,0.08,echo_ms,21,1.034387
latency,tmux,idle,1,False,0.1,0.08,echo_ms,22,1.037169
latency,tmux,idle,1,False,0.1,0.08,echo_ms,23,1.037071
latency,tmux,idle,1,False,0.1,0.08,echo_ms,24,1.032248
latency,tmux,idle,1,False,0.1,0.08,echo_ms,25,1.024604
latency,tmux,idle,1,False,0.1,0.08,echo_ms,26,1.041153
latency,tmux,idle,1,False,0.1,0.08,echo_ms,27,1.021817
latency,tmux,idle,1,False,0.1,0.08,echo_ms,28,1.047402
latency,tmux,idle,1,False,0.1,0.08,echo_ms,29,1.029904
latency,tmux,idle,1,False,0.1,0.08,echo_ms,30,1.044832
latency,tmux,idle,1,False,0.1,0.08,echo_ms,31,0.974147
latency,tmux,idle,1,False,0.1,0.08,echo_ms,32,1.025639
latency,tmux,idle,1,False,0.1,0.08,echo_ms,33,1.026118
latency,tmux,idle,1,False,0.1,0.08,echo_ms,34,1.040968
latency,tmux,idle,1,False,0.1,0.08,echo_ms,35,1.060819
latency,tmux,idle,1,False,0.1,0.08,echo_ms,36,1.028012
latency,tmux,idle,1,False,0.1,0.08,echo_ms,37,1.093406
latency,tmux,idle,1,False,0.1,0.08,echo_ms,38,1.049014
latency,tmux,idle,1,False,0.1,0.08,echo_ms,39,1.092888
latency,tmux,idle,1,False,0.1,0.08,echo_ms,40,1.036776
latency,tmux,idle,1,False,0.1,0.08,echo_ms,41,1.01777
latency,tmux,idle,1,False,0.1,0.08,echo_ms,42,1.066854
latency,tmux,idle,1,False,0.1,0.08,echo_ms,43,1.080311
latency,tmux,idle,1,False,0.1,0.08,echo_ms,44,1.02932
latency,tmux,idle,1,False,0.1,0.08,echo_ms,45,0.997236
latency,tmux,idle,1,False,0.1,0.08,echo_ms,46,0.940083
latency,tmux,idle,1,False,0.1,0.08,echo_ms,47,0.998181
latency,tmux,idle,1,False,0.1,0.08,echo_ms,48,1.008384
latency,tmux,idle,1,False,0.1,0.08,echo_ms,49,0.975114
latency,tmux,idle,1,False,0.1,0.08,echo_ms,50,1.037452
latency,tmux,idle,1,False,0.1,0.08,echo_ms,51,0.980684
latency,tmux,idle,1,False,0.1,0.08,echo_ms,52,1.044462
latency,tmux,idle,1,False,0.1,0.08,echo_ms,53,1.092124
latency,tmux,idle,1,False,0.1,0.08,echo_ms,54,0.74483
latency,tmux,idle,1,False,0.1,0.08,echo_ms,55,1.057008
latency,tmux,idle,1,False,0.1,0.08,echo_ms,56,1.062177
latency,tmux,idle,1,False,0.1,0.08,echo_ms,57,1.014739
latency,tmux,idle,1,False,0.1,0.08,echo_ms,58,1.04233
latency,tmux,idle,1,False,0.1,0.08,echo_ms,59,1.091597
latency,tmux,idle,1,False,0.1,0.08,echo_ms,60,1.040811
latency,tmux,idle,1,False,0.1,0.08,echo_ms,61,1.013525
latency,tmux,idle,1,False,0.1,0.08,echo_ms,62,1.062277
latency,tmux,idle,1,False,0.1,0.08,echo_ms,63,1.060459
latency,tmux,idle,1,False,0.1,0.08,echo_ms,64,1.043298
latency,tmux,idle,1,False,0.1,0.08,echo_ms,65,1.07563
latency,tmux,idle,1,False,0.1,0.08,echo_ms,66,1.024772
latency,tmux,idle,1,False,0.1,0.08,echo_ms,67,1.037673
latency,tmux,idle,1,False,0.1,0.08,echo_ms,68,1.045866
latency,tmux,idle,1,False,0.1,0.08,echo_ms,69,1.061446
latency,tmux,idle,1,False,0.1,0.08,echo_ms,70,1.003989
latency,tmux,idle,1,False,0.1,0.08,echo_ms,71,1.027609
latency,tmux,idle,1,False,0.1,0.08,echo_ms,72,1.04061
latency,tmux,idle,1,False,0.1,0.08,echo_ms,73,1.074614
latency,tmux,idle,1,False,0.1,0.08,echo_ms,74,1.033054
latency,tmux,idle,1,False,0.1,0.08,echo_ms,75,1.056207
latency,tmux,idle,1,False,0.1,0.08,echo_ms,76,1.049515
latency,tmux,idle,1,False,0.1,0.08,echo_ms,77,1.062671
latency,tmux,idle,1,False,0.1,0.08,echo_ms,78,1.023526
latency,tmux,idle,1,False,0.1,0.08,echo_ms,79,1.131334
latency,tmux,idle,1,False,0.1,0.08,echo_ms,80,1.076484
latency,tmux,idle,1,False,0.1,0.08,echo_ms,81,0.98984
latency,tmux,idle,1,False,0.1,0.08,echo_ms,82,1.052865
latency,tmux,idle,1,False,0.1,0.08,echo_ms,83,1.001633
latency,tmux,idle,1,False,0.1,0.08,echo_ms,84,1.028695
latency,tmux,idle,1,False,0.1,0.08,echo_ms,85,1.048036
latency,tmux,idle,1,False,0.1,0.08,echo_ms,86,1.00451
latency,tmux,idle,1,False,0.1,0.08,echo_ms,87,1.079444
latency,tmux,idle,1,False,0.1,0.08,echo_ms,88,1.040174
latency,tmux,idle,1,False,0.1,0.08,echo_ms,89,1.025437
latency,tmux,idle,1,False,0.1,0.08,echo_ms,90,1.049162
latency,tmux,idle,1,False,0.1,0.08,echo_ms,91,0.973634
latency,tmux,idle,1,False,0.1,0.08,echo_ms,92,1.058747
latency,tmux,idle,1,False,0.1,0.08,echo_ms,93,1.020227
latency,tmux,idle,1,False,0.1,0.08,echo_ms,94,1.061861
latency,tmux,idle,1,False,0.1,0.08,echo_ms,95,1.070081
latency,tmux,idle,1,False,0.1,0.08,echo_ms,96,1.043106
latency,tmux,idle,1,False,0.1,0.08,echo_ms,97,1.097173
latency,tmux,idle,1,False,0.1,0.08,echo_ms,98,1.072198
latency,tmux,idle,1,False,0.1,0.08,echo_ms,99,1.046971
latency,tmux,idle,1,False,0.1,0.08,timeouts,,0
latency,herdr,idle,1,False,0.08,0.07,echo_ms,0,2.312068
latency,herdr,idle,1,False,0.08,0.07,echo_ms,1,2.027679
latency,herdr,idle,1,False,0.08,0.07,echo_ms,2,0.933929
latency,herdr,idle,1,False,0.08,0.07,echo_ms,3,1.598803
latency,herdr,idle,1,False,0.08,0.07,echo_ms,4,2.215432
latency,herdr,idle,1,False,0.08,0.07,echo_ms,5,2.277093
latency,herdr,idle,1,False,0.08,0.07,echo_ms,6,2.318978
latency,herdr,idle,1,False,0.08,0.07,echo_ms,7,2.144749
latency,herdr,idle,1,False,0.08,0.07,echo_ms,8,2.042399
latency,herdr,idle,1,False,0.08,0.07,echo_ms,9,2.023253
latency,herdr,idle,1,False,0.08,0.07,echo_ms,10,2.027912
latency,herdr,idle,1,False,0.08,0.07,echo_ms,11,1.895617
latency,herdr,idle,1,False,0.08,0.07,echo_ms,12,1.979851
latency,herdr,idle,1,False,0.08,0.07,echo_ms,13,2.098186
latency,herdr,idle,1,False,0.08,0.07,echo_ms,14,1.974703
latency,herdr,idle,1,False,0.08,0.07,echo_ms,15,2.263813
latency,herdr,idle,1,False,0.08,0.07,echo_ms,16,2.201809
latency,herdr,idle,1,False,0.08,0.07,echo_ms,17,2.242586
latency,herdr,idle,1,False,0.08,0.07,echo_ms,18,2.323171
latency,herdr,idle,1,False,0.08,0.07,echo_ms,19,2.234019
latency,herdr,idle,1,False,0.08,0.07,echo_ms,20,2.271887
latency,herdr,idle,1,False,0.08,0.07,echo_ms,21,1.965899
latency,herdr,idle,1,False,0.08,0.07,echo_ms,22,2.023475
latency,herdr,idle,1,False,0.08,0.07,echo_ms,23,2.098725
latency,herdr,idle,1,False,0.08,0.07,echo_ms,24,2.070209
latency,herdr,idle,1,False,0.08,0.07,echo_ms,25,2.204906
latency,herdr,idle,1,False,0.08,0.07,echo_ms,26,2.109733
latency,herdr,idle,1,False,0.08,0.07,echo_ms,27,2.305965
latency,herdr,idle,1,False,0.08,0.07,echo_ms,28,2.274909
latency,herdr,idle,1,False,0.08,0.07,echo_ms,29,2.231572
latency,herdr,idle,1,False,0.08,0.07,echo_ms,30,2.143008
latency,herdr,idle,1,False,0.08,0.07,echo_ms,31,2.203168
latency,herdr,idle,1,False,0.08,0.07,echo_ms,32,2.248681
latency,herdr,idle,1,False,0.08,0.07,echo_ms,33,1.344538
latency,herdr,idle,1,False,0.08,0.07,echo_ms,34,2.222338
latency,herdr,idle,1,False,0.08,0.07,echo_ms,35,2.212464
latency,herdr,idle,1,False,0.08,0.07,echo_ms,36,2.249624
latency,herdr,idle,1,False,0.08,0.07,echo_ms,37,2.243508
latency,herdr,idle,1,False,0.08,0.07,echo_ms,38,2.386522
latency,herdr,idle,1,False,0.08,0.07,echo_ms,39,2.299731
latency,herdr,idle,1,False,0.08,0.07,echo_ms,40,2.201908
latency,herdr,idle,1,False,0.08,0.07,echo_ms,41,2.143694
latency,herdr,idle,1,False,0.08,0.07,echo_ms,42,2.290718
latency,herdr,idle,1,False,0.08,0.07,echo_ms,43,2.333313
latency,herdr,idle,1,False,0.08,0.07,echo_ms,44,2.313164
latency,herdr,idle,1,False,0.08,0.07,echo_ms,45,2.135126
latency,herdr,idle,1,False,0.08,0.07,echo_ms,46,2.14499
latency,herdr,idle,1,False,0.08,0.07,echo_ms,47,2.202012
latency,herdr,idle,1,False,0.08,0.07,echo_ms,48,2.278938
latency,herdr,idle,1,False,0.08,0.07,echo_ms,49,2.163304
latency,herdr,idle,1,False,0.08,0.07,echo_ms,50,2.250882
latency,herdr,idle,1,False,0.08,0.07,echo_ms,51,2.228175
latency,herdr,idle,1,False,0.08,0.07,echo_ms,52,2.383167
latency,herdr,idle,1,False,0.08,0.07,echo_ms,53,2.220495
latency,herdr,idle,1,False,0.08,0.07,echo_ms,54,2.358168
latency,herdr,idle,1,False,0.08,0.07,echo_ms,55,2.316172
latency,herdr,idle,1,False,0.08,0.07,echo_ms,56,2.285272
latency,herdr,idle,1,False,0.08,0.07,echo_ms,57,2.227219
latency,herdr,idle,1,False,0.08,0.07,echo_ms,58,1.9536
latency,herdr,idle,1,False,0.08,0.07,echo_ms,59,2.348309
latency,herdr,idle,1,False,0.08,0.07,echo_ms,60,2.37315
latency,herdr,idle,1,False,0.08,0.07,echo_ms,61,1.580148
latency,herdr,idle,1,False,0.08,0.07,echo_ms,62,2.083947
latency,herdr,idle,1,False,0.08,0.07,echo_ms,63,2.147895
latency,herdr,idle,1,False,0.08,0.07,echo_ms,64,2.257521
latency,herdr,idle,1,False,0.08,0.07,echo_ms,65,1.482839
latency,herdr,idle,1,False,0.08,0.07,echo_ms,66,2.260442
latency,herdr,idle,1,False,0.08,0.07,echo_ms,67,2.010916
latency,herdr,idle,1,False,0.08,0.07,echo_ms,68,2.132792
latency,herdr,idle,1,False,0.08,0.07,echo_ms,69,2.261845
latency,herdr,idle,1,False,0.08,0.07,echo_ms,70,2.266145
latency,herdr,idle,1,False,0.08,0.07,echo_ms,71,2.135788
latency,herdr,idle,1,False,0.08,0.07,echo_ms,72,2.19065
latency,herdr,idle,1,False,0.08,0.07,echo_ms,73,2.210146
latency,herdr,idle,1,False,0.08,0.07,echo_ms,74,2.162617
latency,herdr,idle,1,False,0.08,0.07,echo_ms,75,2.214731
latency,herdr,idle,1,False,0.08,0.07,echo_ms,76,2.147968
latency,herdr,idle,1,False,0.08,0.07,echo_ms,77,2.190058
latency,herdr,idle,1,False,0.08,0.07,echo_ms,78,2.18358
latency,herdr,idle,1,False,0.08,0.07,echo_ms,79,2.117192
latency,herdr,idle,1,False,0.08,0.07,echo_ms,80,2.319303
latency,herdr,idle,1,False,0.08,0.07,echo_ms,81,2.120986
latency,herdr,idle,1,False,0.08,0.07,echo_ms,82,2.28399
latency,herdr,idle,1,False,0.08,0.07,echo_ms,83,1.501346
latency,herdr,idle,1,False,0.08,0.07,echo_ms,84,2.085588
latency,herdr,idle,1,False,0.08,0.07,echo_ms,85,2.228925
latency,herdr,idle,1,False,0.08,0.07,echo_ms,86,2.314447
latency,herdr,idle,1,False,0.08,0.07,echo_ms,87,2.333211
latency,herdr,idle,1,False,0.08,0.07,echo_ms,88,2.297115
latency,herdr,idle,1,False,0.08,0.07,echo_ms,89,2.232401
latency,herdr,idle,1,False,0.08,0.07,echo_ms,90,2.04917
latency,herdr,idle,1,False,0.08,0.07,echo_ms,91,2.206038
latency,herdr,idle,1,False,0.08,0.07,echo_ms,92,2.225181
latency,herdr,idle,1,False,0.08,0.07,echo_ms,93,2.155464
latency,herdr,idle,1,False,0.08,0.07,echo_ms,94,2.359896
latency,herdr,idle,1,False,0.08,0.07,echo_ms,95,2.350668
latency,herdr,idle,1,False,0.08,0.07,echo_ms,96,2.011254
latency,herdr,idle,1,False,0.08,0.07,echo_ms,97,2.285807
latency,herdr,idle,1,False,0.08,0.07,echo_ms,98,2.248659
latency,herdr,idle,1,False,0.08,0.07,echo_ms,99,2.298489
latency,herdr,idle,1,False,0.08,0.07,timeouts,,0
latency,thurbox,idle,1,False,0.07,0.14,echo_ms,0,3.57856
latency,thurbox,idle,1,False,0.07,0.14,echo_ms,1,3.165668
latency,thurbox,idle,1,False,0.07,0.14,echo_ms,2,4.808972
latency,thurbox,idle,1,False,0.07,0.14,echo_ms,3,4.230979
latency,thurbox,idle,1,False,0.07,0.14,echo_ms,4,3.625317
latency,thurbox,idle,1,False,0.07,0.14,echo_ms,5,1.404085
latency,thurbox,idle,1,False,0.07,0.14,echo_ms,6,4.190568
latency,thurbox,idle,1,False,0.07,0.14,echo_ms,7,4.802234
latency,thurbox,idle,1,False,0.07,0.14,echo_ms,8,4.164823
latency,thurbox,idle,1,False,0.07,0.14,echo_ms,9,5.106876
latency,thurbox,idle,1,False,0.07,0.14,echo_ms,10,3.202769
latency,thurbox,idle,1,False,0.07,0.14,echo_ms,11,4.278788
latency,thurbox,idle,1,False,0.07,0.14,echo_ms,12,3.039165
latency,thurbox,idle,1,False,0.07,0.14,echo_ms,13,3.482905
latency,thurbox,idle,1,False,0.07,0.14,echo_ms,14,3.777855
latency,thurbox,idle,1,False,0.07,0.14,echo_ms,15,3.488215
latency,thurbox,idle,1,False,0.07,0.14,echo_ms,16,3.538532
latency,thurbox,idle,1,False,0.07,0.14,echo_ms,17,4.204584
latency,thurbox,idle,1,False,0.07,0.14,echo_ms,18,4.752866
latency,thurbox,idle,1,False,0.07,0.14,echo_ms,19,3.477779
latency,thurbox,idle,1,False,0.07,0.14,echo_ms,20,4.769464
latency,thurbox,idle,1,False,0.07,0.14,echo_ms,21,4.76803
latency,thurbox,idle,1,False,0.07,0.14,echo_ms,22,3.532241
latency,thurbox,idle,1,False,0.07,0.14,echo_ms,23,3.511121
latency,thurbox,idle,1,False,0.07,0.14,echo_ms,24,3.733974
latency,thurbox,idle,1,False,0.07,0.14,echo_ms,25,2.174022
latency,thurbox,idle,1,False,0.07,0.14,echo_ms,26,5.113233
latency,thurbox,idle,1,False,0.07,0.14,echo_ms,27,3.368766
latency,thurbox,idle,1,False,0.07,0.14,echo_ms,28,3.435375
latency,thurbox,idle,1,False,0.07,0.14,echo_ms,29,3.440736
latency,thurbox,idle,1,False,0.07,0.14,echo_ms,30,4.784582
latency,thurbox,idle,1,False,0.07,0.14,echo_ms,31,4.221941
latency,thurbox,idle,1,False,0.07,0.14,echo_ms,32,4.78901
latency,thurbox,idle,1,False,0.07,0.14,echo_ms,33,3.213019
latency,thurbox,idle,1,False,0.07,0.14,echo_ms,34,5.749193
latency,thurbox,idle,1,False,0.07,0.14,echo_ms,35,4.7652
latency,thurbox,idle,1,False,0.07,0.14,echo_ms,36,3.51421
latency,thurbox,idle,1,False,0.07,0.14,echo_ms,37,4.171289
latency,thurbox,idle,1,False,0.07,0.14,echo_ms,38,3.262638
latency,thurbox,idle,1,False,0.07,0.14,echo_ms,39,4.341385
latency,thurbox,idle,1,False,0.07,0.14,echo_ms,40,3.184717
latency,thurbox,idle,1,False,0.07,0.14,echo_ms,41,3.521549
latency,thurbox,idle,1,False,0.07,0.14,echo_ms,42,5.142457
latency,thurbox,idle,1,False,0.07,0.14,echo_ms,43,4.780823
latency,thurbox,idle,1,False,0.07,0.14,echo_ms,44,3.139788
latency,thurbox,idle,1,False,0.07,0.14,echo_ms,45,1.707818
latency,thurbox,idle,1,False,0.07,0.14,echo_ms,46,3.307944
latency,thurbox,idle,1,False,0.07,0.14,echo_ms,47,3.511199
latency,thurbox,idle,1,False,0.07,0.14,echo_ms,48,4.784567
latency,thurbox,idle,1,False,0.07,0.14,echo_ms,49,3.48103
latency,thurbox,idle,1,False,0.07,0.14,echo_ms,50,4.761106
latency,thurbox,idle,1,False,0.07,0.14,echo_ms,51,10.321594
latency,thurbox,idle,1,False,0.07,0.14,echo_ms,52,3.525377
latency,thurbox,idle,1,False,0.07,0.14,echo_ms,53,4.75512
latency,thurbox,idle,1,False,0.07,0.14,echo_ms,54,2.768935
latency,thurbox,idle,1,False,0.07,0.14,echo_ms,55,3.479969
latency,thurbox,idle,1,False,0.07,0.14,echo_ms,56,3.400781
latency,thurbox,idle,1,False,0.07,0.14,echo_ms,57,3.469669
latency,thurbox,idle,1,False,0.07,0.14,echo_ms,58,5.086814
latency,thurbox,idle,1,False,0.07,0.14,echo_ms,59,4.73024
latency,thurbox,idle,1,False,0.07,0.14,echo_ms,60,4.147429
latency,thurbox,idle,1,False,0.07,0.14,echo_ms,61,3.587145
latency,thurbox,idle,1,False,0.07,0.14,echo_ms,62,3.553208
latency,thurbox,idle,1,False,0.07,0.14,echo_ms,63,3.375721
latency,thurbox,idle,1,False,0.07,0.14,echo_ms,64,1.838103
latency,thurbox,idle,1,False,0.07,0.14,echo_ms,65,4.511916
latency,thurbox,idle,1,False,0.07,0.14,echo_ms,66,4.772274
latency,thurbox,idle,1,False,0.07,0.14,echo_ms,67,3.554951
latency,thurbox,idle,1,False,0.07,0.14,echo_ms,68,6.598606
latency,thurbox,idle,1,False,0.07,0.14,echo_ms,69,4.811446
latency,thurbox,idle,1,False,0.07,0.14,echo_ms,70,4.723477
latency,thurbox,idle,1,False,0.07,0.14,echo_ms,71,5.478347
latency,thurbox,idle,1,False,0.07,0.14,echo_ms,72,3.538075
latency,thurbox,idle,1,False,0.07,0.14,echo_ms,73,4.163877
latency,thurbox,idle,1,False,0.07,0.14,echo_ms,74,3.540089
latency,thurbox,idle,1,False,0.07,0.14,echo_ms,75,3.479718
latency,thurbox,idle,1,False,0.07,0.14,echo_ms,76,4.12055
latency,thurbox,idle,1,False,0.07,0.14,echo_ms,77,4.775547
latency,thurbox,idle,1,False,0.07,0.14,echo_ms,78,4.112194
latency,thurbox,idle,1,False,0.07,0.14,echo_ms,79,5.090568
latency,thurbox,idle,1,False,0.07,0.14,echo_ms,80,3.487677
latency,thurbox,idle,1,False,0.07,0.14,echo_ms,81,4.739533
latency,thurbox,idle,1,False,0.07,0.14,echo_ms,82,3.980648
latency,thurbox,idle,1,False,0.07,0.14,echo_ms,83,4.893451
latency,thurbox,idle,1,False,0.07,0.14,echo_ms,84,4.784184
latency,thurbox,idle,1,False,0.07,0.14,echo_ms,85,1.700509
latency,thurbox,idle,1,False,0.07,0.14,echo_ms,86,3.522707
latency,thurbox,idle,1,False,0.07,0.14,echo_ms,87,5.582109
latency,thurbox,idle,1,False,0.07,0.14,echo_ms,88,4.743574
latency,thurbox,idle,1,False,0.07,0.14,echo_ms,89,4.586843
latency,thurbox,idle,1,False,0.07,0.14,echo_ms,90,4.782938
latency,thurbox,idle,1,False,0.07,0.14,echo_ms,91,4.733961
latency,thurbox,idle,1,False,0.07,0.14,echo_ms,92,4.142746
latency,thurbox,idle,1,False,0.07,0.14,echo_ms,93,3.047862
latency,thurbox,idle,1,False,0.07,0.14,echo_ms,94,3.138494
latency,thurbox,idle,1,False,0.07,0.14,echo_ms,95,6.362286
latency,thurbox,idle,1,False,0.07,0.14,echo_ms,96,5.092041
latency,thurbox,idle,1,False,0.07,0.14,echo_ms,97,3.297584
latency,thurbox,idle,1,False,0.07,0.14,echo_ms,98,4.047088
latency,thurbox,idle,1,False,0.07,0.14,echo_ms,99,3.494832
latency,thurbox,idle,1,False,0.07,0.14,timeouts,,0
latency,tmux,idle,2,False,0.14,0.12,echo_ms,0,1.067093
latency,tmux,idle,2,False,0.14,0.12,echo_ms,1,1.037273
latency,tmux,idle,2,False,0.14,0.12,echo_ms,2,1.084478
latency,tmux,idle,2,False,0.14,0.12,echo_ms,3,1.046388
latency,tmux,idle,2,False,0.14,0.12,echo_ms,4,1.049472
latency,tmux,idle,2,False,0.14,0.12,echo_ms,5,1.052821
latency,tmux,idle,2,False,0.14,0.12,echo_ms,6,1.064288
latency,tmux,idle,2,False,0.14,0.12,echo_ms,7,0.994868
latency,tmux,idle,2,False,0.14,0.12,echo_ms,8,1.049726
latency,tmux,idle,2,False,0.14,0.12,echo_ms,9,1.081789
latency,tmux,idle,2,False,0.14,0.12,echo_ms,10,1.064762
latency,tmux,idle,2,False,0.14,0.12,echo_ms,11,1.059077
latency,tmux,idle,2,False,0.14,0.12,echo_ms,12,1.008936
latency,tmux,idle,2,False,0.14,0.12,echo_ms,13,1.047765
latency,tmux,idle,2,False,0.14,0.12,echo_ms,14,1.026118
latency,tmux,idle,2,False,0.14,0.12,echo_ms,15,0.983686
latency,tmux,idle,2,False,0.14,0.12,echo_ms,16,0.394382
latency,tmux,idle,2,False,0.14,0.12,echo_ms,17,0.538874
latency,tmux,idle,2,False,0.14,0.12,echo_ms,18,1.034761
latency,tmux,idle,2,False,0.14,0.12,echo_ms,19,1.039475
latency,tmux,idle,2,False,0.14,0.12,echo_ms,20,1.035625
latency,tmux,idle,2,False,0.14,0.12,echo_ms,21,1.039468
latency,tmux,idle,2,False,0.14,0.12,echo_ms,22,1.036955
latency,tmux,idle,2,False,0.14,0.12,echo_ms,23,1.047897
latency,tmux,idle,2,False,0.14,0.12,echo_ms,24,1.021115
latency,tmux,idle,2,False,0.14,0.12,echo_ms,25,1.028438
latency,tmux,idle,2,False,0.14,0.12,echo_ms,26,1.02938
latency,tmux,idle,2,False,0.14,0.12,echo_ms,27,1.027031
latency,tmux,idle,2,False,0.14,0.12,echo_ms,28,1.042438
latency,tmux,idle,2,False,0.14,0.12,echo_ms,29,1.052222
latency,tmux,idle,2,False,0.14,0.12,echo_ms,30,1.047392
latency,tmux,idle,2,False,0.14,0.12,echo_ms,31,1.012838
latency,tmux,idle,2,False,0.14,0.12,echo_ms,32,1.038349
latency,tmux,idle,2,False,0.14,0.12,echo_ms,33,1.04891
latency,tmux,idle,2,False,0.14,0.12,echo_ms,34,1.061869
latency,tmux,idle,2,False,0.14,0.12,echo_ms,35,1.026281
latency,tmux,idle,2,False,0.14,0.12,echo_ms,36,1.079287
latency,tmux,idle,2,False,0.14,0.12,echo_ms,37,1.062224
latency,tmux,idle,2,False,0.14,0.12,echo_ms,38,1.058378
latency,tmux,idle,2,False,0.14,0.12,echo_ms,39,1.067324
latency,tmux,idle,2,False,0.14,0.12,echo_ms,40,1.064183
latency,tmux,idle,2,False,0.14,0.12,echo_ms,41,0.978683
latency,tmux,idle,2,False,0.14,0.12,echo_ms,42,1.008777
latency,tmux,idle,2,False,0.14,0.12,echo_ms,43,1.042553
latency,tmux,idle,2,False,0.14,0.12,echo_ms,44,1.023913
latency,tmux,idle,2,False,0.14,0.12,echo_ms,45,1.034821
latency,tmux,idle,2,False,0.14,0.12,echo_ms,46,0.886819
latency,tmux,idle,2,False,0.14,0.12,echo_ms,47,1.032746
latency,tmux,idle,2,False,0.14,0.12,echo_ms,48,1.029383
latency,tmux,idle,2,False,0.14,0.12,echo_ms,49,0.97254
latency,tmux,idle,2,False,0.14,0.12,echo_ms,50,1.021806
latency,tmux,idle,2,False,0.14,0.12,echo_ms,51,0.990312
latency,tmux,idle,2,False,0.14,0.12,echo_ms,52,1.043701
latency,tmux,idle,2,False,0.14,0.12,echo_ms,53,1.000145
latency,tmux,idle,2,False,0.14,0.12,echo_ms,54,1.055301
latency,tmux,idle,2,False,0.14,0.12,echo_ms,55,0.99768
latency,tmux,idle,2,False,0.14,0.12,echo_ms,56,1.070817
latency,tmux,idle,2,False,0.14,0.12,echo_ms,57,0.938933
latency,tmux,idle,2,False,0.14,0.12,echo_ms,58,1.095618
latency,tmux,idle,2,False,0.14,0.12,echo_ms,59,1.040398
latency,tmux,idle,2,False,0.14,0.12,echo_ms,60,0.951102
latency,tmux,idle,2,False,0.14,0.12,echo_ms,61,1.130224
latency,tmux,idle,2,False,0.14,0.12,echo_ms,62,1.066241
latency,tmux,idle,2,False,0.14,0.12,echo_ms,63,1.050956
latency,tmux,idle,2,False,0.14,0.12,echo_ms,64,1.039952
latency,tmux,idle,2,False,0.14,0.12,echo_ms,65,1.001658
latency,tmux,idle,2,False,0.14,0.12,echo_ms,66,0.991821
latency,tmux,idle,2,False,0.14,0.12,echo_ms,67,1.028691
latency,tmux,idle,2,False,0.14,0.12,echo_ms,68,1.02199
latency,tmux,idle,2,False,0.14,0.12,echo_ms,69,1.079449
latency,tmux,idle,2,False,0.14,0.12,echo_ms,70,1.035289
latency,tmux,idle,2,False,0.14,0.12,echo_ms,71,1.031099
latency,tmux,idle,2,False,0.14,0.12,echo_ms,72,1.032609
latency,tmux,idle,2,False,0.14,0.12,echo_ms,73,1.147708
latency,tmux,idle,2,False,0.14,0.12,echo_ms,74,1.049193
latency,tmux,idle,2,False,0.14,0.12,echo_ms,75,1.043224
latency,tmux,idle,2,False,0.14,0.12,echo_ms,76,1.037096
latency,tmux,idle,2,False,0.14,0.12,echo_ms,77,1.074103
latency,tmux,idle,2,False,0.14,0.12,echo_ms,78,1.100077
latency,tmux,idle,2,False,0.14,0.12,echo_ms,79,1.036131
latency,tmux,idle,2,False,0.14,0.12,echo_ms,80,0.835272
latency,tmux,idle,2,False,0.14,0.12,echo_ms,81,1.049682
latency,tmux,idle,2,False,0.14,0.12,echo_ms,82,1.049973
latency,tmux,idle,2,False,0.14,0.12,echo_ms,83,1.093919
latency,tmux,idle,2,False,0.14,0.12,echo_ms,84,1.082412
latency,tmux,idle,2,False,0.14,0.12,echo_ms,85,1.03668
latency,tmux,idle,2,False,0.14,0.12,echo_ms,86,1.042776
latency,tmux,idle,2,False,0.14,0.12,echo_ms,87,1.119413
latency,tmux,idle,2,False,0.14,0.12,echo_ms,88,1.062157
latency,tmux,idle,2,False,0.14,0.12,echo_ms,89,1.00451
latency,tmux,idle,2,False,0.14,0.12,echo_ms,90,0.91515
latency,tmux,idle,2,False,0.14,0.12,echo_ms,91,0.964757
latency,tmux,idle,2,False,0.14,0.12,echo_ms,92,1.028602
latency,tmux,idle,2,False,0.14,0.12,echo_ms,93,1.006221
latency,tmux,idle,2,False,0.14,0.12,echo_ms,94,1.104714
latency,tmux,idle,2,False,0.14,0.12,echo_ms,95,1.01264
latency,tmux,idle,2,False,0.14,0.12,echo_ms,96,0.782184
latency,tmux,idle,2,False,0.14,0.12,echo_ms,97,1.062048
latency,tmux,idle,2,False,0.14,0.12,echo_ms,98,1.072593
latency,tmux,idle,2,False,0.14,0.12,echo_ms,99,1.037096
latency,tmux,idle,2,False,0.14,0.12,timeouts,,0
latency,herdr,idle,2,False,0.12,0.26,echo_ms,0,2.215267
latency,herdr,idle,2,False,0.12,0.26,echo_ms,1,1.88733
latency,herdr,idle,2,False,0.12,0.26,echo_ms,2,2.155947
latency,herdr,idle,2,False,0.12,0.26,echo_ms,3,2.034378
latency,herdr,idle,2,False,0.12,0.26,echo_ms,4,2.323814
latency,herdr,idle,2,False,0.12,0.26,echo_ms,5,2.257787
latency,herdr,idle,2,False,0.12,0.26,echo_ms,6,2.373727
latency,herdr,idle,2,False,0.12,0.26,echo_ms,7,2.259225
latency,herdr,idle,2,False,0.12,0.26,echo_ms,8,2.215855
latency,herdr,idle,2,False,0.12,0.26,echo_ms,9,1.241734
latency,herdr,idle,2,False,0.12,0.26,echo_ms,10,2.327395
latency,herdr,idle,2,False,0.12,0.26,echo_ms,11,2.27579
latency,herdr,idle,2,False,0.12,0.26,echo_ms,12,2.294791
latency,herdr,idle,2,False,0.12,0.26,echo_ms,13,2.23056
latency,herdr,idle,2,False,0.12,0.26,echo_ms,14,2.176076
latency,herdr,idle,2,False,0.12,0.26,echo_ms,15,2.136483
latency,herdr,idle,2,False,0.12,0.26,echo_ms,16,2.25282
latency,herdr,idle,2,False,0.12,0.26,echo_ms,17,2.188263
latency,herdr,idle,2,False,0.12,0.26,echo_ms,18,2.251083
latency,herdr,idle,2,False,0.12,0.26,echo_ms,19,2.243147
latency,herdr,idle,2,False,0.12,0.26,echo_ms,20,2.180393
latency,herdr,idle,2,False,0.12,0.26,echo_ms,21,2.104327
latency,herdr,idle,2,False,0.12,0.26,echo_ms,22,1.23149
latency,herdr,idle,2,False,0.12,0.26,echo_ms,23,2.310152
latency,herdr,idle,2,False,0.12,0.26,echo_ms,24,2.234314
latency,herdr,idle,2,False,0.12,0.26,echo_ms,25,2.308297
latency,herdr,idle,2,False,0.12,0.26,echo_ms,26,2.244889
latency,herdr,idle,2,False,0.12,0.26,echo_ms,27,2.223567
latency,herdr,idle,2,False,0.12,0.26,echo_ms,28,2.10846
latency,herdr,idle,2,False,0.12,0.26,echo_ms,29,2.323704
latency,herdr,idle,2,False,0.12,0.26,echo_ms,30,2.271183
latency,herdr,idle,2,False,0.12,0.26,echo_ms,31,2.114954
latency,herdr,idle,2,False,0.12,0.26,echo_ms,32,1.888597
latency,herdr,idle,2,False,0.12,0.26,echo_ms,33,2.186127
latency,herdr,idle,2,False,0.12,0.26,echo_ms,34,2.238741
latency,herdr,idle,2,False,0.12,0.26,echo_ms,35,2.234062
latency,herdr,idle,2,False,0.12,0.26,echo_ms,36,2.280132
latency,herdr,idle,2,False,0.12,0.26,echo_ms,37,2.291622
latency,herdr,idle,2,False,0.12,0.26,echo_ms,38,2.328191
latency,herdr,idle,2,False,0.12,0.26,echo_ms,39,2.253452
latency,herdr,idle,2,False,0.12,0.26,echo_ms,40,2.262637
latency,herdr,idle,2,False,0.12,0.26,echo_ms,41,2.078625
latency,herdr,idle,2,False,0.12,0.26,echo_ms,42,2.213464
latency,herdr,idle,2,False,0.12,0.26,echo_ms,43,2.173875
latency,herdr,idle,2,False,0.12,0.26,echo_ms,44,2.275229
latency,herdr,idle,2,False,0.12,0.26,echo_ms,45,2.232164
latency,herdr,idle,2,False,0.12,0.26,echo_ms,46,2.290084
latency,herdr,idle,2,False,0.12,0.26,echo_ms,47,2.123422
latency,herdr,idle,2,False,0.12,0.26,echo_ms,48,2.194611
latency,herdr,idle,2,False,0.12,0.26,echo_ms,49,2.230732
latency,herdr,idle,2,False,0.12,0.26,echo_ms,50,2.301534
latency,herdr,idle,2,False,0.12,0.26,echo_ms,51,2.278135
latency,herdr,idle,2,False,0.12,0.26,echo_ms,52,2.12146
latency,herdr,idle,2,False,0.12,0.26,echo_ms,53,2.256086
latency,herdr,idle,2,False,0.12,0.26,echo_ms,54,2.292139
latency,herdr,idle,2,False,0.12,0.26,echo_ms,55,2.12381
latency,herdr,idle,2,False,0.12,0.26,echo_ms,56,2.180898
latency,herdr,idle,2,False,0.12,0.26,echo_ms,57,2.290902
latency,herdr,idle,2,False,0.12,0.26,echo_ms,58,2.343795
latency,herdr,idle,2,False,0.12,0.26,echo_ms,59,2.17699
latency,herdr,idle,2,False,0.12,0.26,echo_ms,60,2.275538
latency,herdr,idle,2,False,0.12,0.26,echo_ms,61,2.268667
latency,herdr,idle,2,False,0.12,0.26,echo_ms,62,2.311975
latency,herdr,idle,2,False,0.12,0.26,echo_ms,63,2.274104
latency,herdr,idle,2,False,0.12,0.26,echo_ms,64,2.113704
latency,herdr,idle,2,False,0.12,0.26,echo_ms,65,2.36167
latency,herdr,idle,2,False,0.12,0.26,echo_ms,66,2.280122
latency,herdr,idle,2,False,0.12,0.26,echo_ms,67,2.312521
latency,herdr,idle,2,False,0.12,0.26,echo_ms,68,2.217786
latency,herdr,idle,2,False,0.12,0.26,echo_ms,69,2.281617
latency,herdr,idle,2,False,0.12,0.26,echo_ms,70,2.221831
latency,herdr,idle,2,False,0.12,0.26,echo_ms,71,2.220827
latency,herdr,idle,2,False,0.12,0.26,echo_ms,72,2.242131
latency,herdr,idle,2,False,0.12,0.26,echo_ms,73,2.178135
latency,herdr,idle,2,False,0.12,0.26,echo_ms,74,2.086235
latency,herdr,idle,2,False,0.12,0.26,echo_ms,75,2.173421
latency,herdr,idle,2,False,0.12,0.26,echo_ms,76,2.221175
latency,herdr,idle,2,False,0.12,0.26,echo_ms,77,2.342282
latency,herdr,idle,2,False,0.12,0.26,echo_ms,78,2.301725
latency,herdr,idle,2,False,0.12,0.26,echo_ms,79,2.339078
latency,herdr,idle,2,False,0.12,0.26,echo_ms,80,2.181765
latency,herdr,idle,2,False,0.12,0.26,echo_ms,81,2.200463
latency,herdr,idle,2,False,0.12,0.26,echo_ms,82,2.08902
latency,herdr,idle,2,False,0.12,0.26,echo_ms,83,2.147153
latency,herdr,idle,2,False,0.12,0.26,echo_ms,84,2.234259
latency,herdr,idle,2,False,0.12,0.26,echo_ms,85,2.279955
latency,herdr,idle,2,False,0.12,0.26,echo_ms,86,2.308143
latency,herdr,idle,2,False,0.12,0.26,echo_ms,87,2.328621
latency,herdr,idle,2,False,0.12,0.26,echo_ms,88,2.230713
latency,herdr,idle,2,False,0.12,0.26,echo_ms,89,2.278633
latency,herdr,idle,2,False,0.12,0.26,echo_ms,90,2.228417
latency,herdr,idle,2,False,0.12,0.26,echo_ms,91,2.251739
latency,herdr,idle,2,False,0.12,0.26,echo_ms,92,2.240277
latency,herdr,idle,2,False,0.12,0.26,echo_ms,93,2.197277
latency,herdr,idle,2,False,0.12,0.26,echo_ms,94,2.262859
latency,herdr,idle,2,False,0.12,0.26,echo_ms,95,2.225566
latency,herdr,idle,2,False,0.12,0.26,echo_ms,96,2.250958
latency,herdr,idle,2,False,0.12,0.26,echo_ms,97,2.190802
latency,herdr,idle,2,False,0.12,0.26,echo_ms,98,2.312922
latency,herdr,idle,2,False,0.12,0.26,echo_ms,99,2.267307
latency,herdr,idle,2,False,0.12,0.26,timeouts,,0
latency,thurbox,idle,2,False,0.26,0.22,echo_ms,0,4.214931
latency,thurbox,idle,2,False,0.26,0.22,echo_ms,1,4.759215
latency,thurbox,idle,2,False,0.26,0.22,echo_ms,2,4.787879
latency,thurbox,idle,2,False,0.26,0.22,echo_ms,3,3.517892
latency,thurbox,idle,2,False,0.26,0.22,echo_ms,4,3.498425
latency,thurbox,idle,2,False,0.26,0.22,echo_ms,5,3.472527
latency,thurbox,idle,2,False,0.26,0.22,echo_ms,6,4.049786
latency,thurbox,idle,2,False,0.26,0.22,echo_ms,7,3.206552
latency,thurbox,idle,2,False,0.26,0.22,echo_ms,8,4.76145
latency,thurbox,idle,2,False,0.26,0.22,echo_ms,9,3.451496
latency,thurbox,idle,2,False,0.26,0.22,echo_ms,10,3.565973
latency,thurbox,idle,2,False,0.26,0.22,echo_ms,11,4.696859
latency,thurbox,idle,2,False,0.26,0.22,echo_ms,12,3.484246
latency,thurbox,idle,2,False,0.26,0.22,echo_ms,13,5.970378
latency,thurbox,idle,2,False,0.26,0.22,echo_ms,14,3.181623
latency,thurbox,idle,2,False,0.26,0.22,echo_ms,15,5.146187
latency,thurbox,idle,2,False,0.26,0.22,echo_ms,16,3.422791
latency,thurbox,idle,2,False,0.26,0.22,echo_ms,17,3.393209
latency,thurbox,idle,2,False,0.26,0.22,echo_ms,18,3.843896
latency,thurbox,idle,2,False,0.26,0.22,echo_ms,19,3.473927
latency,thurbox,idle,2,False,0.26,0.22,echo_ms,20,3.995954
latency,thurbox,idle,2,False,0.26,0.22,echo_ms,21,3.350356
latency,thurbox,idle,2,False,0.26,0.22,echo_ms,22,4.770229
latency,thurbox,idle,2,False,0.26,0.22,echo_ms,23,1.701857
latency,thurbox,idle,2,False,0.26,0.22,echo_ms,24,2.2982
latency,thurbox,idle,2,False,0.26,0.22,echo_ms,25,3.55887
latency,thurbox,idle,2,False,0.26,0.22,echo_ms,26,4.61912
latency,thurbox,idle,2,False,0.26,0.22,echo_ms,27,3.215761
latency,thurbox,idle,2,False,0.26,0.22,echo_ms,28,3.410208
latency,thurbox,idle,2,False,0.26,0.22,echo_ms,29,3.473706
latency,thurbox,idle,2,False,0.26,0.22,echo_ms,30,5.858608
latency,thurbox,idle,2,False,0.26,0.22,echo_ms,31,4.758476
latency,thurbox,idle,2,False,0.26,0.22,echo_ms,32,4.215728
latency,thurbox,idle,2,False,0.26,0.22,echo_ms,33,4.770197
latency,thurbox,idle,2,False,0.26,0.22,echo_ms,34,3.538273
latency,thurbox,idle,2,False,0.26,0.22,echo_ms,35,3.491857
latency,thurbox,idle,2,False,0.26,0.22,echo_ms,36,3.413326
latency,thurbox,idle,2,False,0.26,0.22,echo_ms,37,4.789037
latency,thurbox,idle,2,False,0.26,0.22,echo_ms,38,4.664396
latency,thurbox,idle,2,False,0.26,0.22,echo_ms,39,4.800526
latency,thurbox,idle,2,False,0.26,0.22,echo_ms,40,4.740498
latency,thurbox,idle,2,False,0.26,0.22,echo_ms,41,3.485696
latency,thurbox,idle,2,False,0.26,0.22,echo_ms,42,3.515006
latency,thurbox,idle,2,False,0.26,0.22,echo_ms,43,4.627583
latency,thurbox,idle,2,False,0.26,0.22,echo_ms,44,3.551343
latency,thurbox,idle,2,False,0.26,0.22,echo_ms,45,4.78626
latency,thurbox,idle,2,False,0.26,0.22,echo_ms,46,3.215072
latency,thurbox,idle,2,False,0.26,0.22,echo_ms,47,4.701265
latency,thurbox,idle,2,False,0.26,0.22,echo_ms,48,5.101615
latency,thurbox,idle,2,False,0.26,0.22,echo_ms,49,4.187037
latency,thurbox,idle,2,False,0.26,0.22,echo_ms,50,4.804948
latency,thurbox,idle,2,False,0.26,0.22,echo_ms,51,3.645058
latency,thurbox,idle,2,False,0.26,0.22,echo_ms,52,3.42527
latency,thurbox,idle,2,False,0.26,0.22,echo_ms,53,4.116182
latency,thurbox,idle,2,False,0.26,0.22,echo_ms,54,1.794979
latency,thurbox,idle,2,False,0.26,0.22,echo_ms,55,3.498908
latency,thurbox,idle,2,False,0.26,0.22,echo_ms,56,4.173141
latency,thurbox,idle,2,False,0.26,0.22,echo_ms,57,4.702797
latency,thurbox,idle,2,False,0.26,0.22,echo_ms,58,5.507887
latency,thurbox,idle,2,False,0.26,0.22,echo_ms,59,4.740741
latency,thurbox,idle,2,False,0.26,0.22,echo_ms,60,3.400499
latency,thurbox,idle,2,False,0.26,0.22,echo_ms,61,4.731338
latency,thurbox,idle,2,False,0.26,0.22,echo_ms,62,4.154622
latency,thurbox,idle,2,False,0.26,0.22,echo_ms,63,2.032392
latency,thurbox,idle,2,False,0.26,0.22,echo_ms,64,3.641985
latency,thurbox,idle,2,False,0.26,0.22,echo_ms,65,3.454594
latency,thurbox,idle,2,False,0.26,0.22,echo_ms,66,4.703818
latency,thurbox,idle,2,False,0.26,0.22,echo_ms,67,4.13469
latency,thurbox,idle,2,False,0.26,0.22,echo_ms,68,4.711534
latency,thurbox,idle,2,False,0.26,0.22,echo_ms,69,4.153555
latency,thurbox,idle,2,False,0.26,0.22,echo_ms,70,5.62035
latency,thurbox,idle,2,False,0.26,0.22,echo_ms,71,5.026278
latency,thurbox,idle,2,False,0.26,0.22,echo_ms,72,3.490952
latency,thurbox,idle,2,False,0.26,0.22,echo_ms,73,3.487377
latency,thurbox,idle,2,False,0.26,0.22,echo_ms,74,4.734276
latency,thurbox,idle,2,False,0.26,0.22,echo_ms,75,3.273891
latency,thurbox,idle,2,False,0.26,0.22,echo_ms,76,4.162356
latency,thurbox,idle,2,False,0.26,0.22,echo_ms,77,4.682428
latency,thurbox,idle,2,False,0.26,0.22,echo_ms,78,4.506551
latency,thurbox,idle,2,False,0.26,0.22,echo_ms,79,4.194787
latency,thurbox,idle,2,False,0.26,0.22,echo_ms,80,3.493497
latency,thurbox,idle,2,False,0.26,0.22,echo_ms,81,5.093861
latency,thurbox,idle,2,False,0.26,0.22,echo_ms,82,4.721567
latency,thurbox,idle,2,False,0.26,0.22,echo_ms,83,4.742127
latency,thurbox,idle,2,False,0.26,0.22,echo_ms,84,3.137134
latency,thurbox,idle,2,False,0.26,0.22,echo_ms,85,4.75792
latency,thurbox,idle,2,False,0.26,0.22,echo_ms,86,4.77245
latency,thurbox,idle,2,False,0.26,0.22,echo_ms,87,4.175675
latency,thurbox,idle,2,False,0.26,0.22,echo_ms,88,4.700827
latency,thurbox,idle,2,False,0.26,0.22,echo_ms,89,3.558245
latency,thurbox,idle,2,False,0.26,0.22,echo_ms,90,6.753644
latency,thurbox,idle,2,False,0.26,0.22,echo_ms,91,3.343082
latency,thurbox,idle,2,False,0.26,0.22,echo_ms,92,3.017937
latency,thurbox,idle,2,False,0.26,0.22,echo_ms,93,4.827503
latency,thurbox,idle,2,False,0.26,0.22,echo_ms,94,5.067971
latency,thurbox,idle,2,False,0.26,0.22,echo_ms,95,3.507794
latency,thurbox,idle,2,False,0.26,0.22,echo_ms,96,4.996225
latency,thurbox,idle,2,False,0.26,0.22,echo_ms,97,3.508225
latency,thurbox,idle,2,False,0.26,0.22,echo_ms,98,4.135777
latency,thurbox,idle,2,False,0.26,0.22,echo_ms,99,4.132941
latency,thurbox,idle,2,False,0.26,0.22,timeouts,,0
latency,tmux,idle,3,False,0.22,0.19,echo_ms,0,0.936392
latency,tmux,idle,3,False,0.22,0.19,echo_ms,1,1.020524
latency,tmux,idle,3,False,0.22,0.19,echo_ms,2,0.954636
latency,tmux,idle,3,False,0.22,0.19,echo_ms,3,0.988732
latency,tmux,idle,3,False,0.22,0.19,echo_ms,4,0.964382
latency,tmux,idle,3,False,0.22,0.19,echo_ms,5,1.082536
latency,tmux,idle,3,False,0.22,0.19,echo_ms,6,0.983837
latency,tmux,idle,3,False,0.22,0.19,echo_ms,7,1.047164
latency,tmux,idle,3,False,0.22,0.19,echo_ms,8,1.050598
latency,tmux,idle,3,False,0.22,0.19,echo_ms,9,0.857498
latency,tmux,idle,3,False,0.22,0.19,echo_ms,10,1.011184
latency,tmux,idle,3,False,0.22,0.19,echo_ms,11,1.022307
latency,tmux,idle,3,False,0.22,0.19,echo_ms,12,0.923754
latency,tmux,idle,3,False,0.22,0.19,echo_ms,13,0.881018
latency,tmux,idle,3,False,0.22,0.19,echo_ms,14,0.933854
latency,tmux,idle,3,False,0.22,0.19,echo_ms,15,0.899059
latency,tmux,idle,3,False,0.22,0.19,echo_ms,16,0.912335
latency,tmux,idle,3,False,0.22,0.19,echo_ms,17,0.861508
latency,tmux,idle,3,False,0.22,0.19,echo_ms,18,1.035223
latency,tmux,idle,3,False,0.22,0.19,echo_ms,19,1.063889
latency,tmux,idle,3,False,0.22,0.19,echo_ms,20,0.903009
latency,tmux,idle,3,False,0.22,0.19,echo_ms,21,0.921148
latency,tmux,idle,3,False,0.22,0.19,echo_ms,22,0.922986
latency,tmux,idle,3,False,0.22,0.19,echo_ms,23,1.059978
latency,tmux,idle,3,False,0.22,0.19,echo_ms,24,1.098171
latency,tmux,idle,3,False,0.22,0.19,echo_ms,25,0.942165
latency,tmux,idle,3,False,0.22,0.19,echo_ms,26,0.946545
latency,tmux,idle,3,False,0.22,0.19,echo_ms,27,0.896249
latency,tmux,idle,3,False,0.22,0.19,echo_ms,28,1.038883
latency,tmux,idle,3,False,0.22,0.19,echo_ms,29,0.915342
latency,tmux,idle,3,False,0.22,0.19,echo_ms,30,1.040398
latency,tmux,idle,3,False,0.22,0.19,echo_ms,31,1.068981
latency,tmux,idle,3,False,0.22,0.19,echo_ms,32,1.037502
latency,tmux,idle,3,False,0.22,0.19,echo_ms,33,0.653577
latency,tmux,idle,3,False,0.22,0.19,echo_ms,34,0.68108
latency,tmux,idle,3,False,0.22,0.19,echo_ms,35,1.044048
latency,tmux,idle,3,False,0.22,0.19,echo_ms,36,1.007651
latency,tmux,idle,3,False,0.22,0.19,echo_ms,37,0.974854
latency,tmux,idle,3,False,0.22,0.19,echo_ms,38,1.05097
latency,tmux,idle,3,False,0.22,0.19,echo_ms,39,1.053295
latency,tmux,idle,3,False,0.22,0.19,echo_ms,40,1.076828
latency,tmux,idle,3,False,0.22,0.19,echo_ms,41,1.074066
latency,tmux,idle,3,False,0.22,0.19,echo_ms,42,1.046706
latency,tmux,idle,3,False,0.22,0.19,echo_ms,43,1.023354
latency,tmux,idle,3,False,0.22,0.19,echo_ms,44,1.064042
latency,tmux,idle,3,False,0.22,0.19,echo_ms,45,0.946572
latency,tmux,idle,3,False,0.22,0.19,echo_ms,46,1.111231
latency,tmux,idle,3,False,0.22,0.19,echo_ms,47,0.892171
latency,tmux,idle,3,False,0.22,0.19,echo_ms,48,1.028983
latency,tmux,idle,3,False,0.22,0.19,echo_ms,49,1.014666
latency,tmux,idle,3,False,0.22,0.19,echo_ms,50,1.022228
latency,tmux,idle,3,False,0.22,0.19,echo_ms,51,1.0723
latency,tmux,idle,3,False,0.22,0.19,echo_ms,52,1.038232
latency,tmux,idle,3,False,0.22,0.19,echo_ms,53,1.031278
latency,tmux,idle,3,False,0.22,0.19,echo_ms,54,1.081411
latency,tmux,idle,3,False,0.22,0.19,echo_ms,55,1.057517
latency,tmux,idle,3,False,0.22,0.19,echo_ms,56,1.07609
latency,tmux,idle,3,False,0.22,0.19,echo_ms,57,1.048636
latency,tmux,idle,3,False,0.22,0.19,echo_ms,58,1.052764
latency,tmux,idle,3,False,0.22,0.19,echo_ms,59,1.048343
latency,tmux,idle,3,False,0.22,0.19,echo_ms,60,1.007248
latency,tmux,idle,3,False,0.22,0.19,echo_ms,61,1.100301
latency,tmux,idle,3,False,0.22,0.19,echo_ms,62,1.054315
latency,tmux,idle,3,False,0.22,0.19,echo_ms,63,1.045075
latency,tmux,idle,3,False,0.22,0.19,echo_ms,64,1.096472
latency,tmux,idle,3,False,0.22,0.19,echo_ms,65,1.072308
latency,tmux,idle,3,False,0.22,0.19,echo_ms,66,1.039654
latency,tmux,idle,3,False,0.22,0.19,echo_ms,67,1.100231
latency,tmux,idle,3,False,0.22,0.19,echo_ms,68,1.027846
latency,tmux,idle,3,False,0.22,0.19,echo_ms,69,1.10847
latency,tmux,idle,3,False,0.22,0.19,echo_ms,70,1.041
latency,tmux,idle,3,False,0.22,0.19,echo_ms,71,1.099926
latency,tmux,idle,3,False,0.22,0.19,echo_ms,72,1.063241
latency,tmux,idle,3,False,0.22,0.19,echo_ms,73,1.048486
latency,tmux,idle,3,False,0.22,0.19,echo_ms,74,1.059139
latency,tmux,idle,3,False,0.22,0.19,echo_ms,75,0.981684
latency,tmux,idle,3,False,0.22,0.19,echo_ms,76,1.073175
latency,tmux,idle,3,False,0.22,0.19,echo_ms,77,1.047011
latency,tmux,idle,3,False,0.22,0.19,echo_ms,78,1.031875
latency,tmux,idle,3,False,0.22,0.19,echo_ms,79,1.077714
latency,tmux,idle,3,False,0.22,0.19,echo_ms,80,1.01004
latency,tmux,idle,3,False,0.22,0.19,echo_ms,81,1.092722
latency,tmux,idle,3,False,0.22,0.19,echo_ms,82,1.041238
latency,tmux,idle,3,False,0.22,0.19,echo_ms,83,1.050595
latency,tmux,idle,3,False,0.22,0.19,echo_ms,84,1.096166
latency,tmux,idle,3,False,0.22,0.19,echo_ms,85,1.087399
latency,tmux,idle,3,False,0.22,0.19,echo_ms,86,1.031079
latency,tmux,idle,3,False,0.22,0.19,echo_ms,87,1.071264
latency,tmux,idle,3,False,0.22,0.19,echo_ms,88,1.047986
latency,tmux,idle,3,False,0.22,0.19,echo_ms,89,1.046247
latency,tmux,idle,3,False,0.22,0.19,echo_ms,90,1.051372
latency,tmux,idle,3,False,0.22,0.19,echo_ms,91,1.065601
latency,tmux,idle,3,False,0.22,0.19,echo_ms,92,1.066516
latency,tmux,idle,3,False,0.22,0.19,echo_ms,93,1.033892
latency,tmux,idle,3,False,0.22,0.19,echo_ms,94,1.047423
latency,tmux,idle,3,False,0.22,0.19,echo_ms,95,1.061173
latency,tmux,idle,3,False,0.22,0.19,echo_ms,96,0.983047
latency,tmux,idle,3,False,0.22,0.19,echo_ms,97,1.038553
latency,tmux,idle,3,False,0.22,0.19,echo_ms,98,1.053519
latency,tmux,idle,3,False,0.22,0.19,echo_ms,99,1.036131
latency,tmux,idle,3,False,0.22,0.19,timeouts,,0
latency,herdr,idle,3,False,0.19,0.17,echo_ms,0,2.281615
latency,herdr,idle,3,False,0.19,0.17,echo_ms,1,1.913052
latency,herdr,idle,3,False,0.19,0.17,echo_ms,2,2.338574
latency,herdr,idle,3,False,0.19,0.17,echo_ms,3,2.139283
latency,herdr,idle,3,False,0.19,0.17,echo_ms,4,2.272725
latency,herdr,idle,3,False,0.19,0.17,echo_ms,5,2.210786
latency,herdr,idle,3,False,0.19,0.17,echo_ms,6,2.119759
latency,herdr,idle,3,False,0.19,0.17,echo_ms,7,2.218108
latency,herdr,idle,3,False,0.19,0.17,echo_ms,8,2.094971
latency,herdr,idle,3,False,0.19,0.17,echo_ms,9,2.089742
latency,herdr,idle,3,False,0.19,0.17,echo_ms,10,2.045801
latency,herdr,idle,3,False,0.19,0.17,echo_ms,11,2.193753
latency,herdr,idle,3,False,0.19,0.17,echo_ms,12,2.127138
latency,herdr,idle,3,False,0.19,0.17,echo_ms,13,2.084697
latency,herdr,idle,3,False,0.19,0.17,echo_ms,14,2.266867
latency,herdr,idle,3,False,0.19,0.17,echo_ms,15,2.093505
latency,herdr,idle,3,False,0.19,0.17,echo_ms,16,2.278213
latency,herdr,idle,3,False,0.19,0.17,echo_ms,17,2.176271
latency,herdr,idle,3,False,0.19,0.17,echo_ms,18,2.31349
latency,herdr,idle,3,False,0.19,0.17,echo_ms,19,2.097024
latency,herdr,idle,3,False,0.19,0.17,echo_ms,20,2.205069
latency,herdr,idle,3,False,0.19,0.17,echo_ms,21,2.000044
latency,herdr,idle,3,False,0.19,0.17,echo_ms,22,2.179708
latency,herdr,idle,3,False,0.19,0.17,echo_ms,23,2.294888
latency,herdr,idle,3,False,0.19,0.17,echo_ms,24,2.211966
latency,herdr,idle,3,False,0.19,0.17,echo_ms,25,2.324004
latency,herdr,idle,3,False,0.19,0.17,echo_ms,26,2.249978
latency,herdr,idle,3,False,0.19,0.17,echo_ms,27,2.345648
latency,herdr,idle,3,False,0.19,0.17,echo_ms,28,2.2029
latency,herdr,idle,3,False,0.19,0.17,echo_ms,29,2.188952
latency,herdr,idle,3,False,0.19,0.17,echo_ms,30,2.101458
latency,herdr,idle,3,False,0.19,0.17,echo_ms,31,2.184372
latency,herdr,idle,3,False,0.19,0.17,echo_ms,32,2.264963
latency,herdr,idle,3,False,0.19,0.17,echo_ms,33,1.3748
latency,herdr,idle,3,False,0.19,0.17,echo_ms,34,2.220994
latency,herdr,idle,3,False,0.19,0.17,echo_ms,35,2.29739
latency,herdr,idle,3,False,0.19,0.17,echo_ms,36,2.350036
latency,herdr,idle,3,False,0.19,0.17,echo_ms,37,2.286745
latency,herdr,idle,3,False,0.19,0.17,echo_ms,38,1.457152
latency,herdr,idle,3,False,0.19,0.17,echo_ms,39,2.04986
latency,herdr,idle,3,False,0.19,0.17,echo_ms,40,2.178017
latency,herdr,idle,3,False,0.19,0.17,echo_ms,41,1.776103
latency,herdr,idle,3,False,0.19,0.17,echo_ms,42,1.749581
latency,herdr,idle,3,False,0.19,0.17,echo_ms,43,2.042572
latency,herdr,idle,3,False,0.19,0.17,echo_ms,44,2.228109
latency,herdr,idle,3,False,0.19,0.17,echo_ms,45,2.278012
latency,herdr,idle,3,False,0.19,0.17,echo_ms,46,2.002964
latency,herdr,idle,3,False,0.19,0.17,echo_ms,47,2.270205
latency,herdr,idle,3,False,0.19,0.17,echo_ms,48,2.371748
latency,herdr,idle,3,False,0.19,0.17,echo_ms,49,2.26171
latency,herdr,idle,3,False,0.19,0.17,echo_ms,50,2.348447
latency,herdr,idle,3,False,0.19,0.17,echo_ms,51,2.347041
latency,herdr,idle,3,False,0.19,0.17,echo_ms,52,2.078043
latency,herdr,idle,3,False,0.19,0.17,echo_ms,53,2.210889
latency,herdr,idle,3,False,0.19,0.17,echo_ms,54,2.234539
latency,herdr,idle,3,False,0.19,0.17,echo_ms,55,2.188145
latency,herdr,idle,3,False,0.19,0.17,echo_ms,56,2.093388
latency,herdr,idle,3,False,0.19,0.17,echo_ms,57,2.281457
latency,herdr,idle,3,False,0.19,0.17,echo_ms,58,2.133024
latency,herdr,idle,3,False,0.19,0.17,echo_ms,59,2.056124
latency,herdr,idle,3,False,0.19,0.17,echo_ms,60,2.227402
latency,herdr,idle,3,False,0.19,0.17,echo_ms,61,2.122791
latency,herdr,idle,3,False,0.19,0.17,echo_ms,62,2.216382
latency,herdr,idle,3,False,0.19,0.17,echo_ms,63,2.139003
latency,herdr,idle,3,False,0.19,0.17,echo_ms,64,1.894312
latency,herdr,idle,3,False,0.19,0.17,echo_ms,65,2.127379
latency,herdr,idle,3,False,0.19,0.17,echo_ms,66,2.17567
latency,herdr,idle,3,False,0.19,0.17,echo_ms,67,1.987933
latency,herdr,idle,3,False,0.19,0.17,echo_ms,68,2.053739
latency,herdr,idle,3,False,0.19,0.17,echo_ms,69,2.109313
latency,herdr,idle,3,False,0.19,0.17,echo_ms,70,2.186341
latency,herdr,idle,3,False,0.19,0.17,echo_ms,71,2.096722
latency,herdr,idle,3,False,0.19,0.17,echo_ms,72,2.051545
latency,herdr,idle,3,False,0.19,0.17,echo_ms,73,2.188075
latency,herdr,idle,3,False,0.19,0.17,echo_ms,74,2.27938
latency,herdr,idle,3,False,0.19,0.17,echo_ms,75,2.278502
latency,herdr,idle,3,False,0.19,0.17,echo_ms,76,2.229704
latency,herdr,idle,3,False,0.19,0.17,echo_ms,77,2.058357
latency,herdr,idle,3,False,0.19,0.17,echo_ms,78,2.287593
latency,herdr,idle,3,False,0.19,0.17,echo_ms,79,2.079946
latency,herdr,idle,3,False,0.19,0.17,echo_ms,80,2.209682
latency,herdr,idle,3,False,0.19,0.17,echo_ms,81,2.025384
latency,herdr,idle,3,False,0.19,0.17,echo_ms,82,2.194275
latency,herdr,idle,3,False,0.19,0.17,echo_ms,83,2.169768
latency,herdr,idle,3,False,0.19,0.17,echo_ms,84,2.213542
latency,herdr,idle,3,False,0.19,0.17,echo_ms,85,2.13671
latency,herdr,idle,3,False,0.19,0.17,echo_ms,86,2.237783
latency,herdr,idle,3,False,0.19,0.17,echo_ms,87,2.166927
latency,herdr,idle,3,False,0.19,0.17,echo_ms,88,2.209149
latency,herdr,idle,3,False,0.19,0.17,echo_ms,89,3.931872
latency,herdr,idle,3,False,0.19,0.17,echo_ms,90,2.216133
latency,herdr,idle,3,False,0.19,0.17,echo_ms,91,1.990716
latency,herdr,idle,3,False,0.19,0.17,echo_ms,92,1.758112
latency,herdr,idle,3,False,0.19,0.17,echo_ms,93,2.247646
latency,herdr,idle,3,False,0.19,0.17,echo_ms,94,2.345038
latency,herdr,idle,3,False,0.19,0.17,echo_ms,95,2.266833
latency,herdr,idle,3,False,0.19,0.17,echo_ms,96,2.236893
latency,herdr,idle,3,False,0.19,0.17,echo_ms,97,2.265041
latency,herdr,idle,3,False,0.19,0.17,echo_ms,98,2.203894
latency,herdr,idle,3,False,0.19,0.17,echo_ms,99,1.838919
latency,herdr,idle,3,False,0.19,0.17,timeouts,,0
latency,thurbox,idle,3,False,0.16,0.14,echo_ms,0,3.507579
latency,thurbox,idle,3,False,0.16,0.14,echo_ms,1,4.745097
latency,thurbox,idle,3,False,0.16,0.14,echo_ms,2,3.565782
latency,thurbox,idle,3,False,0.16,0.14,echo_ms,3,5.122996
latency,thurbox,idle,3,False,0.16,0.14,echo_ms,4,4.763483
latency,thurbox,idle,3,False,0.16,0.14,echo_ms,5,3.188047
latency,thurbox,idle,3,False,0.16,0.14,echo_ms,6,4.785586
latency,thurbox,idle,3,False,0.16,0.14,echo_ms,7,3.574205
latency,thurbox,idle,3,False,0.16,0.14,echo_ms,8,3.536494
latency,thurbox,idle,3,False,0.16,0.14,echo_ms,9,4.720886
latency,thurbox,idle,3,False,0.16,0.14,echo_ms,10,5.169807
latency,thurbox,idle,3,False,0.16,0.14,echo_ms,11,4.764947
latency,thurbox,idle,3,False,0.16,0.14,echo_ms,12,3.550178
latency,thurbox,idle,3,False,0.16,0.14,echo_ms,13,4.618695
latency,thurbox,idle,3,False,0.16,0.14,echo_ms,14,4.800561
latency,thurbox,idle,3,False,0.16,0.14,echo_ms,15,4.705564
latency,thurbox,idle,3,False,0.16,0.14,echo_ms,16,5.658874
latency,thurbox,idle,3,False,0.16,0.14,echo_ms,17,4.789164
latency,thurbox,idle,3,False,0.16,0.14,echo_ms,18,3.415723
latency,thurbox,idle,3,False,0.16,0.14,echo_ms,19,4.204818
latency,thurbox,idle,3,False,0.16,0.14,echo_ms,20,4.775013
latency,thurbox,idle,3,False,0.16,0.14,echo_ms,21,4.782704
latency,thurbox,idle,3,False,0.16,0.14,echo_ms,22,4.773243
latency,thurbox,idle,3,False,0.16,0.14,echo_ms,23,3.455658
latency,thurbox,idle,3,False,0.16,0.14,echo_ms,24,3.180815
latency,thurbox,idle,3,False,0.16,0.14,echo_ms,25,2.627776
latency,thurbox,idle,3,False,0.16,0.14,echo_ms,26,3.636408
latency,thurbox,idle,3,False,0.16,0.14,echo_ms,27,4.635139
latency,thurbox,idle,3,False,0.16,0.14,echo_ms,28,4.191239
latency,thurbox,idle,3,False,0.16,0.14,echo_ms,29,5.152199
latency,thurbox,idle,3,False,0.16,0.14,echo_ms,30,3.495346
latency,thurbox,idle,3,False,0.16,0.14,echo_ms,31,4.844387
latency,thurbox,idle,3,False,0.16,0.14,echo_ms,32,5.147107
latency,thurbox,idle,3,False,0.16,0.14,echo_ms,33,5.774823
latency,thurbox,idle,3,False,0.16,0.14,echo_ms,34,3.490716
latency,thurbox,idle,3,False,0.16,0.14,echo_ms,35,3.537712
latency,thurbox,idle,3,False,0.16,0.14,echo_ms,36,4.81532
latency,thurbox,idle,3,False,0.16,0.14,echo_ms,37,3.466679
latency,thurbox,idle,3,False,0.16,0.14,echo_ms,38,3.881317
latency,thurbox,idle,3,False,0.16,0.14,echo_ms,39,2.259169
latency,thurbox,idle,3,False,0.16,0.14,echo_ms,40,3.545047
latency,thurbox,idle,3,False,0.16,0.14,echo_ms,41,3.820655
latency,thurbox,idle,3,False,0.16,0.14,echo_ms,42,3.464299
latency,thurbox,idle,3,False,0.16,0.14,echo_ms,43,3.796172
latency,thurbox,idle,3,False,0.16,0.14,echo_ms,44,4.770604
latency,thurbox,idle,3,False,0.16,0.14,echo_ms,45,4.696221
latency,thurbox,idle,3,False,0.16,0.14,echo_ms,46,4.829551
latency,thurbox,idle,3,False,0.16,0.14,echo_ms,47,3.201563
latency,thurbox,idle,3,False,0.16,0.14,echo_ms,48,5.146388
latency,thurbox,idle,3,False,0.16,0.14,echo_ms,49,5.66665
latency,thurbox,idle,3,False,0.16,0.14,echo_ms,50,3.568994
latency,thurbox,idle,3,False,0.16,0.14,echo_ms,51,3.527216
latency,thurbox,idle,3,False,0.16,0.14,echo_ms,52,4.737892
latency,thurbox,idle,3,False,0.16,0.14,echo_ms,53,4.727237
latency,thurbox,idle,3,False,0.16,0.14,echo_ms,54,3.310717
latency,thurbox,idle,3,False,0.16,0.14,echo_ms,55,6.221733
latency,thurbox,idle,3,False,0.16,0.14,echo_ms,56,4.758621
latency,thurbox,idle,3,False,0.16,0.14,echo_ms,57,4.742454
latency,thurbox,idle,3,False,0.16,0.14,echo_ms,58,5.37872
latency,thurbox,idle,3,False,0.16,0.14,echo_ms,59,3.061368
latency,thurbox,idle,3,False,0.16,0.14,echo_ms,60,3.474496
latency,thurbox,idle,3,False,0.16,0.14,echo_ms,61,5.906849
latency,thurbox,idle,3,False,0.16,0.14,echo_ms,62,3.526048
latency,thurbox,idle,3,False,0.16,0.14,echo_ms,63,3.237562
latency,thurbox,idle,3,False,0.16,0.14,echo_ms,64,3.484035
latency,thurbox,idle,3,False,0.16,0.14,echo_ms,65,3.478651
latency,thurbox,idle,3,False,0.16,0.14,echo_ms,66,4.148522
latency,thurbox,idle,3,False,0.16,0.14,echo_ms,67,3.114473
latency,thurbox,idle,3,False,0.16,0.14,echo_ms,68,3.494476
latency,thurbox,idle,3,False,0.16,0.14,echo_ms,69,3.115662
latency,thurbox,idle,3,False,0.16,0.14,echo_ms,70,3.477851
latency,thurbox,idle,3,False,0.16,0.14,echo_ms,71,3.85291
latency,thurbox,idle,3,False,0.16,0.14,echo_ms,72,4.774044
latency,thurbox,idle,3,False,0.16,0.14,echo_ms,73,4.707794
latency,thurbox,idle,3,False,0.16,0.14,echo_ms,74,1.502249
latency,thurbox,idle,3,False,0.16,0.14,echo_ms,75,2.391445
latency,thurbox,idle,3,False,0.16,0.14,echo_ms,76,3.469495
latency,thurbox,idle,3,False,0.16,0.14,echo_ms,77,3.419761
latency,thurbox,idle,3,False,0.16,0.14,echo_ms,78,4.210175
latency,thurbox,idle,3,False,0.16,0.14,echo_ms,79,4.808782
latency,thurbox,idle,3,False,0.16,0.14,echo_ms,80,4.197428
latency,thurbox,idle,3,False,0.16,0.14,echo_ms,81,4.766049
latency,thurbox,idle,3,False,0.16,0.14,echo_ms,82,4.152433
latency,thurbox,idle,3,False,0.16,0.14,echo_ms,83,4.733148
latency,thurbox,idle,3,False,0.16,0.14,echo_ms,84,2.097087
latency,thurbox,idle,3,False,0.16,0.14,echo_ms,85,2.16566
latency,thurbox,idle,3,False,0.16,0.14,echo_ms,86,4.735141
latency,thurbox,idle,3,False,0.16,0.14,echo_ms,87,4.155425
latency,thurbox,idle,3,False,0.16,0.14,echo_ms,88,4.723274
latency,thurbox,idle,3,False,0.16,0.14,echo_ms,89,5.077409
latency,thurbox,idle,3,False,0.16,0.14,echo_ms,90,4.226669
latency,thurbox,idle,3,False,0.16,0.14,echo_ms,91,3.188029
latency,thurbox,idle,3,False,0.16,0.14,echo_ms,92,3.479801
latency,thurbox,idle,3,False,0.16,0.14,echo_ms,93,3.503699
latency,thurbox,idle,3,False,0.16,0.14,echo_ms,94,3.555122
latency,thurbox,idle,3,False,0.16,0.14,echo_ms,95,3.423439
latency,thurbox,idle,3,False,0.16,0.14,echo_ms,96,3.471766
latency,thurbox,idle,3,False,0.16,0.14,echo_ms,97,4.142017
latency,thurbox,idle,3,False,0.16,0.14,echo_ms,98,4.168511
latency,thurbox,idle,3,False,0.16,0.14,echo_ms,99,4.778579
latency,thurbox,idle,3,False,0.16,0.14,timeouts,,0
latency,tmux,idle,4,False,0.14,0.12,echo_ms,0,1.053761
latency,tmux,idle,4,False,0.14,0.12,echo_ms,1,1.050305
latency,tmux,idle,4,False,0.14,0.12,echo_ms,2,1.042272
latency,tmux,idle,4,False,0.14,0.12,echo_ms,3,1.08038
latency,tmux,idle,4,False,0.14,0.12,echo_ms,4,1.057465
latency,tmux,idle,4,False,0.14,0.12,echo_ms,5,1.016261
latency,tmux,idle,4,False,0.14,0.12,echo_ms,6,1.026821
latency,tmux,idle,4,False,0.14,0.12,echo_ms,7,0.927137
latency,tmux,idle,4,False,0.14,0.12,echo_ms,8,1.011342
latency,tmux,idle,4,False,0.14,0.12,echo_ms,9,1.021317
latency,tmux,idle,4,False,0.14,0.12,echo_ms,10,1.098388
latency,tmux,idle,4,False,0.14,0.12,echo_ms,11,1.059875
latency,tmux,idle,4,False,0.14,0.12,echo_ms,12,1.02549
latency,tmux,idle,4,False,0.14,0.12,echo_ms,13,1.035009
latency,tmux,idle,4,False,0.14,0.12,echo_ms,14,1.047079
latency,tmux,idle,4,False,0.14,0.12,echo_ms,15,1.029961
latency,tmux,idle,4,False,0.14,0.12,echo_ms,16,1.03672
latency,tmux,idle,4,False,0.14,0.12,echo_ms,17,1.064024
latency,tmux,idle,4,False,0.14,0.12,echo_ms,18,1.092698
latency,tmux,idle,4,False,0.14,0.12,echo_ms,19,1.037427
latency,tmux,idle,4,False,0.14,0.12,echo_ms,20,1.058391
latency,tmux,idle,4,False,0.14,0.12,echo_ms,21,1.033714
latency,tmux,idle,4,False,0.14,0.12,echo_ms,22,1.052497
latency,tmux,idle,4,False,0.14,0.12,echo_ms,23,1.058349
latency,tmux,idle,4,False,0.14,0.12,echo_ms,24,1.034948
latency,tmux,idle,4,False,0.14,0.12,echo_ms,25,1.052106
latency,tmux,idle,4,False,0.14,0.12,echo_ms,26,0.964478
latency,tmux,idle,4,False,0.14,0.12,echo_ms,27,1.032094
latency,tmux,idle,4,False,0.14,0.12,echo_ms,28,0.980577
latency,tmux,idle,4,False,0.14,0.12,echo_ms,29,1.029366
latency,tmux,idle,4,False,0.14,0.12,echo_ms,30,1.027929
latency,tmux,idle,4,False,0.14,0.12,echo_ms,31,0.962845
latency,tmux,idle,4,False,0.14,0.12,echo_ms,32,1.021424
latency,tmux,idle,4,False,0.14,0.12,echo_ms,33,0.701432
latency,tmux,idle,4,False,0.14,0.12,echo_ms,34,0.978094
latency,tmux,idle,4,False,0.14,0.12,echo_ms,35,1.073621
latency,tmux,idle,4,False,0.14,0.12,echo_ms,36,1.035941
latency,tmux,idle,4,False,0.14,0.12,echo_ms,37,0.908609
latency,tmux,idle,4,False,0.14,0.12,echo_ms,38,1.089569
latency,tmux,idle,4,False,0.14,0.12,echo_ms,39,1.076232
latency,tmux,idle,4,False,0.14,0.12,echo_ms,40,1.107996
latency,tmux,idle,4,False,0.14,0.12,echo_ms,41,1.072199
latency,tmux,idle,4,False,0.14,0.12,echo_ms,42,0.80723
latency,tmux,idle,4,False,0.14,0.12,echo_ms,43,1.074142
latency,tmux,idle,4,False,0.14,0.12,echo_ms,44,1.047178
latency,tmux,idle,4,False,0.14,0.12,echo_ms,45,1.071787
latency,tmux,idle,4,False,0.14,0.12,echo_ms,46,1.050724
latency,tmux,idle,4,False,0.14,0.12,echo_ms,47,1.049464
latency,tmux,idle,4,False,0.14,0.12,echo_ms,48,1.05546
latency,tmux,idle,4,False,0.14,0.12,echo_ms,49,1.071895
latency,tmux,idle,4,False,0.14,0.12,echo_ms,50,1.054952
latency,tmux,idle,4,False,0.14,0.12,echo_ms,51,1.067234
latency,tmux,idle,4,False,0.14,0.12,echo_ms,52,1.041039
latency,tmux,idle,4,False,0.14,0.12,echo_ms,53,1.031456
latency,tmux,idle,4,False,0.14,0.12,echo_ms,54,1.029887
latency,tmux,idle,4,False,0.14,0.12,echo_ms,55,1.023013
latency,tmux,idle,4,False,0.14,0.12,echo_ms,56,1.05562
latency,tmux,idle,4,False,0.14,0.12,echo_ms,57,0.765652
latency,tmux,idle,4,False,0.14,0.12,echo_ms,58,0.793781
latency,tmux,idle,4,False,0.14,0.12,echo_ms,59,0.944124
latency,tmux,idle,4,False,0.14,0.12,echo_ms,60,1.006086
latency,tmux,idle,4,False,0.14,0.12,echo_ms,61,1.017564
latency,tmux,idle,4,False,0.14,0.12,echo_ms,62,0.970593
latency,tmux,idle,4,False,0.14,0.12,echo_ms,63,1.04134
latency,tmux,idle,4,False,0.14,0.12,echo_ms,64,0.975308
latency,tmux,idle,4,False,0.14,0.12,echo_ms,65,1.059073
latency,tmux,idle,4,False,0.14,0.12,echo_ms,66,1.032468
latency,tmux,idle,4,False,0.14,0.12,echo_ms,67,1.034221
latency,tmux,idle,4,False,0.14,0.12,echo_ms,68,1.08927
latency,tmux,idle,4,False,0.14,0.12,echo_ms,69,1.058514
latency,tmux,idle,4,False,0.14,0.12,echo_ms,70,1.050325
latency,tmux,idle,4,False,0.14,0.12,echo_ms,71,1.076682
latency,tmux,idle,4,False,0.14,0.12,echo_ms,72,1.035711
latency,tmux,idle,4,False,0.14,0.12,echo_ms,73,1.053526
latency,tmux,idle,4,False,0.14,0.12,echo_ms,74,1.075623
latency,tmux,idle,4,False,0.14,0.12,echo_ms,75,1.044016
latency,tmux,idle,4,False,0.14,0.12,echo_ms,76,1.059898
latency,tmux,idle,4,False,0.14,0.12,echo_ms,77,1.071718
latency,tmux,idle,4,False,0.14,0.12,echo_ms,78,1.025372
latency,tmux,idle,4,False,0.14,0.12,echo_ms,79,1.037538
latency,tmux,idle,4,False,0.14,0.12,echo_ms,80,1.067011
latency,tmux,idle,4,False,0.14,0.12,echo_ms,81,1.058168
latency,tmux,idle,4,False,0.14,0.12,echo_ms,82,1.046979
latency,tmux,idle,4,False,0.14,0.12,echo_ms,83,1.04126
latency,tmux,idle,4,False,0.14,0.12,echo_ms,84,1.079689
latency,tmux,idle,4,False,0.14,0.12,echo_ms,85,1.043352
latency,tmux,idle,4,False,0.14,0.12,echo_ms,86,1.044342
latency,tmux,idle,4,False,0.14,0.12,echo_ms,87,1.041687
latency,tmux,idle,4,False,0.14,0.12,echo_ms,88,1.018888
latency,tmux,idle,4,False,0.14,0.12,echo_ms,89,1.030829
latency,tmux,idle,4,False,0.14,0.12,echo_ms,90,1.047492
latency,tmux,idle,4,False,0.14,0.12,echo_ms,91,1.063784
latency,tmux,idle,4,False,0.14,0.12,echo_ms,92,1.036219
latency,tmux,idle,4,False,0.14,0.12,echo_ms,93,1.013839
latency,tmux,idle,4,False,0.14,0.12,echo_ms,94,1.00787
latency,tmux,idle,4,False,0.14,0.12,echo_ms,95,1.019868
latency,tmux,idle,4,False,0.14,0.12,echo_ms,96,1.068054
latency,tmux,idle,4,False,0.14,0.12,echo_ms,97,0.953553
latency,tmux,idle,4,False,0.14,0.12,echo_ms,98,1.001103
latency,tmux,idle,4,False,0.14,0.12,echo_ms,99,1.036229
latency,tmux,idle,4,False,0.14,0.12,timeouts,,0
latency,herdr,idle,4,False,0.12,0.1,echo_ms,0,2.225741
latency,herdr,idle,4,False,0.12,0.1,echo_ms,1,2.203214
latency,herdr,idle,4,False,0.12,0.1,echo_ms,2,1.646574
latency,herdr,idle,4,False,0.12,0.1,echo_ms,3,2.287673
latency,herdr,idle,4,False,0.12,0.1,echo_ms,4,2.283881
latency,herdr,idle,4,False,0.12,0.1,echo_ms,5,2.316782
latency,herdr,idle,4,False,0.12,0.1,echo_ms,6,2.368288
latency,herdr,idle,4,False,0.12,0.1,echo_ms,7,2.289486
latency,herdr,idle,4,False,0.12,0.1,echo_ms,8,2.312244
latency,herdr,idle,4,False,0.12,0.1,echo_ms,9,2.337577
latency,herdr,idle,4,False,0.12,0.1,echo_ms,10,2.25407
latency,herdr,idle,4,False,0.12,0.1,echo_ms,11,2.316559
latency,herdr,idle,4,False,0.12,0.1,echo_ms,12,2.255311
latency,herdr,idle,4,False,0.12,0.1,echo_ms,13,2.29016
latency,herdr,idle,4,False,0.12,0.1,echo_ms,14,2.280854
latency,herdr,idle,4,False,0.12,0.1,echo_ms,15,2.321037
latency,herdr,idle,4,False,0.12,0.1,echo_ms,16,2.250314
latency,herdr,idle,4,False,0.12,0.1,echo_ms,17,2.174667
latency,herdr,idle,4,False,0.12,0.1,echo_ms,18,2.2634
latency,herdr,idle,4,False,0.12,0.1,echo_ms,19,2.310189
latency,herdr,idle,4,False,0.12,0.1,echo_ms,20,2.256557
latency,herdr,idle,4,False,0.12,0.1,echo_ms,21,2.322497
latency,herdr,idle,4,False,0.12,0.1,echo_ms,22,2.307507
latency,herdr,idle,4,False,0.12,0.1,echo_ms,23,2.226437
latency,herdr,idle,4,False,0.12,0.1,echo_ms,24,2.322319
latency,herdr,idle,4,False,0.12,0.1,echo_ms,25,2.232639
latency,herdr,idle,4,False,0.12,0.1,echo_ms,26,1.60786
latency,herdr,idle,4,False,0.12,0.1,echo_ms,27,1.809757
latency,herdr,idle,4,False,0.12,0.1,echo_ms,28,2.112962
latency,herdr,idle,4,False,0.12,0.1,echo_ms,29,2.186719
latency,herdr,idle,4,False,0.12,0.1,echo_ms,30,2.061039
latency,herdr,idle,4,False,0.12,0.1,echo_ms,31,2.229592
latency,herdr,idle,4,False,0.12,0.1,echo_ms,32,2.198568
latency,herdr,idle,4,False,0.12,0.1,echo_ms,33,2.041397
latency,herdr,idle,4,False,0.12,0.1,echo_ms,34,2.116734
latency,herdr,idle,4,False,0.12,0.1,echo_ms,35,2.205172
latency,herdr,idle,4,False,0.12,0.1,echo_ms,36,2.160679
latency,herdr,idle,4,False,0.12,0.1,echo_ms,37,2.091269
latency,herdr,idle,4,False,0.12,0.1,echo_ms,38,2.260222
latency,herdr,idle,4,False,0.12,0.1,echo_ms,39,2.27216
latency,herdr,idle,4,False,0.12,0.1,echo_ms,40,2.086039
latency,herdr,idle,4,False,0.12,0.1,echo_ms,41,2.284628
latency,herdr,idle,4,False,0.12,0.1,echo_ms,42,2.316142
latency,herdr,idle,4,False,0.12,0.1,echo_ms,43,2.291997
latency,herdr,idle,4,False,0.12,0.1,echo_ms,44,2.208352
latency,herdr,idle,4,False,0.12,0.1,echo_ms,45,1.945006
latency,herdr,idle,4,False,0.12,0.1,echo_ms,46,2.18072
latency,herdr,idle,4,False,0.12,0.1,echo_ms,47,2.162953
latency,herdr,idle,4,False,0.12,0.1,echo_ms,48,2.009994
latency,herdr,idle,4,False,0.12,0.1,echo_ms,49,2.279941
latency,herdr,idle,4,False,0.12,0.1,echo_ms,50,2.185954
latency,herdr,idle,4,False,0.12,0.1,echo_ms,51,2.329897
latency,herdr,idle,4,False,0.12,0.1,echo_ms,52,2.051375
latency,herdr,idle,4,False,0.12,0.1,echo_ms,53,2.161669
latency,herdr,idle,4,False,0.12,0.1,echo_ms,54,2.361789
latency,herdr,idle,4,False,0.12,0.1,echo_ms,55,2.323458
latency,herdr,idle,4,False,0.12,0.1,echo_ms,56,2.316621
latency,herdr,idle,4,False,0.12,0.1,echo_ms,57,2.327411
latency,herdr,idle,4,False,0.12,0.1,echo_ms,58,1.808241
latency,herdr,idle,4,False,0.12,0.1,echo_ms,59,2.120886
latency,herdr,idle,4,False,0.12,0.1,echo_ms,60,2.236517
latency,herdr,idle,4,False,0.12,0.1,echo_ms,61,2.134775
latency,herdr,idle,4,False,0.12,0.1,echo_ms,62,2.304988
latency,herdr,idle,4,False,0.12,0.1,echo_ms,63,2.028762
latency,herdr,idle,4,False,0.12,0.1,echo_ms,64,2.169193
latency,herdr,idle,4,False,0.12,0.1,echo_ms,65,2.35654
latency,herdr,idle,4,False,0.12,0.1,echo_ms,66,2.253302
latency,herdr,idle,4,False,0.12,0.1,echo_ms,67,2.300082
latency,herdr,idle,4,False,0.12,0.1,echo_ms,68,2.138475
latency,herdr,idle,4,False,0.12,0.1,echo_ms,69,2.091277
latency,herdr,idle,4,False,0.12,0.1,echo_ms,70,2.222881
latency,herdr,idle,4,False,0.12,0.1,echo_ms,71,1.244173
latency,herdr,idle,4,False,0.12,0.1,echo_ms,72,2.323002
latency,herdr,idle,4,False,0.12,0.1,echo_ms,73,1.847177
latency,herdr,idle,4,False,0.12,0.1,echo_ms,74,2.294221
latency,herdr,idle,4,False,0.12,0.1,echo_ms,75,2.245983
latency,herdr,idle,4,False,0.12,0.1,echo_ms,76,2.272681
latency,herdr,idle,4,False,0.12,0.1,echo_ms,77,2.228321
latency,herdr,idle,4,False,0.12,0.1,echo_ms,78,2.311467
latency,herdr,idle,4,False,0.12,0.1,echo_ms,79,2.221471
latency,herdr,idle,4,False,0.12,0.1,echo_ms,80,2.215085
latency,herdr,idle,4,False,0.12,0.1,echo_ms,81,2.276179
latency,herdr,idle,4,False,0.12,0.1,echo_ms,82,2.111443
latency,herdr,idle,4,False,0.12,0.1,echo_ms,83,1.519546
latency,herdr,idle,4,False,0.12,0.1,echo_ms,84,2.340004
latency,herdr,idle,4,False,0.12,0.1,echo_ms,85,2.327249
latency,herdr,idle,4,False,0.12,0.1,echo_ms,86,2.279323
latency,herdr,idle,4,False,0.12,0.1,echo_ms,87,2.225513
latency,herdr,idle,4,False,0.12,0.1,echo_ms,88,2.363905
latency,herdr,idle,4,False,0.12,0.1,echo_ms,89,2.235616
latency,herdr,idle,4,False,0.12,0.1,echo_ms,90,2.111294
latency,herdr,idle,4,False,0.12,0.1,echo_ms,91,2.264883
latency,herdr,idle,4,False,0.12,0.1,echo_ms,92,2.270192
latency,herdr,idle,4,False,0.12,0.1,echo_ms,93,2.178964
latency,herdr,idle,4,False,0.12,0.1,echo_ms,94,2.264113
latency,herdr,idle,4,False,0.12,0.1,echo_ms,95,2.094677
latency,herdr,idle,4,False,0.12,0.1,echo_ms,96,2.214559
latency,herdr,idle,4,False,0.12,0.1,echo_ms,97,2.282574
latency,herdr,idle,4,False,0.12,0.1,echo_ms,98,2.352253
latency,herdr,idle,4,False,0.12,0.1,echo_ms,99,2.266881
latency,herdr,idle,4,False,0.12,0.1,timeouts,,0
latency,thurbox,idle,4,False,0.1,0.09,echo_ms,0,4.992251
latency,thurbox,idle,4,False,0.1,0.09,echo_ms,1,4.793874
latency,thurbox,idle,4,False,0.1,0.09,echo_ms,2,3.949453
latency,thurbox,idle,4,False,0.1,0.09,echo_ms,3,3.46976
latency,thurbox,idle,4,False,0.1,0.09,echo_ms,4,5.169324
latency,thurbox,idle,4,False,0.1,0.09,echo_ms,5,3.28488
latency,thurbox,idle,4,False,0.1,0.09,echo_ms,6,6.229205
latency,thurbox,idle,4,False,0.1,0.09,echo_ms,7,5.042485
latency,thurbox,idle,4,False,0.1,0.09,echo_ms,8,4.817862
latency,thurbox,idle,4,False,0.1,0.09,echo_ms,9,4.198764
latency,thurbox,idle,4,False,0.1,0.09,echo_ms,10,3.436207
latency,thurbox,idle,4,False,0.1,0.09,echo_ms,11,4.455568
latency,thurbox,idle,4,False,0.1,0.09,echo_ms,12,3.511563
latency,thurbox,idle,4,False,0.1,0.09,echo_ms,13,3.503027
latency,thurbox,idle,4,False,0.1,0.09,echo_ms,14,3.491888
latency,thurbox,idle,4,False,0.1,0.09,echo_ms,15,4.770941
latency,thurbox,idle,4,False,0.1,0.09,echo_ms,16,3.496216
latency,thurbox,idle,4,False,0.1,0.09,echo_ms,17,3.361795
latency,thurbox,idle,4,False,0.1,0.09,echo_ms,18,4.809334
latency,thurbox,idle,4,False,0.1,0.09,echo_ms,19,4.247571
latency,thurbox,idle,4,False,0.1,0.09,echo_ms,20,4.834416
latency,thurbox,idle,4,False,0.1,0.09,echo_ms,21,3.162214
latency,thurbox,idle,4,False,0.1,0.09,echo_ms,22,4.795558
latency,thurbox,idle,4,False,0.1,0.09,echo_ms,23,3.523605
latency,thurbox,idle,4,False,0.1,0.09,echo_ms,24,4.751369
latency,thurbox,idle,4,False,0.1,0.09,echo_ms,25,4.760399
latency,thurbox,idle,4,False,0.1,0.09,echo_ms,26,2.182423
latency,thurbox,idle,4,False,0.1,0.09,echo_ms,27,3.597672
latency,thurbox,idle,4,False,0.1,0.09,echo_ms,28,3.054141
latency,thurbox,idle,4,False,0.1,0.09,echo_ms,29,3.487182
latency,thurbox,idle,4,False,0.1,0.09,echo_ms,30,3.899907
latency,thurbox,idle,4,False,0.1,0.09,echo_ms,31,4.753002
latency,thurbox,idle,4,False,0.1,0.09,echo_ms,32,5.662554
latency,thurbox,idle,4,False,0.1,0.09,echo_ms,33,5.079485
latency,thurbox,idle,4,False,0.1,0.09,echo_ms,34,3.500026
latency,thurbox,idle,4,False,0.1,0.09,echo_ms,35,3.554501
latency,thurbox,idle,4,False,0.1,0.09,echo_ms,36,3.517137
latency,thurbox,idle,4,False,0.1,0.09,echo_ms,37,3.445485
latency,thurbox,idle,4,False,0.1,0.09,echo_ms,38,4.759963
latency,thurbox,idle,4,False,0.1,0.09,echo_ms,39,4.226979
latency,thurbox,idle,4,False,0.1,0.09,echo_ms,40,3.48709
latency,thurbox,idle,4,False,0.1,0.09,echo_ms,41,5.925975
latency,thurbox,idle,4,False,0.1,0.09,echo_ms,42,3.587786
latency,thurbox,idle,4,False,0.1,0.09,echo_ms,43,4.174742
latency,thurbox,idle,4,False,0.1,0.09,echo_ms,44,4.776273
latency,thurbox,idle,4,False,0.1,0.09,echo_ms,45,3.437621
latency,thurbox,idle,4,False,0.1,0.09,echo_ms,46,4.600188
latency,thurbox,idle,4,False,0.1,0.09,echo_ms,47,4.777663
latency,thurbox,idle,4,False,0.1,0.09,echo_ms,48,3.286961
latency,thurbox,idle,4,False,0.1,0.09,echo_ms,49,5.114208
latency,thurbox,idle,4,False,0.1,0.09,echo_ms,50,3.357969
latency,thurbox,idle,4,False,0.1,0.09,echo_ms,51,3.392509
latency,thurbox,idle,4,False,0.1,0.09,echo_ms,52,8.580457
latency,thurbox,idle,4,False,0.1,0.09,echo_ms,53,4.692502
latency,thurbox,idle,4,False,0.1,0.09,echo_ms,54,3.385067
latency,thurbox,idle,4,False,0.1,0.09,echo_ms,55,1.180513
latency,thurbox,idle,4,False,0.1,0.09,echo_ms,56,4.612614
latency,thurbox,idle,4,False,0.1,0.09,echo_ms,57,4.702737
latency,thurbox,idle,4,False,0.1,0.09,echo_ms,58,3.497906
latency,thurbox,idle,4,False,0.1,0.09,echo_ms,59,3.505472
latency,thurbox,idle,4,False,0.1,0.09,echo_ms,60,4.820002
latency,thurbox,idle,4,False,0.1,0.09,echo_ms,61,3.470579
latency,thurbox,idle,4,False,0.1,0.09,echo_ms,62,4.760145
latency,thurbox,idle,4,False,0.1,0.09,echo_ms,63,5.784654
latency,thurbox,idle,4,False,0.1,0.09,echo_ms,64,3.534359
latency,thurbox,idle,4,False,0.1,0.09,echo_ms,65,1.683187
latency,thurbox,idle,4,False,0.1,0.09,echo_ms,66,4.217274
latency,thurbox,idle,4,False,0.1,0.09,echo_ms,67,3.530847
latency,thurbox,idle,4,False,0.1,0.09,echo_ms,68,4.119731
latency,thurbox,idle,4,False,0.1,0.09,echo_ms,69,4.479624
latency,thurbox,idle,4,False,0.1,0.09,echo_ms,70,4.69098
latency,thurbox,idle,4,False,0.1,0.09,echo_ms,71,3.128179
latency,thurbox,idle,4,False,0.1,0.09,echo_ms,72,3.486522
latency,thurbox,idle,4,False,0.1,0.09,echo_ms,73,4.740699
latency,thurbox,idle,4,False,0.1,0.09,echo_ms,74,4.794124
latency,thurbox,idle,4,False,0.1,0.09,echo_ms,75,4.121642
latency,thurbox,idle,4,False,0.1,0.09,echo_ms,76,4.744617
latency,thurbox,idle,4,False,0.1,0.09,echo_ms,77,3.24508
latency,thurbox,idle,4,False,0.1,0.09,echo_ms,78,4.171475
latency,thurbox,idle,4,False,0.1,0.09,echo_ms,79,4.694625
latency,thurbox,idle,4,False,0.1,0.09,echo_ms,80,2.466649
latency,thurbox,idle,4,False,0.1,0.09,echo_ms,81,3.377378
latency,thurbox,idle,4,False,0.1,0.09,echo_ms,82,3.356237
latency,thurbox,idle,4,False,0.1,0.09,echo_ms,83,6.529949
latency,thurbox,idle,4,False,0.1,0.09,echo_ms,84,3.427213
latency,thurbox,idle,4,False,0.1,0.09,echo_ms,85,3.514329
latency,thurbox,idle,4,False,0.1,0.09,echo_ms,86,2.674926
latency,thurbox,idle,4,False,0.1,0.09,echo_ms,87,4.63293
latency,thurbox,idle,4,False,0.1,0.09,echo_ms,88,3.116671
latency,thurbox,idle,4,False,0.1,0.09,echo_ms,89,5.062205
latency,thurbox,idle,4,False,0.1,0.09,echo_ms,90,4.723273
latency,thurbox,idle,4,False,0.1,0.09,echo_ms,91,4.685946
latency,thurbox,idle,4,False,0.1,0.09,echo_ms,92,3.479061
latency,thurbox,idle,4,False,0.1,0.09,echo_ms,93,3.529161
latency,thurbox,idle,4,False,0.1,0.09,echo_ms,94,4.668917
latency,thurbox,idle,4,False,0.1,0.09,echo_ms,95,4.703912
latency,thurbox,idle,4,False,0.1,0.09,echo_ms,96,4.715033
latency,thurbox,idle,4,False,0.1,0.09,echo_ms,97,4.134818
latency,thurbox,idle,4,False,0.1,0.09,echo_ms,98,4.762042
latency,thurbox,idle,4,False,0.1,0.09,echo_ms,99,3.494921
latency,thurbox,idle,4,False,0.1,0.09,timeouts,,0
latency,tmux,idle,5,False,0.09,0.07,echo_ms,0,1.094619
latency,tmux,idle,5,False,0.09,0.07,echo_ms,1,0.996384
latency,tmux,idle,5,False,0.09,0.07,echo_ms,2,1.062371
latency,tmux,idle,5,False,0.09,0.07,echo_ms,3,1.102875
latency,tmux,idle,5,False,0.09,0.07,echo_ms,4,1.107654
latency,tmux,idle,5,False,0.09,0.07,echo_ms,5,0.891314
latency,tmux,idle,5,False,0.09,0.07,echo_ms,6,1.047396
latency,tmux,idle,5,False,0.09,0.07,echo_ms,7,1.077935
latency,tmux,idle,5,False,0.09,0.07,echo_ms,8,1.077925
latency,tmux,idle,5,False,0.09,0.07,echo_ms,9,1.052085
latency,tmux,idle,5,False,0.09,0.07,echo_ms,10,1.043237
latency,tmux,idle,5,False,0.09,0.07,echo_ms,11,0.997775
latency,tmux,idle,5,False,0.09,0.07,echo_ms,12,1.029942
latency,tmux,idle,5,False,0.09,0.07,echo_ms,13,0.705242
latency,tmux,idle,5,False,0.09,0.07,echo_ms,14,1.030901
latency,tmux,idle,5,False,0.09,0.07,echo_ms,15,1.023738
latency,tmux,idle,5,False,0.09,0.07,echo_ms,16,0.963065
latency,tmux,idle,5,False,0.09,0.07,echo_ms,17,1.026506
latency,tmux,idle,5,False,0.09,0.07,echo_ms,18,0.893739
latency,tmux,idle,5,False,0.09,0.07,echo_ms,19,1.072222
latency,tmux,idle,5,False,0.09,0.07,echo_ms,20,0.954697
latency,tmux,idle,5,False,0.09,0.07,echo_ms,21,1.049865
latency,tmux,idle,5,False,0.09,0.07,echo_ms,22,1.080208
latency,tmux,idle,5,False,0.09,0.07,echo_ms,23,1.015967
latency,tmux,idle,5,False,0.09,0.07,echo_ms,24,1.067106
latency,tmux,idle,5,False,0.09,0.07,echo_ms,25,1.054758
latency,tmux,idle,5,False,0.09,0.07,echo_ms,26,1.081726
latency,tmux,idle,5,False,0.09,0.07,echo_ms,27,1.038133
latency,tmux,idle,5,False,0.09,0.07,echo_ms,28,1.005964
latency,tmux,idle,5,False,0.09,0.07,echo_ms,29,1.07454
latency,tmux,idle,5,False,0.09,0.07,echo_ms,30,1.068697
latency,tmux,idle,5,False,0.09,0.07,echo_ms,31,1.069358
latency,tmux,idle,5,False,0.09,0.07,echo_ms,32,1.059504
latency,tmux,idle,5,False,0.09,0.07,echo_ms,33,1.040753
latency,tmux,idle,5,False,0.09,0.07,echo_ms,34,1.049969
latency,tmux,idle,5,False,0.09,0.07,echo_ms,35,1.046219
latency,tmux,idle,5,False,0.09,0.07,echo_ms,36,1.028602
latency,tmux,idle,5,False,0.09,0.07,echo_ms,37,1.040678
latency,tmux,idle,5,False,0.09,0.07,echo_ms,38,1.049246
latency,tmux,idle,5,False,0.09,0.07,echo_ms,39,1.050798
latency,tmux,idle,5,False,0.09,0.07,echo_ms,40,1.050857
latency,tmux,idle,5,False,0.09,0.07,echo_ms,41,1.038917
latency,tmux,idle,5,False,0.09,0.07,echo_ms,42,0.960697
latency,tmux,idle,5,False,0.09,0.07,echo_ms,43,1.040485
latency,tmux,idle,5,False,0.09,0.07,echo_ms,44,0.948316
latency,tmux,idle,5,False,0.09,0.07,echo_ms,45,1.103313
latency,tmux,idle,5,False,0.09,0.07,echo_ms,46,0.978046
latency,tmux,idle,5,False,0.09,0.07,echo_ms,47,1.082331
latency,tmux,idle,5,False,0.09,0.07,echo_ms,48,1.069955
latency,tmux,idle,5,False,0.09,0.07,echo_ms,49,1.068067
latency,tmux,idle,5,False,0.09,0.07,echo_ms,50,1.107625
latency,tmux,idle,5,False,0.09,0.07,echo_ms,51,1.070017
latency,tmux,idle,5,False,0.09,0.07,echo_ms,52,1.063988
latency,tmux,idle,5,False,0.09,0.07,echo_ms,53,1.077121
latency,tmux,idle,5,False,0.09,0.07,echo_ms,54,1.05764
latency,tmux,idle,5,False,0.09,0.07,echo_ms,55,0.99778
latency,tmux,idle,5,False,0.09,0.07,echo_ms,56,1.078903
latency,tmux,idle,5,False,0.09,0.07,echo_ms,57,1.041192
latency,tmux,idle,5,False,0.09,0.07,echo_ms,58,0.968664
latency,tmux,idle,5,False,0.09,0.07,echo_ms,59,0.967552
latency,tmux,idle,5,False,0.09,0.07,echo_ms,60,1.010694
latency,tmux,idle,5,False,0.09,0.07,echo_ms,61,1.079605
latency,tmux,idle,5,False,0.09,0.07,echo_ms,62,1.048384
latency,tmux,idle,5,False,0.09,0.07,echo_ms,63,1.263624
latency,tmux,idle,5,False,0.09,0.07,echo_ms,64,1.103075
latency,tmux,idle,5,False,0.09,0.07,echo_ms,65,1.067225
latency,tmux,idle,5,False,0.09,0.07,echo_ms,66,1.122571
latency,tmux,idle,5,False,0.09,0.07,echo_ms,67,1.045213
latency,tmux,idle,5,False,0.09,0.07,echo_ms,68,1.015075
latency,tmux,idle,5,False,0.09,0.07,echo_ms,69,1.042571
latency,tmux,idle,5,False,0.09,0.07,echo_ms,70,1.051141
latency,tmux,idle,5,False,0.09,0.07,echo_ms,71,1.064617
latency,tmux,idle,5,False,0.09,0.07,echo_ms,72,1.093646
latency,tmux,idle,5,False,0.09,0.07,echo_ms,73,1.06934
latency,tmux,idle,5,False,0.09,0.07,echo_ms,74,1.073041
latency,tmux,idle,5,False,0.09,0.07,echo_ms,75,1.065131
latency,tmux,idle,5,False,0.09,0.07,echo_ms,76,1.06479
latency,tmux,idle,5,False,0.09,0.07,echo_ms,77,1.043447
latency,tmux,idle,5,False,0.09,0.07,echo_ms,78,1.102191
latency,tmux,idle,5,False,0.09,0.07,echo_ms,79,1.026551
latency,tmux,idle,5,False,0.09,0.07,echo_ms,80,0.767063
latency,tmux,idle,5,False,0.09,0.07,echo_ms,81,0.98798
latency,tmux,idle,5,False,0.09,0.07,echo_ms,82,1.010692
latency,tmux,idle,5,False,0.09,0.07,echo_ms,83,1.019974
latency,tmux,idle,5,False,0.09,0.07,echo_ms,84,1.031321
latency,tmux,idle,5,False,0.09,0.07,echo_ms,85,0.976972
latency,tmux,idle,5,False,0.09,0.07,echo_ms,86,0.983296
latency,tmux,idle,5,False,0.09,0.07,echo_ms,87,0.969828
latency,tmux,idle,5,False,0.09,0.07,echo_ms,88,1.050765
latency,tmux,idle,5,False,0.09,0.07,echo_ms,89,1.01374
latency,tmux,idle,5,False,0.09,0.07,echo_ms,90,0.981682
latency,tmux,idle,5,False,0.09,0.07,echo_ms,91,1.041654
latency,tmux,idle,5,False,0.09,0.07,echo_ms,92,1.036594
latency,tmux,idle,5,False,0.09,0.07,echo_ms,93,1.054661
latency,tmux,idle,5,False,0.09,0.07,echo_ms,94,0.540146
latency,tmux,idle,5,False,0.09,0.07,echo_ms,95,0.984183
latency,tmux,idle,5,False,0.09,0.07,echo_ms,96,0.995519
latency,tmux,idle,5,False,0.09,0.07,echo_ms,97,1.058446
latency,tmux,idle,5,False,0.09,0.07,echo_ms,98,1.051979
latency,tmux,idle,5,False,0.09,0.07,echo_ms,99,1.067336
latency,tmux,idle,5,False,0.09,0.07,timeouts,,0
latency,herdr,idle,5,False,0.07,0.06,echo_ms,0,2.198238
latency,herdr,idle,5,False,0.07,0.06,echo_ms,1,2.081045
latency,herdr,idle,5,False,0.07,0.06,echo_ms,2,2.171465
latency,herdr,idle,5,False,0.07,0.06,echo_ms,3,2.198483
latency,herdr,idle,5,False,0.07,0.06,echo_ms,4,2.147468
latency,herdr,idle,5,False,0.07,0.06,echo_ms,5,2.038722
latency,herdr,idle,5,False,0.07,0.06,echo_ms,6,2.204921
latency,herdr,idle,5,False,0.07,0.06,echo_ms,7,2.288317
latency,herdr,idle,5,False,0.07,0.06,echo_ms,8,2.282411
latency,herdr,idle,5,False,0.07,0.06,echo_ms,9,1.394738
latency,herdr,idle,5,False,0.07,0.06,echo_ms,10,2.188115
latency,herdr,idle,5,False,0.07,0.06,echo_ms,11,2.207787
latency,herdr,idle,5,False,0.07,0.06,echo_ms,12,2.16687
latency,herdr,idle,5,False,0.07,0.06,echo_ms,13,2.119796
latency,herdr,idle,5,False,0.07,0.06,echo_ms,14,1.990548
latency,herdr,idle,5,False,0.07,0.06,echo_ms,15,2.206729
latency,herdr,idle,5,False,0.07,0.06,echo_ms,16,2.138127
latency,herdr,idle,5,False,0.07,0.06,echo_ms,17,2.185418
latency,herdr,idle,5,False,0.07,0.06,echo_ms,18,2.33832
latency,herdr,idle,5,False,0.07,0.06,echo_ms,19,2.215127
latency,herdr,idle,5,False,0.07,0.06,echo_ms,20,2.264243
latency,herdr,idle,5,False,0.07,0.06,echo_ms,21,1.583575
latency,herdr,idle,5,False,0.07,0.06,echo_ms,22,2.301238
latency,herdr,idle,5,False,0.07,0.06,echo_ms,23,2.250854
latency,herdr,idle,5,False,0.07,0.06,echo_ms,24,2.262049
latency,herdr,idle,5,False,0.07,0.06,echo_ms,25,2.257105
latency,herdr,idle,5,False,0.07,0.06,echo_ms,26,2.291128
latency,herdr,idle,5,False,0.07,0.06,echo_ms,27,2.136823
latency,herdr,idle,5,False,0.07,0.06,echo_ms,28,2.283145
latency,herdr,idle,5,False,0.07,0.06,echo_ms,29,2.301066
latency,herdr,idle,5,False,0.07,0.06,echo_ms,30,2.27989
latency,herdr,idle,5,False,0.07,0.06,echo_ms,31,2.330375
latency,herdr,idle,5,False,0.07,0.06,echo_ms,32,2.337103
latency,herdr,idle,5,False,0.07,0.06,echo_ms,33,1.128515
latency,herdr,idle,5,False,0.07,0.06,echo_ms,34,2.235604
latency,herdr,idle,5,False,0.07,0.06,echo_ms,35,2.277526
latency,herdr,idle,5,False,0.07,0.06,echo_ms,36,2.195608
latency,herdr,idle,5,False,0.07,0.06,echo_ms,37,2.114573
latency,herdr,idle,5,False,0.07,0.06,echo_ms,38,2.278171
latency,herdr,idle,5,False,0.07,0.06,echo_ms,39,2.078273
latency,herdr,idle,5,False,0.07,0.06,echo_ms,40,2.228803
latency,herdr,idle,5,False,0.07,0.06,echo_ms,41,2.321584
latency,herdr,idle,5,False,0.07,0.06,echo_ms,42,2.205334
latency,herdr,idle,5,False,0.07,0.06,echo_ms,43,2.225863
latency,herdr,idle,5,False,0.07,0.06,echo_ms,44,2.244104
latency,herdr,idle,5,False,0.07,0.06,echo_ms,45,2.213904
latency,herdr,idle,5,False,0.07,0.06,echo_ms,46,2.381381
latency,herdr,idle,5,False,0.07,0.06,echo_ms,47,2.236247
latency,herdr,idle,5,False,0.07,0.06,echo_ms,48,2.137103
latency,herdr,idle,5,False,0.07,0.06,echo_ms,49,2.351078
latency,herdr,idle,5,False,0.07,0.06,echo_ms,50,2.350161
latency,herdr,idle,5,False,0.07,0.06,echo_ms,51,2.263536
latency,herdr,idle,5,False,0.07,0.06,echo_ms,52,2.28086
latency,herdr,idle,5,False,0.07,0.06,echo_ms,53,2.343404
latency,herdr,idle,5,False,0.07,0.06,echo_ms,54,2.302475
latency,herdr,idle,5,False,0.07,0.06,echo_ms,55,2.323066
latency,herdr,idle,5,False,0.07,0.06,echo_ms,56,2.175175
latency,herdr,idle,5,False,0.07,0.06,echo_ms,57,2.214526
latency,herdr,idle,5,False,0.07,0.06,echo_ms,58,2.331828
latency,herdr,idle,5,False,0.07,0.06,echo_ms,59,1.417381
latency,herdr,idle,5,False,0.07,0.06,echo_ms,60,2.135877
latency,herdr,idle,5,False,0.07,0.06,echo_ms,61,2.313931
latency,herdr,idle,5,False,0.07,0.06,echo_ms,62,2.296617
latency,herdr,idle,5,False,0.07,0.06,echo_ms,63,2.320226
latency,herdr,idle,5,False,0.07,0.06,echo_ms,64,2.215415
latency,herdr,idle,5,False,0.07,0.06,echo_ms,65,2.164741
latency,herdr,idle,5,False,0.07,0.06,echo_ms,66,2.319776
latency,herdr,idle,5,False,0.07,0.06,echo_ms,67,2.258992
latency,herdr,idle,5,False,0.07,0.06,echo_ms,68,2.331063
latency,herdr,idle,5,False,0.07,0.06,echo_ms,69,2.294097
latency,herdr,idle,5,False,0.07,0.06,echo_ms,70,2.35929
latency,herdr,idle,5,False,0.07,0.06,echo_ms,71,2.034782
latency,herdr,idle,5,False,0.07,0.06,echo_ms,72,2.278234
latency,herdr,idle,5,False,0.07,0.06,echo_ms,73,2.140235
latency,herdr,idle,5,False,0.07,0.06,echo_ms,74,2.185556
latency,herdr,idle,5,False,0.07,0.06,echo_ms,75,2.165664
latency,herdr,idle,5,False,0.07,0.06,echo_ms,76,2.095528
latency,herdr,idle,5,False,0.07,0.06,echo_ms,77,2.292368
latency,herdr,idle,5,False,0.07,0.06,echo_ms,78,2.196137
latency,herdr,idle,5,False,0.07,0.06,echo_ms,79,2.269186
latency,herdr,idle,5,False,0.07,0.06,echo_ms,80,2.192084
latency,herdr,idle,5,False,0.07,0.06,echo_ms,81,2.327501
latency,herdr,idle,5,False,0.07,0.06,echo_ms,82,2.269971
latency,herdr,idle,5,False,0.07,0.06,echo_ms,83,2.292413
latency,herdr,idle,5,False,0.07,0.06,echo_ms,84,2.236297
latency,herdr,idle,5,False,0.07,0.06,echo_ms,85,2.33892
latency,herdr,idle,5,False,0.07,0.06,echo_ms,86,2.301622
latency,herdr,idle,5,False,0.07,0.06,echo_ms,87,2.188761
latency,herdr,idle,5,False,0.07,0.06,echo_ms,88,2.313835
latency,herdr,idle,5,False,0.07,0.06,echo_ms,89,2.310827
latency,herdr,idle,5,False,0.07,0.06,echo_ms,90,2.252223
latency,herdr,idle,5,False,0.07,0.06,echo_ms,91,2.272081
latency,herdr,idle,5,False,0.07,0.06,echo_ms,92,2.173425
latency,herdr,idle,5,False,0.07,0.06,echo_ms,93,2.171075
latency,herdr,idle,5,False,0.07,0.06,echo_ms,94,2.260333
latency,herdr,idle,5,False,0.07,0.06,echo_ms,95,2.283971
latency,herdr,idle,5,False,0.07,0.06,echo_ms,96,2.180285
latency,herdr,idle,5,False,0.07,0.06,echo_ms,97,1.900324
latency,herdr,idle,5,False,0.07,0.06,echo_ms,98,2.32235
latency,herdr,idle,5,False,0.07,0.06,echo_ms,99,2.251844
latency,herdr,idle,5,False,0.07,0.06,timeouts,,0
latency,thurbox,idle,5,False,0.06,0.05,echo_ms,0,5.120352
latency,thurbox,idle,5,False,0.06,0.05,echo_ms,1,3.474732
latency,thurbox,idle,5,False,0.06,0.05,echo_ms,2,3.55127
latency,thurbox,idle,5,False,0.06,0.05,echo_ms,3,4.792219
latency,thurbox,idle,5,False,0.06,0.05,echo_ms,4,4.742185
latency,thurbox,idle,5,False,0.06,0.05,echo_ms,5,4.182616
latency,thurbox,idle,5,False,0.06,0.05,echo_ms,6,4.743904
latency,thurbox,idle,5,False,0.06,0.05,echo_ms,7,1.528683
latency,thurbox,idle,5,False,0.06,0.05,echo_ms,8,3.151845
latency,thurbox,idle,5,False,0.06,0.05,echo_ms,9,4.764688
latency,thurbox,idle,5,False,0.06,0.05,echo_ms,10,5.149344
latency,thurbox,idle,5,False,0.06,0.05,echo_ms,11,4.770372
latency,thurbox,idle,5,False,0.06,0.05,echo_ms,12,3.371382
latency,thurbox,idle,5,False,0.06,0.05,echo_ms,13,6.874862
latency,thurbox,idle,5,False,0.06,0.05,echo_ms,14,3.469217
latency,thurbox,idle,5,False,0.06,0.05,echo_ms,15,6.457873
latency,thurbox,idle,5,False,0.06,0.05,echo_ms,16,3.362831
latency,thurbox,idle,5,False,0.06,0.05,echo_ms,17,4.760197
latency,thurbox,idle,5,False,0.06,0.05,echo_ms,18,4.231319
latency,thurbox,idle,5,False,0.06,0.05,echo_ms,19,4.822546
latency,thurbox,idle,5,False,0.06,0.05,echo_ms,20,3.500477
latency,thurbox,idle,5,False,0.06,0.05,echo_ms,21,3.489928
latency,thurbox,idle,5,False,0.06,0.05,echo_ms,22,3.504213
latency,thurbox,idle,5,False,0.06,0.05,echo_ms,23,3.826297
latency,thurbox,idle,5,False,0.06,0.05,echo_ms,24,3.463062
latency,thurbox,idle,5,False,0.06,0.05,echo_ms,25,1.774683
latency,thurbox,idle,5,False,0.06,0.05,echo_ms,26,3.303607
latency,thurbox,idle,5,False,0.06,0.05,echo_ms,27,3.526637
latency,thurbox,idle,5,False,0.06,0.05,echo_ms,28,2.489633
latency,thurbox,idle,5,False,0.06,0.05,echo_ms,29,1.778337
latency,thurbox,idle,5,False,0.06,0.05,echo_ms,30,5.536315
latency,thurbox,idle,5,False,0.06,0.05,echo_ms,31,4.779948
latency,thurbox,idle,5,False,0.06,0.05,echo_ms,32,4.207287
latency,thurbox,idle,5,False,0.06,0.05,echo_ms,33,4.584737
latency,thurbox,idle,5,False,0.06,0.05,echo_ms,34,3.207714
latency,thurbox,idle,5,False,0.06,0.05,echo_ms,35,4.744189
latency,thurbox,idle,5,False,0.06,0.05,echo_ms,36,3.540573
latency,thurbox,idle,5,False,0.06,0.05,echo_ms,37,4.766289
latency,thurbox,idle,5,False,0.06,0.05,echo_ms,38,3.456924
latency,thurbox,idle,5,False,0.06,0.05,echo_ms,39,4.780263
latency,thurbox,idle,5,False,0.06,0.05,echo_ms,40,3.572526
latency,thurbox,idle,5,False,0.06,0.05,echo_ms,41,3.477681
latency,thurbox,idle,5,False,0.06,0.05,echo_ms,42,3.501937
latency,thurbox,idle,5,False,0.06,0.05,echo_ms,43,4.743118
latency,thurbox,idle,5,False,0.06,0.05,echo_ms,44,3.483657
latency,thurbox,idle,5,False,0.06,0.05,echo_ms,45,3.489636
latency,thurbox,idle,5,False,0.06,0.05,echo_ms,46,3.558628
latency,thurbox,idle,5,False,0.06,0.05,echo_ms,47,4.236092
latency,thurbox,idle,5,False,0.06,0.05,echo_ms,48,4.767863
latency,thurbox,idle,5,False,0.06,0.05,echo_ms,49,4.767439
latency,thurbox,idle,5,False,0.06,0.05,echo_ms,50,3.56285
latency,thurbox,idle,5,False,0.06,0.05,echo_ms,51,4.782129
latency,thurbox,idle,5,False,0.06,0.05,echo_ms,52,4.580634
latency,thurbox,idle,5,False,0.06,0.05,echo_ms,53,3.567239
latency,thurbox,idle,5,False,0.06,0.05,echo_ms,54,3.453629
latency,thurbox,idle,5,False,0.06,0.05,echo_ms,55,1.955519
latency,thurbox,idle,5,False,0.06,0.05,echo_ms,56,4.487384
latency,thurbox,idle,5,False,0.06,0.05,echo_ms,57,4.734538
latency,thurbox,idle,5,False,0.06,0.05,echo_ms,58,3.250057
latency,thurbox,idle,5,False,0.06,0.05,echo_ms,59,7.051082
latency,thurbox,idle,5,False,0.06,0.05,echo_ms,60,6.130189
latency,thurbox,idle,5,False,0.06,0.05,echo_ms,61,4.286861
latency,thurbox,idle,5,False,0.06,0.05,echo_ms,62,4.722693
latency,thurbox,idle,5,False,0.06,0.05,echo_ms,63,4.74168
latency,thurbox,idle,5,False,0.06,0.05,echo_ms,64,4.151797
latency,thurbox,idle,5,False,0.06,0.05,echo_ms,65,2.760367
latency,thurbox,idle,5,False,0.06,0.05,echo_ms,66,3.592608
latency,thurbox,idle,5,False,0.06,0.05,echo_ms,67,3.586691
latency,thurbox,idle,5,False,0.06,0.05,echo_ms,68,4.107451
latency,thurbox,idle,5,False,0.06,0.05,echo_ms,69,5.05725
latency,thurbox,idle,5,False,0.06,0.05,echo_ms,70,4.15357
latency,thurbox,idle,5,False,0.06,0.05,echo_ms,71,3.466113
latency,thurbox,idle,5,False,0.06,0.05,echo_ms,72,4.109162
latency,thurbox,idle,5,False,0.06,0.05,echo_ms,73,5.563457
latency,thurbox,idle,5,False,0.06,0.05,echo_ms,74,3.582137
latency,thurbox,idle,5,False,0.06,0.05,echo_ms,75,3.467419
latency,thurbox,idle,5,False,0.06,0.05,echo_ms,76,3.51505
latency,thurbox,idle,5,False,0.06,0.05,echo_ms,77,3.946685
latency,thurbox,idle,5,False,0.06,0.05,echo_ms,78,4.684564
latency,thurbox,idle,5,False,0.06,0.05,echo_ms,79,5.141181
latency,thurbox,idle,5,False,0.06,0.05,echo_ms,80,4.698224
latency,thurbox,idle,5,False,0.06,0.05,echo_ms,81,3.534734
latency,thurbox,idle,5,False,0.06,0.05,echo_ms,82,4.021627
latency,thurbox,idle,5,False,0.06,0.05,echo_ms,83,4.720574
latency,thurbox,idle,5,False,0.06,0.05,echo_ms,84,3.520376
latency,thurbox,idle,5,False,0.06,0.05,echo_ms,85,1.634718
latency,thurbox,idle,5,False,0.06,0.05,echo_ms,86,4.337532
latency,thurbox,idle,5,False,0.06,0.05,echo_ms,87,3.415206
latency,thurbox,idle,5,False,0.06,0.05,echo_ms,88,3.39972
latency,thurbox,idle,5,False,0.06,0.05,echo_ms,89,3.515195
latency,thurbox,idle,5,False,0.06,0.05,echo_ms,90,3.509499
latency,thurbox,idle,5,False,0.06,0.05,echo_ms,91,4.748686
latency,thurbox,idle,5,False,0.06,0.05,echo_ms,92,4.324897
latency,thurbox,idle,5,False,0.06,0.05,echo_ms,93,4.172059
latency,thurbox,idle,5,False,0.06,0.05,echo_ms,94,4.778469
latency,thurbox,idle,5,False,0.06,0.05,echo_ms,95,3.495359
latency,thurbox,idle,5,False,0.06,0.05,echo_ms,96,7.128683
latency,thurbox,idle,5,False,0.06,0.05,echo_ms,97,4.740529
latency,thurbox,idle,5,False,0.06,0.05,echo_ms,98,4.114412
latency,thurbox,idle,5,False,0.06,0.05,echo_ms,99,4.705554
latency,thurbox,idle,5,False,0.06,0.05,timeouts,,0
latency,tmux,other-busy,0,True,0.05,0.2,echo_ms,0,0.695674
latency,tmux,other-busy,0,True,0.05,0.2,echo_ms,1,0.72697
latency,tmux,other-busy,0,True,0.05,0.2,echo_ms,2,0.681406
latency,tmux,other-busy,0,True,0.05,0.2,echo_ms,3,0.904919
latency,tmux,other-busy,0,True,0.05,0.2,echo_ms,4,1.07619
latency,tmux,other-busy,0,True,0.05,0.2,echo_ms,5,0.688898
latency,tmux,other-busy,0,True,0.05,0.2,echo_ms,6,0.903626
latency,tmux,other-busy,0,True,0.05,0.2,echo_ms,7,0.738029
latency,tmux,other-busy,0,True,0.05,0.2,echo_ms,8,0.67072
latency,tmux,other-busy,0,True,0.05,0.2,echo_ms,9,0.941186
latency,tmux,other-busy,0,True,0.05,0.2,echo_ms,10,0.799571
latency,tmux,other-busy,0,True,0.05,0.2,echo_ms,11,0.771696
latency,tmux,other-busy,0,True,0.05,0.2,echo_ms,12,0.804656
latency,tmux,other-busy,0,True,0.05,0.2,echo_ms,13,0.650049
latency,tmux,other-busy,0,True,0.05,0.2,echo_ms,14,0.767195
latency,tmux,other-busy,0,True,0.05,0.2,echo_ms,15,0.595814
latency,tmux,other-busy,0,True,0.05,0.2,echo_ms,16,0.655697
latency,tmux,other-busy,0,True,0.05,0.2,echo_ms,17,0.850969
latency,tmux,other-busy,0,True,0.05,0.2,echo_ms,18,0.836394
latency,tmux,other-busy,0,True,0.05,0.2,echo_ms,19,0.733707
latency,tmux,other-busy,0,True,0.05,0.2,echo_ms,20,0.754787
latency,tmux,other-busy,0,True,0.05,0.2,echo_ms,21,0.665953
latency,tmux,other-busy,0,True,0.05,0.2,echo_ms,22,0.605476
latency,tmux,other-busy,0,True,0.05,0.2,echo_ms,23,0.77641
latency,tmux,other-busy,0,True,0.05,0.2,echo_ms,24,0.61044
latency,tmux,other-busy,0,True,0.05,0.2,echo_ms,25,0.843991
latency,tmux,other-busy,0,True,0.05,0.2,echo_ms,26,1.029708
latency,tmux,other-busy,0,True,0.05,0.2,echo_ms,27,0.664847
latency,tmux,other-busy,0,True,0.05,0.2,echo_ms,28,0.689821
latency,tmux,other-busy,0,True,0.05,0.2,echo_ms,29,0.804435
latency,tmux,other-busy,0,True,0.05,0.2,echo_ms,30,0.740052
latency,tmux,other-busy,0,True,0.05,0.2,echo_ms,31,0.740467
latency,tmux,other-busy,0,True,0.05,0.2,echo_ms,32,0.818513
latency,tmux,other-busy,0,True,0.05,0.2,echo_ms,33,0.726437
latency,tmux,other-busy,0,True,0.05,0.2,echo_ms,34,0.761155
latency,tmux,other-busy,0,True,0.05,0.2,echo_ms,35,0.629011
latency,tmux,other-busy,0,True,0.05,0.2,echo_ms,36,0.788081
latency,tmux,other-busy,0,True,0.05,0.2,echo_ms,37,0.667874
latency,tmux,other-busy,0,True,0.05,0.2,echo_ms,38,0.776515
latency,tmux,other-busy,0,True,0.05,0.2,echo_ms,39,0.632934
latency,tmux,other-busy,0,True,0.05,0.2,echo_ms,40,0.946684
latency,tmux,other-busy,0,True,0.05,0.2,echo_ms,41,0.665769
latency,tmux,other-busy,0,True,0.05,0.2,echo_ms,42,0.686897
latency,tmux,other-busy,0,True,0.05,0.2,echo_ms,43,0.84955
latency,tmux,other-busy,0,True,0.05,0.2,echo_ms,44,0.954336
latency,tmux,other-busy,0,True,0.05,0.2,echo_ms,45,0.597709
latency,tmux,other-busy,0,True,0.05,0.2,echo_ms,46,0.800145
latency,tmux,other-busy,0,True,0.05,0.2,echo_ms,47,0.74388
latency,tmux,other-busy,0,True,0.05,0.2,echo_ms,48,1.291982
latency,tmux,other-busy,0,True,0.05,0.2,echo_ms,49,0.606642
latency,tmux,other-busy,0,True,0.05,0.2,echo_ms,50,0.678507
latency,tmux,other-busy,0,True,0.05,0.2,echo_ms,51,0.619076
latency,tmux,other-busy,0,True,0.05,0.2,echo_ms,52,0.74468
latency,tmux,other-busy,0,True,0.05,0.2,echo_ms,53,0.711684
latency,tmux,other-busy,0,True,0.05,0.2,echo_ms,54,0.568283
latency,tmux,other-busy,0,True,0.05,0.2,echo_ms,55,0.84435
latency,tmux,other-busy,0,True,0.05,0.2,echo_ms,56,0.780679
latency,tmux,other-busy,0,True,0.05,0.2,echo_ms,57,1.001713
latency,tmux,other-busy,0,True,0.05,0.2,echo_ms,58,0.630289
latency,tmux,other-busy,0,True,0.05,0.2,echo_ms,59,0.685117
latency,tmux,other-busy,0,True,0.05,0.2,echo_ms,60,0.729472
latency,tmux,other-busy,0,True,0.05,0.2,echo_ms,61,0.902643
latency,tmux,other-busy,0,True,0.05,0.2,echo_ms,62,0.734335
latency,tmux,other-busy,0,True,0.05,0.2,echo_ms,63,0.996913
latency,tmux,other-busy,0,True,0.05,0.2,echo_ms,64,0.75785
latency,tmux,other-busy,0,True,0.05,0.2,echo_ms,65,0.818547
latency,tmux,other-busy,0,True,0.05,0.2,echo_ms,66,0.589326
latency,tmux,other-busy,0,True,0.05,0.2,echo_ms,67,0.79261
latency,tmux,other-busy,0,True,0.05,0.2,echo_ms,68,0.856349
latency,tmux,other-busy,0,True,0.05,0.2,echo_ms,69,0.794744
latency,tmux,other-busy,0,True,0.05,0.2,echo_ms,70,0.853713
latency,tmux,other-busy,0,True,0.05,0.2,echo_ms,71,0.629638
latency,tmux,other-busy,0,True,0.05,0.2,echo_ms,72,0.843262
latency,tmux,other-busy,0,True,0.05,0.2,echo_ms,73,0.734628
latency,tmux,other-busy,0,True,0.05,0.2,echo_ms,74,0.745728
latency,tmux,other-busy,0,True,0.05,0.2,echo_ms,75,0.894356
latency,tmux,other-busy,0,True,0.05,0.2,echo_ms,76,1.118604
latency,tmux,other-busy,0,True,0.05,0.2,echo_ms,77,0.927627
latency,tmux,other-busy,0,True,0.05,0.2,echo_ms,78,0.664732
latency,tmux,other-busy,0,True,0.05,0.2,echo_ms,79,0.7872
latency,tmux,other-busy,0,True,0.05,0.2,echo_ms,80,0.955854
latency,tmux,other-busy,0,True,0.05,0.2,echo_ms,81,0.641719
latency,tmux,other-busy,0,True,0.05,0.2,echo_ms,82,0.708652
latency,tmux,other-busy,0,True,0.05,0.2,echo_ms,83,0.789878
latency,tmux,other-busy,0,True,0.05,0.2,echo_ms,84,0.60851
latency,tmux,other-busy,0,True,0.05,0.2,echo_ms,85,0.720831
latency,tmux,other-busy,0,True,0.05,0.2,echo_ms,86,0.778491
latency,tmux,other-busy,0,True,0.05,0.2,echo_ms,87,0.797472
latency,tmux,other-busy,0,True,0.05,0.2,echo_ms,88,0.613133
latency,tmux,other-busy,0,True,0.05,0.2,echo_ms,89,0.591152
latency,tmux,other-busy,0,True,0.05,0.2,echo_ms,90,0.82255
latency,tmux,other-busy,0,True,0.05,0.2,echo_ms,91,0.826998
latency,tmux,other-busy,0,True,0.05,0.2,echo_ms,92,0.841614
latency,tmux,other-busy,0,True,0.05,0.2,echo_ms,93,0.708217
latency,tmux,other-busy,0,True,0.05,0.2,echo_ms,94,0.743571
latency,tmux,other-busy,0,True,0.05,0.2,echo_ms,95,0.79041
latency,tmux,other-busy,0,True,0.05,0.2,echo_ms,96,0.67151
latency,tmux,other-busy,0,True,0.05,0.2,echo_ms,97,0.768487
latency,tmux,other-busy,0,True,0.05,0.2,echo_ms,98,0.945602
latency,tmux,other-busy,0,True,0.05,0.2,echo_ms,99,0.763911
latency,tmux,other-busy,0,True,0.05,0.2,timeouts,,0
latency,herdr,other-busy,0,True,0.2,0.32,echo_ms,0,0.448547
latency,herdr,other-busy,0,True,0.2,0.32,echo_ms,1,0.606738
latency,herdr,other-busy,0,True,0.2,0.32,echo_ms,2,0.489601
latency,herdr,other-busy,0,True,0.2,0.32,echo_ms,3,0.440881
latency,herdr,other-busy,0,True,0.2,0.32,echo_ms,4,0.49586
latency,herdr,other-busy,0,True,0.2,0.32,echo_ms,5,0.413829
latency,herdr,other-busy,0,True,0.2,0.32,echo_ms,6,0.470643
latency,herdr,other-busy,0,True,0.2,0.32,echo_ms,7,0.447694
latency,herdr,other-busy,0,True,0.2,0.32,echo_ms,8,0.435322
latency,herdr,other-busy,0,True,0.2,0.32,echo_ms,9,0.44087
latency,herdr,other-busy,0,True,0.2,0.32,echo_ms,10,0.442931
latency,herdr,other-busy,0,True,0.2,0.32,echo_ms,11,0.479993
latency,herdr,other-busy,0,True,0.2,0.32,echo_ms,12,0.496031
latency,herdr,other-busy,0,True,0.2,0.32,echo_ms,13,0.490606
latency,herdr,other-busy,0,True,0.2,0.32,echo_ms,14,0.503591
latency,herdr,other-busy,0,True,0.2,0.32,echo_ms,15,0.412073
latency,herdr,other-busy,0,True,0.2,0.32,echo_ms,16,0.444552
latency,herdr,other-busy,0,True,0.2,0.32,echo_ms,17,0.475733
latency,herdr,other-busy,0,True,0.2,0.32,echo_ms,18,0.428153
latency,herdr,other-busy,0,True,0.2,0.32,echo_ms,19,0.463796
latency,herdr,other-busy,0,True,0.2,0.32,echo_ms,20,0.451266
latency,herdr,other-busy,0,True,0.2,0.32,echo_ms,21,1.469423
latency,herdr,other-busy,0,True,0.2,0.32,echo_ms,22,0.497628
latency,herdr,other-busy,0,True,0.2,0.32,echo_ms,23,0.435907
latency,herdr,other-busy,0,True,0.2,0.32,echo_ms,24,0.461549
latency,herdr,other-busy,0,True,0.2,0.32,echo_ms,25,0.439005
latency,herdr,other-busy,0,True,0.2,0.32,echo_ms,26,0.446014
latency,herdr,other-busy,0,True,0.2,0.32,echo_ms,27,0.454303
latency,herdr,other-busy,0,True,0.2,0.32,echo_ms,28,0.423445
latency,herdr,other-busy,0,True,0.2,0.32,echo_ms,29,0.454797
latency,herdr,other-busy,0,True,0.2,0.32,echo_ms,30,0.411963
latency,herdr,other-busy,0,True,0.2,0.32,echo_ms,31,0.434475
latency,herdr,other-busy,0,True,0.2,0.32,echo_ms,32,0.435612
latency,herdr,other-busy,0,True,0.2,0.32,echo_ms,33,0.44988
latency,herdr,other-busy,0,True,0.2,0.32,echo_ms,34,0.539061
latency,herdr,other-busy,0,True,0.2,0.32,echo_ms,35,0.408845
latency,herdr,other-busy,0,True,0.2,0.32,echo_ms,36,0.445634
latency,herdr,other-busy,0,True,0.2,0.32,echo_ms,37,0.462572
latency,herdr,other-busy,0,True,0.2,0.32,echo_ms,38,0.469259
latency,herdr,other-busy,0,True,0.2,0.32,echo_ms,39,0.412835
latency,herdr,other-busy,0,True,0.2,0.32,echo_ms,40,0.439126
latency,herdr,other-busy,0,True,0.2,0.32,echo_ms,41,0.435751
latency,herdr,other-busy,0,True,0.2,0.32,echo_ms,42,0.45209
latency,herdr,other-busy,0,True,0.2,0.32,echo_ms,43,0.53634
latency,herdr,other-busy,0,True,0.2,0.32,echo_ms,44,0.478384
latency,herdr,other-busy,0,True,0.2,0.32,echo_ms,45,0.432036
latency,herdr,other-busy,0,True,0.2,0.32,echo_ms,46,0.46918
latency,herdr,other-busy,0,True,0.2,0.32,echo_ms,47,0.495969
latency,herdr,other-busy,0,True,0.2,0.32,echo_ms,48,0.413378
latency,herdr,other-busy,0,True,0.2,0.32,echo_ms,49,0.429532
latency,herdr,other-busy,0,True,0.2,0.32,echo_ms,50,0.446998
latency,herdr,other-busy,0,True,0.2,0.32,echo_ms,51,0.453855
latency,herdr,other-busy,0,True,0.2,0.32,echo_ms,52,0.432511
latency,herdr,other-busy,0,True,0.2,0.32,echo_ms,53,0.47997
latency,herdr,other-busy,0,True,0.2,0.32,echo_ms,54,0.477363
latency,herdr,other-busy,0,True,0.2,0.32,echo_ms,55,0.48398
latency,herdr,other-busy,0,True,0.2,0.32,echo_ms,56,0.514268
latency,herdr,other-busy,0,True,0.2,0.32,echo_ms,57,0.432847
latency,herdr,other-busy,0,True,0.2,0.32,echo_ms,58,0.420995
latency,herdr,other-busy,0,True,0.2,0.32,echo_ms,59,0.439711
latency,herdr,other-busy,0,True,0.2,0.32,echo_ms,60,0.463302
latency,herdr,other-busy,0,True,0.2,0.32,echo_ms,61,0.462388
latency,herdr,other-busy,0,True,0.2,0.32,echo_ms,62,0.470774
latency,herdr,other-busy,0,True,0.2,0.32,echo_ms,63,0.441149
latency,herdr,other-busy,0,True,0.2,0.32,echo_ms,64,0.494512
latency,herdr,other-busy,0,True,0.2,0.32,echo_ms,65,0.520385
latency,herdr,other-busy,0,True,0.2,0.32,echo_ms,66,0.483284
latency,herdr,other-busy,0,True,0.2,0.32,echo_ms,67,0.434719
latency,herdr,other-busy,0,True,0.2,0.32,echo_ms,68,0.48754
latency,herdr,other-busy,0,True,0.2,0.32,echo_ms,69,0.416662
latency,herdr,other-busy,0,True,0.2,0.32,echo_ms,70,0.581833
latency,herdr,other-busy,0,True,0.2,0.32,echo_ms,71,0.431197
latency,herdr,other-busy,0,True,0.2,0.32,echo_ms,72,0.501602
latency,herdr,other-busy,0,True,0.2,0.32,echo_ms,73,0.421554
latency,herdr,other-busy,0,True,0.2,0.32,echo_ms,74,0.456033
latency,herdr,other-busy,0,True,0.2,0.32,echo_ms,75,0.436141
latency,herdr,other-busy,0,True,0.2,0.32,echo_ms,76,0.443723
latency,herdr,other-busy,0,True,0.2,0.32,echo_ms,77,0.445907
latency,herdr,other-busy,0,True,0.2,0.32,echo_ms,78,0.447047
latency,herdr,other-busy,0,True,0.2,0.32,echo_ms,79,0.44807
latency,herdr,other-busy,0,True,0.2,0.32,echo_ms,80,0.439732
latency,herdr,other-busy,0,True,0.2,0.32,echo_ms,81,0.451591
latency,herdr,other-busy,0,True,0.2,0.32,echo_ms,82,0.517362
latency,herdr,other-busy,0,True,0.2,0.32,echo_ms,83,0.510454
latency,herdr,other-busy,0,True,0.2,0.32,echo_ms,84,0.441461
latency,herdr,other-busy,0,True,0.2,0.32,echo_ms,85,0.453354
latency,herdr,other-busy,0,True,0.2,0.32,echo_ms,86,0.441827
latency,herdr,other-busy,0,True,0.2,0.32,echo_ms,87,0.423844
latency,herdr,other-busy,0,True,0.2,0.32,echo_ms,88,0.500559
latency,herdr,other-busy,0,True,0.2,0.32,echo_ms,89,0.500515
latency,herdr,other-busy,0,True,0.2,0.32,echo_ms,90,0.44019
latency,herdr,other-busy,0,True,0.2,0.32,echo_ms,91,0.547611
latency,herdr,other-busy,0,True,0.2,0.32,echo_ms,92,0.430497
latency,herdr,other-busy,0,True,0.2,0.32,echo_ms,93,0.434465
latency,herdr,other-busy,0,True,0.2,0.32,echo_ms,94,0.481249
latency,herdr,other-busy,0,True,0.2,0.32,echo_ms,95,0.422563
latency,herdr,other-busy,0,True,0.2,0.32,echo_ms,96,0.498948
latency,herdr,other-busy,0,True,0.2,0.32,echo_ms,97,0.438901
latency,herdr,other-busy,0,True,0.2,0.32,echo_ms,98,0.456223
latency,herdr,other-busy,0,True,0.2,0.32,echo_ms,99,0.429313
latency,herdr,other-busy,0,True,0.2,0.32,timeouts,,0
latency,thurbox,other-busy,0,True,0.32,0.5,echo_ms,0,2.099781
latency,thurbox,other-busy,0,True,0.32,0.5,echo_ms,1,1.8707
latency,thurbox,other-busy,0,True,0.32,0.5,echo_ms,2,2.272935
latency,thurbox,other-busy,0,True,0.32,0.5,echo_ms,3,1.243375
latency,thurbox,other-busy,0,True,0.32,0.5,echo_ms,4,1.939628
latency,thurbox,other-busy,0,True,0.32,0.5,echo_ms,5,2.664636
latency,thurbox,other-busy,0,True,0.32,0.5,echo_ms,6,1.561893
latency,thurbox,other-busy,0,True,0.32,0.5,echo_ms,7,1.532602
latency,thurbox,other-busy,0,True,0.32,0.5,echo_ms,8,1.707115
latency,thurbox,other-busy,0,True,0.32,0.5,echo_ms,9,2.670431
latency,thurbox,other-busy,0,True,0.32,0.5,echo_ms,10,2.458962
latency,thurbox,other-busy,0,True,0.32,0.5,echo_ms,11,1.693141
latency,thurbox,other-busy,0,True,0.32,0.5,echo_ms,12,2.540176
latency,thurbox,other-busy,0,True,0.32,0.5,echo_ms,13,1.272831
latency,thurbox,other-busy,0,True,0.32,0.5,echo_ms,14,2.360018
latency,thurbox,other-busy,0,True,0.32,0.5,echo_ms,15,2.359871
latency,thurbox,other-busy,0,True,0.32,0.5,echo_ms,16,1.360253
latency,thurbox,other-busy,0,True,0.32,0.5,echo_ms,17,1.3409
latency,thurbox,other-busy,0,True,0.32,0.5,echo_ms,18,1.611493
latency,thurbox,other-busy,0,True,0.32,0.5,echo_ms,19,2.64227
latency,thurbox,other-busy,0,True,0.32,0.5,echo_ms,20,1.365619
latency,thurbox,other-busy,0,True,0.32,0.5,echo_ms,21,1.560014
latency,thurbox,other-busy,0,True,0.32,0.5,echo_ms,22,2.203462
latency,thurbox,other-busy,0,True,0.32,0.5,echo_ms,23,2.136612
latency,thurbox,other-busy,0,True,0.32,0.5,echo_ms,24,1.873219
latency,thurbox,other-busy,0,True,0.32,0.5,echo_ms,25,2.275065
latency,thurbox,other-busy,0,True,0.32,0.5,echo_ms,26,1.912404
latency,thurbox,other-busy,0,True,0.32,0.5,echo_ms,27,2.086734
latency,thurbox,other-busy,0,True,0.32,0.5,echo_ms,28,1.797959
latency,thurbox,other-busy,0,True,0.32,0.5,echo_ms,29,3.017174
latency,thurbox,other-busy,0,True,0.32,0.5,echo_ms,30,3.595367
latency,thurbox,other-busy,0,True,0.32,0.5,echo_ms,31,1.777419
latency,thurbox,other-busy,0,True,0.32,0.5,echo_ms,32,2.125448
latency,thurbox,other-busy,0,True,0.32,0.5,echo_ms,33,2.192
latency,thurbox,other-busy,0,True,0.32,0.5,echo_ms,34,1.562519
latency,thurbox,other-busy,0,True,0.32,0.5,echo_ms,35,2.202003
latency,thurbox,other-busy,0,True,0.32,0.5,echo_ms,36,5.451752
latency,thurbox,other-busy,0,True,0.32,0.5,echo_ms,37,1.957201
latency,thurbox,other-busy,0,True,0.32,0.5,echo_ms,38,1.811471
latency,thurbox,other-busy,0,True,0.32,0.5,echo_ms,39,2.043309
latency,thurbox,other-busy,0,True,0.32,0.5,echo_ms,40,1.927764
latency,thurbox,other-busy,0,True,0.32,0.5,echo_ms,41,1.863122
latency,thurbox,other-busy,0,True,0.32,0.5,echo_ms,42,1.842867
latency,thurbox,other-busy,0,True,0.32,0.5,echo_ms,43,1.784611
latency,thurbox,other-busy,0,True,0.32,0.5,echo_ms,44,1.69798
latency,thurbox,other-busy,0,True,0.32,0.5,echo_ms,45,2.035649
latency,thurbox,other-busy,0,True,0.32,0.5,echo_ms,46,1.777225
latency,thurbox,other-busy,0,True,0.32,0.5,echo_ms,47,1.705015
latency,thurbox,other-busy,0,True,0.32,0.5,echo_ms,48,2.325878
latency,thurbox,other-busy,0,True,0.32,0.5,echo_ms,49,2.115446
latency,thurbox,other-busy,0,True,0.32,0.5,echo_ms,50,1.60902
latency,thurbox,other-busy,0,True,0.32,0.5,echo_ms,51,2.283343
latency,thurbox,other-busy,0,True,0.32,0.5,echo_ms,52,1.783577
latency,thurbox,other-busy,0,True,0.32,0.5,echo_ms,53,1.993103
latency,thurbox,other-busy,0,True,0.32,0.5,echo_ms,54,1.645691
latency,thurbox,other-busy,0,True,0.32,0.5,echo_ms,55,1.707365
latency,thurbox,other-busy,0,True,0.32,0.5,echo_ms,56,1.907718
latency,thurbox,other-busy,0,True,0.32,0.5,echo_ms,57,1.673165
latency,thurbox,other-busy,0,True,0.32,0.5,echo_ms,58,1.930135
latency,thurbox,other-busy,0,True,0.32,0.5,echo_ms,59,1.556125
latency,thurbox,other-busy,0,True,0.32,0.5,echo_ms,60,1.932
latency,thurbox,other-busy,0,True,0.32,0.5,echo_ms,61,1.916644
latency,thurbox,other-busy,0,True,0.32,0.5,echo_ms,62,2.55342
latency,thurbox,other-busy,0,True,0.32,0.5,echo_ms,63,1.698188
latency,thurbox,other-busy,0,True,0.32,0.5,echo_ms,64,1.561297
latency,thurbox,other-busy,0,True,0.32,0.5,echo_ms,65,1.831752
latency,thurbox,other-busy,0,True,0.32,0.5,echo_ms,66,1.854236
latency,thurbox,other-busy,0,True,0.32,0.5,echo_ms,67,1.901087
latency,thurbox,other-busy,0,True,0.32,0.5,echo_ms,68,2.74765
latency,thurbox,other-busy,0,True,0.32,0.5,echo_ms,69,1.943388
latency,thurbox,other-busy,0,True,0.32,0.5,echo_ms,70,1.854908
latency,thurbox,other-busy,0,True,0.32,0.5,echo_ms,71,1.456211
latency,thurbox,other-busy,0,True,0.32,0.5,echo_ms,72,1.885067
latency,thurbox,other-busy,0,True,0.32,0.5,echo_ms,73,2.251276
latency,thurbox,other-busy,0,True,0.32,0.5,echo_ms,74,2.17733
latency,thurbox,other-busy,0,True,0.32,0.5,echo_ms,75,2.211056
latency,thurbox,other-busy,0,True,0.32,0.5,echo_ms,76,2.203729
latency,thurbox,other-busy,0,True,0.32,0.5,echo_ms,77,1.962019
latency,thurbox,other-busy,0,True,0.32,0.5,echo_ms,78,1.741712
latency,thurbox,other-busy,0,True,0.32,0.5,echo_ms,79,1.768085
latency,thurbox,other-busy,0,True,0.32,0.5,echo_ms,80,1.904342
latency,thurbox,other-busy,0,True,0.32,0.5,echo_ms,81,1.784355
latency,thurbox,other-busy,0,True,0.32,0.5,echo_ms,82,1.693449
latency,thurbox,other-busy,0,True,0.32,0.5,echo_ms,83,1.445598
latency,thurbox,other-busy,0,True,0.32,0.5,echo_ms,84,1.973471
latency,thurbox,other-busy,0,True,0.32,0.5,echo_ms,85,2.644974
latency,thurbox,other-busy,0,True,0.32,0.5,echo_ms,86,1.67818
latency,thurbox,other-busy,0,True,0.32,0.5,echo_ms,87,2.060264
latency,thurbox,other-busy,0,True,0.32,0.5,echo_ms,88,1.688476
latency,thurbox,other-busy,0,True,0.32,0.5,echo_ms,89,1.634307
latency,thurbox,other-busy,0,True,0.32,0.5,echo_ms,90,2.193733
latency,thurbox,other-busy,0,True,0.32,0.5,echo_ms,91,1.929586
latency,thurbox,other-busy,0,True,0.32,0.5,echo_ms,92,2.205444
latency,thurbox,other-busy,0,True,0.32,0.5,echo_ms,93,1.769905
latency,thurbox,other-busy,0,True,0.32,0.5,echo_ms,94,1.7189
latency,thurbox,other-busy,0,True,0.32,0.5,echo_ms,95,2.114312
latency,thurbox,other-busy,0,True,0.32,0.5,echo_ms,96,1.783418
latency,thurbox,other-busy,0,True,0.32,0.5,echo_ms,97,1.577426
latency,thurbox,other-busy,0,True,0.32,0.5,echo_ms,98,1.615728
latency,thurbox,other-busy,0,True,0.32,0.5,echo_ms,99,2.205
latency,thurbox,other-busy,0,True,0.32,0.5,timeouts,,0
latency,tmux,other-busy,1,False,0.5,0.73,echo_ms,0,0.870111
latency,tmux,other-busy,1,False,0.5,0.73,echo_ms,1,0.579737
latency,tmux,other-busy,1,False,0.5,0.73,echo_ms,2,0.578346
latency,tmux,other-busy,1,False,0.5,0.73,echo_ms,3,0.812214
latency,tmux,other-busy,1,False,0.5,0.73,echo_ms,4,0.768357
latency,tmux,other-busy,1,False,0.5,0.73,echo_ms,5,0.62483
latency,tmux,other-busy,1,False,0.5,0.73,echo_ms,6,0.846829
latency,tmux,other-busy,1,False,0.5,0.73,echo_ms,7,0.731295
latency,tmux,other-busy,1,False,0.5,0.73,echo_ms,8,0.729947
latency,tmux,other-busy,1,False,0.5,0.73,echo_ms,9,0.550804
latency,tmux,other-busy,1,False,0.5,0.73,echo_ms,10,0.829575
latency,tmux,other-busy,1,False,0.5,0.73,echo_ms,11,0.876788
latency,tmux,other-busy,1,False,0.5,0.73,echo_ms,12,0.647134
latency,tmux,other-busy,1,False,0.5,0.73,echo_ms,13,0.839546
latency,tmux,other-busy,1,False,0.5,0.73,echo_ms,14,0.576992
latency,tmux,other-busy,1,False,0.5,0.73,echo_ms,15,0.663147
latency,tmux,other-busy,1,False,0.5,0.73,echo_ms,16,0.35082
latency,tmux,other-busy,1,False,0.5,0.73,echo_ms,17,0.771439
latency,tmux,other-busy,1,False,0.5,0.73,echo_ms,18,0.847001
latency,tmux,other-busy,1,False,0.5,0.73,echo_ms,19,0.632372
latency,tmux,other-busy,1,False,0.5,0.73,echo_ms,20,0.741639
latency,tmux,other-busy,1,False,0.5,0.73,echo_ms,21,0.963535
latency,tmux,other-busy,1,False,0.5,0.73,echo_ms,22,1.025836
latency,tmux,other-busy,1,False,0.5,0.73,echo_ms,23,0.938286
latency,tmux,other-busy,1,False,0.5,0.73,echo_ms,24,0.917299
latency,tmux,other-busy,1,False,0.5,0.73,echo_ms,25,0.922149
latency,tmux,other-busy,1,False,0.5,0.73,echo_ms,26,0.697484
latency,tmux,other-busy,1,False,0.5,0.73,echo_ms,27,0.600314
latency,tmux,other-busy,1,False,0.5,0.73,echo_ms,28,0.665071
latency,tmux,other-busy,1,False,0.5,0.73,echo_ms,29,0.846456
latency,tmux,other-busy,1,False,0.5,0.73,echo_ms,30,0.945507
latency,tmux,other-busy,1,False,0.5,0.73,echo_ms,31,0.734996
latency,tmux,other-busy,1,False,0.5,0.73,echo_ms,32,0.933213
latency,tmux,other-busy,1,False,0.5,0.73,echo_ms,33,0.568051
latency,tmux,other-busy,1,False,0.5,0.73,echo_ms,34,0.655063
latency,tmux,other-busy,1,False,0.5,0.73,echo_ms,35,0.541576
latency,tmux,other-busy,1,False,0.5,0.73,echo_ms,36,0.64512
latency,tmux,other-busy,1,False,0.5,0.73,echo_ms,37,0.758548
latency,tmux,other-busy,1,False,0.5,0.73,echo_ms,38,0.882638
latency,tmux,other-busy,1,False,0.5,0.73,echo_ms,39,0.839835
latency,tmux,other-busy,1,False,0.5,0.73,echo_ms,40,0.729698
latency,tmux,other-busy,1,False,0.5,0.73,echo_ms,41,0.741849
latency,tmux,other-busy,1,False,0.5,0.73,echo_ms,42,0.874372
latency,tmux,other-busy,1,False,0.5,0.73,echo_ms,43,0.764703
latency,tmux,other-busy,1,False,0.5,0.73,echo_ms,44,0.805787
latency,tmux,other-busy,1,False,0.5,0.73,echo_ms,45,0.580094
latency,tmux,other-busy,1,False,0.5,0.73,echo_ms,46,0.870448
latency,tmux,other-busy,1,False,0.5,0.73,echo_ms,47,0.563502
latency,tmux,other-busy,1,False,0.5,0.73,echo_ms,48,0.592941
latency,tmux,other-busy,1,False,0.5,0.73,echo_ms,49,0.772477
latency,tmux,other-busy,1,False,0.5,0.73,echo_ms,50,0.867252
latency,tmux,other-busy,1,False,0.5,0.73,echo_ms,51,0.620818
latency,tmux,other-busy,1,False,0.5,0.73,echo_ms,52,0.711313
latency,tmux,other-busy,1,False,0.5,0.73,echo_ms,53,0.276176
latency,tmux,other-busy,1,False,0.5,0.73,echo_ms,54,0.89388
latency,tmux,other-busy,1,False,0.5,0.73,echo_ms,55,0.598047
latency,tmux,other-busy,1,False,0.5,0.73,echo_ms,56,0.947251
latency,tmux,other-busy,1,False,0.5,0.73,echo_ms,57,0.731402
latency,tmux,other-busy,1,False,0.5,0.73,echo_ms,58,0.686859
latency,tmux,other-busy,1,False,0.5,0.73,echo_ms,59,0.875837
latency,tmux,other-busy,1,False,0.5,0.73,echo_ms,60,0.62804
latency,tmux,other-busy,1,False,0.5,0.73,echo_ms,61,0.85178
latency,tmux,other-busy,1,False,0.5,0.73,echo_ms,62,0.612502
latency,tmux,other-busy,1,False,0.5,0.73,echo_ms,63,0.736667
latency,tmux,other-busy,1,False,0.5,0.73,echo_ms,64,0.856385
latency,tmux,other-busy,1,False,0.5,0.73,echo_ms,65,0.812132
latency,tmux,other-busy,1,False,0.5,0.73,echo_ms,66,0.664429
latency,tmux,other-busy,1,False,0.5,0.73,echo_ms,67,0.882769
latency,tmux,other-busy,1,False,0.5,0.73,echo_ms,68,0.946347
latency,tmux,other-busy,1,False,0.5,0.73,echo_ms,69,0.698487
latency,tmux,other-busy,1,False,0.5,0.73,echo_ms,70,0.848313
latency,tmux,other-busy,1,False,0.5,0.73,echo_ms,71,0.623076
latency,tmux,other-busy,1,False,0.5,0.73,echo_ms,72,0.738255
latency,tmux,other-busy,1,False,0.5,0.73,echo_ms,73,0.657256
latency,tmux,other-busy,1,False,0.5,0.73,echo_ms,74,0.844546
latency,tmux,other-busy,1,False,0.5,0.73,echo_ms,75,0.809141
latency,tmux,other-busy,1,False,0.5,0.73,echo_ms,76,0.764714
latency,tmux,other-busy,1,False,0.5,0.73,echo_ms,77,0.773411
latency,tmux,other-busy,1,False,0.5,0.73,echo_ms,78,0.949394
latency,tmux,other-busy,1,False,0.5,0.73,echo_ms,79,0.773905
latency,tmux,other-busy,1,False,0.5,0.73,echo_ms,80,0.713579
latency,tmux,other-busy,1,False,0.5,0.73,echo_ms,81,0.707595
latency,tmux,other-busy,1,False,0.5,0.73,echo_ms,82,0.808695
latency,tmux,other-busy,1,False,0.5,0.73,echo_ms,83,0.907146
latency,tmux,other-busy,1,False,0.5,0.73,echo_ms,84,0.604589
latency,tmux,other-busy,1,False,0.5,0.73,echo_ms,85,0.811674
latency,tmux,other-busy,1,False,0.5,0.73,echo_ms,86,0.66166
latency,tmux,other-busy,1,False,0.5,0.73,echo_ms,87,0.688725
latency,tmux,other-busy,1,False,0.5,0.73,echo_ms,88,0.83132
latency,tmux,other-busy,1,False,0.5,0.73,echo_ms,89,0.587813
latency,tmux,other-busy,1,False,0.5,0.73,echo_ms,90,0.859851
latency,tmux,other-busy,1,False,0.5,0.73,echo_ms,91,0.70871
latency,tmux,other-busy,1,False,0.5,0.73,echo_ms,92,0.626199
latency,tmux,other-busy,1,False,0.5,0.73,echo_ms,93,0.736695
latency,tmux,other-busy,1,False,0.5,0.73,echo_ms,94,0.841446
latency,tmux,other-busy,1,False,0.5,0.73,echo_ms,95,0.730408
latency,tmux,other-busy,1,False,0.5,0.73,echo_ms,96,0.67491
latency,tmux,other-busy,1,False,0.5,0.73,echo_ms,97,0.838014
latency,tmux,other-busy,1,False,0.5,0.73,echo_ms,98,0.831155
latency,tmux,other-busy,1,False,0.5,0.73,echo_ms,99,0.635889
latency,tmux,other-busy,1,False,0.5,0.73,timeouts,,0
latency,herdr,other-busy,1,False,0.73,0.77,echo_ms,0,0.430293
latency,herdr,other-busy,1,False,0.73,0.77,echo_ms,1,0.467571
latency,herdr,other-busy,1,False,0.73,0.77,echo_ms,2,0.446614
latency,herdr,other-busy,1,False,0.73,0.77,echo_ms,3,0.445001
latency,herdr,other-busy,1,False,0.73,0.77,echo_ms,4,0.478818
latency,herdr,other-busy,1,False,0.73,0.77,echo_ms,5,0.442546
latency,herdr,other-busy,1,False,0.73,0.77,echo_ms,6,0.455843
latency,herdr,other-busy,1,False,0.73,0.77,echo_ms,7,0.395955
latency,herdr,other-busy,1,False,0.73,0.77,echo_ms,8,0.476357
latency,herdr,other-busy,1,False,0.73,0.77,echo_ms,9,0.556382
latency,herdr,other-busy,1,False,0.73,0.77,echo_ms,10,0.451177
latency,herdr,other-busy,1,False,0.73,0.77,echo_ms,11,0.42501
latency,herdr,other-busy,1,False,0.73,0.77,echo_ms,12,0.452736
latency,herdr,other-busy,1,False,0.73,0.77,echo_ms,13,0.424536
latency,herdr,other-busy,1,False,0.73,0.77,echo_ms,14,0.441054
latency,herdr,other-busy,1,False,0.73,0.77,echo_ms,15,0.435163
latency,herdr,other-busy,1,False,0.73,0.77,echo_ms,16,0.432965
latency,herdr,other-busy,1,False,0.73,0.77,echo_ms,17,0.456896
latency,herdr,other-busy,1,False,0.73,0.77,echo_ms,18,0.433575
latency,herdr,other-busy,1,False,0.73,0.77,echo_ms,19,0.524596
latency,herdr,other-busy,1,False,0.73,0.77,echo_ms,20,0.465871
latency,herdr,other-busy,1,False,0.73,0.77,echo_ms,21,0.444024
latency,herdr,other-busy,1,False,0.73,0.77,echo_ms,22,0.443408
latency,herdr,other-busy,1,False,0.73,0.77,echo_ms,23,0.495516
latency,herdr,other-busy,1,False,0.73,0.77,echo_ms,24,0.459046
latency,herdr,other-busy,1,False,0.73,0.77,echo_ms,25,0.419534
latency,herdr,other-busy,1,False,0.73,0.77,echo_ms,26,0.430861
latency,herdr,other-busy,1,False,0.73,0.77,echo_ms,27,0.473256
latency,herdr,other-busy,1,False,0.73,0.77,echo_ms,28,0.44458
latency,herdr,other-busy,1,False,0.73,0.77,echo_ms,29,0.428207
latency,herdr,other-busy,1,False,0.73,0.77,echo_ms,30,0.455175
latency,herdr,other-busy,1,False,0.73,0.77,echo_ms,31,0.459127
latency,herdr,other-busy,1,False,0.73,0.77,echo_ms,32,0.434998
latency,herdr,other-busy,1,False,0.73,0.77,echo_ms,33,0.441855
latency,herdr,other-busy,1,False,0.73,0.77,echo_ms,34,0.443922
latency,herdr,other-busy,1,False,0.73,0.77,echo_ms,35,0.459002
latency,herdr,other-busy,1,False,0.73,0.77,echo_ms,36,0.489333
latency,herdr,other-busy,1,False,0.73,0.77,echo_ms,37,0.429066
latency,herdr,other-busy,1,False,0.73,0.77,echo_ms,38,0.412558
latency,herdr,other-busy,1,False,0.73,0.77,echo_ms,39,0.431642
latency,herdr,other-busy,1,False,0.73,0.77,echo_ms,40,0.432631
latency,herdr,other-busy,1,False,0.73,0.77,echo_ms,41,0.411439
latency,herdr,other-busy,1,False,0.73,0.77,echo_ms,42,0.436555
latency,herdr,other-busy,1,False,0.73,0.77,echo_ms,43,0.440195
latency,herdr,other-busy,1,False,0.73,0.77,echo_ms,44,1.374057
latency,herdr,other-busy,1,False,0.73,0.77,echo_ms,45,0.435214
latency,herdr,other-busy,1,False,0.73,0.77,echo_ms,46,0.411252
latency,herdr,other-busy,1,False,0.73,0.77,echo_ms,47,0.433959
latency,herdr,other-busy,1,False,0.73,0.77,echo_ms,48,0.440498
latency,herdr,other-busy,1,False,0.73,0.77,echo_ms,49,0.451486
latency,herdr,other-busy,1,False,0.73,0.77,echo_ms,50,0.451671
latency,herdr,other-busy,1,False,0.73,0.77,echo_ms,51,0.443084
latency,herdr,other-busy,1,False,0.73,0.77,echo_ms,52,0.521944
latency,herdr,other-busy,1,False,0.73,0.77,echo_ms,53,0.429799
latency,herdr,other-busy,1,False,0.73,0.77,echo_ms,54,0.42766
latency,herdr,other-busy,1,False,0.73,0.77,echo_ms,55,0.643333
latency,herdr,other-busy,1,False,0.73,0.77,echo_ms,56,0.451764
latency,herdr,other-busy,1,False,0.73,0.77,echo_ms,57,0.425881
latency,herdr,other-busy,1,False,0.73,0.77,echo_ms,58,0.495669
latency,herdr,other-busy,1,False,0.73,0.77,echo_ms,59,0.415758
latency,herdr,other-busy,1,False,0.73,0.77,echo_ms,60,0.485209
latency,herdr,other-busy,1,False,0.73,0.77,echo_ms,61,0.452225
latency,herdr,other-busy,1,False,0.73,0.77,echo_ms,62,0.427406
latency,herdr,other-busy,1,False,0.73,0.77,echo_ms,63,0.418839
latency,herdr,other-busy,1,False,0.73,0.77,echo_ms,64,0.404319
latency,herdr,other-busy,1,False,0.73,0.77,echo_ms,65,0.493224
latency,herdr,other-busy,1,False,0.73,0.77,echo_ms,66,0.458963
latency,herdr,other-busy,1,False,0.73,0.77,echo_ms,67,0.417968
latency,herdr,other-busy,1,False,0.73,0.77,echo_ms,68,0.487464
latency,herdr,other-busy,1,False,0.73,0.77,echo_ms,69,0.443141
latency,herdr,other-busy,1,False,0.73,0.77,echo_ms,70,0.421881
latency,herdr,other-busy,1,False,0.73,0.77,echo_ms,71,0.532153
latency,herdr,other-busy,1,False,0.73,0.77,echo_ms,72,0.416341
latency,herdr,other-busy,1,False,0.73,0.77,echo_ms,73,0.440762
latency,herdr,other-busy,1,False,0.73,0.77,echo_ms,74,0.428291
latency,herdr,other-busy,1,False,0.73,0.77,echo_ms,75,0.456132
latency,herdr,other-busy,1,False,0.73,0.77,echo_ms,76,0.412043
latency,herdr,other-busy,1,False,0.73,0.77,echo_ms,77,0.484908
latency,herdr,other-busy,1,False,0.73,0.77,echo_ms,78,0.461558
latency,herdr,other-busy,1,False,0.73,0.77,echo_ms,79,0.460308
latency,herdr,other-busy,1,False,0.73,0.77,echo_ms,80,0.451974
latency,herdr,other-busy,1,False,0.73,0.77,echo_ms,81,0.417549
latency,herdr,other-busy,1,False,0.73,0.77,echo_ms,82,0.477701
latency,herdr,other-busy,1,False,0.73,0.77,echo_ms,83,0.413729
latency,herdr,other-busy,1,False,0.73,0.77,echo_ms,84,0.453975
latency,herdr,other-busy,1,False,0.73,0.77,echo_ms,85,0.422059
latency,herdr,other-busy,1,False,0.73,0.77,echo_ms,86,0.459558
latency,herdr,other-busy,1,False,0.73,0.77,echo_ms,87,0.438078
latency,herdr,other-busy,1,False,0.73,0.77,echo_ms,88,0.423352
latency,herdr,other-busy,1,False,0.73,0.77,echo_ms,89,0.449635
latency,herdr,other-busy,1,False,0.73,0.77,echo_ms,90,0.819665
latency,herdr,other-busy,1,False,0.73,0.77,echo_ms,91,0.424496
latency,herdr,other-busy,1,False,0.73,0.77,echo_ms,92,0.591527
latency,herdr,other-busy,1,False,0.73,0.77,echo_ms,93,0.438061
latency,herdr,other-busy,1,False,0.73,0.77,echo_ms,94,0.426945
latency,herdr,other-busy,1,False,0.73,0.77,echo_ms,95,0.423005
latency,herdr,other-busy,1,False,0.73,0.77,echo_ms,96,0.528177
latency,herdr,other-busy,1,False,0.73,0.77,echo_ms,97,0.461016
latency,herdr,other-busy,1,False,0.73,0.77,echo_ms,98,0.530038
latency,herdr,other-busy,1,False,0.73,0.77,echo_ms,99,0.788589
latency,herdr,other-busy,1,False,0.73,0.77,timeouts,,0
latency,thurbox,other-busy,1,False,0.77,0.88,echo_ms,0,1.782563
latency,thurbox,other-busy,1,False,0.77,0.88,echo_ms,1,1.960141
latency,thurbox,other-busy,1,False,0.77,0.88,echo_ms,2,1.378091
latency,thurbox,other-busy,1,False,0.77,0.88,echo_ms,3,1.589898
latency,thurbox,other-busy,1,False,0.77,0.88,echo_ms,4,1.756236
latency,thurbox,other-busy,1,False,0.77,0.88,echo_ms,5,1.918918
latency,thurbox,other-busy,1,False,0.77,0.88,echo_ms,6,2.284315
latency,thurbox,other-busy,1,False,0.77,0.88,echo_ms,7,1.577068
latency,thurbox,other-busy,1,False,0.77,0.88,echo_ms,8,2.330457
latency,thurbox,other-busy,1,False,0.77,0.88,echo_ms,9,1.732108
latency,thurbox,other-busy,1,False,0.77,0.88,echo_ms,10,1.744146
latency,thurbox,other-busy,1,False,0.77,0.88,echo_ms,11,1.613953
latency,thurbox,other-busy,1,False,0.77,0.88,echo_ms,12,1.45536
latency,thurbox,other-busy,1,False,0.77,0.88,echo_ms,13,2.408574
latency,thurbox,other-busy,1,False,0.77,0.88,echo_ms,14,1.478825
latency,thurbox,other-busy,1,False,0.77,0.88,echo_ms,15,1.560177
latency,thurbox,other-busy,1,False,0.77,0.88,echo_ms,16,1.489093
latency,thurbox,other-busy,1,False,0.77,0.88,echo_ms,17,2.351092
latency,thurbox,other-busy,1,False,0.77,0.88,echo_ms,18,1.868557
latency,thurbox,other-busy,1,False,0.77,0.88,echo_ms,19,1.606705
latency,thurbox,other-busy,1,False,0.77,0.88,echo_ms,20,2.153234
latency,thurbox,other-busy,1,False,0.77,0.88,echo_ms,21,1.625744
latency,thurbox,other-busy,1,False,0.77,0.88,echo_ms,22,2.116449
latency,thurbox,other-busy,1,False,0.77,0.88,echo_ms,23,1.876433
latency,thurbox,other-busy,1,False,0.77,0.88,echo_ms,24,1.795824
latency,thurbox,other-busy,1,False,0.77,0.88,echo_ms,25,1.793041
latency,thurbox,other-busy,1,False,0.77,0.88,echo_ms,26,1.811864
latency,thurbox,other-busy,1,False,0.77,0.88,echo_ms,27,1.802914
latency,thurbox,other-busy,1,False,0.77,0.88,echo_ms,28,2.684582
latency,thurbox,other-busy,1,False,0.77,0.88,echo_ms,29,1.721152
latency,thurbox,other-busy,1,False,0.77,0.88,echo_ms,30,1.814484
latency,thurbox,other-busy,1,False,0.77,0.88,echo_ms,31,1.708795
latency,thurbox,other-busy,1,False,0.77,0.88,echo_ms,32,1.852904
latency,thurbox,other-busy,1,False,0.77,0.88,echo_ms,33,1.399032
latency,thurbox,other-busy,1,False,0.77,0.88,echo_ms,34,1.711891
latency,thurbox,other-busy,1,False,0.77,0.88,echo_ms,35,1.955992
latency,thurbox,other-busy,1,False,0.77,0.88,echo_ms,36,2.741746
latency,thurbox,other-busy,1,False,0.77,0.88,echo_ms,37,2.177058
latency,thurbox,other-busy,1,False,0.77,0.88,echo_ms,38,1.981466
latency,thurbox,other-busy,1,False,0.77,0.88,echo_ms,39,2.239968
latency,thurbox,other-busy,1,False,0.77,0.88,echo_ms,40,1.454113
latency,thurbox,other-busy,1,False,0.77,0.88,echo_ms,41,2.061852
latency,thurbox,other-busy,1,False,0.77,0.88,echo_ms,42,2.160305
latency,thurbox,other-busy,1,False,0.77,0.88,echo_ms,43,2.269708
latency,thurbox,other-busy,1,False,0.77,0.88,echo_ms,44,2.264376
latency,thurbox,other-busy,1,False,0.77,0.88,echo_ms,45,1.58265
latency,thurbox,other-busy,1,False,0.77,0.88,echo_ms,46,1.434367
latency,thurbox,other-busy,1,False,0.77,0.88,echo_ms,47,1.595587
latency,thurbox,other-busy,1,False,0.77,0.88,echo_ms,48,1.747722
latency,thurbox,other-busy,1,False,0.77,0.88,echo_ms,49,2.154237
latency,thurbox,other-busy,1,False,0.77,0.88,echo_ms,50,2.505929
latency,thurbox,other-busy,1,False,0.77,0.88,echo_ms,51,2.121512
latency,thurbox,other-busy,1,False,0.77,0.88,echo_ms,52,1.633102
latency,thurbox,other-busy,1,False,0.77,0.88,echo_ms,53,2.070715
latency,thurbox,other-busy,1,False,0.77,0.88,echo_ms,54,3.259993
latency,thurbox,other-busy,1,False,0.77,0.88,echo_ms,55,1.756461
latency,thurbox,other-busy,1,False,0.77,0.88,echo_ms,56,1.796425
latency,thurbox,other-busy,1,False,0.77,0.88,echo_ms,57,5.113496
latency,thurbox,other-busy,1,False,0.77,0.88,echo_ms,58,1.632609
latency,thurbox,other-busy,1,False,0.77,0.88,echo_ms,59,2.268845
latency,thurbox,other-busy,1,False,0.77,0.88,echo_ms,60,2.136586
latency,thurbox,other-busy,1,False,0.77,0.88,echo_ms,61,1.650071
latency,thurbox,other-busy,1,False,0.77,0.88,echo_ms,62,1.75239
latency,thurbox,other-busy,1,False,0.77,0.88,echo_ms,63,1.921724
latency,thurbox,other-busy,1,False,0.77,0.88,echo_ms,64,2.2063
latency,thurbox,other-busy,1,False,0.77,0.88,echo_ms,65,2.070028
latency,thurbox,other-busy,1,False,0.77,0.88,echo_ms,66,1.767646
latency,thurbox,other-busy,1,False,0.77,0.88,echo_ms,67,1.382181
latency,thurbox,other-busy,1,False,0.77,0.88,echo_ms,68,1.806548
latency,thurbox,other-busy,1,False,0.77,0.88,echo_ms,69,2.592926
latency,thurbox,other-busy,1,False,0.77,0.88,echo_ms,70,3.048875
latency,thurbox,other-busy,1,False,0.77,0.88,echo_ms,71,1.505344
latency,thurbox,other-busy,1,False,0.77,0.88,echo_ms,72,1.967124
latency,thurbox,other-busy,1,False,0.77,0.88,echo_ms,73,1.701755
latency,thurbox,other-busy,1,False,0.77,0.88,echo_ms,74,1.511951
latency,thurbox,other-busy,1,False,0.77,0.88,echo_ms,75,1.582972
latency,thurbox,other-busy,1,False,0.77,0.88,echo_ms,76,1.696753
latency,thurbox,other-busy,1,False,0.77,0.88,echo_ms,77,1.896044
latency,thurbox,other-busy,1,False,0.77,0.88,echo_ms,78,1.943352
latency,thurbox,other-busy,1,False,0.77,0.88,echo_ms,79,1.944761
latency,thurbox,other-busy,1,False,0.77,0.88,echo_ms,80,2.294426
latency,thurbox,other-busy,1,False,0.77,0.88,echo_ms,81,1.773962
latency,thurbox,other-busy,1,False,0.77,0.88,echo_ms,82,1.484887
latency,thurbox,other-busy,1,False,0.77,0.88,echo_ms,83,1.723892
latency,thurbox,other-busy,1,False,0.77,0.88,echo_ms,84,1.73815
latency,thurbox,other-busy,1,False,0.77,0.88,echo_ms,85,1.951624
latency,thurbox,other-busy,1,False,0.77,0.88,echo_ms,86,2.95604
latency,thurbox,other-busy,1,False,0.77,0.88,echo_ms,87,2.02335
latency,thurbox,other-busy,1,False,0.77,0.88,echo_ms,88,1.88933
latency,thurbox,other-busy,1,False,0.77,0.88,echo_ms,89,1.554975
latency,thurbox,other-busy,1,False,0.77,0.88,echo_ms,90,1.939729
latency,thurbox,other-busy,1,False,0.77,0.88,echo_ms,91,1.914399
latency,thurbox,other-busy,1,False,0.77,0.88,echo_ms,92,1.902592
latency,thurbox,other-busy,1,False,0.77,0.88,echo_ms,93,1.507994
latency,thurbox,other-busy,1,False,0.77,0.88,echo_ms,94,1.605438
latency,thurbox,other-busy,1,False,0.77,0.88,echo_ms,95,2.086131
latency,thurbox,other-busy,1,False,0.77,0.88,echo_ms,96,2.368114
latency,thurbox,other-busy,1,False,0.77,0.88,echo_ms,97,1.844542
latency,thurbox,other-busy,1,False,0.77,0.88,echo_ms,98,2.452557
latency,thurbox,other-busy,1,False,0.77,0.88,echo_ms,99,2.008578
latency,thurbox,other-busy,1,False,0.77,0.88,timeouts,,0
latency,tmux,other-busy,2,False,0.88,0.9,echo_ms,0,0.812942
latency,tmux,other-busy,2,False,0.88,0.9,echo_ms,1,0.877505
latency,tmux,other-busy,2,False,0.88,0.9,echo_ms,2,0.882521
latency,tmux,other-busy,2,False,0.88,0.9,echo_ms,3,0.885135
latency,tmux,other-busy,2,False,0.88,0.9,echo_ms,4,0.885409
latency,tmux,other-busy,2,False,0.88,0.9,echo_ms,5,0.804693
latency,tmux,other-busy,2,False,0.88,0.9,echo_ms,6,0.745085
latency,tmux,other-busy,2,False,0.88,0.9,echo_ms,7,0.704063
latency,tmux,other-busy,2,False,0.88,0.9,echo_ms,8,0.737842
latency,tmux,other-busy,2,False,0.88,0.9,echo_ms,9,0.716511
latency,tmux,other-busy,2,False,0.88,0.9,echo_ms,10,0.819703
latency,tmux,other-busy,2,False,0.88,0.9,echo_ms,11,0.809494
latency,tmux,other-busy,2,False,0.88,0.9,echo_ms,12,0.645423
latency,tmux,other-busy,2,False,0.88,0.9,echo_ms,13,0.74831
latency,tmux,other-busy,2,False,0.88,0.9,echo_ms,14,0.991693
latency,tmux,other-busy,2,False,0.88,0.9,echo_ms,15,0.815223
latency,tmux,other-busy,2,False,0.88,0.9,echo_ms,16,0.670827
latency,tmux,other-busy,2,False,0.88,0.9,echo_ms,17,0.605473
latency,tmux,other-busy,2,False,0.88,0.9,echo_ms,18,0.648829
latency,tmux,other-busy,2,False,0.88,0.9,echo_ms,19,0.63941
latency,tmux,other-busy,2,False,0.88,0.9,echo_ms,20,0.732401
latency,tmux,other-busy,2,False,0.88,0.9,echo_ms,21,0.720725
latency,tmux,other-busy,2,False,0.88,0.9,echo_ms,22,0.91598
latency,tmux,other-busy,2,False,0.88,0.9,echo_ms,23,0.761212
latency,tmux,other-busy,2,False,0.88,0.9,echo_ms,24,0.645747
latency,tmux,other-busy,2,False,0.88,0.9,echo_ms,25,0.795628
latency,tmux,other-busy,2,False,0.88,0.9,echo_ms,26,0.776083
latency,tmux,other-busy,2,False,0.88,0.9,echo_ms,27,0.806138
latency,tmux,other-busy,2,False,0.88,0.9,echo_ms,28,0.781202
latency,tmux,other-busy,2,False,0.88,0.9,echo_ms,29,0.750268
latency,tmux,other-busy,2,False,0.88,0.9,echo_ms,30,0.853574
latency,tmux,other-busy,2,False,0.88,0.9,echo_ms,31,0.693641
latency,tmux,other-busy,2,False,0.88,0.9,echo_ms,32,0.618804
latency,tmux,other-busy,2,False,0.88,0.9,echo_ms,33,0.576566
latency,tmux,other-busy,2,False,0.88,0.9,echo_ms,34,0.736527
latency,tmux,other-busy,2,False,0.88,0.9,echo_ms,35,0.823054
latency,tmux,other-busy,2,False,0.88,0.9,echo_ms,36,0.798617
latency,tmux,other-busy,2,False,0.88,0.9,echo_ms,37,0.902242
latency,tmux,other-busy,2,False,0.88,0.9,echo_ms,38,0.797555
latency,tmux,other-busy,2,False,0.88,0.9,echo_ms,39,0.557566
latency,tmux,other-busy,2,False,0.88,0.9,echo_ms,40,0.814053
latency,tmux,other-busy,2,False,0.88,0.9,echo_ms,41,0.745754
latency,tmux,other-busy,2,False,0.88,0.9,echo_ms,42,0.74423
latency,tmux,other-busy,2,False,0.88,0.9,echo_ms,43,1.000476
latency,tmux,other-busy,2,False,0.88,0.9,echo_ms,44,0.707418
latency,tmux,other-busy,2,False,0.88,0.9,echo_ms,45,0.857089
latency,tmux,other-busy,2,False,0.88,0.9,echo_ms,46,0.729992
latency,tmux,other-busy,2,False,0.88,0.9,echo_ms,47,0.898778
latency,tmux,other-busy,2,False,0.88,0.9,echo_ms,48,0.711742
latency,tmux,other-busy,2,False,0.88,0.9,echo_ms,49,0.892323
latency,tmux,other-busy,2,False,0.88,0.9,echo_ms,50,0.892846
latency,tmux,other-busy,2,False,0.88,0.9,echo_ms,51,0.678257
latency,tmux,other-busy,2,False,0.88,0.9,echo_ms,52,0.760843
latency,tmux,other-busy,2,False,0.88,0.9,echo_ms,53,0.572017
latency,tmux,other-busy,2,False,0.88,0.9,echo_ms,54,0.597598
latency,tmux,other-busy,2,False,0.88,0.9,echo_ms,55,0.85846
latency,tmux,other-busy,2,False,0.88,0.9,echo_ms,56,0.839569
latency,tmux,other-busy,2,False,0.88,0.9,echo_ms,57,0.554793
latency,tmux,other-busy,2,False,0.88,0.9,echo_ms,58,0.561493
latency,tmux,other-busy,2,False,0.88,0.9,echo_ms,59,0.819995
latency,tmux,other-busy,2,False,0.88,0.9,echo_ms,60,0.666019
latency,tmux,other-busy,2,False,0.88,0.9,echo_ms,61,0.940879
latency,tmux,other-busy,2,False,0.88,0.9,echo_ms,62,0.802445
latency,tmux,other-busy,2,False,0.88,0.9,echo_ms,63,0.700057
latency,tmux,other-busy,2,False,0.88,0.9,echo_ms,64,0.850094
latency,tmux,other-busy,2,False,0.88,0.9,echo_ms,65,0.661615
latency,tmux,other-busy,2,False,0.88,0.9,echo_ms,66,0.727218
latency,tmux,other-busy,2,False,0.88,0.9,echo_ms,67,0.842014
latency,tmux,other-busy,2,False,0.88,0.9,echo_ms,68,0.711975
latency,tmux,other-busy,2,False,0.88,0.9,echo_ms,69,1.116314
latency,tmux,other-busy,2,False,0.88,0.9,echo_ms,70,0.659004
latency,tmux,other-busy,2,False,0.88,0.9,echo_ms,71,0.711763
latency,tmux,other-busy,2,False,0.88,0.9,echo_ms,72,0.856529
latency,tmux,other-busy,2,False,0.88,0.9,echo_ms,73,0.864712
latency,tmux,other-busy,2,False,0.88,0.9,echo_ms,74,0.760983
latency,tmux,other-busy,2,False,0.88,0.9,echo_ms,75,0.709293
latency,tmux,other-busy,2,False,0.88,0.9,echo_ms,76,0.768823
latency,tmux,other-busy,2,False,0.88,0.9,echo_ms,77,0.795405
latency,tmux,other-busy,2,False,0.88,0.9,echo_ms,78,0.903445
latency,tmux,other-busy,2,False,0.88,0.9,echo_ms,79,0.880376
latency,tmux,other-busy,2,False,0.88,0.9,echo_ms,80,0.818067
latency,tmux,other-busy,2,False,0.88,0.9,echo_ms,81,0.63766
latency,tmux,other-busy,2,False,0.88,0.9,echo_ms,82,0.688697
latency,tmux,other-busy,2,False,0.88,0.9,echo_ms,83,0.788384
latency,tmux,other-busy,2,False,0.88,0.9,echo_ms,84,0.78958
latency,tmux,other-busy,2,False,0.88,0.9,echo_ms,85,0.605434
latency,tmux,other-busy,2,False,0.88,0.9,echo_ms,86,0.812848
latency,tmux,other-busy,2,False,0.88,0.9,echo_ms,87,0.950685
latency,tmux,other-busy,2,False,0.88,0.9,echo_ms,88,0.784742
latency,tmux,other-busy,2,False,0.88,0.9,echo_ms,89,0.722485
latency,tmux,other-busy,2,False,0.88,0.9,echo_ms,90,0.78503
latency,tmux,other-busy,2,False,0.88,0.9,echo_ms,91,0.723567
latency,tmux,other-busy,2,False,0.88,0.9,echo_ms,92,0.598659
latency,tmux,other-busy,2,False,0.88,0.9,echo_ms,93,0.391366
latency,tmux,other-busy,2,False,0.88,0.9,echo_ms,94,0.851516
latency,tmux,other-busy,2,False,0.88,0.9,echo_ms,95,0.673977
latency,tmux,other-busy,2,False,0.88,0.9,echo_ms,96,0.779329
latency,tmux,other-busy,2,False,0.88,0.9,echo_ms,97,0.854941
latency,tmux,other-busy,2,False,0.88,0.9,echo_ms,98,0.758334
latency,tmux,other-busy,2,False,0.88,0.9,echo_ms,99,0.796297
latency,tmux,other-busy,2,False,0.88,0.9,timeouts,,0
latency,herdr,other-busy,2,False,0.9,0.92,echo_ms,0,0.430414
latency,herdr,other-busy,2,False,0.9,0.92,echo_ms,1,0.454834
latency,herdr,other-busy,2,False,0.9,0.92,echo_ms,2,0.459978
latency,herdr,other-busy,2,False,0.9,0.92,echo_ms,3,0.44096
latency,herdr,other-busy,2,False,0.9,0.92,echo_ms,4,0.420277
latency,herdr,other-busy,2,False,0.9,0.92,echo_ms,5,0.417838
latency,herdr,other-busy,2,False,0.9,0.92,echo_ms,6,0.435391
latency,herdr,other-busy,2,False,0.9,0.92,echo_ms,7,0.409044
latency,herdr,other-busy,2,False,0.9,0.92,echo_ms,8,0.439923
latency,herdr,other-busy,2,False,0.9,0.92,echo_ms,9,0.450099
latency,herdr,other-busy,2,False,0.9,0.92,echo_ms,10,0.711959
latency,herdr,other-busy,2,False,0.9,0.92,echo_ms,11,2.497243
latency,herdr,other-busy,2,False,0.9,0.92,echo_ms,12,0.507332
latency,herdr,other-busy,2,False,0.9,0.92,echo_ms,13,0.534435
latency,herdr,other-busy,2,False,0.9,0.92,echo_ms,14,0.461253
latency,herdr,other-busy,2,False,0.9,0.92,echo_ms,15,0.457833
latency,herdr,other-busy,2,False,0.9,0.92,echo_ms,16,0.421202
latency,herdr,other-busy,2,False,0.9,0.92,echo_ms,17,0.440683
latency,herdr,other-busy,2,False,0.9,0.92,echo_ms,18,0.487636
latency,herdr,other-busy,2,False,0.9,0.92,echo_ms,19,0.604187
latency,herdr,other-busy,2,False,0.9,0.92,echo_ms,20,0.419744
latency,herdr,other-busy,2,False,0.9,0.92,echo_ms,21,0.422596
latency,herdr,other-busy,2,False,0.9,0.92,echo_ms,22,0.478145
latency,herdr,other-busy,2,False,0.9,0.92,echo_ms,23,0.482993
latency,herdr,other-busy,2,False,0.9,0.92,echo_ms,24,0.439177
latency,herdr,other-busy,2,False,0.9,0.92,echo_ms,25,0.491467
latency,herdr,other-busy,2,False,0.9,0.92,echo_ms,26,0.448834
latency,herdr,other-busy,2,False,0.9,0.92,echo_ms,27,0.467685
latency,herdr,other-busy,2,False,0.9,0.92,echo_ms,28,0.444717
latency,herdr,other-busy,2,False,0.9,0.92,echo_ms,29,0.483699
latency,herdr,other-busy,2,False,0.9,0.92,echo_ms,30,0.542844
latency,herdr,other-busy,2,False,0.9,0.92,echo_ms,31,0.43291
latency,herdr,other-busy,2,False,0.9,0.92,echo_ms,32,0.434671
latency,herdr,other-busy,2,False,0.9,0.92,echo_ms,33,0.417726
latency,herdr,other-busy,2,False,0.9,0.92,echo_ms,34,0.448053
latency,herdr,other-busy,2,False,0.9,0.92,echo_ms,35,0.432955
latency,herdr,other-busy,2,False,0.9,0.92,echo_ms,36,0.462914
latency,herdr,other-busy,2,False,0.9,0.92,echo_ms,37,0.461196
latency,herdr,other-busy,2,False,0.9,0.92,echo_ms,38,0.534709
latency,herdr,other-busy,2,False,0.9,0.92,echo_ms,39,0.425983
latency,herdr,other-busy,2,False,0.9,0.92,echo_ms,40,0.442576
latency,herdr,other-busy,2,False,0.9,0.92,echo_ms,41,0.487008
latency,herdr,other-busy,2,False,0.9,0.92,echo_ms,42,0.417596
latency,herdr,other-busy,2,False,0.9,0.92,echo_ms,43,0.42882
latency,herdr,other-busy,2,False,0.9,0.92,echo_ms,44,0.43364
latency,herdr,other-busy,2,False,0.9,0.92,echo_ms,45,0.436833
latency,herdr,other-busy,2,False,0.9,0.92,echo_ms,46,0.444994
latency,herdr,other-busy,2,False,0.9,0.92,echo_ms,47,0.417966
latency,herdr,other-busy,2,False,0.9,0.92,echo_ms,48,0.479615
latency,herdr,other-busy,2,False,0.9,0.92,echo_ms,49,0.469715
latency,herdr,other-busy,2,False,0.9,0.92,echo_ms,50,0.477764
latency,herdr,other-busy,2,False,0.9,0.92,echo_ms,51,0.42884
latency,herdr,other-busy,2,False,0.9,0.92,echo_ms,52,0.421818
latency,herdr,other-busy,2,False,0.9,0.92,echo_ms,53,0.466712
latency,herdr,other-busy,2,False,0.9,0.92,echo_ms,54,0.431448
latency,herdr,other-busy,2,False,0.9,0.92,echo_ms,55,0.446201
latency,herdr,other-busy,2,False,0.9,0.92,echo_ms,56,0.442706
latency,herdr,other-busy,2,False,0.9,0.92,echo_ms,57,0.522827
latency,herdr,other-busy,2,False,0.9,0.92,echo_ms,58,0.396324
latency,herdr,other-busy,2,False,0.9,0.92,echo_ms,59,0.43506
latency,herdr,other-busy,2,False,0.9,0.92,echo_ms,60,0.477863
latency,herdr,other-busy,2,False,0.9,0.92,echo_ms,61,0.457026
latency,herdr,other-busy,2,False,0.9,0.92,echo_ms,62,0.421263
latency,herdr,other-busy,2,False,0.9,0.92,echo_ms,63,0.464358
latency,herdr,other-busy,2,False,0.9,0.92,echo_ms,64,0.472409
latency,herdr,other-busy,2,False,0.9,0.92,echo_ms,65,0.426011
latency,herdr,other-busy,2,False,0.9,0.92,echo_ms,66,0.487179
latency,herdr,other-busy,2,False,0.9,0.92,echo_ms,67,0.486379
latency,herdr,other-busy,2,False,0.9,0.92,echo_ms,68,0.442173
latency,herdr,other-busy,2,False,0.9,0.92,echo_ms,69,0.451753
latency,herdr,other-busy,2,False,0.9,0.92,echo_ms,70,0.442618
latency,herdr,other-busy,2,False,0.9,0.92,echo_ms,71,0.414418
latency,herdr,other-busy,2,False,0.9,0.92,echo_ms,72,0.485363
latency,herdr,other-busy,2,False,0.9,0.92,echo_ms,73,0.540604
latency,herdr,other-busy,2,False,0.9,0.92,echo_ms,74,0.434232
latency,herdr,other-busy,2,False,0.9,0.92,echo_ms,75,0.499049
latency,herdr,other-busy,2,False,0.9,0.92,echo_ms,76,0.438479
latency,herdr,other-busy,2,False,0.9,0.92,echo_ms,77,0.445205
latency,herdr,other-busy,2,False,0.9,0.92,echo_ms,78,0.455903
latency,herdr,other-busy,2,False,0.9,0.92,echo_ms,79,0.450813
latency,herdr,other-busy,2,False,0.9,0.92,echo_ms,80,0.446715
latency,herdr,other-busy,2,False,0.9,0.92,echo_ms,81,0.46516
latency,herdr,other-busy,2,False,0.9,0.92,echo_ms,82,0.477889
latency,herdr,other-busy,2,False,0.9,0.92,echo_ms,83,0.613357
latency,herdr,other-busy,2,False,0.9,0.92,echo_ms,84,0.430884
latency,herdr,other-busy,2,False,0.9,0.92,echo_ms,85,0.494308
latency,herdr,other-busy,2,False,0.9,0.92,echo_ms,86,0.451998
latency,herdr,other-busy,2,False,0.9,0.92,echo_ms,87,0.517793
latency,herdr,other-busy,2,False,0.9,0.92,echo_ms,88,0.446284
latency,herdr,other-busy,2,False,0.9,0.92,echo_ms,89,0.450926
latency,herdr,other-busy,2,False,0.9,0.92,echo_ms,90,0.418007
latency,herdr,other-busy,2,False,0.9,0.92,echo_ms,91,0.413697
latency,herdr,other-busy,2,False,0.9,0.92,echo_ms,92,0.459651
latency,herdr,other-busy,2,False,0.9,0.92,echo_ms,93,0.432839
latency,herdr,other-busy,2,False,0.9,0.92,echo_ms,94,0.446531
latency,herdr,other-busy,2,False,0.9,0.92,echo_ms,95,0.470572
latency,herdr,other-busy,2,False,0.9,0.92,echo_ms,96,0.448671
latency,herdr,other-busy,2,False,0.9,0.92,echo_ms,97,0.481671
latency,herdr,other-busy,2,False,0.9,0.92,echo_ms,98,0.463668
latency,herdr,other-busy,2,False,0.9,0.92,echo_ms,99,0.440388
latency,herdr,other-busy,2,False,0.9,0.92,timeouts,,0
latency,thurbox,other-busy,2,False,0.92,1.08,echo_ms,0,2.397035
latency,thurbox,other-busy,2,False,0.92,1.08,echo_ms,1,1.641056
latency,thurbox,other-busy,2,False,0.92,1.08,echo_ms,2,1.559919
latency,thurbox,other-busy,2,False,0.92,1.08,echo_ms,3,2.749208
latency,thurbox,other-busy,2,False,0.92,1.08,echo_ms,4,1.816919
latency,thurbox,other-busy,2,False,0.92,1.08,echo_ms,5,2.14353
latency,thurbox,other-busy,2,False,0.92,1.08,echo_ms,6,1.78135
latency,thurbox,other-busy,2,False,0.92,1.08,echo_ms,7,1.668314
latency,thurbox,other-busy,2,False,0.92,1.08,echo_ms,8,2.319787
latency,thurbox,other-busy,2,False,0.92,1.08,echo_ms,9,1.976425
latency,thurbox,other-busy,2,False,0.92,1.08,echo_ms,10,2.123098
latency,thurbox,other-busy,2,False,0.92,1.08,echo_ms,11,1.764541
latency,thurbox,other-busy,2,False,0.92,1.08,echo_ms,12,1.617575
latency,thurbox,other-busy,2,False,0.92,1.08,echo_ms,13,2.534552
latency,thurbox,other-busy,2,False,0.92,1.08,echo_ms,14,1.667832
latency,thurbox,other-busy,2,False,0.92,1.08,echo_ms,15,2.147841
latency,thurbox,other-busy,2,False,0.92,1.08,echo_ms,16,1.978078
latency,thurbox,other-busy,2,False,0.92,1.08,echo_ms,17,1.854748
latency,thurbox,other-busy,2,False,0.92,1.08,echo_ms,18,1.637318
latency,thurbox,other-busy,2,False,0.92,1.08,echo_ms,19,1.912324
latency,thurbox,other-busy,2,False,0.92,1.08,echo_ms,20,1.894985
latency,thurbox,other-busy,2,False,0.92,1.08,echo_ms,21,1.82091
latency,thurbox,other-busy,2,False,0.92,1.08,echo_ms,22,2.902091
latency,thurbox,other-busy,2,False,0.92,1.08,echo_ms,23,2.920691
latency,thurbox,other-busy,2,False,0.92,1.08,echo_ms,24,2.02618
latency,thurbox,other-busy,2,False,0.92,1.08,echo_ms,25,1.638198
latency,thurbox,other-busy,2,False,0.92,1.08,echo_ms,26,2.38193
latency,thurbox,other-busy,2,False,0.92,1.08,echo_ms,27,2.195633
latency,thurbox,other-busy,2,False,0.92,1.08,echo_ms,28,2.317277
latency,thurbox,other-busy,2,False,0.92,1.08,echo_ms,29,1.914789
latency,thurbox,other-busy,2,False,0.92,1.08,echo_ms,30,1.764316
latency,thurbox,other-busy,2,False,0.92,1.08,echo_ms,31,1.812279
latency,thurbox,other-busy,2,False,0.92,1.08,echo_ms,32,1.317442
latency,thurbox,other-busy,2,False,0.92,1.08,echo_ms,33,1.922508
latency,thurbox,other-busy,2,False,0.92,1.08,echo_ms,34,1.875571
latency,thurbox,other-busy,2,False,0.92,1.08,echo_ms,35,1.468984
latency,thurbox,other-busy,2,False,0.92,1.08,echo_ms,36,3.576109
latency,thurbox,other-busy,2,False,0.92,1.08,echo_ms,37,2.390641
latency,thurbox,other-busy,2,False,0.92,1.08,echo_ms,38,2.251062
latency,thurbox,other-busy,2,False,0.92,1.08,echo_ms,39,1.447446
latency,thurbox,other-busy,2,False,0.92,1.08,echo_ms,40,1.77353
latency,thurbox,other-busy,2,False,0.92,1.08,echo_ms,41,2.044171
latency,thurbox,other-busy,2,False,0.92,1.08,echo_ms,42,2.330482
latency,thurbox,other-busy,2,False,0.92,1.08,echo_ms,43,1.424732
latency,thurbox,other-busy,2,False,0.92,1.08,echo_ms,44,2.324156
latency,thurbox,other-busy,2,False,0.92,1.08,echo_ms,45,2.086041
latency,thurbox,other-busy,2,False,0.92,1.08,echo_ms,46,3.477944
latency,thurbox,other-busy,2,False,0.92,1.08,echo_ms,47,1.826272
latency,thurbox,other-busy,2,False,0.92,1.08,echo_ms,48,2.438086
latency,thurbox,other-busy,2,False,0.92,1.08,echo_ms,49,2.107118
latency,thurbox,other-busy,2,False,0.92,1.08,echo_ms,50,1.918823
latency,thurbox,other-busy,2,False,0.92,1.08,echo_ms,51,1.562157
latency,thurbox,other-busy,2,False,0.92,1.08,echo_ms,52,2.394364
latency,thurbox,other-busy,2,False,0.92,1.08,echo_ms,53,1.55598
latency,thurbox,other-busy,2,False,0.92,1.08,echo_ms,54,1.935901
latency,thurbox,other-busy,2,False,0.92,1.08,echo_ms,55,2.280056
latency,thurbox,other-busy,2,False,0.92,1.08,echo_ms,56,1.582465
latency,thurbox,other-busy,2,False,0.92,1.08,echo_ms,57,1.640938
latency,thurbox,other-busy,2,False,0.92,1.08,echo_ms,58,2.503616
latency,thurbox,other-busy,2,False,0.92,1.08,echo_ms,59,2.141546
latency,thurbox,other-busy,2,False,0.92,1.08,echo_ms,60,2.178113
latency,thurbox,other-busy,2,False,0.92,1.08,echo_ms,61,1.957142
latency,thurbox,other-busy,2,False,0.92,1.08,echo_ms,62,1.811844
latency,thurbox,other-busy,2,False,0.92,1.08,echo_ms,63,1.873482
latency,thurbox,other-busy,2,False,0.92,1.08,echo_ms,64,4.472038
latency,thurbox,other-busy,2,False,0.92,1.08,echo_ms,65,1.520401
latency,thurbox,other-busy,2,False,0.92,1.08,echo_ms,66,1.800063
latency,thurbox,other-busy,2,False,0.92,1.08,echo_ms,67,2.59127
latency,thurbox,other-busy,2,False,0.92,1.08,echo_ms,68,2.21854
latency,thurbox,other-busy,2,False,0.92,1.08,echo_ms,69,1.697907
latency,thurbox,other-busy,2,False,0.92,1.08,echo_ms,70,2.26826
latency,thurbox,other-busy,2,False,0.92,1.08,echo_ms,71,1.949661
latency,thurbox,other-busy,2,False,0.92,1.08,echo_ms,72,2.105532
latency,thurbox,other-busy,2,False,0.92,1.08,echo_ms,73,2.027418
latency,thurbox,other-busy,2,False,0.92,1.08,echo_ms,74,2.034751
latency,thurbox,other-busy,2,False,0.92,1.08,echo_ms,75,1.646468
latency,thurbox,other-busy,2,False,0.92,1.08,echo_ms,76,1.483887
latency,thurbox,other-busy,2,False,0.92,1.08,echo_ms,77,1.450133
latency,thurbox,other-busy,2,False,0.92,1.08,echo_ms,78,1.693579
latency,thurbox,other-busy,2,False,0.92,1.08,echo_ms,79,2.37015
latency,thurbox,other-busy,2,False,0.92,1.08,echo_ms,80,1.769671
latency,thurbox,other-busy,2,False,0.92,1.08,echo_ms,81,1.956675
latency,thurbox,other-busy,2,False,0.92,1.08,echo_ms,82,1.766962
latency,thurbox,other-busy,2,False,0.92,1.08,echo_ms,83,2.186306
latency,thurbox,other-busy,2,False,0.92,1.08,echo_ms,84,1.962908
latency,thurbox,other-busy,2,False,0.92,1.08,echo_ms,85,2.579191
latency,thurbox,other-busy,2,False,0.92,1.08,echo_ms,86,1.343159
latency,thurbox,other-busy,2,False,0.92,1.08,echo_ms,87,2.809857
latency,thurbox,other-busy,2,False,0.92,1.08,echo_ms,88,1.668869
latency,thurbox,other-busy,2,False,0.92,1.08,echo_ms,89,1.788664
latency,thurbox,other-busy,2,False,0.92,1.08,echo_ms,90,2.180905
latency,thurbox,other-busy,2,False,0.92,1.08,echo_ms,91,2.287956
latency,thurbox,other-busy,2,False,0.92,1.08,echo_ms,92,1.780387
latency,thurbox,other-busy,2,False,0.92,1.08,echo_ms,93,2.619161
latency,thurbox,other-busy,2,False,0.92,1.08,echo_ms,94,2.054873
latency,thurbox,other-busy,2,False,0.92,1.08,echo_ms,95,1.981844
latency,thurbox,other-busy,2,False,0.92,1.08,echo_ms,96,2.093519
latency,thurbox,other-busy,2,False,0.92,1.08,echo_ms,97,2.774699
latency,thurbox,other-busy,2,False,0.92,1.08,echo_ms,98,1.917935
latency,thurbox,other-busy,2,False,0.92,1.08,echo_ms,99,1.776692
latency,thurbox,other-busy,2,False,0.92,1.08,timeouts,,0
latency,tmux,other-busy,3,False,1.08,1.15,echo_ms,0,0.781736
latency,tmux,other-busy,3,False,1.08,1.15,echo_ms,1,0.68095
latency,tmux,other-busy,3,False,1.08,1.15,echo_ms,2,0.75419
latency,tmux,other-busy,3,False,1.08,1.15,echo_ms,3,0.884968
latency,tmux,other-busy,3,False,1.08,1.15,echo_ms,4,0.685851
latency,tmux,other-busy,3,False,1.08,1.15,echo_ms,5,0.68863
latency,tmux,other-busy,3,False,1.08,1.15,echo_ms,6,0.831702
latency,tmux,other-busy,3,False,1.08,1.15,echo_ms,7,0.687651
latency,tmux,other-busy,3,False,1.08,1.15,echo_ms,8,0.667025
latency,tmux,other-busy,3,False,1.08,1.15,echo_ms,9,0.724268
latency,tmux,other-busy,3,False,1.08,1.15,echo_ms,10,0.714329
latency,tmux,other-busy,3,False,1.08,1.15,echo_ms,11,0.73226
latency,tmux,other-busy,3,False,1.08,1.15,echo_ms,12,0.860418
latency,tmux,other-busy,3,False,1.08,1.15,echo_ms,13,0.744581
latency,tmux,other-busy,3,False,1.08,1.15,echo_ms,14,0.996394
latency,tmux,other-busy,3,False,1.08,1.15,echo_ms,15,0.796835
latency,tmux,other-busy,3,False,1.08,1.15,echo_ms,16,0.666507
latency,tmux,other-busy,3,False,1.08,1.15,echo_ms,17,0.87802
latency,tmux,other-busy,3,False,1.08,1.15,echo_ms,18,0.787877
latency,tmux,other-busy,3,False,1.08,1.15,echo_ms,19,0.6278
latency,tmux,other-busy,3,False,1.08,1.15,echo_ms,20,0.731154
latency,tmux,other-busy,3,False,1.08,1.15,echo_ms,21,0.649747
latency,tmux,other-busy,3,False,1.08,1.15,echo_ms,22,0.857513
latency,tmux,other-busy,3,False,1.08,1.15,echo_ms,23,0.575703
latency,tmux,other-busy,3,False,1.08,1.15,echo_ms,24,0.986414
latency,tmux,other-busy,3,False,1.08,1.15,echo_ms,25,0.756144
latency,tmux,other-busy,3,False,1.08,1.15,echo_ms,26,0.909898
latency,tmux,other-busy,3,False,1.08,1.15,echo_ms,27,0.772932
latency,tmux,other-busy,3,False,1.08,1.15,echo_ms,28,1.018726
latency,tmux,other-busy,3,False,1.08,1.15,echo_ms,29,1.043303
latency,tmux,other-busy,3,False,1.08,1.15,echo_ms,30,0.755602
latency,tmux,other-busy,3,False,1.08,1.15,echo_ms,31,0.805242
latency,tmux,other-busy,3,False,1.08,1.15,echo_ms,32,0.78955
latency,tmux,other-busy,3,False,1.08,1.15,echo_ms,33,0.571265
latency,tmux,other-busy,3,False,1.08,1.15,echo_ms,34,0.689587
latency,tmux,other-busy,3,False,1.08,1.15,echo_ms,35,0.783363
latency,tmux,other-busy,3,False,1.08,1.15,echo_ms,36,0.827254
latency,tmux,other-busy,3,False,1.08,1.15,echo_ms,37,0.897995
latency,tmux,other-busy,3,False,1.08,1.15,echo_ms,38,0.64346
latency,tmux,other-busy,3,False,1.08,1.15,echo_ms,39,0.820269
latency,tmux,other-busy,3,False,1.08,1.15,echo_ms,40,1.828094
latency,tmux,other-busy,3,False,1.08,1.15,echo_ms,41,0.70802
latency,tmux,other-busy,3,False,1.08,1.15,echo_ms,42,0.630584
latency,tmux,other-busy,3,False,1.08,1.15,echo_ms,43,0.969382
latency,tmux,other-busy,3,False,1.08,1.15,echo_ms,44,0.862823
latency,tmux,other-busy,3,False,1.08,1.15,echo_ms,45,0.873808
latency,tmux,other-busy,3,False,1.08,1.15,echo_ms,46,0.980534
latency,tmux,other-busy,3,False,1.08,1.15,echo_ms,47,0.626305
latency,tmux,other-busy,3,False,1.08,1.15,echo_ms,48,0.776124
latency,tmux,other-busy,3,False,1.08,1.15,echo_ms,49,0.692027
latency,tmux,other-busy,3,False,1.08,1.15,echo_ms,50,0.55797
latency,tmux,other-busy,3,False,1.08,1.15,echo_ms,51,0.669053
latency,tmux,other-busy,3,False,1.08,1.15,echo_ms,52,0.780681
latency,tmux,other-busy,3,False,1.08,1.15,echo_ms,53,1.039412
latency,tmux,other-busy,3,False,1.08,1.15,echo_ms,54,0.860986
latency,tmux,other-busy,3,False,1.08,1.15,echo_ms,55,0.810537
latency,tmux,other-busy,3,False,1.08,1.15,echo_ms,56,0.822108
latency,tmux,other-busy,3,False,1.08,1.15,echo_ms,57,0.654146
latency,tmux,other-busy,3,False,1.08,1.15,echo_ms,58,0.732311
latency,tmux,other-busy,3,False,1.08,1.15,echo_ms,59,0.774154
latency,tmux,other-busy,3,False,1.08,1.15,echo_ms,60,0.653744
latency,tmux,other-busy,3,False,1.08,1.15,echo_ms,61,0.678735
latency,tmux,other-busy,3,False,1.08,1.15,echo_ms,62,0.579764
latency,tmux,other-busy,3,False,1.08,1.15,echo_ms,63,0.848771
latency,tmux,other-busy,3,False,1.08,1.15,echo_ms,64,0.597974
latency,tmux,other-busy,3,False,1.08,1.15,echo_ms,65,0.934359
latency,tmux,other-busy,3,False,1.08,1.15,echo_ms,66,0.814494
latency,tmux,other-busy,3,False,1.08,1.15,echo_ms,67,0.607928
latency,tmux,other-busy,3,False,1.08,1.15,echo_ms,68,0.808866
latency,tmux,other-busy,3,False,1.08,1.15,echo_ms,69,0.61054
latency,tmux,other-busy,3,False,1.08,1.15,echo_ms,70,0.803708
latency,tmux,other-busy,3,False,1.08,1.15,echo_ms,71,0.852961
latency,tmux,other-busy,3,False,1.08,1.15,echo_ms,72,0.62662
latency,tmux,other-busy,3,False,1.08,1.15,echo_ms,73,0.629516
latency,tmux,other-busy,3,False,1.08,1.15,echo_ms,74,0.603705
latency,tmux,other-busy,3,False,1.08,1.15,echo_ms,75,0.801538
latency,tmux,other-busy,3,False,1.08,1.15,echo_ms,76,0.664015
latency,tmux,other-busy,3,False,1.08,1.15,echo_ms,77,1.275484
latency,tmux,other-busy,3,False,1.08,1.15,echo_ms,78,0.547826
latency,tmux,other-busy,3,False,1.08,1.15,echo_ms,79,0.762716
latency,tmux,other-busy,3,False,1.08,1.15,echo_ms,80,0.785741
latency,tmux,other-busy,3,False,1.08,1.15,echo_ms,81,0.574375
latency,tmux,other-busy,3,False,1.08,1.15,echo_ms,82,0.979399
latency,tmux,other-busy,3,False,1.08,1.15,echo_ms,83,0.817291
latency,tmux,other-busy,3,False,1.08,1.15,echo_ms,84,0.814924
latency,tmux,other-busy,3,False,1.08,1.15,echo_ms,85,0.823028
latency,tmux,other-busy,3,False,1.08,1.15,echo_ms,86,0.661507
latency,tmux,other-busy,3,False,1.08,1.15,echo_ms,87,0.634293
latency,tmux,other-busy,3,False,1.08,1.15,echo_ms,88,0.600771
latency,tmux,other-busy,3,False,1.08,1.15,echo_ms,89,0.595814
latency,tmux,other-busy,3,False,1.08,1.15,echo_ms,90,0.927395
latency,tmux,other-busy,3,False,1.08,1.15,echo_ms,91,0.824883
latency,tmux,other-busy,3,False,1.08,1.15,echo_ms,92,0.581468
latency,tmux,other-busy,3,False,1.08,1.15,echo_ms,93,0.766983
latency,tmux,other-busy,3,False,1.08,1.15,echo_ms,94,0.874978
latency,tmux,other-busy,3,False,1.08,1.15,echo_ms,95,0.618601
latency,tmux,other-busy,3,False,1.08,1.15,echo_ms,96,0.767154
latency,tmux,other-busy,3,False,1.08,1.15,echo_ms,97,0.76935
latency,tmux,other-busy,3,False,1.08,1.15,echo_ms,98,0.792943
latency,tmux,other-busy,3,False,1.08,1.15,echo_ms,99,0.550089
latency,tmux,other-busy,3,False,1.08,1.15,timeouts,,0
latency,herdr,other-busy,3,False,1.15,1.14,echo_ms,0,0.425959
latency,herdr,other-busy,3,False,1.15,1.14,echo_ms,1,0.438842
latency,herdr,other-busy,3,False,1.15,1.14,echo_ms,2,0.450404
latency,herdr,other-busy,3,False,1.15,1.14,echo_ms,3,0.433722
latency,herdr,other-busy,3,False,1.15,1.14,echo_ms,4,0.457361
latency,herdr,other-busy,3,False,1.15,1.14,echo_ms,5,0.49907
latency,herdr,other-busy,3,False,1.15,1.14,echo_ms,6,0.422459
latency,herdr,other-busy,3,False,1.15,1.14,echo_ms,7,0.463815
latency,herdr,other-busy,3,False,1.15,1.14,echo_ms,8,0.475886
latency,herdr,other-busy,3,False,1.15,1.14,echo_ms,9,0.426542
latency,herdr,other-busy,3,False,1.15,1.14,echo_ms,10,0.433046
latency,herdr,other-busy,3,False,1.15,1.14,echo_ms,11,0.43201
latency,herdr,other-busy,3,False,1.15,1.14,echo_ms,12,0.428029
latency,herdr,other-busy,3,False,1.15,1.14,echo_ms,13,0.422265
latency,herdr,other-busy,3,False,1.15,1.14,echo_ms,14,0.504845
latency,herdr,other-busy,3,False,1.15,1.14,echo_ms,15,0.432917
latency,herdr,other-busy,3,False,1.15,1.14,echo_ms,16,0.454547
latency,herdr,other-busy,3,False,1.15,1.14,echo_ms,17,0.46061
latency,herdr,other-busy,3,False,1.15,1.14,echo_ms,18,0.436976
latency,herdr,other-busy,3,False,1.15,1.14,echo_ms,19,0.470268
latency,herdr,other-busy,3,False,1.15,1.14,echo_ms,20,0.453273
latency,herdr,other-busy,3,False,1.15,1.14,echo_ms,21,0.919591
latency,herdr,other-busy,3,False,1.15,1.14,echo_ms,22,0.43592
latency,herdr,other-busy,3,False,1.15,1.14,echo_ms,23,0.422976
latency,herdr,other-busy,3,False,1.15,1.14,echo_ms,24,0.438994
latency,herdr,other-busy,3,False,1.15,1.14,echo_ms,25,0.457357
latency,herdr,other-busy,3,False,1.15,1.14,echo_ms,26,0.450826
latency,herdr,other-busy,3,False,1.15,1.14,echo_ms,27,0.437156
latency,herdr,other-busy,3,False,1.15,1.14,echo_ms,28,0.495333
latency,herdr,other-busy,3,False,1.15,1.14,echo_ms,29,0.452844
latency,herdr,other-busy,3,False,1.15,1.14,echo_ms,30,0.416732
latency,herdr,other-busy,3,False,1.15,1.14,echo_ms,31,0.500481
latency,herdr,other-busy,3,False,1.15,1.14,echo_ms,32,0.436954
latency,herdr,other-busy,3,False,1.15,1.14,echo_ms,33,0.457457
latency,herdr,other-busy,3,False,1.15,1.14,echo_ms,34,0.440512
latency,herdr,other-busy,3,False,1.15,1.14,echo_ms,35,0.510863
latency,herdr,other-busy,3,False,1.15,1.14,echo_ms,36,0.460788
latency,herdr,other-busy,3,False,1.15,1.14,echo_ms,37,0.449689
latency,herdr,other-busy,3,False,1.15,1.14,echo_ms,38,0.438794
latency,herdr,other-busy,3,False,1.15,1.14,echo_ms,39,0.427329
latency,herdr,other-busy,3,False,1.15,1.14,echo_ms,40,0.439229
latency,herdr,other-busy,3,False,1.15,1.14,echo_ms,41,0.4308
latency,herdr,other-busy,3,False,1.15,1.14,echo_ms,42,0.45929
latency,herdr,other-busy,3,False,1.15,1.14,echo_ms,43,0.44583
latency,herdr,other-busy,3,False,1.15,1.14,echo_ms,44,0.483168
latency,herdr,other-busy,3,False,1.15,1.14,echo_ms,45,0.475756
latency,herdr,other-busy,3,False,1.15,1.14,echo_ms,46,0.454634
latency,herdr,other-busy,3,False,1.15,1.14,echo_ms,47,0.432574
latency,herdr,other-busy,3,False,1.15,1.14,echo_ms,48,0.443863
latency,herdr,other-busy,3,False,1.15,1.14,echo_ms,49,0.441099
latency,herdr,other-busy,3,False,1.15,1.14,echo_ms,50,0.413253
latency,herdr,other-busy,3,False,1.15,1.14,echo_ms,51,0.450708
latency,herdr,other-busy,3,False,1.15,1.14,echo_ms,52,0.448846
latency,herdr,other-busy,3,False,1.15,1.14,echo_ms,53,0.425733
latency,herdr,other-busy,3,False,1.15,1.14,echo_ms,54,0.425274
latency,herdr,other-busy,3,False,1.15,1.14,echo_ms,55,0.471165
latency,herdr,other-busy,3,False,1.15,1.14,echo_ms,56,0.424348
latency,herdr,other-busy,3,False,1.15,1.14,echo_ms,57,0.405586
latency,herdr,other-busy,3,False,1.15,1.14,echo_ms,58,0.483652
latency,herdr,other-busy,3,False,1.15,1.14,echo_ms,59,0.510543
latency,herdr,other-busy,3,False,1.15,1.14,echo_ms,60,0.537777
latency,herdr,other-busy,3,False,1.15,1.14,echo_ms,61,0.452141
latency,herdr,other-busy,3,False,1.15,1.14,echo_ms,62,0.536133
latency,herdr,other-busy,3,False,1.15,1.14,echo_ms,63,0.428326
latency,herdr,other-busy,3,False,1.15,1.14,echo_ms,64,0.510776
latency,herdr,other-busy,3,False,1.15,1.14,echo_ms,65,0.465257
latency,herdr,other-busy,3,False,1.15,1.14,echo_ms,66,0.434572
latency,herdr,other-busy,3,False,1.15,1.14,echo_ms,67,0.545596
latency,herdr,other-busy,3,False,1.15,1.14,echo_ms,68,0.430852
latency,herdr,other-busy,3,False,1.15,1.14,echo_ms,69,0.546821
latency,herdr,other-busy,3,False,1.15,1.14,echo_ms,70,0.466355
latency,herdr,other-busy,3,False,1.15,1.14,echo_ms,71,0.564011
latency,herdr,other-busy,3,False,1.15,1.14,echo_ms,72,0.450641
latency,herdr,other-busy,3,False,1.15,1.14,echo_ms,73,0.415351
latency,herdr,other-busy,3,False,1.15,1.14,echo_ms,74,0.437944
latency,herdr,other-busy,3,False,1.15,1.14,echo_ms,75,0.443443
latency,herdr,other-busy,3,False,1.15,1.14,echo_ms,76,0.46155
latency,herdr,other-busy,3,False,1.15,1.14,echo_ms,77,0.427493
latency,herdr,other-busy,3,False,1.15,1.14,echo_ms,78,0.490252
latency,herdr,other-busy,3,False,1.15,1.14,echo_ms,79,0.525777
latency,herdr,other-busy,3,False,1.15,1.14,echo_ms,80,0.461586
latency,herdr,other-busy,3,False,1.15,1.14,echo_ms,81,0.550573
latency,herdr,other-busy,3,False,1.15,1.14,echo_ms,82,0.421342
latency,herdr,other-busy,3,False,1.15,1.14,echo_ms,83,0.423664
latency,herdr,other-busy,3,False,1.15,1.14,echo_ms,84,0.443749
latency,herdr,other-busy,3,False,1.15,1.14,echo_ms,85,0.435174
latency,herdr,other-busy,3,False,1.15,1.14,echo_ms,86,0.418455
latency,herdr,other-busy,3,False,1.15,1.14,echo_ms,87,0.457733
latency,herdr,other-busy,3,False,1.15,1.14,echo_ms,88,0.790833
latency,herdr,other-busy,3,False,1.15,1.14,echo_ms,89,0.46792
latency,herdr,other-busy,3,False,1.15,1.14,echo_ms,90,0.449823
latency,herdr,other-busy,3,False,1.15,1.14,echo_ms,91,0.43222
latency,herdr,other-busy,3,False,1.15,1.14,echo_ms,92,0.428956
latency,herdr,other-busy,3,False,1.15,1.14,echo_ms,93,0.531348
latency,herdr,other-busy,3,False,1.15,1.14,echo_ms,94,0.430036
latency,herdr,other-busy,3,False,1.15,1.14,echo_ms,95,0.43194
latency,herdr,other-busy,3,False,1.15,1.14,echo_ms,96,0.481081
latency,herdr,other-busy,3,False,1.15,1.14,echo_ms,97,0.446767
latency,herdr,other-busy,3,False,1.15,1.14,echo_ms,98,0.442301
latency,herdr,other-busy,3,False,1.15,1.14,echo_ms,99,0.454842
latency,herdr,other-busy,3,False,1.15,1.14,timeouts,,0
latency,thurbox,other-busy,3,False,1.14,1.04,echo_ms,0,1.389366
latency,thurbox,other-busy,3,False,1.14,1.04,echo_ms,1,1.56213
latency,thurbox,other-busy,3,False,1.14,1.04,echo_ms,2,1.652149
latency,thurbox,other-busy,3,False,1.14,1.04,echo_ms,3,2.326958
latency,thurbox,other-busy,3,False,1.14,1.04,echo_ms,4,1.753189
latency,thurbox,other-busy,3,False,1.14,1.04,echo_ms,5,1.679096
latency,thurbox,other-busy,3,False,1.14,1.04,echo_ms,6,1.663752
latency,thurbox,other-busy,3,False,1.14,1.04,echo_ms,7,1.776916
latency,thurbox,other-busy,3,False,1.14,1.04,echo_ms,8,2.24057
latency,thurbox,other-busy,3,False,1.14,1.04,echo_ms,9,1.43143
latency,thurbox,other-busy,3,False,1.14,1.04,echo_ms,10,1.921935
latency,thurbox,other-busy,3,False,1.14,1.04,echo_ms,11,1.974777
latency,thurbox,other-busy,3,False,1.14,1.04,echo_ms,12,1.421523
latency,thurbox,other-busy,3,False,1.14,1.04,echo_ms,13,2.437272
latency,thurbox,other-busy,3,False,1.14,1.04,echo_ms,14,1.816667
latency,thurbox,other-busy,3,False,1.14,1.04,echo_ms,15,2.431135
latency,thurbox,other-busy,3,False,1.14,1.04,echo_ms,16,2.826201
latency,thurbox,other-busy,3,False,1.14,1.04,echo_ms,17,2.548774
latency,thurbox,other-busy,3,False,1.14,1.04,echo_ms,18,2.293807
latency,thurbox,other-busy,3,False,1.14,1.04,echo_ms,19,2.245778
latency,thurbox,other-busy,3,False,1.14,1.04,echo_ms,20,2.296482
latency,thurbox,other-busy,3,False,1.14,1.04,echo_ms,21,3.258234
latency,thurbox,other-busy,3,False,1.14,1.04,echo_ms,22,1.417207
latency,thurbox,other-busy,3,False,1.14,1.04,echo_ms,23,2.057395
latency,thurbox,other-busy,3,False,1.14,1.04,echo_ms,24,1.417874
latency,thurbox,other-busy,3,False,1.14,1.04,echo_ms,25,3.83844
latency,thurbox,other-busy,3,False,1.14,1.04,echo_ms,26,2.352057
latency,thurbox,other-busy,3,False,1.14,1.04,echo_ms,27,1.684469
latency,thurbox,other-busy,3,False,1.14,1.04,echo_ms,28,1.536987
latency,thurbox,other-busy,3,False,1.14,1.04,echo_ms,29,1.60464
latency,thurbox,other-busy,3,False,1.14,1.04,echo_ms,30,2.594339
latency,thurbox,other-busy,3,False,1.14,1.04,echo_ms,31,2.387812
latency,thurbox,other-busy,3,False,1.14,1.04,echo_ms,32,1.683467
latency,thurbox,other-busy,3,False,1.14,1.04,echo_ms,33,1.53039
latency,thurbox,other-busy,3,False,1.14,1.04,echo_ms,34,1.575819
latency,thurbox,other-busy,3,False,1.14,1.04,echo_ms,35,1.328608
latency,thurbox,other-busy,3,False,1.14,1.04,echo_ms,36,1.316402
latency,thurbox,other-busy,3,False,1.14,1.04,echo_ms,37,1.329279
latency,thurbox,other-busy,3,False,1.14,1.04,echo_ms,38,2.670096
latency,thurbox,other-busy,3,False,1.14,1.04,echo_ms,39,1.709574
latency,thurbox,other-busy,3,False,1.14,1.04,echo_ms,40,1.784732
latency,thurbox,other-busy,3,False,1.14,1.04,echo_ms,41,1.769914
latency,thurbox,other-busy,3,False,1.14,1.04,echo_ms,42,2.390293
latency,thurbox,other-busy,3,False,1.14,1.04,echo_ms,43,2.438934
latency,thurbox,other-busy,3,False,1.14,1.04,echo_ms,44,2.073847
latency,thurbox,other-busy,3,False,1.14,1.04,echo_ms,45,1.696997
latency,thurbox,other-busy,3,False,1.14,1.04,echo_ms,46,1.887835
latency,thurbox,other-busy,3,False,1.14,1.04,echo_ms,47,1.996301
latency,thurbox,other-busy,3,False,1.14,1.04,echo_ms,48,1.941905
latency,thurbox,other-busy,3,False,1.14,1.04,echo_ms,49,4.040021
latency,thurbox,other-busy,3,False,1.14,1.04,echo_ms,50,1.699579
latency,thurbox,other-busy,3,False,1.14,1.04,echo_ms,51,1.642746
latency,thurbox,other-busy,3,False,1.14,1.04,echo_ms,52,1.706528
latency,thurbox,other-busy,3,False,1.14,1.04,echo_ms,53,4.343915
latency,thurbox,other-busy,3,False,1.14,1.04,echo_ms,54,2.077952
latency,thurbox,other-busy,3,False,1.14,1.04,echo_ms,55,4.353274
latency,thurbox,other-busy,3,False,1.14,1.04,echo_ms,56,1.87478
latency,thurbox,other-busy,3,False,1.14,1.04,echo_ms,57,1.918012
latency,thurbox,other-busy,3,False,1.14,1.04,echo_ms,58,1.827248
latency,thurbox,other-busy,3,False,1.14,1.04,echo_ms,59,1.759846
latency,thurbox,other-busy,3,False,1.14,1.04,echo_ms,60,2.672194
latency,thurbox,other-busy,3,False,1.14,1.04,echo_ms,61,1.806748
latency,thurbox,other-busy,3,False,1.14,1.04,echo_ms,62,2.311098
latency,thurbox,other-busy,3,False,1.14,1.04,echo_ms,63,2.351096
latency,thurbox,other-busy,3,False,1.14,1.04,echo_ms,64,3.337947
latency,thurbox,other-busy,3,False,1.14,1.04,echo_ms,65,1.725434
latency,thurbox,other-busy,3,False,1.14,1.04,echo_ms,66,1.64183
latency,thurbox,other-busy,3,False,1.14,1.04,echo_ms,67,2.258895
latency,thurbox,other-busy,3,False,1.14,1.04,echo_ms,68,1.525862
latency,thurbox,other-busy,3,False,1.14,1.04,echo_ms,69,2.368023
latency,thurbox,other-busy,3,False,1.14,1.04,echo_ms,70,2.990442
latency,thurbox,other-busy,3,False,1.14,1.04,echo_ms,71,1.788744
latency,thurbox,other-busy,3,False,1.14,1.04,echo_ms,72,2.14417
latency,thurbox,other-busy,3,False,1.14,1.04,echo_ms,73,1.713082
latency,thurbox,other-busy,3,False,1.14,1.04,echo_ms,74,2.304329
latency,thurbox,other-busy,3,False,1.14,1.04,echo_ms,75,1.934929
latency,thurbox,other-busy,3,False,1.14,1.04,echo_ms,76,1.45036
latency,thurbox,other-busy,3,False,1.14,1.04,echo_ms,77,1.635017
latency,thurbox,other-busy,3,False,1.14,1.04,echo_ms,78,1.938982
latency,thurbox,other-busy,3,False,1.14,1.04,echo_ms,79,1.448912
latency,thurbox,other-busy,3,False,1.14,1.04,echo_ms,80,1.924876
latency,thurbox,other-busy,3,False,1.14,1.04,echo_ms,81,2.403991
latency,thurbox,other-busy,3,False,1.14,1.04,echo_ms,82,1.722114
latency,thurbox,other-busy,3,False,1.14,1.04,echo_ms,83,1.854349
latency,thurbox,other-busy,3,False,1.14,1.04,echo_ms,84,1.555802
latency,thurbox,other-busy,3,False,1.14,1.04,echo_ms,85,1.847442
latency,thurbox,other-busy,3,False,1.14,1.04,echo_ms,86,2.201736
latency,thurbox,other-busy,3,False,1.14,1.04,echo_ms,87,1.720268
latency,thurbox,other-busy,3,False,1.14,1.04,echo_ms,88,1.927663
latency,thurbox,other-busy,3,False,1.14,1.04,echo_ms,89,1.589277
latency,thurbox,other-busy,3,False,1.14,1.04,echo_ms,90,1.885987
latency,thurbox,other-busy,3,False,1.14,1.04,echo_ms,91,2.372944
latency,thurbox,other-busy,3,False,1.14,1.04,echo_ms,92,2.015843
latency,thurbox,other-busy,3,False,1.14,1.04,echo_ms,93,2.082323
latency,thurbox,other-busy,3,False,1.14,1.04,echo_ms,94,1.405481
latency,thurbox,other-busy,3,False,1.14,1.04,echo_ms,95,2.258697
latency,thurbox,other-busy,3,False,1.14,1.04,echo_ms,96,1.927544
latency,thurbox,other-busy,3,False,1.14,1.04,echo_ms,97,2.012466
latency,thurbox,other-busy,3,False,1.14,1.04,echo_ms,98,2.354197
latency,thurbox,other-busy,3,False,1.14,1.04,echo_ms,99,1.941734
latency,thurbox,other-busy,3,False,1.14,1.04,timeouts,,0
latency,tmux,other-busy,4,False,1.04,1.04,echo_ms,0,0.65164
latency,tmux,other-busy,4,False,1.04,1.04,echo_ms,1,0.659019
latency,tmux,other-busy,4,False,1.04,1.04,echo_ms,2,0.620283
latency,tmux,other-busy,4,False,1.04,1.04,echo_ms,3,0.875998
latency,tmux,other-busy,4,False,1.04,1.04,echo_ms,4,0.703342
latency,tmux,other-busy,4,False,1.04,1.04,echo_ms,5,0.840432
latency,tmux,other-busy,4,False,1.04,1.04,echo_ms,6,0.701694
latency,tmux,other-busy,4,False,1.04,1.04,echo_ms,7,0.743577
latency,tmux,other-busy,4,False,1.04,1.04,echo_ms,8,0.801447
latency,tmux,other-busy,4,False,1.04,1.04,echo_ms,9,0.696482
latency,tmux,other-busy,4,False,1.04,1.04,echo_ms,10,0.749814
latency,tmux,other-busy,4,False,1.04,1.04,echo_ms,11,0.685446
latency,tmux,other-busy,4,False,1.04,1.04,echo_ms,12,0.567076
latency,tmux,other-busy,4,False,1.04,1.04,echo_ms,13,0.891633
latency,tmux,other-busy,4,False,1.04,1.04,echo_ms,14,0.623506
latency,tmux,other-busy,4,False,1.04,1.04,echo_ms,15,0.340386
latency,tmux,other-busy,4,False,1.04,1.04,echo_ms,16,0.593339
latency,tmux,other-busy,4,False,1.04,1.04,echo_ms,17,0.981607
latency,tmux,other-busy,4,False,1.04,1.04,echo_ms,18,0.692562
latency,tmux,other-busy,4,False,1.04,1.04,echo_ms,19,0.840228
latency,tmux,other-busy,4,False,1.04,1.04,echo_ms,20,0.784513
latency,tmux,other-busy,4,False,1.04,1.04,echo_ms,21,0.589993
latency,tmux,other-busy,4,False,1.04,1.04,echo_ms,22,0.677374
latency,tmux,other-busy,4,False,1.04,1.04,echo_ms,23,0.64482
latency,tmux,other-busy,4,False,1.04,1.04,echo_ms,24,0.655429
latency,tmux,other-busy,4,False,1.04,1.04,echo_ms,25,0.603584
latency,tmux,other-busy,4,False,1.04,1.04,echo_ms,26,0.887216
latency,tmux,other-busy,4,False,1.04,1.04,echo_ms,27,0.755967
latency,tmux,other-busy,4,False,1.04,1.04,echo_ms,28,0.836905
latency,tmux,other-busy,4,False,1.04,1.04,echo_ms,29,0.816335
latency,tmux,other-busy,4,False,1.04,1.04,echo_ms,30,0.923889
latency,tmux,other-busy,4,False,1.04,1.04,echo_ms,31,0.903274
latency,tmux,other-busy,4,False,1.04,1.04,echo_ms,32,0.812335
latency,tmux,other-busy,4,False,1.04,1.04,echo_ms,33,0.614867
latency,tmux,other-busy,4,False,1.04,1.04,echo_ms,34,0.989501
latency,tmux,other-busy,4,False,1.04,1.04,echo_ms,35,0.873497
latency,tmux,other-busy,4,False,1.04,1.04,echo_ms,36,0.962169
latency,tmux,other-busy,4,False,1.04,1.04,echo_ms,37,0.862724
latency,tmux,other-busy,4,False,1.04,1.04,echo_ms,38,0.594441
latency,tmux,other-busy,4,False,1.04,1.04,echo_ms,39,0.692436
latency,tmux,other-busy,4,False,1.04,1.04,echo_ms,40,0.876993
latency,tmux,other-busy,4,False,1.04,1.04,echo_ms,41,0.571551
latency,tmux,other-busy,4,False,1.04,1.04,echo_ms,42,0.73712
latency,tmux,other-busy,4,False,1.04,1.04,echo_ms,43,0.643729
latency,tmux,other-busy,4,False,1.04,1.04,echo_ms,44,0.559278
latency,tmux,other-busy,4,False,1.04,1.04,echo_ms,45,0.639049
latency,tmux,other-busy,4,False,1.04,1.04,echo_ms,46,0.747781
latency,tmux,other-busy,4,False,1.04,1.04,echo_ms,47,1.479105
latency,tmux,other-busy,4,False,1.04,1.04,echo_ms,48,0.825046
latency,tmux,other-busy,4,False,1.04,1.04,echo_ms,49,0.763719
latency,tmux,other-busy,4,False,1.04,1.04,echo_ms,50,0.684991
latency,tmux,other-busy,4,False,1.04,1.04,echo_ms,51,0.62285
latency,tmux,other-busy,4,False,1.04,1.04,echo_ms,52,0.855581
latency,tmux,other-busy,4,False,1.04,1.04,echo_ms,53,0.890708
latency,tmux,other-busy,4,False,1.04,1.04,echo_ms,54,0.580842
latency,tmux,other-busy,4,False,1.04,1.04,echo_ms,55,0.778397
latency,tmux,other-busy,4,False,1.04,1.04,echo_ms,56,0.727337
latency,tmux,other-busy,4,False,1.04,1.04,echo_ms,57,0.650115
latency,tmux,other-busy,4,False,1.04,1.04,echo_ms,58,0.728133
latency,tmux,other-busy,4,False,1.04,1.04,echo_ms,59,0.624864
latency,tmux,other-busy,4,False,1.04,1.04,echo_ms,60,0.765449
latency,tmux,other-busy,4,False,1.04,1.04,echo_ms,61,0.195905
latency,tmux,other-busy,4,False,1.04,1.04,echo_ms,62,0.938439
latency,tmux,other-busy,4,False,1.04,1.04,echo_ms,63,0.773377
latency,tmux,other-busy,4,False,1.04,1.04,echo_ms,64,0.651219
latency,tmux,other-busy,4,False,1.04,1.04,echo_ms,65,0.793085
latency,tmux,other-busy,4,False,1.04,1.04,echo_ms,66,0.575423
latency,tmux,other-busy,4,False,1.04,1.04,echo_ms,67,0.760809
latency,tmux,other-busy,4,False,1.04,1.04,echo_ms,68,0.758212
latency,tmux,other-busy,4,False,1.04,1.04,echo_ms,69,0.619459
latency,tmux,other-busy,4,False,1.04,1.04,echo_ms,70,0.728839
latency,tmux,other-busy,4,False,1.04,1.04,echo_ms,71,0.832712
latency,tmux,other-busy,4,False,1.04,1.04,echo_ms,72,0.642498
latency,tmux,other-busy,4,False,1.04,1.04,echo_ms,73,0.643256
latency,tmux,other-busy,4,False,1.04,1.04,echo_ms,74,0.74331
latency,tmux,other-busy,4,False,1.04,1.04,echo_ms,75,0.835505
latency,tmux,other-busy,4,False,1.04,1.04,echo_ms,76,0.861935
latency,tmux,other-busy,4,False,1.04,1.04,echo_ms,77,0.564098
latency,tmux,other-busy,4,False,1.04,1.04,echo_ms,78,0.676913
latency,tmux,other-busy,4,False,1.04,1.04,echo_ms,79,0.752675
latency,tmux,other-busy,4,False,1.04,1.04,echo_ms,80,0.689211
latency,tmux,other-busy,4,False,1.04,1.04,echo_ms,81,0.663461
latency,tmux,other-busy,4,False,1.04,1.04,echo_ms,82,0.722444
latency,tmux,other-busy,4,False,1.04,1.04,echo_ms,83,0.760609
latency,tmux,other-busy,4,False,1.04,1.04,echo_ms,84,0.650822
latency,tmux,other-busy,4,False,1.04,1.04,echo_ms,85,0.65906
latency,tmux,other-busy,4,False,1.04,1.04,echo_ms,86,0.914693
latency,tmux,other-busy,4,False,1.04,1.04,echo_ms,87,0.768481
latency,tmux,other-busy,4,False,1.04,1.04,echo_ms,88,0.810935
latency,tmux,other-busy,4,False,1.04,1.04,echo_ms,89,0.830584
latency,tmux,other-busy,4,False,1.04,1.04,echo_ms,90,0.906172
latency,tmux,other-busy,4,False,1.04,1.04,echo_ms,91,0.731065
latency,tmux,other-busy,4,False,1.04,1.04,echo_ms,92,0.581257
latency,tmux,other-busy,4,False,1.04,1.04,echo_ms,93,0.667276
latency,tmux,other-busy,4,False,1.04,1.04,echo_ms,94,0.734348
latency,tmux,other-busy,4,False,1.04,1.04,echo_ms,95,0.628675
latency,tmux,other-busy,4,False,1.04,1.04,echo_ms,96,0.864987
latency,tmux,other-busy,4,False,1.04,1.04,echo_ms,97,0.840027
latency,tmux,other-busy,4,False,1.04,1.04,echo_ms,98,0.760608
latency,tmux,other-busy,4,False,1.04,1.04,echo_ms,99,0.783388
latency,tmux,other-busy,4,False,1.04,1.04,timeouts,,0
latency,herdr,other-busy,4,False,1.04,1.03,echo_ms,0,0.451972
latency,herdr,other-busy,4,False,1.04,1.03,echo_ms,1,0.455302
latency,herdr,other-busy,4,False,1.04,1.03,echo_ms,2,0.490329
latency,herdr,other-busy,4,False,1.04,1.03,echo_ms,3,0.459971
latency,herdr,other-busy,4,False,1.04,1.03,echo_ms,4,0.431005
latency,herdr,other-busy,4,False,1.04,1.03,echo_ms,5,0.452432
latency,herdr,other-busy,4,False,1.04,1.03,echo_ms,6,0.472539
latency,herdr,other-busy,4,False,1.04,1.03,echo_ms,7,0.467846
latency,herdr,other-busy,4,False,1.04,1.03,echo_ms,8,0.427284
latency,herdr,other-busy,4,False,1.04,1.03,echo_ms,9,0.530304
latency,herdr,other-busy,4,False,1.04,1.03,echo_ms,10,0.503854
latency,herdr,other-busy,4,False,1.04,1.03,echo_ms,11,0.44687
latency,herdr,other-busy,4,False,1.04,1.03,echo_ms,12,0.433277
latency,herdr,other-busy,4,False,1.04,1.03,echo_ms,13,0.440033
latency,herdr,other-busy,4,False,1.04,1.03,echo_ms,14,0.491534
latency,herdr,other-busy,4,False,1.04,1.03,echo_ms,15,0.453339
latency,herdr,other-busy,4,False,1.04,1.03,echo_ms,16,0.445426
latency,herdr,other-busy,4,False,1.04,1.03,echo_ms,17,0.466953
latency,herdr,other-busy,4,False,1.04,1.03,echo_ms,18,0.545913
latency,herdr,other-busy,4,False,1.04,1.03,echo_ms,19,0.432019
latency,herdr,other-busy,4,False,1.04,1.03,echo_ms,20,0.474185
latency,herdr,other-busy,4,False,1.04,1.03,echo_ms,21,0.458422
latency,herdr,other-busy,4,False,1.04,1.03,echo_ms,22,0.418237
latency,herdr,other-busy,4,False,1.04,1.03,echo_ms,23,0.413467
latency,herdr,other-busy,4,False,1.04,1.03,echo_ms,24,0.485281
latency,herdr,other-busy,4,False,1.04,1.03,echo_ms,25,0.474794
latency,herdr,other-busy,4,False,1.04,1.03,echo_ms,26,0.435851
latency,herdr,other-busy,4,False,1.04,1.03,echo_ms,27,0.452193
latency,herdr,other-busy,4,False,1.04,1.03,echo_ms,28,0.448794
latency,herdr,other-busy,4,False,1.04,1.03,echo_ms,29,0.458866
latency,herdr,other-busy,4,False,1.04,1.03,echo_ms,30,0.508722
latency,herdr,other-busy,4,False,1.04,1.03,echo_ms,31,0.510753
latency,herdr,other-busy,4,False,1.04,1.03,echo_ms,32,0.436016
latency,herdr,other-busy,4,False,1.04,1.03,echo_ms,33,0.44035
latency,herdr,other-busy,4,False,1.04,1.03,echo_ms,34,0.488124
latency,herdr,other-busy,4,False,1.04,1.03,echo_ms,35,0.439597
latency,herdr,other-busy,4,False,1.04,1.03,echo_ms,36,0.452804
latency,herdr,other-busy,4,False,1.04,1.03,echo_ms,37,0.488034
latency,herdr,other-busy,4,False,1.04,1.03,echo_ms,38,0.42974
latency,herdr,other-busy,4,False,1.04,1.03,echo_ms,39,0.50981
latency,herdr,other-busy,4,False,1.04,1.03,echo_ms,40,0.452566
latency,herdr,other-busy,4,False,1.04,1.03,echo_ms,41,0.428254
latency,herdr,other-busy,4,False,1.04,1.03,echo_ms,42,0.45261
latency,herdr,other-busy,4,False,1.04,1.03,echo_ms,43,0.408416
latency,herdr,other-busy,4,False,1.04,1.03,echo_ms,44,0.460927
latency,herdr,other-busy,4,False,1.04,1.03,echo_ms,45,0.47579
latency,herdr,other-busy,4,False,1.04,1.03,echo_ms,46,0.474747
latency,herdr,other-busy,4,False,1.04,1.03,echo_ms,47,0.54112
latency,herdr,other-busy,4,False,1.04,1.03,echo_ms,48,0.431813
latency,herdr,other-busy,4,False,1.04,1.03,echo_ms,49,0.43741
latency,herdr,other-busy,4,False,1.04,1.03,echo_ms,50,0.444116
latency,herdr,other-busy,4,False,1.04,1.03,echo_ms,51,0.51608
latency,herdr,other-busy,4,False,1.04,1.03,echo_ms,52,0.44395
latency,herdr,other-busy,4,False,1.04,1.03,echo_ms,53,0.453001
latency,herdr,other-busy,4,False,1.04,1.03,echo_ms,54,0.45282
latency,herdr,other-busy,4,False,1.04,1.03,echo_ms,55,0.448568
latency,herdr,other-busy,4,False,1.04,1.03,echo_ms,56,0.431438
latency,herdr,other-busy,4,False,1.04,1.03,echo_ms,57,1.036924
latency,herdr,other-busy,4,False,1.04,1.03,echo_ms,58,0.48291
latency,herdr,other-busy,4,False,1.04,1.03,echo_ms,59,0.529148
latency,herdr,other-busy,4,False,1.04,1.03,echo_ms,60,0.767054
latency,herdr,other-busy,4,False,1.04,1.03,echo_ms,61,0.985402
latency,herdr,other-busy,4,False,1.04,1.03,echo_ms,62,0.420775
latency,herdr,other-busy,4,False,1.04,1.03,echo_ms,63,0.50349
latency,herdr,other-busy,4,False,1.04,1.03,echo_ms,64,0.44243
latency,herdr,other-busy,4,False,1.04,1.03,echo_ms,65,0.432786
latency,herdr,other-busy,4,False,1.04,1.03,echo_ms,66,0.446968
latency,herdr,other-busy,4,False,1.04,1.03,echo_ms,67,0.474754
latency,herdr,other-busy,4,False,1.04,1.03,echo_ms,68,0.473102
latency,herdr,other-busy,4,False,1.04,1.03,echo_ms,69,0.421748
latency,herdr,other-busy,4,False,1.04,1.03,echo_ms,70,0.47449
latency,herdr,other-busy,4,False,1.04,1.03,echo_ms,71,0.40641
latency,herdr,other-busy,4,False,1.04,1.03,echo_ms,72,0.475444
latency,herdr,other-busy,4,False,1.04,1.03,echo_ms,73,0.416693
latency,herdr,other-busy,4,False,1.04,1.03,echo_ms,74,0.423154
latency,herdr,other-busy,4,False,1.04,1.03,echo_ms,75,0.446805
latency,herdr,other-busy,4,False,1.04,1.03,echo_ms,76,0.404545
latency,herdr,other-busy,4,False,1.04,1.03,echo_ms,77,0.4364
latency,herdr,other-busy,4,False,1.04,1.03,echo_ms,78,0.448494
latency,herdr,other-busy,4,False,1.04,1.03,echo_ms,79,0.428574
latency,herdr,other-busy,4,False,1.04,1.03,echo_ms,80,0.468531
latency,herdr,other-busy,4,False,1.04,1.03,echo_ms,81,0.445479
latency,herdr,other-busy,4,False,1.04,1.03,echo_ms,82,0.419545
latency,herdr,other-busy,4,False,1.04,1.03,echo_ms,83,0.437747
latency,herdr,other-busy,4,False,1.04,1.03,echo_ms,84,0.436852
latency,herdr,other-busy,4,False,1.04,1.03,echo_ms,85,0.489119
latency,herdr,other-busy,4,False,1.04,1.03,echo_ms,86,0.463058
latency,herdr,other-busy,4,False,1.04,1.03,echo_ms,87,0.510458
latency,herdr,other-busy,4,False,1.04,1.03,echo_ms,88,0.439424
latency,herdr,other-busy,4,False,1.04,1.03,echo_ms,89,0.421626
latency,herdr,other-busy,4,False,1.04,1.03,echo_ms,90,0.464915
latency,herdr,other-busy,4,False,1.04,1.03,echo_ms,91,0.614094
latency,herdr,other-busy,4,False,1.04,1.03,echo_ms,92,0.454251
latency,herdr,other-busy,4,False,1.04,1.03,echo_ms,93,0.519055
latency,herdr,other-busy,4,False,1.04,1.03,echo_ms,94,0.420622
latency,herdr,other-busy,4,False,1.04,1.03,echo_ms,95,0.417656
latency,herdr,other-busy,4,False,1.04,1.03,echo_ms,96,0.547883
latency,herdr,other-busy,4,False,1.04,1.03,echo_ms,97,0.435643
latency,herdr,other-busy,4,False,1.04,1.03,echo_ms,98,0.420837
latency,herdr,other-busy,4,False,1.04,1.03,echo_ms,99,0.438029
latency,herdr,other-busy,4,False,1.04,1.03,timeouts,,0
latency,thurbox,other-busy,4,False,1.03,0.95,echo_ms,0,1.849178
latency,thurbox,other-busy,4,False,1.03,0.95,echo_ms,1,1.610045
latency,thurbox,other-busy,4,False,1.03,0.95,echo_ms,2,2.043786
latency,thurbox,other-busy,4,False,1.03,0.95,echo_ms,3,2.408912
latency,thurbox,other-busy,4,False,1.03,0.95,echo_ms,4,1.406627
latency,thurbox,other-busy,4,False,1.03,0.95,echo_ms,5,1.843118
latency,thurbox,other-busy,4,False,1.03,0.95,echo_ms,6,2.053152
latency,thurbox,other-busy,4,False,1.03,0.95,echo_ms,7,2.232217
latency,thurbox,other-busy,4,False,1.03,0.95,echo_ms,8,1.629767
latency,thurbox,other-busy,4,False,1.03,0.95,echo_ms,9,2.564748
latency,thurbox,other-busy,4,False,1.03,0.95,echo_ms,10,1.881851
latency,thurbox,other-busy,4,False,1.03,0.95,echo_ms,11,1.682851
latency,thurbox,other-busy,4,False,1.03,0.95,echo_ms,12,1.875867
latency,thurbox,other-busy,4,False,1.03,0.95,echo_ms,13,1.978342
latency,thurbox,other-busy,4,False,1.03,0.95,echo_ms,14,2.174612
latency,thurbox,other-busy,4,False,1.03,0.95,echo_ms,15,3.237782
latency,thurbox,other-busy,4,False,1.03,0.95,echo_ms,16,2.257678
latency,thurbox,other-busy,4,False,1.03,0.95,echo_ms,17,1.705747
latency,thurbox,other-busy,4,False,1.03,0.95,echo_ms,18,1.704625
latency,thurbox,other-busy,4,False,1.03,0.95,echo_ms,19,2.263474
latency,thurbox,other-busy,4,False,1.03,0.95,echo_ms,20,1.941334
latency,thurbox,other-busy,4,False,1.03,0.95,echo_ms,21,1.776464
latency,thurbox,other-busy,4,False,1.03,0.95,echo_ms,22,1.962305
latency,thurbox,other-busy,4,False,1.03,0.95,echo_ms,23,2.515143
latency,thurbox,other-busy,4,False,1.03,0.95,echo_ms,24,1.43674
latency,thurbox,other-busy,4,False,1.03,0.95,echo_ms,25,3.13999
latency,thurbox,other-busy,4,False,1.03,0.95,echo_ms,26,1.773739
latency,thurbox,other-busy,4,False,1.03,0.95,echo_ms,27,1.585817
latency,thurbox,other-busy,4,False,1.03,0.95,echo_ms,28,2.775907
latency,thurbox,other-busy,4,False,1.03,0.95,echo_ms,29,4.942576
latency,thurbox,other-busy,4,False,1.03,0.95,echo_ms,30,1.754015
latency,thurbox,other-busy,4,False,1.03,0.95,echo_ms,31,2.435807
latency,thurbox,other-busy,4,False,1.03,0.95,echo_ms,32,1.660265
latency,thurbox,other-busy,4,False,1.03,0.95,echo_ms,33,1.833204
latency,thurbox,other-busy,4,False,1.03,0.95,echo_ms,34,1.476521
latency,thurbox,other-busy,4,False,1.03,0.95,echo_ms,35,2.857092
latency,thurbox,other-busy,4,False,1.03,0.95,echo_ms,36,1.743954
latency,thurbox,other-busy,4,False,1.03,0.95,echo_ms,37,1.399974
latency,thurbox,other-busy,4,False,1.03,0.95,echo_ms,38,1.740942
latency,thurbox,other-busy,4,False,1.03,0.95,echo_ms,39,2.364229
latency,thurbox,other-busy,4,False,1.03,0.95,echo_ms,40,1.721621
latency,thurbox,other-busy,4,False,1.03,0.95,echo_ms,41,2.276989
latency,thurbox,other-busy,4,False,1.03,0.95,echo_ms,42,1.781546
latency,thurbox,other-busy,4,False,1.03,0.95,echo_ms,43,1.945671
latency,thurbox,other-busy,4,False,1.03,0.95,echo_ms,44,2.712739
latency,thurbox,other-busy,4,False,1.03,0.95,echo_ms,45,1.416745
latency,thurbox,other-busy,4,False,1.03,0.95,echo_ms,46,2.150553
latency,thurbox,other-busy,4,False,1.03,0.95,echo_ms,47,2.426358
latency,thurbox,other-busy,4,False,1.03,0.95,echo_ms,48,1.922973
latency,thurbox,other-busy,4,False,1.03,0.95,echo_ms,49,1.657232
latency,thurbox,other-busy,4,False,1.03,0.95,echo_ms,50,1.799209
latency,thurbox,other-busy,4,False,1.03,0.95,echo_ms,51,1.659891
latency,thurbox,other-busy,4,False,1.03,0.95,echo_ms,52,2.125381
latency,thurbox,other-busy,4,False,1.03,0.95,echo_ms,53,1.540249
latency,thurbox,other-busy,4,False,1.03,0.95,echo_ms,54,1.848143
latency,thurbox,other-busy,4,False,1.03,0.95,echo_ms,55,2.055607
latency,thurbox,other-busy,4,False,1.03,0.95,echo_ms,56,1.690592
latency,thurbox,other-busy,4,False,1.03,0.95,echo_ms,57,1.968353
latency,thurbox,other-busy,4,False,1.03,0.95,echo_ms,58,1.592035
latency,thurbox,other-busy,4,False,1.03,0.95,echo_ms,59,2.503199
latency,thurbox,other-busy,4,False,1.03,0.95,echo_ms,60,2.043022
latency,thurbox,other-busy,4,False,1.03,0.95,echo_ms,61,1.575028
latency,thurbox,other-busy,4,False,1.03,0.95,echo_ms,62,1.814713
latency,thurbox,other-busy,4,False,1.03,0.95,echo_ms,63,2.212388
latency,thurbox,other-busy,4,False,1.03,0.95,echo_ms,64,3.142515
latency,thurbox,other-busy,4,False,1.03,0.95,echo_ms,65,1.948973
latency,thurbox,other-busy,4,False,1.03,0.95,echo_ms,66,2.072734
latency,thurbox,other-busy,4,False,1.03,0.95,echo_ms,67,1.816753
latency,thurbox,other-busy,4,False,1.03,0.95,echo_ms,68,1.673285
latency,thurbox,other-busy,4,False,1.03,0.95,echo_ms,69,2.110169
latency,thurbox,other-busy,4,False,1.03,0.95,echo_ms,70,1.950462
latency,thurbox,other-busy,4,False,1.03,0.95,echo_ms,71,1.465234
latency,thurbox,other-busy,4,False,1.03,0.95,echo_ms,72,1.50644
latency,thurbox,other-busy,4,False,1.03,0.95,echo_ms,73,2.600573
latency,thurbox,other-busy,4,False,1.03,0.95,echo_ms,74,1.749786
latency,thurbox,other-busy,4,False,1.03,0.95,echo_ms,75,1.757499
latency,thurbox,other-busy,4,False,1.03,0.95,echo_ms,76,1.443281
latency,thurbox,other-busy,4,False,1.03,0.95,echo_ms,77,2.649911
latency,thurbox,other-busy,4,False,1.03,0.95,echo_ms,78,1.76439
latency,thurbox,other-busy,4,False,1.03,0.95,echo_ms,79,2.182671
latency,thurbox,other-busy,4,False,1.03,0.95,echo_ms,80,1.690187
latency,thurbox,other-busy,4,False,1.03,0.95,echo_ms,81,1.714237
latency,thurbox,other-busy,4,False,1.03,0.95,echo_ms,82,2.134117
latency,thurbox,other-busy,4,False,1.03,0.95,echo_ms,83,1.534006
latency,thurbox,other-busy,4,False,1.03,0.95,echo_ms,84,2.6856
latency,thurbox,other-busy,4,False,1.03,0.95,echo_ms,85,1.997997
latency,thurbox,other-busy,4,False,1.03,0.95,echo_ms,86,1.555388
latency,thurbox,other-busy,4,False,1.03,0.95,echo_ms,87,1.460017
latency,thurbox,other-busy,4,False,1.03,0.95,echo_ms,88,1.85359
latency,thurbox,other-busy,4,False,1.03,0.95,echo_ms,89,1.924403
latency,thurbox,other-busy,4,False,1.03,0.95,echo_ms,90,1.851819
latency,thurbox,other-busy,4,False,1.03,0.95,echo_ms,91,1.937754
latency,thurbox,other-busy,4,False,1.03,0.95,echo_ms,92,2.010761
latency,thurbox,other-busy,4,False,1.03,0.95,echo_ms,93,2.465079
latency,thurbox,other-busy,4,False,1.03,0.95,echo_ms,94,1.658719
latency,thurbox,other-busy,4,False,1.03,0.95,echo_ms,95,1.675597
latency,thurbox,other-busy,4,False,1.03,0.95,echo_ms,96,2.09327
latency,thurbox,other-busy,4,False,1.03,0.95,echo_ms,97,1.438728
latency,thurbox,other-busy,4,False,1.03,0.95,echo_ms,98,1.902355
latency,thurbox,other-busy,4,False,1.03,0.95,echo_ms,99,1.875769
latency,thurbox,other-busy,4,False,1.03,0.95,timeouts,,0
latency,tmux,other-busy,5,False,0.95,0.95,echo_ms,0,0.81746
latency,tmux,other-busy,5,False,0.95,0.95,echo_ms,1,0.703235
latency,tmux,other-busy,5,False,0.95,0.95,echo_ms,2,0.72168
latency,tmux,other-busy,5,False,0.95,0.95,echo_ms,3,0.785501
latency,tmux,other-busy,5,False,0.95,0.95,echo_ms,4,0.691392
latency,tmux,other-busy,5,False,0.95,0.95,echo_ms,5,0.785178
latency,tmux,other-busy,5,False,0.95,0.95,echo_ms,6,0.63022
latency,tmux,other-busy,5,False,0.95,0.95,echo_ms,7,0.832968
latency,tmux,other-busy,5,False,0.95,0.95,echo_ms,8,0.584972
latency,tmux,other-busy,5,False,0.95,0.95,echo_ms,9,0.968125
latency,tmux,other-busy,5,False,0.95,0.95,echo_ms,10,0.358322
latency,tmux,other-busy,5,False,0.95,0.95,echo_ms,11,0.813487
latency,tmux,other-busy,5,False,0.95,0.95,echo_ms,12,0.816109
latency,tmux,other-busy,5,False,0.95,0.95,echo_ms,13,0.761358
latency,tmux,other-busy,5,False,0.95,0.95,echo_ms,14,0.558882
latency,tmux,other-busy,5,False,0.95,0.95,echo_ms,15,0.604237
latency,tmux,other-busy,5,False,0.95,0.95,echo_ms,16,0.66566
latency,tmux,other-busy,5,False,0.95,0.95,echo_ms,17,0.60286
latency,tmux,other-busy,5,False,0.95,0.95,echo_ms,18,0.8627
latency,tmux,other-busy,5,False,0.95,0.95,echo_ms,19,0.776154
latency,tmux,other-busy,5,False,0.95,0.95,echo_ms,20,0.572642
latency,tmux,other-busy,5,False,0.95,0.95,echo_ms,21,0.842863
latency,tmux,other-busy,5,False,0.95,0.95,echo_ms,22,0.832843
latency,tmux,other-busy,5,False,0.95,0.95,echo_ms,23,0.755819
latency,tmux,other-busy,5,False,0.95,0.95,echo_ms,24,0.810369
latency,tmux,other-busy,5,False,0.95,0.95,echo_ms,25,0.839986
latency,tmux,other-busy,5,False,0.95,0.95,echo_ms,26,0.914833
latency,tmux,other-busy,5,False,0.95,0.95,echo_ms,27,0.85604
latency,tmux,other-busy,5,False,0.95,0.95,echo_ms,28,0.884451
latency,tmux,other-busy,5,False,0.95,0.95,echo_ms,29,0.88514
latency,tmux,other-busy,5,False,0.95,0.95,echo_ms,30,0.857444
latency,tmux,other-busy,5,False,0.95,0.95,echo_ms,31,0.602045
latency,tmux,other-busy,5,False,0.95,0.95,echo_ms,32,0.626585
latency,tmux,other-busy,5,False,0.95,0.95,echo_ms,33,0.586051
latency,tmux,other-busy,5,False,0.95,0.95,echo_ms,34,0.635298
latency,tmux,other-busy,5,False,0.95,0.95,echo_ms,35,0.704591
latency,tmux,other-busy,5,False,0.95,0.95,echo_ms,36,0.928064
latency,tmux,other-busy,5,False,0.95,0.95,echo_ms,37,0.748847
latency,tmux,other-busy,5,False,0.95,0.95,echo_ms,38,0.839004
latency,tmux,other-busy,5,False,0.95,0.95,echo_ms,39,0.588805
latency,tmux,other-busy,5,False,0.95,0.95,echo_ms,40,0.710142
latency,tmux,other-busy,5,False,0.95,0.95,echo_ms,41,0.802806
latency,tmux,other-busy,5,False,0.95,0.95,echo_ms,42,0.725208
latency,tmux,other-busy,5,False,0.95,0.95,echo_ms,43,0.641671
latency,tmux,other-busy,5,False,0.95,0.95,echo_ms,44,0.77632
latency,tmux,other-busy,5,False,0.95,0.95,echo_ms,45,0.836265
latency,tmux,other-busy,5,False,0.95,0.95,echo_ms,46,0.666389
latency,tmux,other-busy,5,False,0.95,0.95,echo_ms,47,0.743691
latency,tmux,other-busy,5,False,0.95,0.95,echo_ms,48,0.917139
latency,tmux,other-busy,5,False,0.95,0.95,echo_ms,49,0.718509
latency,tmux,other-busy,5,False,0.95,0.95,echo_ms,50,0.897314
latency,tmux,other-busy,5,False,0.95,0.95,echo_ms,51,0.980182
latency,tmux,other-busy,5,False,0.95,0.95,echo_ms,52,0.664267
latency,tmux,other-busy,5,False,0.95,0.95,echo_ms,53,0.883156
latency,tmux,other-busy,5,False,0.95,0.95,echo_ms,54,0.671967
latency,tmux,other-busy,5,False,0.95,0.95,echo_ms,55,1.003184
latency,tmux,other-busy,5,False,0.95,0.95,echo_ms,56,0.760849
latency,tmux,other-busy,5,False,0.95,0.95,echo_ms,57,0.758416
latency,tmux,other-busy,5,False,0.95,0.95,echo_ms,58,0.559028
latency,tmux,other-busy,5,False,0.95,0.95,echo_ms,59,0.640723
latency,tmux,other-busy,5,False,0.95,0.95,echo_ms,60,0.551373
latency,tmux,other-busy,5,False,0.95,0.95,echo_ms,61,0.58688
latency,tmux,other-busy,5,False,0.95,0.95,echo_ms,62,0.760781
latency,tmux,other-busy,5,False,0.95,0.95,echo_ms,63,0.221597
latency,tmux,other-busy,5,False,0.95,0.95,echo_ms,64,0.66326
latency,tmux,other-busy,5,False,0.95,0.95,echo_ms,65,0.712065
latency,tmux,other-busy,5,False,0.95,0.95,echo_ms,66,0.720496
latency,tmux,other-busy,5,False,0.95,0.95,echo_ms,67,0.780831
latency,tmux,other-busy,5,False,0.95,0.95,echo_ms,68,0.77725
latency,tmux,other-busy,5,False,0.95,0.95,echo_ms,69,0.64301
latency,tmux,other-busy,5,False,0.95,0.95,echo_ms,70,0.832592
latency,tmux,other-busy,5,False,0.95,0.95,echo_ms,71,0.228432
latency,tmux,other-busy,5,False,0.95,0.95,echo_ms,72,0.687297
latency,tmux,other-busy,5,False,0.95,0.95,echo_ms,73,0.898723
latency,tmux,other-busy,5,False,0.95,0.95,echo_ms,74,0.650049
latency,tmux,other-busy,5,False,0.95,0.95,echo_ms,75,0.659863
latency,tmux,other-busy,5,False,0.95,0.95,echo_ms,76,0.776995
latency,tmux,other-busy,5,False,0.95,0.95,echo_ms,77,0.889143
latency,tmux,other-busy,5,False,0.95,0.95,echo_ms,78,0.629138
latency,tmux,other-busy,5,False,0.95,0.95,echo_ms,79,0.641169
latency,tmux,other-busy,5,False,0.95,0.95,echo_ms,80,0.887668
latency,tmux,other-busy,5,False,0.95,0.95,echo_ms,81,0.94282
latency,tmux,other-busy,5,False,0.95,0.95,echo_ms,82,0.659113
latency,tmux,other-busy,5,False,0.95,0.95,echo_ms,83,0.772855
latency,tmux,other-busy,5,False,0.95,0.95,echo_ms,84,0.896322
latency,tmux,other-busy,5,False,0.95,0.95,echo_ms,85,0.614459
latency,tmux,other-busy,5,False,0.95,0.95,echo_ms,86,0.809824
latency,tmux,other-busy,5,False,0.95,0.95,echo_ms,87,0.804076
latency,tmux,other-busy,5,False,0.95,0.95,echo_ms,88,0.662686
latency,tmux,other-busy,5,False,0.95,0.95,echo_ms,89,0.671163
latency,tmux,other-busy,5,False,0.95,0.95,echo_ms,90,0.751341
latency,tmux,other-busy,5,False,0.95,0.95,echo_ms,91,0.547803
latency,tmux,other-busy,5,False,0.95,0.95,echo_ms,92,0.600558
latency,tmux,other-busy,5,False,0.95,0.95,echo_ms,93,0.633468
latency,tmux,other-busy,5,False,0.95,0.95,echo_ms,94,0.601604
latency,tmux,other-busy,5,False,0.95,0.95,echo_ms,95,0.555987
latency,tmux,other-busy,5,False,0.95,0.95,echo_ms,96,0.884083
latency,tmux,other-busy,5,False,0.95,0.95,echo_ms,97,0.816002
latency,tmux,other-busy,5,False,0.95,0.95,echo_ms,98,0.69675
latency,tmux,other-busy,5,False,0.95,0.95,echo_ms,99,0.788557
latency,tmux,other-busy,5,False,0.95,0.95,timeouts,,0
latency,herdr,other-busy,5,False,0.95,0.96,echo_ms,0,0.439313
latency,herdr,other-busy,5,False,0.95,0.96,echo_ms,1,0.450957
latency,herdr,other-busy,5,False,0.95,0.96,echo_ms,2,0.528515
latency,herdr,other-busy,5,False,0.95,0.96,echo_ms,3,0.439231
latency,herdr,other-busy,5,False,0.95,0.96,echo_ms,4,0.450755
latency,herdr,other-busy,5,False,0.95,0.96,echo_ms,5,0.456512
latency,herdr,other-busy,5,False,0.95,0.96,echo_ms,6,0.457656
latency,herdr,other-busy,5,False,0.95,0.96,echo_ms,7,0.506534
latency,herdr,other-busy,5,False,0.95,0.96,echo_ms,8,0.42175
latency,herdr,other-busy,5,False,0.95,0.96,echo_ms,9,0.421658
latency,herdr,other-busy,5,False,0.95,0.96,echo_ms,10,0.419524
latency,herdr,other-busy,5,False,0.95,0.96,echo_ms,11,0.446587
latency,herdr,other-busy,5,False,0.95,0.96,echo_ms,12,0.504664
latency,herdr,other-busy,5,False,0.95,0.96,echo_ms,13,0.431092
latency,herdr,other-busy,5,False,0.95,0.96,echo_ms,14,0.443613
latency,herdr,other-busy,5,False,0.95,0.96,echo_ms,15,0.401253
latency,herdr,other-busy,5,False,0.95,0.96,echo_ms,16,0.510694
latency,herdr,other-busy,5,False,0.95,0.96,echo_ms,17,0.473106
latency,herdr,other-busy,5,False,0.95,0.96,echo_ms,18,0.472871
latency,herdr,other-busy,5,False,0.95,0.96,echo_ms,19,0.426602
latency,herdr,other-busy,5,False,0.95,0.96,echo_ms,20,0.429357
latency,herdr,other-busy,5,False,0.95,0.96,echo_ms,21,0.490607
latency,herdr,other-busy,5,False,0.95,0.96,echo_ms,22,0.475453
latency,herdr,other-busy,5,False,0.95,0.96,echo_ms,23,0.41562
latency,herdr,other-busy,5,False,0.95,0.96,echo_ms,24,0.454959
latency,herdr,other-busy,5,False,0.95,0.96,echo_ms,25,0.427816
latency,herdr,other-busy,5,False,0.95,0.96,echo_ms,26,0.581897
latency,herdr,other-busy,5,False,0.95,0.96,echo_ms,27,0.885424
latency,herdr,other-busy,5,False,0.95,0.96,echo_ms,28,0.420228
latency,herdr,other-busy,5,False,0.95,0.96,echo_ms,29,0.467316
latency,herdr,other-busy,5,False,0.95,0.96,echo_ms,30,0.451037
latency,herdr,other-busy,5,False,0.95,0.96,echo_ms,31,0.41178
latency,herdr,other-busy,5,False,0.95,0.96,echo_ms,32,0.905257
latency,herdr,other-busy,5,False,0.95,0.96,echo_ms,33,0.46495
latency,herdr,other-busy,5,False,0.95,0.96,echo_ms,34,0.409269
latency,herdr,other-busy,5,False,0.95,0.96,echo_ms,35,0.442546
latency,herdr,other-busy,5,False,0.95,0.96,echo_ms,36,0.515507
latency,herdr,other-busy,5,False,0.95,0.96,echo_ms,37,0.487439
latency,herdr,other-busy,5,False,0.95,0.96,echo_ms,38,0.467094
latency,herdr,other-busy,5,False,0.95,0.96,echo_ms,39,0.536677
latency,herdr,other-busy,5,False,0.95,0.96,echo_ms,40,0.427612
latency,herdr,other-busy,5,False,0.95,0.96,echo_ms,41,0.489994
latency,herdr,other-busy,5,False,0.95,0.96,echo_ms,42,0.491435
latency,herdr,other-busy,5,False,0.95,0.96,echo_ms,43,0.534972
latency,herdr,other-busy,5,False,0.95,0.96,echo_ms,44,0.424931
latency,herdr,other-busy,5,False,0.95,0.96,echo_ms,45,0.441633
latency,herdr,other-busy,5,False,0.95,0.96,echo_ms,46,0.434081
latency,herdr,other-busy,5,False,0.95,0.96,echo_ms,47,0.453718
latency,herdr,other-busy,5,False,0.95,0.96,echo_ms,48,0.47668
latency,herdr,other-busy,5,False,0.95,0.96,echo_ms,49,0.546327
latency,herdr,other-busy,5,False,0.95,0.96,echo_ms,50,0.760239
latency,herdr,other-busy,5,False,0.95,0.96,echo_ms,51,0.5164
latency,herdr,other-busy,5,False,0.95,0.96,echo_ms,52,0.445367
latency,herdr,other-busy,5,False,0.95,0.96,echo_ms,53,0.478964
latency,herdr,other-busy,5,False,0.95,0.96,echo_ms,54,0.425193
latency,herdr,other-busy,5,False,0.95,0.96,echo_ms,55,0.44947
latency,herdr,other-busy,5,False,0.95,0.96,echo_ms,56,0.421065
latency,herdr,other-busy,5,False,0.95,0.96,echo_ms,57,0.429857
latency,herdr,other-busy,5,False,0.95,0.96,echo_ms,58,0.468871
latency,herdr,other-busy,5,False,0.95,0.96,echo_ms,59,0.536302
latency,herdr,other-busy,5,False,0.95,0.96,echo_ms,60,0.466856
latency,herdr,other-busy,5,False,0.95,0.96,echo_ms,61,0.43562
latency,herdr,other-busy,5,False,0.95,0.96,echo_ms,62,0.536655
latency,herdr,other-busy,5,False,0.95,0.96,echo_ms,63,0.501293
latency,herdr,other-busy,5,False,0.95,0.96,echo_ms,64,0.716484
latency,herdr,other-busy,5,False,0.95,0.96,echo_ms,65,0.451023
latency,herdr,other-busy,5,False,0.95,0.96,echo_ms,66,0.465586
latency,herdr,other-busy,5,False,0.95,0.96,echo_ms,67,0.409109
latency,herdr,other-busy,5,False,0.95,0.96,echo_ms,68,0.422977
latency,herdr,other-busy,5,False,0.95,0.96,echo_ms,69,0.489514
latency,herdr,other-busy,5,False,0.95,0.96,echo_ms,70,0.43001
latency,herdr,other-busy,5,False,0.95,0.96,echo_ms,71,0.435851
latency,herdr,other-busy,5,False,0.95,0.96,echo_ms,72,0.452399
latency,herdr,other-busy,5,False,0.95,0.96,echo_ms,73,0.461129
latency,herdr,other-busy,5,False,0.95,0.96,echo_ms,74,0.409739
latency,herdr,other-busy,5,False,0.95,0.96,echo_ms,75,0.435308
latency,herdr,other-busy,5,False,0.95,0.96,echo_ms,76,0.45985
latency,herdr,other-busy,5,False,0.95,0.96,echo_ms,77,0.424216
latency,herdr,other-busy,5,False,0.95,0.96,echo_ms,78,0.446796
latency,herdr,other-busy,5,False,0.95,0.96,echo_ms,79,0.457417
latency,herdr,other-busy,5,False,0.95,0.96,echo_ms,80,0.456939
latency,herdr,other-busy,5,False,0.95,0.96,echo_ms,81,0.464854
latency,herdr,other-busy,5,False,0.95,0.96,echo_ms,82,0.590595
latency,herdr,other-busy,5,False,0.95,0.96,echo_ms,83,0.489889
latency,herdr,other-busy,5,False,0.95,0.96,echo_ms,84,0.419216
latency,herdr,other-busy,5,False,0.95,0.96,echo_ms,85,0.39873
latency,herdr,other-busy,5,False,0.95,0.96,echo_ms,86,0.589653
latency,herdr,other-busy,5,False,0.95,0.96,echo_ms,87,0.537174
latency,herdr,other-busy,5,False,0.95,0.96,echo_ms,88,0.443015
latency,herdr,other-busy,5,False,0.95,0.96,echo_ms,89,0.428534
latency,herdr,other-busy,5,False,0.95,0.96,echo_ms,90,0.465992
latency,herdr,other-busy,5,False,0.95,0.96,echo_ms,91,0.462364
latency,herdr,other-busy,5,False,0.95,0.96,echo_ms,92,0.430547
latency,herdr,other-busy,5,False,0.95,0.96,echo_ms,93,0.486612
latency,herdr,other-busy,5,False,0.95,0.96,echo_ms,94,0.425961
latency,herdr,other-busy,5,False,0.95,0.96,echo_ms,95,0.432454
latency,herdr,other-busy,5,False,0.95,0.96,echo_ms,96,0.487523
latency,herdr,other-busy,5,False,0.95,0.96,echo_ms,97,0.473089
latency,herdr,other-busy,5,False,0.95,0.96,echo_ms,98,0.427956
latency,herdr,other-busy,5,False,0.95,0.96,echo_ms,99,0.435481
latency,herdr,other-busy,5,False,0.95,0.96,timeouts,,0
latency,thurbox,other-busy,5,False,0.96,1.05,echo_ms,0,1.627632
latency,thurbox,other-busy,5,False,0.96,1.05,echo_ms,1,1.930682
latency,thurbox,other-busy,5,False,0.96,1.05,echo_ms,2,2.767308
latency,thurbox,other-busy,5,False,0.96,1.05,echo_ms,3,1.495168
latency,thurbox,other-busy,5,False,0.96,1.05,echo_ms,4,2.234017
latency,thurbox,other-busy,5,False,0.96,1.05,echo_ms,5,3.210393
latency,thurbox,other-busy,5,False,0.96,1.05,echo_ms,6,1.485953
latency,thurbox,other-busy,5,False,0.96,1.05,echo_ms,7,2.220703
latency,thurbox,other-busy,5,False,0.96,1.05,echo_ms,8,1.537131
latency,thurbox,other-busy,5,False,0.96,1.05,echo_ms,9,1.622764
latency,thurbox,other-busy,5,False,0.96,1.05,echo_ms,10,2.971745
latency,thurbox,other-busy,5,False,0.96,1.05,echo_ms,11,1.909833
latency,thurbox,other-busy,5,False,0.96,1.05,echo_ms,12,1.747123
latency,thurbox,other-busy,5,False,0.96,1.05,echo_ms,13,2.318088
latency,thurbox,other-busy,5,False,0.96,1.05,echo_ms,14,2.319377
latency,thurbox,other-busy,5,False,0.96,1.05,echo_ms,15,1.771869
latency,thurbox,other-busy,5,False,0.96,1.05,echo_ms,16,2.2902
latency,thurbox,other-busy,5,False,0.96,1.05,echo_ms,17,1.561602
latency,thurbox,other-busy,5,False,0.96,1.05,echo_ms,18,2.036708
latency,thurbox,other-busy,5,False,0.96,1.05,echo_ms,19,2.180659
latency,thurbox,other-busy,5,False,0.96,1.05,echo_ms,20,2.973784
latency,thurbox,other-busy,5,False,0.96,1.05,echo_ms,21,2.187483
latency,thurbox,other-busy,5,False,0.96,1.05,echo_ms,22,1.970177
latency,thurbox,other-busy,5,False,0.96,1.05,echo_ms,23,1.792862
latency,thurbox,other-busy,5,False,0.96,1.05,echo_ms,24,1.794016
latency,thurbox,other-busy,5,False,0.96,1.05,echo_ms,25,9.85318
latency,thurbox,other-busy,5,False,0.96,1.05,echo_ms,26,3.664224
latency,thurbox,other-busy,5,False,0.96,1.05,echo_ms,27,2.313023
latency,thurbox,other-busy,5,False,0.96,1.05,echo_ms,28,2.028203
latency,thurbox,other-busy,5,False,0.96,1.05,echo_ms,29,1.63317
latency,thurbox,other-busy,5,False,0.96,1.05,echo_ms,30,1.629642
latency,thurbox,other-busy,5,False,0.96,1.05,echo_ms,31,1.622043
latency,thurbox,other-busy,5,False,0.96,1.05,echo_ms,32,1.929314
latency,thurbox,other-busy,5,False,0.96,1.05,echo_ms,33,1.808077
latency,thurbox,other-busy,5,False,0.96,1.05,echo_ms,34,1.553962
latency,thurbox,other-busy,5,False,0.96,1.05,echo_ms,35,2.611387
latency,thurbox,other-busy,5,False,0.96,1.05,echo_ms,36,2.058166
latency,thurbox,other-busy,5,False,0.96,1.05,echo_ms,37,1.643904
latency,thurbox,other-busy,5,False,0.96,1.05,echo_ms,38,1.80002
latency,thurbox,other-busy,5,False,0.96,1.05,echo_ms,39,1.936799
latency,thurbox,other-busy,5,False,0.96,1.05,echo_ms,40,1.459268
latency,thurbox,other-busy,5,False,0.96,1.05,echo_ms,41,2.720039
latency,thurbox,other-busy,5,False,0.96,1.05,echo_ms,42,1.653624
latency,thurbox,other-busy,5,False,0.96,1.05,echo_ms,43,2.194572
latency,thurbox,other-busy,5,False,0.96,1.05,echo_ms,44,1.733192
latency,thurbox,other-busy,5,False,0.96,1.05,echo_ms,45,1.62112
latency,thurbox,other-busy,5,False,0.96,1.05,echo_ms,46,1.672486
latency,thurbox,other-busy,5,False,0.96,1.05,echo_ms,47,2.109002
latency,thurbox,other-busy,5,False,0.96,1.05,echo_ms,48,1.714173
latency,thurbox,other-busy,5,False,0.96,1.05,echo_ms,49,1.760519
latency,thurbox,other-busy,5,False,0.96,1.05,echo_ms,50,1.683467
latency,thurbox,other-busy,5,False,0.96,1.05,echo_ms,51,2.556935
latency,thurbox,other-busy,5,False,0.96,1.05,echo_ms,52,2.26273
latency,thurbox,other-busy,5,False,0.96,1.05,echo_ms,53,2.302201
latency,thurbox,other-busy,5,False,0.96,1.05,echo_ms,54,1.8392
latency,thurbox,other-busy,5,False,0.96,1.05,echo_ms,55,4.283612
latency,thurbox,other-busy,5,False,0.96,1.05,echo_ms,56,2.176649
latency,thurbox,other-busy,5,False,0.96,1.05,echo_ms,57,1.734424
latency,thurbox,other-busy,5,False,0.96,1.05,echo_ms,58,1.965498
latency,thurbox,other-busy,5,False,0.96,1.05,echo_ms,59,2.470931
latency,thurbox,other-busy,5,False,0.96,1.05,echo_ms,60,1.97937
latency,thurbox,other-busy,5,False,0.96,1.05,echo_ms,61,2.590335
latency,thurbox,other-busy,5,False,0.96,1.05,echo_ms,62,1.922091
latency,thurbox,other-busy,5,False,0.96,1.05,echo_ms,63,1.870556
latency,thurbox,other-busy,5,False,0.96,1.05,echo_ms,64,1.825327
latency,thurbox,other-busy,5,False,0.96,1.05,echo_ms,65,2.405676
latency,thurbox,other-busy,5,False,0.96,1.05,echo_ms,66,2.251794
latency,thurbox,other-busy,5,False,0.96,1.05,echo_ms,67,2.517021
latency,thurbox,other-busy,5,False,0.96,1.05,echo_ms,68,1.807472
latency,thurbox,other-busy,5,False,0.96,1.05,echo_ms,69,1.791936
latency,thurbox,other-busy,5,False,0.96,1.05,echo_ms,70,2.742243
latency,thurbox,other-busy,5,False,0.96,1.05,echo_ms,71,1.79483
latency,thurbox,other-busy,5,False,0.96,1.05,echo_ms,72,1.788344
latency,thurbox,other-busy,5,False,0.96,1.05,echo_ms,73,1.56407
latency,thurbox,other-busy,5,False,0.96,1.05,echo_ms,74,1.689463
latency,thurbox,other-busy,5,False,0.96,1.05,echo_ms,75,2.074742
latency,thurbox,other-busy,5,False,0.96,1.05,echo_ms,76,1.547702
latency,thurbox,other-busy,5,False,0.96,1.05,echo_ms,77,1.575573
latency,thurbox,other-busy,5,False,0.96,1.05,echo_ms,78,2.030345
latency,thurbox,other-busy,5,False,0.96,1.05,echo_ms,79,1.687985
latency,thurbox,other-busy,5,False,0.96,1.05,echo_ms,80,1.667139
latency,thurbox,other-busy,5,False,0.96,1.05,echo_ms,81,2.109523
latency,thurbox,other-busy,5,False,0.96,1.05,echo_ms,82,1.799872
latency,thurbox,other-busy,5,False,0.96,1.05,echo_ms,83,1.483292
latency,thurbox,other-busy,5,False,0.96,1.05,echo_ms,84,2.837122
latency,thurbox,other-busy,5,False,0.96,1.05,echo_ms,85,2.66633
latency,thurbox,other-busy,5,False,0.96,1.05,echo_ms,86,1.560606
latency,thurbox,other-busy,5,False,0.96,1.05,echo_ms,87,2.551464
latency,thurbox,other-busy,5,False,0.96,1.05,echo_ms,88,1.627962
latency,thurbox,other-busy,5,False,0.96,1.05,echo_ms,89,1.348181
latency,thurbox,other-busy,5,False,0.96,1.05,echo_ms,90,1.764464
latency,thurbox,other-busy,5,False,0.96,1.05,echo_ms,91,1.692863
latency,thurbox,other-busy,5,False,0.96,1.05,echo_ms,92,1.51683
latency,thurbox,other-busy,5,False,0.96,1.05,echo_ms,93,1.929059
latency,thurbox,other-busy,5,False,0.96,1.05,echo_ms,94,1.60843
latency,thurbox,other-busy,5,False,0.96,1.05,echo_ms,95,1.714063
latency,thurbox,other-busy,5,False,0.96,1.05,echo_ms,96,1.652431
latency,thurbox,other-busy,5,False,0.96,1.05,echo_ms,97,2.136075
latency,thurbox,other-busy,5,False,0.96,1.05,echo_ms,98,1.646289
latency,thurbox,other-busy,5,False,0.96,1.05,echo_ms,99,1.963321
latency,thurbox,other-busy,5,False,0.96,1.05,timeouts,,0
throughput,tmux,headless,0,True,1.05,1.05,producer_ms,,209.761645
throughput,tmux,headless,0,True,1.05,1.05,settle_ms,,332.058963
throughput,tmux,headless,0,True,1.05,1.05,visible_ms,,
throughput,tmux,headless,0,True,1.05,1.05,host_cpu_s,,0.21
throughput,tmux,headless,0,True,1.05,1.05,intact,,True
throughput,tmux,headless,0,True,1.05,1.05,pss_after_mib,,5.2109375
throughput,herdr,headless,0,True,1.05,0.96,producer_ms,,127.209352
throughput,herdr,headless,0,True,1.05,0.96,settle_ms,,257.572938
throughput,herdr,headless,0,True,1.05,0.96,visible_ms,,
throughput,herdr,headless,0,True,1.05,0.96,host_cpu_s,,0.13
throughput,herdr,headless,0,True,1.05,0.96,intact,,True
throughput,herdr,headless,0,True,1.05,0.96,pss_after_mib,,24.54296875
throughput,thurbox,headless,0,True,0.96,0.96,producer_ms,,211.77829
throughput,thurbox,headless,0,True,0.96,0.96,settle_ms,,344.388551
throughput,thurbox,headless,0,True,0.96,0.96,visible_ms,,
throughput,thurbox,headless,0,True,0.96,0.96,host_cpu_s,,0.21
throughput,thurbox,headless,0,True,0.96,0.96,intact,,True
throughput,thurbox,headless,0,True,0.96,0.96,pss_after_mib,,9.9482421875
throughput,tmux,headless,1,False,0.96,0.96,producer_ms,,209.681973
throughput,tmux,headless,1,False,0.96,0.96,settle_ms,,452.906986
throughput,tmux,headless,1,False,0.96,0.96,visible_ms,,
throughput,tmux,headless,1,False,0.96,0.96,host_cpu_s,,0.21
throughput,tmux,headless,1,False,0.96,0.96,intact,,True
throughput,tmux,headless,1,False,0.96,0.96,pss_after_mib,,5.2109375
throughput,herdr,headless,1,False,0.96,0.97,producer_ms,,129.460561
throughput,herdr,headless,1,False,0.96,0.97,settle_ms,,249.094637
throughput,herdr,headless,1,False,0.96,0.97,visible_ms,,
throughput,herdr,headless,1,False,0.96,0.97,host_cpu_s,,0.13
throughput,herdr,headless,1,False,0.96,0.97,intact,,True
throughput,herdr,headless,1,False,0.96,0.97,pss_after_mib,,26.0546875
throughput,thurbox,headless,1,False,0.97,0.97,producer_ms,,213.219949
throughput,thurbox,headless,1,False,0.97,0.97,settle_ms,,343.214316
throughput,thurbox,headless,1,False,0.97,0.97,visible_ms,,
throughput,thurbox,headless,1,False,0.97,0.97,host_cpu_s,,0.2
throughput,thurbox,headless,1,False,0.97,0.97,intact,,True
throughput,thurbox,headless,1,False,0.97,0.97,pss_after_mib,,9.9443359375
throughput,tmux,headless,2,False,0.97,0.97,producer_ms,,208.645898
throughput,tmux,headless,2,False,0.97,0.97,settle_ms,,335.049283
throughput,tmux,headless,2,False,0.97,0.97,visible_ms,,
throughput,tmux,headless,2,False,0.97,0.97,host_cpu_s,,0.21
throughput,tmux,headless,2,False,0.97,0.97,intact,,True
throughput,tmux,headless,2,False,0.97,0.97,pss_after_mib,,5.2109375
throughput,herdr,headless,2,False,0.97,0.97,producer_ms,,127.272303
throughput,herdr,headless,2,False,0.97,0.97,settle_ms,,259.575379
throughput,herdr,headless,2,False,0.97,0.97,visible_ms,,
throughput,herdr,headless,2,False,0.97,0.97,host_cpu_s,,0.13
throughput,herdr,headless,2,False,0.97,0.97,intact,,True
throughput,herdr,headless,2,False,0.97,0.97,pss_after_mib,,25.3125
throughput,thurbox,headless,2,False,0.97,0.97,producer_ms,,213.04611
throughput,thurbox,headless,2,False,0.97,0.97,settle_ms,,349.821128
throughput,thurbox,headless,2,False,0.97,0.97,visible_ms,,
throughput,thurbox,headless,2,False,0.97,0.97,host_cpu_s,,0.21
throughput,thurbox,headless,2,False,0.97,0.97,intact,,True
throughput,thurbox,headless,2,False,0.97,0.97,pss_after_mib,,9.9482421875
throughput,tmux,headless,3,False,0.97,0.89,producer_ms,,209.821053
throughput,tmux,headless,3,False,0.97,0.89,settle_ms,,333.47246
throughput,tmux,headless,3,False,0.97,0.89,visible_ms,,
throughput,tmux,headless,3,False,0.97,0.89,host_cpu_s,,0.21
throughput,tmux,headless,3,False,0.97,0.89,intact,,True
throughput,tmux,headless,3,False,0.97,0.89,pss_after_mib,,5.2109375
throughput,herdr,headless,3,False,0.89,0.89,producer_ms,,127.783679
throughput,herdr,headless,3,False,0.89,0.89,settle_ms,,248.203503
throughput,herdr,headless,3,False,0.89,0.89,visible_ms,,
throughput,herdr,headless,3,False,0.89,0.89,host_cpu_s,,0.12
throughput,herdr,headless,3,False,0.89,0.89,intact,,True
throughput,herdr,headless,3,False,0.89,0.89,pss_after_mib,,26.0546875
throughput,thurbox,headless,3,False,0.89,0.89,producer_ms,,213.102468
throughput,thurbox,headless,3,False,0.89,0.89,settle_ms,,351.808977
throughput,thurbox,headless,3,False,0.89,0.89,visible_ms,,
throughput,thurbox,headless,3,False,0.89,0.89,host_cpu_s,,0.21
throughput,thurbox,headless,3,False,0.89,0.89,intact,,True
throughput,thurbox,headless,3,False,0.89,0.89,pss_after_mib,,9.9482421875
throughput,tmux,headless,4,False,0.89,0.82,producer_ms,,208.568033
throughput,tmux,headless,4,False,0.89,0.82,settle_ms,,338.055784
throughput,tmux,headless,4,False,0.89,0.82,visible_ms,,
throughput,tmux,headless,4,False,0.89,0.82,host_cpu_s,,0.2
throughput,tmux,headless,4,False,0.89,0.82,intact,,True
throughput,tmux,headless,4,False,0.89,0.82,pss_after_mib,,5.2109375
throughput,herdr,headless,4,False,0.82,0.82,producer_ms,,127.327478
throughput,herdr,headless,4,False,0.82,0.82,settle_ms,,258.469601
throughput,herdr,headless,4,False,0.82,0.82,visible_ms,,
throughput,herdr,headless,4,False,0.82,0.82,host_cpu_s,,0.13
throughput,herdr,headless,4,False,0.82,0.82,intact,,True
throughput,herdr,headless,4,False,0.82,0.82,pss_after_mib,,24.93359375
throughput,thurbox,headless,4,False,0.82,0.75,producer_ms,,214.030099
throughput,thurbox,headless,4,False,0.82,0.75,settle_ms,,340.248554
throughput,thurbox,headless,4,False,0.82,0.75,visible_ms,,
throughput,thurbox,headless,4,False,0.82,0.75,host_cpu_s,,0.21
throughput,thurbox,headless,4,False,0.82,0.75,intact,,True
throughput,thurbox,headless,4,False,0.82,0.75,pss_after_mib,,9.9482421875
throughput,tmux,headless,5,False,0.75,0.75,producer_ms,,212.687035
throughput,tmux,headless,5,False,0.75,0.75,settle_ms,,339.298291
throughput,tmux,headless,5,False,0.75,0.75,visible_ms,,
throughput,tmux,headless,5,False,0.75,0.75,host_cpu_s,,0.21
throughput,tmux,headless,5,False,0.75,0.75,intact,,True
throughput,tmux,headless,5,False,0.75,0.75,pss_after_mib,,5.2109375
throughput,herdr,headless,5,False,0.75,0.75,producer_ms,,128.566118
throughput,herdr,headless,5,False,0.75,0.75,settle_ms,,255.132295
throughput,herdr,headless,5,False,0.75,0.75,visible_ms,,
throughput,herdr,headless,5,False,0.75,0.75,host_cpu_s,,0.13
throughput,herdr,headless,5,False,0.75,0.75,intact,,True
throughput,herdr,headless,5,False,0.75,0.75,pss_after_mib,,24.93359375
throughput,thurbox,headless,5,False,0.75,0.77,producer_ms,,213.513366
throughput,thurbox,headless,5,False,0.75,0.77,settle_ms,,340.267159
throughput,thurbox,headless,5,False,0.75,0.77,visible_ms,,
throughput,thurbox,headless,5,False,0.75,0.77,host_cpu_s,,0.22
throughput,thurbox,headless,5,False,0.75,0.77,intact,,True
throughput,thurbox,headless,5,False,0.75,0.77,pss_after_mib,,9.9482421875
throughput,tmux,attached,0,True,0.77,0.77,producer_ms,,231.75562
throughput,tmux,attached,0,True,0.77,0.77,settle_ms,,440.535387
throughput,tmux,attached,0,True,0.77,0.77,visible_ms,,324.973017
throughput,tmux,attached,0,True,0.77,0.77,host_cpu_s,,0.22
throughput,tmux,attached,0,True,0.77,0.77,intact,,True
throughput,tmux,attached,0,True,0.77,0.77,pss_after_mib,,7.677734375
throughput,herdr,attached,0,True,0.77,0.71,producer_ms,,145.371442
throughput,herdr,attached,0,True,0.77,0.71,settle_ms,,774.717376
throughput,herdr,attached,0,True,0.77,0.71,visible_ms,,156.909768
throughput,herdr,attached,0,True,0.77,0.71,host_cpu_s,,0.18
throughput,herdr,attached,0,True,0.77,0.71,intact,,True
throughput,herdr,attached,0,True,0.77,0.71,pss_after_mib,,23.16015625
throughput,thurbox,attached,0,True,0.71,0.71,producer_ms,,249.018923
throughput,thurbox,attached,0,True,0.71,0.71,settle_ms,,624.618643
throughput,thurbox,attached,0,True,0.71,0.71,visible_ms,,268.114613
throughput,thurbox,attached,0,True,0.71,0.71,host_cpu_s,,0.38
throughput,thurbox,attached,0,True,0.71,0.71,intact,,True
throughput,thurbox,attached,0,True,0.71,0.71,pss_after_mib,,37.095703125
throughput,tmux,attached,1,False,0.71,0.65,producer_ms,,232.491253
throughput,tmux,attached,1,False,0.71,0.65,settle_ms,,441.821815
throughput,tmux,attached,1,False,0.71,0.65,visible_ms,,331.750873
throughput,tmux,attached,1,False,0.71,0.65,host_cpu_s,,0.23
throughput,tmux,attached,1,False,0.71,0.65,intact,,True
throughput,tmux,attached,1,False,0.71,0.65,pss_after_mib,,7.693359375
throughput,herdr,attached,1,False,0.65,0.65,producer_ms,,144.807241
throughput,herdr,attached,1,False,0.65,0.65,settle_ms,,287.252046
throughput,herdr,attached,1,False,0.65,0.65,visible_ms,,157.181845
throughput,herdr,attached,1,False,0.65,0.65,host_cpu_s,,0.18
throughput,herdr,attached,1,False,0.65,0.65,intact,,True
throughput,herdr,attached,1,False,0.65,0.65,pss_after_mib,,24.64453125
throughput,thurbox,attached,1,False,0.65,0.6,producer_ms,,248.214995
throughput,thurbox,attached,1,False,0.65,0.6,settle_ms,,425.885975
throughput,thurbox,attached,1,False,0.65,0.6,visible_ms,,292.655345
throughput,thurbox,attached,1,False,0.65,0.6,host_cpu_s,,0.38
throughput,thurbox,attached,1,False,0.65,0.6,intact,,True
throughput,thurbox,attached,1,False,0.65,0.6,pss_after_mib,,37.091796875
throughput,tmux,attached,2,False,0.6,0.6,producer_ms,,233.43699
throughput,tmux,attached,2,False,0.6,0.6,settle_ms,,445.000343
throughput,tmux,attached,2,False,0.6,0.6,visible_ms,,334.326801
throughput,tmux,attached,2,False,0.6,0.6,host_cpu_s,,0.24
throughput,tmux,attached,2,False,0.6,0.6,intact,,True
throughput,tmux,attached,2,False,0.6,0.6,pss_after_mib,,7.728515625
throughput,herdr,attached,2,False,0.63,0.63,producer_ms,,143.516708
throughput,herdr,attached,2,False,0.63,0.63,settle_ms,,651.330551
throughput,herdr,attached,2,False,0.63,0.63,visible_ms,,156.904845
throughput,herdr,attached,2,False,0.63,0.63,host_cpu_s,,0.19
throughput,herdr,attached,2,False,0.63,0.63,intact,,True
throughput,herdr,attached,2,False,0.63,0.63,pss_after_mib,,23.16796875
throughput,thurbox,attached,2,False,0.63,0.66,producer_ms,,248.197139
throughput,thurbox,attached,2,False,0.63,0.66,settle_ms,,371.868031
throughput,thurbox,attached,2,False,0.63,0.66,visible_ms,,263.351877
throughput,thurbox,attached,2,False,0.63,0.66,host_cpu_s,,0.37
throughput,thurbox,attached,2,False,0.63,0.66,intact,,True
throughput,thurbox,attached,2,False,0.63,0.66,pss_after_mib,,37.091796875
throughput,tmux,attached,3,False,0.66,0.66,producer_ms,,232.778015
throughput,tmux,attached,3,False,0.66,0.66,settle_ms,,445.519133
throughput,tmux,attached,3,False,0.66,0.66,visible_ms,,334.304027
throughput,tmux,attached,3,False,0.66,0.66,host_cpu_s,,0.23
throughput,tmux,attached,3,False,0.66,0.66,intact,,True
throughput,tmux,attached,3,False,0.66,0.66,pss_after_mib,,7.728515625
throughput,herdr,attached,3,False,0.66,0.61,producer_ms,,145.250585
throughput,herdr,attached,3,False,0.66,0.61,settle_ms,,655.432602
throughput,herdr,attached,3,False,0.66,0.61,visible_ms,,158.080182
throughput,herdr,attached,3,False,0.66,0.61,host_cpu_s,,0.19
throughput,herdr,attached,3,False,0.66,0.61,intact,,True
throughput,herdr,attached,3,False,0.66,0.61,pss_after_mib,,23.1484375
throughput,thurbox,attached,3,False,0.61,0.61,producer_ms,,246.30833
throughput,thurbox,attached,3,False,0.61,0.61,settle_ms,,334.60161
throughput,thurbox,attached,3,False,0.61,0.61,visible_ms,,268.910368
throughput,thurbox,attached,3,False,0.61,0.61,host_cpu_s,,0.39
throughput,thurbox,attached,3,False,0.61,0.61,intact,,True
throughput,thurbox,attached,3,False,0.61,0.61,pss_after_mib,,37.087890625
throughput,tmux,attached,4,False,0.61,0.56,producer_ms,,233.391774
throughput,tmux,attached,4,False,0.61,0.56,settle_ms,,464.907926
throughput,tmux,attached,4,False,0.61,0.56,visible_ms,,336.763726
throughput,tmux,attached,4,False,0.61,0.56,host_cpu_s,,0.23
throughput,tmux,attached,4,False,0.61,0.56,intact,,True
throughput,tmux,attached,4,False,0.61,0.56,pss_after_mib,,7.740234375
throughput,herdr,attached,4,False,0.56,0.56,producer_ms,,144.447086
throughput,herdr,attached,4,False,0.56,0.56,settle_ms,,1142.973287
throughput,herdr,attached,4,False,0.56,0.56,visible_ms,,158.665107
throughput,herdr,attached,4,False,0.56,0.56,host_cpu_s,,0.2
throughput,herdr,attached,4,False,0.56,0.56,intact,,True
throughput,herdr,attached,4,False,0.56,0.56,pss_after_mib,,23.13671875
throughput,thurbox,attached,4,False,0.52,0.52,producer_ms,,245.72767
throughput,thurbox,attached,4,False,0.52,0.52,settle_ms,,481.28384
throughput,thurbox,attached,4,False,0.52,0.52,visible_ms,,249.848867
throughput,thurbox,attached,4,False,0.52,0.52,host_cpu_s,,0.38
throughput,thurbox,attached,4,False,0.52,0.52,intact,,True
throughput,thurbox,attached,4,False,0.52,0.52,pss_after_mib,,37.095703125
throughput,tmux,attached,5,False,0.52,0.63,producer_ms,,233.034986
throughput,tmux,attached,5,False,0.52,0.63,settle_ms,,444.93822
throughput,tmux,attached,5,False,0.52,0.63,visible_ms,,334.041439
throughput,tmux,attached,5,False,0.52,0.63,host_cpu_s,,0.23
throughput,tmux,attached,5,False,0.52,0.63,intact,,True
throughput,tmux,attached,5,False,0.52,0.63,pss_after_mib,,7.736328125
throughput,herdr,attached,5,False,0.63,0.63,producer_ms,,144.794988
throughput,herdr,attached,5,False,0.63,0.63,settle_ms,,298.598817
throughput,herdr,attached,5,False,0.63,0.63,visible_ms,,162.305973
throughput,herdr,attached,5,False,0.63,0.63,host_cpu_s,,0.19
throughput,herdr,attached,5,False,0.63,0.63,intact,,True
throughput,herdr,attached,5,False,0.63,0.63,pss_after_mib,,25.01171875
throughput,thurbox,attached,5,False,0.63,0.74,producer_ms,,246.362342
throughput,thurbox,attached,5,False,0.63,0.74,settle_ms,,376.893287
throughput,thurbox,attached,5,False,0.63,0.74,visible_ms,,269.143386
throughput,thurbox,attached,5,False,0.63,0.74,host_cpu_s,,0.38
throughput,thurbox,attached,5,False,0.63,0.74,intact,,True
throughput,thurbox,attached,5,False,0.63,0.74,pss_after_mib,,37.087890625
