scenario,host,variant,rep,warmup,load1,load1_end,metric,sample,value
create,tmux,N=1,0,True,0.31,,first_ready_ms,,77.799391
create,tmux,N=1,0,True,0.31,,last_create_ms,,33.607024
create,tmux,N=1,0,True,0.31,,mean_create_ms,,33.607024
create,tmux,N=1,0,True,0.31,,total_ms,,77.799391
create,herdr,N=1,0,True,0.31,,first_ready_ms,,145.59742
create,herdr,N=1,0,True,0.31,,last_create_ms,,119.070274
create,herdr,N=1,0,True,0.31,,mean_create_ms,,119.070274
create,herdr,N=1,0,True,0.31,,total_ms,,145.59742
create,thurbox,N=1,0,True,0.31,,first_ready_ms,,84.40676
create,thurbox,N=1,0,True,0.31,,last_create_ms,,111.962946
create,thurbox,N=1,0,True,0.31,,mean_create_ms,,111.962946
create,thurbox,N=1,0,True,0.31,,total_ms,,84.40676
create,tmux,N=1,1,False,0.31,,first_ready_ms,,37.838597
create,tmux,N=1,1,False,0.31,,last_create_ms,,13.546096
create,tmux,N=1,1,False,0.31,,mean_create_ms,,13.546096
create,tmux,N=1,1,False,0.31,,total_ms,,37.838597
create,herdr,N=1,1,False,0.31,,first_ready_ms,,148.004205
create,herdr,N=1,1,False,0.31,,last_create_ms,,122.123673
create,herdr,N=1,1,False,0.31,,mean_create_ms,,122.123673
create,herdr,N=1,1,False,0.31,,total_ms,,148.004205
create,thurbox,N=1,1,False,0.31,,first_ready_ms,,91.580431
create,thurbox,N=1,1,False,0.31,,last_create_ms,,119.431566
create,thurbox,N=1,1,False,0.31,,mean_create_ms,,119.431566
create,thurbox,N=1,1,False,0.31,,total_ms,,91.580431
create,tmux,N=1,2,False,0.31,,first_ready_ms,,37.804803
create,tmux,N=1,2,False,0.31,,last_create_ms,,13.497203
create,tmux,N=1,2,False,0.31,,mean_create_ms,,13.497203
create,tmux,N=1,2,False,0.31,,total_ms,,37.804803
create,herdr,N=1,2,False,0.31,,first_ready_ms,,146.918941
create,herdr,N=1,2,False,0.31,,last_create_ms,,120.34919
create,herdr,N=1,2,False,0.31,,mean_create_ms,,120.34919
create,herdr,N=1,2,False,0.31,,total_ms,,146.918941
create,thurbox,N=1,2,False,0.31,,first_ready_ms,,88.125268
create,thurbox,N=1,2,False,0.31,,last_create_ms,,118.554442
create,thurbox,N=1,2,False,0.31,,mean_create_ms,,118.554442
create,thurbox,N=1,2,False,0.31,,total_ms,,88.125268
create,tmux,N=1,3,False,0.31,,first_ready_ms,,37.865206
create,tmux,N=1,3,False,0.31,,last_create_ms,,13.501511
create,tmux,N=1,3,False,0.31,,mean_create_ms,,13.501511
create,tmux,N=1,3,False,0.31,,total_ms,,37.865206
create,herdr,N=1,3,False,0.31,,first_ready_ms,,147.417778
create,herdr,N=1,3,False,0.31,,last_create_ms,,120.853383
create,herdr,N=1,3,False,0.31,,mean_create_ms,,120.853383
create,herdr,N=1,3,False,0.31,,total_ms,,147.417778
create,thurbox,N=1,3,False,0.31,,first_ready_ms,,92.062284
create,thurbox,N=1,3,False,0.31,,last_create_ms,,118.385248
create,thurbox,N=1,3,False,0.31,,mean_create_ms,,118.385248
create,thurbox,N=1,3,False,0.31,,total_ms,,92.062284
create,tmux,N=1,4,False,0.31,,first_ready_ms,,37.942708
create,tmux,N=1,4,False,0.31,,last_create_ms,,13.471288
create,tmux,N=1,4,False,0.31,,mean_create_ms,,13.471288
create,tmux,N=1,4,False,0.31,,total_ms,,37.942708
create,herdr,N=1,4,False,0.31,,first_ready_ms,,147.924842
create,herdr,N=1,4,False,0.31,,last_create_ms,,121.170578
create,herdr,N=1,4,False,0.31,,mean_create_ms,,121.170578
create,herdr,N=1,4,False,0.31,,total_ms,,147.924842
create,thurbox,N=1,4,False,0.36,,first_ready_ms,,83.285228
create,thurbox,N=1,4,False,0.36,,last_create_ms,,110.970099
create,thurbox,N=1,4,False,0.36,,mean_create_ms,,110.970099
create,thurbox,N=1,4,False,0.36,,total_ms,,83.285228
create,tmux,N=1,5,False,0.36,,first_ready_ms,,37.778926
create,tmux,N=1,5,False,0.36,,last_create_ms,,13.572446
create,tmux,N=1,5,False,0.36,,mean_create_ms,,13.572446
create,tmux,N=1,5,False,0.36,,total_ms,,37.778926
create,herdr,N=1,5,False,0.36,,first_ready_ms,,146.862434
create,herdr,N=1,5,False,0.36,,last_create_ms,,120.108407
create,herdr,N=1,5,False,0.36,,mean_create_ms,,120.108407
create,herdr,N=1,5,False,0.36,,total_ms,,146.862434
create,thurbox,N=1,5,False,0.36,,first_ready_ms,,79.400949
create,thurbox,N=1,5,False,0.36,,last_create_ms,,107.42771
create,thurbox,N=1,5,False,0.36,,mean_create_ms,,107.42771
create,thurbox,N=1,5,False,0.36,,total_ms,,79.400949
create,tmux,N=5,0,True,0.36,,first_ready_ms,,38.965387
create,tmux,N=5,0,True,0.36,,last_create_ms,,8.364511
create,tmux,N=5,0,True,0.36,,mean_create_ms,,7.4390358
create,tmux,N=5,0,True,0.36,,total_ms,,63.755355
create,herdr,N=5,0,True,0.36,,first_ready_ms,,151.102211
create,herdr,N=5,0,True,0.36,,last_create_ms,,9.299633
create,herdr,N=5,0,True,0.36,,mean_create_ms,,33.3623002
create,herdr,N=5,0,True,0.36,,total_ms,,193.202309
create,thurbox,N=5,0,True,0.36,,first_ready_ms,,77.469326
create,thurbox,N=5,0,True,0.36,,last_create_ms,,86.439383
create,thurbox,N=5,0,True,0.36,,mean_create_ms,,91.78716320000001
create,thurbox,N=5,0,True,0.36,,total_ms,,436.865905
create,tmux,N=5,1,False,0.36,,first_ready_ms,,39.093996
create,tmux,N=5,1,False,0.36,,last_create_ms,,7.962802
create,tmux,N=5,1,False,0.36,,mean_create_ms,,7.2498482
create,tmux,N=5,1,False,0.36,,total_ms,,64.259919
create,herdr,N=5,1,False,0.36,,first_ready_ms,,153.332258
create,herdr,N=5,1,False,0.36,,last_create_ms,,10.373573
create,herdr,N=5,1,False,0.36,,mean_create_ms,,33.2252548
create,herdr,N=5,1,False,0.36,,total_ms,,196.816826
create,thurbox,N=5,1,False,0.36,,first_ready_ms,,153.59857
create,thurbox,N=5,1,False,0.36,,last_create_ms,,86.787061
create,thurbox,N=5,1,False,0.36,,mean_create_ms,,107.1379902
create,thurbox,N=5,1,False,0.36,,total_ms,,513.313189
create,tmux,N=5,2,False,0.36,,first_ready_ms,,38.945119
create,tmux,N=5,2,False,0.36,,last_create_ms,,11.28616
create,tmux,N=5,2,False,0.36,,mean_create_ms,,8.5531258
create,tmux,N=5,2,False,0.36,,total_ms,,65.018025
create,herdr,N=5,2,False,0.36,,first_ready_ms,,152.288661
create,herdr,N=5,2,False,0.36,,last_create_ms,,109.8657
create,herdr,N=5,2,False,0.36,,mean_create_ms,,53.5014414
create,herdr,N=5,2,False,0.36,,total_ms,,308.298273
create,thurbox,N=5,2,False,0.36,,first_ready_ms,,79.453286
create,thurbox,N=5,2,False,0.36,,last_create_ms,,88.838941
create,thurbox,N=5,2,False,0.36,,mean_create_ms,,93.6449582
create,thurbox,N=5,2,False,0.36,,total_ms,,444.332374
create,tmux,N=5,3,False,0.36,,first_ready_ms,,48.4109
create,tmux,N=5,3,False,0.36,,last_create_ms,,14.760339
create,tmux,N=5,3,False,0.36,,mean_create_ms,,10.3466046
create,tmux,N=5,3,False,0.36,,total_ms,,73.70038
create,herdr,N=5,3,False,0.36,,first_ready_ms,,152.638962
create,herdr,N=5,3,False,0.36,,last_create_ms,,9.453894
create,herdr,N=5,3,False,0.36,,mean_create_ms,,33.243824
create,herdr,N=5,3,False,0.36,,total_ms,,192.629589
create,thurbox,N=5,3,False,0.36,,first_ready_ms,,98.836976
create,thurbox,N=5,3,False,0.36,,last_create_ms,,86.672893
create,thurbox,N=5,3,False,0.36,,mean_create_ms,,95.8255072
create,thurbox,N=5,3,False,0.36,,total_ms,,456.875571
create,tmux,N=5,4,False,0.42,,first_ready_ms,,39.171711
create,tmux,N=5,4,False,0.42,,last_create_ms,,10.135425
create,tmux,N=5,4,False,0.42,,mean_create_ms,,7.494989599999999
create,tmux,N=5,4,False,0.42,,total_ms,,63.616566
create,herdr,N=5,4,False,0.42,,first_ready_ms,,154.933439
create,herdr,N=5,4,False,0.42,,last_create_ms,,12.390332
create,herdr,N=5,4,False,0.42,,mean_create_ms,,34.502472
create,herdr,N=5,4,False,0.42,,total_ms,,197.860828
create,thurbox,N=5,4,False,0.42,,first_ready_ms,,85.610525
create,thurbox,N=5,4,False,0.42,,last_create_ms,,87.014641
create,thurbox,N=5,4,False,0.42,,mean_create_ms,,94.9447376
create,thurbox,N=5,4,False,0.42,,total_ms,,452.02195
create,tmux,N=5,5,False,0.42,,first_ready_ms,,38.947739
create,tmux,N=5,5,False,0.42,,last_create_ms,,11.735595
create,tmux,N=5,5,False,0.42,,mean_create_ms,,7.8616708
create,tmux,N=5,5,False,0.42,,total_ms,,63.58843
create,herdr,N=5,5,False,0.42,,first_ready_ms,,152.997133
create,herdr,N=5,5,False,0.42,,last_create_ms,,10.167752
create,herdr,N=5,5,False,0.42,,mean_create_ms,,34.179407600000005
create,herdr,N=5,5,False,0.42,,total_ms,,197.210446
create,thurbox,N=5,5,False,0.42,,first_ready_ms,,130.99327
create,thurbox,N=5,5,False,0.42,,last_create_ms,,87.105885
create,thurbox,N=5,5,False,0.42,,mean_create_ms,,118.3861088
create,thurbox,N=5,5,False,0.42,,total_ms,,568.884994
create,tmux,N=20,0,True,0.42,,first_ready_ms,,39.028479
create,tmux,N=20,0,True,0.42,,last_create_ms,,11.182734
create,tmux,N=20,0,True,0.42,,mean_create_ms,,8.396710449999999
create,tmux,N=20,0,True,0.42,,total_ms,,194.370436
create,herdr,N=20,0,True,0.42,,first_ready_ms,,149.776067
create,herdr,N=20,0,True,0.42,,last_create_ms,,22.23576
create,herdr,N=20,0,True,0.42,,mean_create_ms,,54.1720089
create,herdr,N=20,0,True,0.42,,total_ms,,1167.035169
create,thurbox,N=20,0,True,0.42,,first_ready_ms,,83.869995
create,thurbox,N=20,0,True,0.42,,last_create_ms,,88.621424
create,thurbox,N=20,0,True,0.42,,mean_create_ms,,89.612902
create,thurbox,N=20,0,True,0.42,,total_ms,,1768.451783
create,tmux,N=20,1,False,0.46,,first_ready_ms,,38.919556
create,tmux,N=20,1,False,0.46,,last_create_ms,,5.843074
create,tmux,N=20,1,False,0.46,,mean_create_ms,,8.617975099999999
create,tmux,N=20,1,False,0.46,,total_ms,,197.405724
create,herdr,N=20,1,False,0.46,,first_ready_ms,,153.83206
create,herdr,N=20,1,False,0.46,,last_create_ms,,23.096445
create,herdr,N=20,1,False,0.46,,mean_create_ms,,47.6917093
create,herdr,N=20,1,False,0.46,,total_ms,,1030.719288
create,thurbox,N=20,1,False,0.46,,first_ready_ms,,76.962086
create,thurbox,N=20,1,False,0.46,,last_create_ms,,92.64143
create,thurbox,N=20,1,False,0.46,,mean_create_ms,,96.39196775
create,thurbox,N=20,1,False,0.46,,total_ms,,1900.22823
create,tmux,N=20,2,False,0.59,,first_ready_ms,,39.013623
create,tmux,N=20,2,False,0.59,,last_create_ms,,8.874316
create,tmux,N=20,2,False,0.59,,mean_create_ms,,8.43323785
create,tmux,N=20,2,False,0.59,,total_ms,,191.817526
create,herdr,N=20,2,False,0.59,,first_ready_ms,,155.216747
create,herdr,N=20,2,False,0.59,,last_create_ms,,23.547433
create,herdr,N=20,2,False,0.59,,mean_create_ms,,36.59862785
create,herdr,N=20,2,False,0.59,,total_ms,,776.175546
create,thurbox,N=20,2,False,0.59,,first_ready_ms,,106.63649
create,thurbox,N=20,2,False,0.59,,last_create_ms,,99.150705
create,thurbox,N=20,2,False,0.59,,mean_create_ms,,91.49573554999999
create,thurbox,N=20,2,False,0.59,,total_ms,,1803.844711
create,tmux,N=20,3,False,0.59,,first_ready_ms,,38.990604
create,tmux,N=20,3,False,0.59,,last_create_ms,,7.35495
create,tmux,N=20,3,False,0.59,,mean_create_ms,,8.479851949999999
create,tmux,N=20,3,False,0.59,,total_ms,,200.321497
create,herdr,N=20,3,False,0.59,,first_ready_ms,,152.474885
create,herdr,N=20,3,False,0.59,,last_create_ms,,26.048544
create,herdr,N=20,3,False,0.59,,mean_create_ms,,43.865387
create,herdr,N=20,3,False,0.59,,total_ms,,952.840137
create,thurbox,N=20,3,False,0.59,,first_ready_ms,,99.219152
create,thurbox,N=20,3,False,0.59,,last_create_ms,,88.901163
create,thurbox,N=20,3,False,0.59,,mean_create_ms,,96.15258155
create,thurbox,N=20,3,False,0.59,,total_ms,,1898.848386
create,tmux,N=20,4,False,0.62,,first_ready_ms,,38.977127
create,tmux,N=20,4,False,0.62,,last_create_ms,,8.943774
create,tmux,N=20,4,False,0.62,,mean_create_ms,,8.5197798
create,tmux,N=20,4,False,0.62,,total_ms,,195.61296
create,herdr,N=20,4,False,0.62,,first_ready_ms,,154.335438
create,herdr,N=20,4,False,0.62,,last_create_ms,,14.969744
create,herdr,N=20,4,False,0.62,,mean_create_ms,,48.459885799999995
create,herdr,N=20,4,False,0.62,,total_ms,,1050.005423
create,thurbox,N=20,4,False,0.62,,first_ready_ms,,89.032843
create,thurbox,N=20,4,False,0.62,,last_create_ms,,88.894867
create,thurbox,N=20,4,False,0.62,,mean_create_ms,,100.76396805
create,thurbox,N=20,4,False,0.62,,total_ms,,1991.478665
create,tmux,N=20,5,False,0.57,,first_ready_ms,,39.178012
create,tmux,N=20,5,False,0.57,,last_create_ms,,5.963955
create,tmux,N=20,5,False,0.57,,mean_create_ms,,8.212029450000001
create,tmux,N=20,5,False,0.57,,total_ms,,190.584557
create,herdr,N=20,5,False,0.57,,first_ready_ms,,152.861768
create,herdr,N=20,5,False,0.57,,last_create_ms,,123.080515
create,herdr,N=20,5,False,0.57,,mean_create_ms,,54.602059600000004
create,herdr,N=20,5,False,0.57,,total_ms,,1151.918513
create,thurbox,N=20,5,False,0.57,,first_ready_ms,,86.24259
create,thurbox,N=20,5,False,0.57,,last_create_ms,,88.957756
create,thurbox,N=20,5,False,0.57,,mean_create_ms,,93.50937490000001
create,thurbox,N=20,5,False,0.57,,total_ms,,1846.065157
create,tmux,N=50,0,True,0.57,,first_ready_ms,,40.070635
create,tmux,N=50,0,True,0.57,,last_create_ms,,6.381945
create,tmux,N=50,0,True,0.57,,mean_create_ms,,9.475506339999999
create,tmux,N=50,0,True,0.57,,total_ms,,515.39295
create,herdr,N=50,0,True,1.08,,first_ready_ms,,156.169667
create,herdr,N=50,0,True,1.08,,last_create_ms,,13.830074
create,herdr,N=50,0,True,1.08,,mean_create_ms,,48.74003758
create,herdr,N=50,0,True,1.08,,total_ms,,2462.252502
create,thurbox,N=50,0,True,1.08,,first_ready_ms,,101.972954
create,thurbox,N=50,0,True,1.08,,last_create_ms,,91.572945
create,thurbox,N=50,0,True,1.08,,mean_create_ms,,93.74159952
create,thurbox,N=50,0,True,1.08,,total_ms,,4661.339536
create,tmux,N=50,1,False,1.08,,first_ready_ms,,39.044564
create,tmux,N=50,1,False,1.08,,last_create_ms,,5.672844
create,tmux,N=50,1,False,1.08,,mean_create_ms,,8.60850292
create,tmux,N=50,1,False,1.08,,total_ms,,454.405839
create,herdr,N=50,1,False,1.08,,first_ready_ms,,147.976777
create,herdr,N=50,1,False,1.08,,last_create_ms,,29.151056
create,herdr,N=50,1,False,1.08,,mean_create_ms,,44.91914448
create,herdr,N=50,1,False,1.08,,total_ms,,2297.666021
create,thurbox,N=50,1,False,0.99,,first_ready_ms,,84.597803
create,thurbox,N=50,1,False,0.99,,last_create_ms,,91.658429
create,thurbox,N=50,1,False,0.99,,mean_create_ms,,92.08594372
create,thurbox,N=50,1,False,0.99,,total_ms,,4578.544866
create,tmux,N=50,2,False,0.99,,first_ready_ms,,38.876236
create,tmux,N=50,2,False,0.99,,last_create_ms,,7.945478
create,tmux,N=50,2,False,0.99,,mean_create_ms,,8.539863279999999
create,tmux,N=50,2,False,0.99,,total_ms,,460.297988
create,herdr,N=50,2,False,0.99,,first_ready_ms,,151.9945
create,herdr,N=50,2,False,0.99,,last_create_ms,,116.822932
create,herdr,N=50,2,False,0.99,,mean_create_ms,,60.94389488
create,herdr,N=50,2,False,0.99,,total_ms,,3087.387197
create,thurbox,N=50,2,False,1.39,,first_ready_ms,,104.158048
create,thurbox,N=50,2,False,1.39,,last_create_ms,,92.180413
create,thurbox,N=50,2,False,1.39,,mean_create_ms,,90.96797504000001
create,thurbox,N=50,2,False,1.39,,total_ms,,4522.059353
create,tmux,N=50,3,False,1.44,,first_ready_ms,,38.988153
create,tmux,N=50,3,False,1.44,,last_create_ms,,9.130738
create,tmux,N=50,3,False,1.44,,mean_create_ms,,8.36815156
create,tmux,N=50,3,False,1.44,,total_ms,,447.736856
create,herdr,N=50,3,False,1.44,,first_ready_ms,,152.969957
create,herdr,N=50,3,False,1.44,,last_create_ms,,27.639736
create,herdr,N=50,3,False,1.44,,mean_create_ms,,47.35220986
create,herdr,N=50,3,False,1.44,,total_ms,,2448.415632
create,thurbox,N=50,3,False,1.44,,first_ready_ms,,114.855012
create,thurbox,N=50,3,False,1.44,,last_create_ms,,91.227455
create,thurbox,N=50,3,False,1.44,,mean_create_ms,,90.70021428
create,thurbox,N=50,3,False,1.44,,total_ms,,4509.846306
create,tmux,N=50,4,False,1.49,,first_ready_ms,,39.25784
create,tmux,N=50,4,False,1.49,,last_create_ms,,5.195923
create,tmux,N=50,4,False,1.49,,mean_create_ms,,8.73121296
create,tmux,N=50,4,False,1.49,,total_ms,,469.525289
create,herdr,N=50,4,False,1.77,,first_ready_ms,,149.747672
create,herdr,N=50,4,False,1.77,,last_create_ms,,22.340854
create,herdr,N=50,4,False,1.77,,mean_create_ms,,55.28182878
create,herdr,N=50,4,False,1.77,,total_ms,,2823.844651
create,thurbox,N=50,4,False,1.77,,first_ready_ms,,76.907385
create,thurbox,N=50,4,False,1.77,,last_create_ms,,91.545556
create,thurbox,N=50,4,False,1.77,,mean_create_ms,,96.99653588
create,thurbox,N=50,4,False,1.77,,total_ms,,4823.917745
create,tmux,N=50,5,False,1.71,,first_ready_ms,,39.305816
create,tmux,N=50,5,False,1.71,,last_create_ms,,13.31088
create,tmux,N=50,5,False,1.71,,mean_create_ms,,8.672022779999999
create,tmux,N=50,5,False,1.71,,total_ms,,466.683497
create,herdr,N=50,5,False,1.65,,first_ready_ms,,147.914561
create,herdr,N=50,5,False,1.65,,last_create_ms,,19.883506
create,herdr,N=50,5,False,1.65,,mean_create_ms,,50.70911574
create,herdr,N=50,5,False,1.65,,total_ms,,2581.953759
create,thurbox,N=50,5,False,1.65,,first_ready_ms,,88.965957
create,thurbox,N=50,5,False,1.65,,last_create_ms,,91.705733
create,thurbox,N=50,5,False,1.65,,mean_create_ms,,104.45793979999999
create,thurbox,N=50,5,False,1.65,,total_ms,,5196.946182
attach,tmux,N=1,0,True,1.6,,attach_ms,,10.639859
attach,tmux,N=1,0,True,1.6,,detach_ms,,2.708743
attach,tmux,N=1,0,True,1.6,,reattach_ms,,10.800997
attach,tmux,N=1,0,True,1.6,,survivors,,1
attach,herdr,N=1,0,True,1.47,,attach_ms,,65.031914
attach,herdr,N=1,0,True,1.47,,detach_ms,,11.097817
attach,herdr,N=1,0,True,1.47,,reattach_ms,,182.369875
attach,herdr,N=1,0,True,1.47,,survivors,,1
attach,thurbox,N=1,0,True,1.35,,attach_ms,,150.973092
attach,thurbox,N=1,0,True,1.35,,detach_ms,,12.614582
attach,thurbox,N=1,0,True,1.35,,reattach_ms,,177.620653
attach,thurbox,N=1,0,True,1.35,,survivors,,1
attach,tmux,N=1,1,False,1.22,,attach_ms,,10.822678
attach,tmux,N=1,1,False,1.22,,detach_ms,,2.660476
attach,tmux,N=1,1,False,1.22,,reattach_ms,,10.702405
attach,tmux,N=1,1,False,1.22,,survivors,,1
attach,herdr,N=1,1,False,1.13,,attach_ms,,67.561986
attach,herdr,N=1,1,False,1.13,,detach_ms,,12.359081
attach,herdr,N=1,1,False,1.13,,reattach_ms,,182.315318
attach,herdr,N=1,1,False,1.13,,survivors,,1
attach,thurbox,N=1,1,False,1.04,,attach_ms,,166.151304
attach,thurbox,N=1,1,False,1.04,,detach_ms,,12.240708
attach,thurbox,N=1,1,False,1.04,,reattach_ms,,177.380866
attach,thurbox,N=1,1,False,1.04,,survivors,,1
attach,tmux,N=1,2,False,0.95,,attach_ms,,10.813008
attach,tmux,N=1,2,False,0.95,,detach_ms,,2.648702
attach,tmux,N=1,2,False,0.95,,reattach_ms,,10.020991
attach,tmux,N=1,2,False,0.95,,survivors,,1
attach,herdr,N=1,2,False,0.88,,attach_ms,,68.712234
attach,herdr,N=1,2,False,0.88,,detach_ms,,11.001212
attach,herdr,N=1,2,False,0.88,,reattach_ms,,180.382464
attach,herdr,N=1,2,False,0.88,,survivors,,1
attach,thurbox,N=1,2,False,0.81,,attach_ms,,168.178859
attach,thurbox,N=1,2,False,0.81,,detach_ms,,12.507576
attach,thurbox,N=1,2,False,0.81,,reattach_ms,,177.367344
attach,thurbox,N=1,2,False,0.81,,survivors,,1
attach,tmux,N=1,3,False,0.74,,attach_ms,,10.801218
attach,tmux,N=1,3,False,0.74,,detach_ms,,2.563538
attach,tmux,N=1,3,False,0.74,,reattach_ms,,10.800618
attach,tmux,N=1,3,False,0.74,,survivors,,1
attach,herdr,N=1,3,False,0.68,,attach_ms,,66.683356
attach,herdr,N=1,3,False,0.68,,detach_ms,,11.249066
attach,herdr,N=1,3,False,0.68,,reattach_ms,,182.078547
attach,herdr,N=1,3,False,0.68,,survivors,,1
attach,thurbox,N=1,3,False,0.63,,attach_ms,,178.872009
attach,thurbox,N=1,3,False,0.63,,detach_ms,,12.340074
attach,thurbox,N=1,3,False,0.63,,reattach_ms,,176.668563
attach,thurbox,N=1,3,False,0.63,,survivors,,1
attach,tmux,N=1,4,False,0.66,,attach_ms,,10.635389
attach,tmux,N=1,4,False,0.66,,detach_ms,,2.648918
attach,tmux,N=1,4,False,0.66,,reattach_ms,,8.847879
attach,tmux,N=1,4,False,0.66,,survivors,,1
attach,herdr,N=1,4,False,0.6,,attach_ms,,66.687492
attach,herdr,N=1,4,False,0.6,,detach_ms,,10.553979
attach,herdr,N=1,4,False,0.6,,reattach_ms,,183.054544
attach,herdr,N=1,4,False,0.6,,survivors,,1
attach,thurbox,N=1,4,False,0.64,,attach_ms,,157.280629
attach,thurbox,N=1,4,False,0.64,,detach_ms,,12.376975
attach,thurbox,N=1,4,False,0.64,,reattach_ms,,186.635667
attach,thurbox,N=1,4,False,0.64,,survivors,,1
attach,tmux,N=1,5,False,0.58,,attach_ms,,16.191295
attach,tmux,N=1,5,False,0.58,,detach_ms,,2.652418
attach,tmux,N=1,5,False,0.58,,reattach_ms,,10.080056
attach,tmux,N=1,5,False,0.58,,survivors,,1
attach,herdr,N=1,5,False,0.49,,attach_ms,,67.860812
attach,herdr,N=1,5,False,0.49,,detach_ms,,11.016096
attach,herdr,N=1,5,False,0.49,,reattach_ms,,182.373934
attach,herdr,N=1,5,False,0.49,,survivors,,1
attach,thurbox,N=1,5,False,0.45,,attach_ms,,169.096955
attach,thurbox,N=1,5,False,0.45,,detach_ms,,12.053686
attach,thurbox,N=1,5,False,0.45,,reattach_ms,,150.151395
attach,thurbox,N=1,5,False,0.45,,survivors,,1
attach,tmux,N=20,0,True,0.42,,attach_ms,,10.962846
attach,tmux,N=20,0,True,0.42,,detach_ms,,5.132776
attach,tmux,N=20,0,True,0.42,,reattach_ms,,8.246279
attach,tmux,N=20,0,True,0.42,,survivors,,20
attach,herdr,N=20,0,True,0.38,,attach_ms,,301.852936
attach,herdr,N=20,0,True,0.38,,detach_ms,,10.865347
attach,herdr,N=20,0,True,0.38,,reattach_ms,,175.48862
attach,herdr,N=20,0,True,0.38,,survivors,,20
attach,thurbox,N=20,0,True,0.35,,attach_ms,,190.898184
attach,thurbox,N=20,0,True,0.35,,detach_ms,,15.931094
attach,thurbox,N=20,0,True,0.35,,reattach_ms,,213.880895
attach,thurbox,N=20,0,True,0.35,,survivors,,20
attach,tmux,N=20,1,False,0.3,,attach_ms,,11.627979
attach,tmux,N=20,1,False,0.3,,detach_ms,,4.904869
attach,tmux,N=20,1,False,0.3,,reattach_ms,,8.548605
attach,tmux,N=20,1,False,0.3,,survivors,,20
attach,herdr,N=20,1,False,0.27,,attach_ms,,304.050924
attach,herdr,N=20,1,False,0.27,,detach_ms,,10.879898
attach,herdr,N=20,1,False,0.27,,reattach_ms,,168.548645
attach,herdr,N=20,1,False,0.27,,survivors,,20
attach,thurbox,N=20,1,False,0.33,,attach_ms,,173.191626
attach,thurbox,N=20,1,False,0.33,,detach_ms,,16.070188
attach,thurbox,N=20,1,False,0.33,,reattach_ms,,164.203897
attach,thurbox,N=20,1,False,0.33,,survivors,,20
attach,tmux,N=20,2,False,0.35,,attach_ms,,11.83307
attach,tmux,N=20,2,False,0.35,,detach_ms,,5.024866
attach,tmux,N=20,2,False,0.35,,reattach_ms,,11.058594
attach,tmux,N=20,2,False,0.35,,survivors,,20
attach,herdr,N=20,2,False,0.41,,attach_ms,,278.24351
attach,herdr,N=20,2,False,0.41,,detach_ms,,11.617318
attach,herdr,N=20,2,False,0.41,,reattach_ms,,175.372113
attach,herdr,N=20,2,False,0.41,,survivors,,20
attach,thurbox,N=20,2,False,0.37,,attach_ms,,190.705841
attach,thurbox,N=20,2,False,0.37,,detach_ms,,16.127592
attach,thurbox,N=20,2,False,0.37,,reattach_ms,,170.131482
attach,thurbox,N=20,2,False,0.37,,survivors,,20
attach,tmux,N=20,3,False,0.32,,attach_ms,,11.626371
attach,tmux,N=20,3,False,0.32,,detach_ms,,5.70279
attach,tmux,N=20,3,False,0.32,,reattach_ms,,8.278588
attach,tmux,N=20,3,False,0.32,,survivors,,20
attach,herdr,N=20,3,False,0.29,,attach_ms,,288.517447
attach,herdr,N=20,3,False,0.29,,detach_ms,,11.022955
attach,herdr,N=20,3,False,0.29,,reattach_ms,,171.325402
attach,herdr,N=20,3,False,0.29,,survivors,,20
attach,thurbox,N=20,3,False,0.27,,attach_ms,,165.402911
attach,thurbox,N=20,3,False,0.27,,detach_ms,,16.131081
attach,thurbox,N=20,3,False,0.27,,reattach_ms,,178.458066
attach,thurbox,N=20,3,False,0.27,,survivors,,20
attach,tmux,N=20,4,False,0.23,,attach_ms,,11.260641
attach,tmux,N=20,4,False,0.23,,detach_ms,,5.043669
attach,tmux,N=20,4,False,0.23,,reattach_ms,,8.085731
attach,tmux,N=20,4,False,0.23,,survivors,,20
attach,herdr,N=20,4,False,0.21,,attach_ms,,200.61986
attach,herdr,N=20,4,False,0.21,,detach_ms,,10.739994
attach,herdr,N=20,4,False,0.21,,reattach_ms,,169.419296
attach,herdr,N=20,4,False,0.21,,survivors,,20
attach,thurbox,N=20,4,False,0.19,,attach_ms,,184.703034
attach,thurbox,N=20,4,False,0.19,,detach_ms,,16.692061
attach,thurbox,N=20,4,False,0.19,,reattach_ms,,183.574073
attach,thurbox,N=20,4,False,0.19,,survivors,,20
attach,tmux,N=20,5,False,0.32,,attach_ms,,11.664588
attach,tmux,N=20,5,False,0.32,,detach_ms,,5.004892
attach,tmux,N=20,5,False,0.32,,reattach_ms,,8.264213
attach,tmux,N=20,5,False,0.32,,survivors,,20
attach,herdr,N=20,5,False,0.3,,attach_ms,,306.330163
attach,herdr,N=20,5,False,0.3,,detach_ms,,10.486342
attach,herdr,N=20,5,False,0.3,,reattach_ms,,170.298283
attach,herdr,N=20,5,False,0.3,,survivors,,20
attach,thurbox,N=20,5,False,0.27,,attach_ms,,193.184621
attach,thurbox,N=20,5,False,0.27,,detach_ms,,17.202242
attach,thurbox,N=20,5,False,0.27,,reattach_ms,,206.046598
attach,thurbox,N=20,5,False,0.27,,survivors,,20
attach,tmux,N=50,0,True,0.25,,attach_ms,,13.309564
attach,tmux,N=50,0,True,0.25,,detach_ms,,7.534485
attach,tmux,N=50,0,True,0.25,,reattach_ms,,9.026693
attach,tmux,N=50,0,True,0.25,,survivors,,50
attach,herdr,N=50,0,True,0.65,,attach_ms,,450.794711
attach,herdr,N=50,0,True,0.65,,detach_ms,,10.421772
attach,herdr,N=50,0,True,0.65,,reattach_ms,,420.494444
attach,herdr,N=50,0,True,0.65,,survivors,,50
attach,thurbox,N=50,0,True,0.6,,attach_ms,,250.038526
attach,thurbox,N=50,0,True,0.6,,detach_ms,,25.150301
attach,thurbox,N=50,0,True,0.6,,reattach_ms,,489.046266
attach,thurbox,N=50,0,True,0.6,,survivors,,50
attach,tmux,N=50,1,False,0.54,,attach_ms,,13.072243
attach,tmux,N=50,1,False,0.54,,detach_ms,,6.067567
attach,tmux,N=50,1,False,0.54,,reattach_ms,,9.089522
attach,tmux,N=50,1,False,0.54,,survivors,,50
attach,herdr,N=50,1,False,0.49,,attach_ms,,412.725485
attach,herdr,N=50,1,False,0.49,,detach_ms,,10.753404
attach,herdr,N=50,1,False,0.49,,reattach_ms,,340.643487
attach,herdr,N=50,1,False,0.49,,survivors,,50
attach,thurbox,N=50,1,False,0.5,,attach_ms,,237.877238
attach,thurbox,N=50,1,False,0.5,,detach_ms,,26.422826
attach,thurbox,N=50,1,False,0.5,,reattach_ms,,282.716387
attach,thurbox,N=50,1,False,0.5,,survivors,,50
attach,tmux,N=50,2,False,0.42,,attach_ms,,13.370758
attach,tmux,N=50,2,False,0.42,,detach_ms,,6.770757
attach,tmux,N=50,2,False,0.42,,reattach_ms,,9.011336
attach,tmux,N=50,2,False,0.42,,survivors,,50
attach,herdr,N=50,2,False,0.39,,attach_ms,,443.533566
attach,herdr,N=50,2,False,0.39,,detach_ms,,21.198979
attach,herdr,N=50,2,False,0.39,,reattach_ms,,403.314604
attach,herdr,N=50,2,False,0.39,,survivors,,50
attach,thurbox,N=50,2,False,0.47,,attach_ms,,241.573769
attach,thurbox,N=50,2,False,0.47,,detach_ms,,23.582461
attach,thurbox,N=50,2,False,0.47,,reattach_ms,,490.314161
attach,thurbox,N=50,2,False,0.47,,survivors,,50
attach,tmux,N=50,3,False,0.55,,attach_ms,,13.623381
attach,tmux,N=50,3,False,0.55,,detach_ms,,6.959499
attach,tmux,N=50,3,False,0.55,,reattach_ms,,9.107205
attach,tmux,N=50,3,False,0.55,,survivors,,50
attach,herdr,N=50,3,False,0.5,,attach_ms,,445.850591
attach,herdr,N=50,3,False,0.5,,detach_ms,,10.534409
attach,herdr,N=50,3,False,0.5,,reattach_ms,,411.462536
attach,herdr,N=50,3,False,0.5,,survivors,,50
attach,thurbox,N=50,3,False,0.43,,attach_ms,,254.259462
attach,thurbox,N=50,3,False,0.43,,detach_ms,,25.042184
attach,thurbox,N=50,3,False,0.43,,reattach_ms,,592.324923
attach,thurbox,N=50,3,False,0.43,,survivors,,50
attach,tmux,N=50,4,False,0.43,,attach_ms,,13.108203
attach,tmux,N=50,4,False,0.43,,detach_ms,,6.976433
attach,tmux,N=50,4,False,0.43,,reattach_ms,,8.972707
attach,tmux,N=50,4,False,0.43,,survivors,,50
attach,herdr,N=50,4,False,0.4,,attach_ms,,427.030788
attach,herdr,N=50,4,False,0.4,,detach_ms,,10.612652
attach,herdr,N=50,4,False,0.4,,reattach_ms,,430.43805
attach,herdr,N=50,4,False,0.4,,survivors,,50
attach,thurbox,N=50,4,False,0.49,,attach_ms,,235.851831
attach,thurbox,N=50,4,False,0.49,,detach_ms,,23.134661
attach,thurbox,N=50,4,False,0.49,,reattach_ms,,236.564152
attach,thurbox,N=50,4,False,0.49,,survivors,,50
attach,tmux,N=50,5,False,2.65,,attach_ms,,13.267751
attach,tmux,N=50,5,False,2.65,,detach_ms,,7.052429
attach,tmux,N=50,5,False,2.65,,reattach_ms,,9.089473
attach,tmux,N=50,5,False,2.65,,survivors,,50
attach,herdr,N=50,5,False,2.69,,attach_ms,,435.416085
attach,herdr,N=50,5,False,2.69,,detach_ms,,20.426603
attach,herdr,N=50,5,False,2.69,,reattach_ms,,413.452119
attach,herdr,N=50,5,False,2.69,,survivors,,50
attach,thurbox,N=50,5,False,2.47,,attach_ms,,246.322599
attach,thurbox,N=50,5,False,2.47,,detach_ms,,22.491321
attach,thurbox,N=50,5,False,2.47,,reattach_ms,,430.573655
attach,thurbox,N=50,5,False,2.47,,survivors,,50
resources,tmux,N=1 headless idle,0,True,0.21,,cpu_pct,,0.0
resources,tmux,N=1 headless idle,0,True,0.21,,pss_mib,,3.712890625
resources,tmux,N=1 headless idle,0,True,0.21,,rss_mib,,3.83984375
resources,tmux,N=1 headless output,0,True,0.21,,cpu_pct,,0.09999656243658321
resources,tmux,N=1 headless output,0,True,0.21,,pss_mib,,3.712890625
resources,tmux,N=1 headless output,0,True,0.21,,rss_mib,,3.83984375
resources,tmux,N=1 attached idle,0,True,0.21,,cpu_pct,,0.0
resources,tmux,N=1 attached idle,0,True,0.21,,first_view_stale,,False
resources,tmux,N=1 attached idle,0,True,0.21,,pss_mib,,6.240234375
resources,tmux,N=1 attached idle,0,True,0.21,,rss_mib,,9.59375
resources,tmux,N=1 attached output,0,True,0.21,,cpu_pct,,0.3989663030888207
resources,tmux,N=1 attached output,0,True,0.21,,pss_mib,,6.240234375
resources,tmux,N=1 attached output,0,True,0.21,,rss_mib,,9.59375
resources,herdr,N=1 headless idle,0,True,0.18,,cpu_pct,,0.4999826195055971
resources,herdr,N=1 headless idle,0,True,0.18,,pss_mib,,17.6796875
resources,herdr,N=1 headless idle,0,True,0.18,,rss_mib,,17.68359375
resources,herdr,N=1 headless output,0,True,0.18,,cpu_pct,,0.9999780667634243
resources,herdr,N=1 headless output,0,True,0.18,,pss_mib,,17.69921875
resources,herdr,N=1 headless output,0,True,0.18,,rss_mib,,17.703125
resources,herdr,N=1 attached idle,0,True,0.18,,cpu_pct,,1.0989555618755555
resources,herdr,N=1 attached idle,0,True,0.18,,first_view_stale,,False
resources,herdr,N=1 attached idle,0,True,0.18,,pss_mib,,22.625
resources,herdr,N=1 attached idle,0,True,0.18,,rss_mib,,32.6953125
resources,herdr,N=1 attached output,0,True,0.18,,cpu_pct,,8.5759217608112
resources,herdr,N=1 attached output,0,True,0.18,,pss_mib,,22.640625
resources,herdr,N=1 attached output,0,True,0.18,,rss_mib,,32.7109375
resources,thurbox,N=1 headless idle,0,True,0.07,,cpu_pct,,0.0
resources,thurbox,N=1 headless idle,0,True,0.07,,pss_mib,,8.314453125
resources,thurbox,N=1 headless idle,0,True,0.07,,rss_mib,,17.08984375
resources,thurbox,N=1 headless output,0,True,0.07,,cpu_pct,,0.2999894859135835
resources,thurbox,N=1 headless output,0,True,0.07,,pss_mib,,8.314453125
resources,thurbox,N=1 headless output,0,True,0.07,,rss_mib,,17.08984375
resources,thurbox,N=1 attached idle,0,True,0.07,,cpu_pct,,2.69784734602308
resources,thurbox,N=1 attached idle,0,True,0.07,,first_view_stale,,True
resources,thurbox,N=1 attached idle,0,True,0.07,,pss_mib,,28.55859375
resources,thurbox,N=1 attached idle,0,True,0.07,,rss_mib,,42.80078125
resources,thurbox,N=1 attached output,0,True,0.07,,cpu_pct,,7.983211852358384
resources,thurbox,N=1 attached output,0,True,0.07,,pss_mib,,28.65234375
resources,thurbox,N=1 attached output,0,True,0.07,,rss_mib,,42.89453125
resources,tmux,N=1 headless idle,1,False,0.03,,cpu_pct,,0.0
resources,tmux,N=1 headless idle,1,False,0.03,,pss_mib,,3.712890625
resources,tmux,N=1 headless idle,1,False,0.03,,rss_mib,,3.83984375
resources,tmux,N=1 headless output,1,False,0.03,,cpu_pct,,0.09999744558479995
resources,tmux,N=1 headless output,1,False,0.03,,pss_mib,,3.712890625
resources,tmux,N=1 headless output,1,False,0.03,,rss_mib,,3.83984375
resources,tmux,N=1 attached idle,1,False,0.03,,cpu_pct,,0.0
resources,tmux,N=1 attached idle,1,False,0.03,,first_view_stale,,False
resources,tmux,N=1 attached idle,1,False,0.03,,pss_mib,,6.240234375
resources,tmux,N=1 attached idle,1,False,0.03,,rss_mib,,9.59375
resources,tmux,N=1 attached output,1,False,0.03,,cpu_pct,,0.29924562873037586
resources,tmux,N=1 attached output,1,False,0.03,,pss_mib,,6.240234375
resources,tmux,N=1 attached output,1,False,0.03,,rss_mib,,9.59375
resources,herdr,N=1 headless idle,1,False,0.09,,cpu_pct,,0.49998976321662136
resources,herdr,N=1 headless idle,1,False,0.09,,pss_mib,,17.67578125
resources,herdr,N=1 headless idle,1,False,0.09,,rss_mib,,17.6796875
resources,herdr,N=1 headless output,1,False,0.09,,cpu_pct,,0.9999653099963273
resources,herdr,N=1 headless output,1,False,0.09,,pss_mib,,17.6953125
resources,herdr,N=1 headless output,1,False,0.09,,rss_mib,,17.69921875
resources,herdr,N=1 attached idle,1,False,0.09,,cpu_pct,,0.9990006708533641
resources,herdr,N=1 attached idle,1,False,0.09,,first_view_stale,,False
resources,herdr,N=1 attached idle,1,False,0.09,,pss_mib,,22.6328125
resources,herdr,N=1 attached idle,1,False,0.09,,rss_mib,,32.703125
resources,herdr,N=1 attached output,1,False,0.09,,cpu_pct,,8.281283148195056
resources,herdr,N=1 attached output,1,False,0.09,,pss_mib,,22.64453125
resources,herdr,N=1 attached output,1,False,0.09,,rss_mib,,32.71484375
resources,thurbox,N=1 headless idle,1,False,0.04,,cpu_pct,,0.0
resources,thurbox,N=1 headless idle,1,False,0.04,,pss_mib,,8.318359375
resources,thurbox,N=1 headless idle,1,False,0.04,,rss_mib,,17.09375
resources,thurbox,N=1 headless output,1,False,0.04,,cpu_pct,,0.19999301722439272
resources,thurbox,N=1 headless output,1,False,0.04,,pss_mib,,8.318359375
resources,thurbox,N=1 headless output,1,False,0.04,,rss_mib,,17.09375
resources,thurbox,N=1 attached idle,1,False,0.04,,cpu_pct,,2.9925441698573354
resources,thurbox,N=1 attached idle,1,False,0.04,,first_view_stale,,True
resources,thurbox,N=1 attached idle,1,False,0.04,,pss_mib,,28.5625
resources,thurbox,N=1 attached idle,1,False,0.04,,rss_mib,,42.8046875
resources,thurbox,N=1 attached output,1,False,0.04,,cpu_pct,,8.06022181242219
resources,thurbox,N=1 attached output,1,False,0.04,,pss_mib,,28.58984375
resources,thurbox,N=1 attached output,1,False,0.04,,rss_mib,,42.83203125
resources,tmux,N=1 headless idle,2,False,0.06,,cpu_pct,,0.0
resources,tmux,N=1 headless idle,2,False,0.06,,pss_mib,,3.712890625
resources,tmux,N=1 headless idle,2,False,0.06,,rss_mib,,3.83984375
resources,tmux,N=1 headless output,2,False,0.06,,cpu_pct,,0.19999316479622825
resources,tmux,N=1 headless output,2,False,0.06,,pss_mib,,3.712890625
resources,tmux,N=1 headless output,2,False,0.06,,rss_mib,,3.83984375
resources,tmux,N=1 attached idle,2,False,0.06,,cpu_pct,,0.0
resources,tmux,N=1 attached idle,2,False,0.06,,first_view_stale,,False
resources,tmux,N=1 attached idle,2,False,0.06,,pss_mib,,6.240234375
resources,tmux,N=1 attached idle,2,False,0.06,,rss_mib,,9.59375
resources,tmux,N=1 attached output,2,False,0.06,,cpu_pct,,0.2992261253860449
resources,tmux,N=1 attached output,2,False,0.06,,pss_mib,,6.240234375
resources,tmux,N=1 attached output,2,False,0.06,,rss_mib,,9.59375
resources,herdr,N=1 headless idle,2,False,0.02,,cpu_pct,,0.5999903260008262
resources,herdr,N=1 headless idle,2,False,0.02,,pss_mib,,17.66796875
resources,herdr,N=1 headless idle,2,False,0.02,,rss_mib,,17.671875
resources,herdr,N=1 headless output,2,False,0.02,,cpu_pct,,0.899984605850403
resources,herdr,N=1 headless output,2,False,0.02,,pss_mib,,17.6875
resources,herdr,N=1 headless output,2,False,0.02,,rss_mib,,17.69140625
resources,herdr,N=1 attached idle,2,False,0.02,,cpu_pct,,0.9982546026391932
resources,herdr,N=1 attached idle,2,False,0.02,,first_view_stale,,False
resources,herdr,N=1 attached idle,2,False,0.02,,pss_mib,,22.6015625
resources,herdr,N=1 attached idle,2,False,0.02,,rss_mib,,32.66015625
resources,herdr,N=1 attached output,2,False,0.02,,cpu_pct,,8.67541268671787
resources,herdr,N=1 attached output,2,False,0.02,,pss_mib,,22.62109375
resources,herdr,N=1 attached output,2,False,0.02,,rss_mib,,32.6796875
resources,thurbox,N=1 headless idle,2,False,0.01,,cpu_pct,,0.0
resources,thurbox,N=1 headless idle,2,False,0.01,,pss_mib,,8.318359375
resources,thurbox,N=1 headless idle,2,False,0.01,,rss_mib,,17.09375
resources,thurbox,N=1 headless output,2,False,0.01,,cpu_pct,,0.19999311347921875
resources,thurbox,N=1 headless output,2,False,0.01,,pss_mib,,8.318359375
resources,thurbox,N=1 headless output,2,False,0.01,,rss_mib,,17.09375
resources,thurbox,N=1 attached idle,2,False,0.01,,cpu_pct,,2.6975412211298018
resources,thurbox,N=1 attached idle,2,False,0.01,,first_view_stale,,True
resources,thurbox,N=1 attached idle,2,False,0.01,,pss_mib,,28.5625
resources,thurbox,N=1 attached idle,2,False,0.01,,rss_mib,,42.8046875
resources,thurbox,N=1 attached output,2,False,0.01,,cpu_pct,,8.093294702897897
resources,thurbox,N=1 attached output,2,False,0.01,,pss_mib,,28.59765625
resources,thurbox,N=1 attached output,2,False,0.01,,rss_mib,,42.83984375
resources,tmux,N=1 headless idle,3,False,0.0,,cpu_pct,,0.0
resources,tmux,N=1 headless idle,3,False,0.0,,pss_mib,,3.712890625
resources,tmux,N=1 headless idle,3,False,0.0,,rss_mib,,3.83984375
resources,tmux,N=1 headless output,3,False,0.0,,cpu_pct,,0.19999445701479582
resources,tmux,N=1 headless output,3,False,0.0,,pss_mib,,3.712890625
resources,tmux,N=1 headless output,3,False,0.0,,rss_mib,,3.83984375
resources,tmux,N=1 attached idle,3,False,0.0,,cpu_pct,,0.0
resources,tmux,N=1 attached idle,3,False,0.0,,first_view_stale,,False
resources,tmux,N=1 attached idle,3,False,0.0,,pss_mib,,6.240234375
resources,tmux,N=1 attached idle,3,False,0.0,,rss_mib,,9.59375
resources,tmux,N=1 attached output,3,False,0.0,,cpu_pct,,0.2992123009350745
resources,tmux,N=1 attached output,3,False,0.0,,pss_mib,,6.240234375
resources,tmux,N=1 attached output,3,False,0.0,,rss_mib,,9.59375
resources,herdr,N=1 headless idle,3,False,0.0,,cpu_pct,,0.5999894110911144
resources,herdr,N=1 headless idle,3,False,0.0,,pss_mib,,17.6796875
resources,herdr,N=1 headless idle,3,False,0.0,,rss_mib,,17.68359375
resources,herdr,N=1 headless output,3,False,0.0,,cpu_pct,,0.999966159653531
resources,herdr,N=1 headless output,3,False,0.0,,pss_mib,,17.69921875
resources,herdr,N=1 headless output,3,False,0.0,,rss_mib,,17.703125
resources,herdr,N=1 attached idle,3,False,0.0,,cpu_pct,,0.9983899221330077
resources,herdr,N=1 attached idle,3,False,0.0,,first_view_stale,,False
resources,herdr,N=1 attached idle,3,False,0.0,,pss_mib,,22.609375
resources,herdr,N=1 attached idle,3,False,0.0,,rss_mib,,32.6796875
resources,herdr,N=1 attached output,3,False,0.0,,cpu_pct,,8.675271409463816
resources,herdr,N=1 attached output,3,False,0.0,,pss_mib,,22.6328125
resources,herdr,N=1 attached output,3,False,0.0,,rss_mib,,32.703125
resources,thurbox,N=1 headless idle,3,False,0.05,,cpu_pct,,0.0
resources,thurbox,N=1 headless idle,3,False,0.05,,pss_mib,,8.318359375
resources,thurbox,N=1 headless idle,3,False,0.05,,rss_mib,,17.09375
resources,thurbox,N=1 headless output,3,False,0.05,,cpu_pct,,0.19999307032005567
resources,thurbox,N=1 headless output,3,False,0.05,,pss_mib,,8.318359375
resources,thurbox,N=1 headless output,3,False,0.05,,rss_mib,,17.09375
resources,thurbox,N=1 attached idle,3,False,0.05,,cpu_pct,,2.7967444180660803
resources,thurbox,N=1 attached idle,3,False,0.05,,first_view_stale,,True
resources,thurbox,N=1 attached idle,3,False,0.05,,pss_mib,,28.546875
resources,thurbox,N=1 attached idle,3,False,0.05,,rss_mib,,42.7890625
resources,thurbox,N=1 attached output,3,False,0.05,,cpu_pct,,7.992008141272271
resources,thurbox,N=1 attached output,3,False,0.05,,pss_mib,,28.58984375
resources,thurbox,N=1 attached output,3,False,0.05,,rss_mib,,42.83203125
resources,tmux,N=1 headless idle,4,False,0.31,,cpu_pct,,0.0
resources,tmux,N=1 headless idle,4,False,0.31,,pss_mib,,3.712890625
resources,tmux,N=1 headless idle,4,False,0.31,,rss_mib,,3.83984375
resources,tmux,N=1 headless output,4,False,0.31,,cpu_pct,,0.09999719845762149
resources,tmux,N=1 headless output,4,False,0.31,,pss_mib,,3.712890625
resources,tmux,N=1 headless output,4,False,0.31,,rss_mib,,3.83984375
resources,tmux,N=1 attached idle,4,False,0.31,,cpu_pct,,0.0
resources,tmux,N=1 attached idle,4,False,0.31,,first_view_stale,,False
resources,tmux,N=1 attached idle,4,False,0.31,,pss_mib,,6.240234375
resources,tmux,N=1 attached idle,4,False,0.31,,rss_mib,,9.59375
resources,tmux,N=1 attached output,4,False,0.31,,cpu_pct,,0.29921009943505783
resources,tmux,N=1 attached output,4,False,0.31,,pss_mib,,6.240234375
resources,tmux,N=1 attached output,4,False,0.31,,rss_mib,,9.59375
resources,herdr,N=1 headless idle,4,False,0.13,,cpu_pct,,0.5999898038395214
resources,herdr,N=1 headless idle,4,False,0.13,,pss_mib,,17.67578125
resources,herdr,N=1 headless idle,4,False,0.13,,rss_mib,,17.6796875
resources,herdr,N=1 headless output,4,False,0.13,,cpu_pct,,0.9999653844969696
resources,herdr,N=1 headless output,4,False,0.13,,pss_mib,,17.6953125
resources,herdr,N=1 headless output,4,False,0.13,,rss_mib,,17.69921875
resources,herdr,N=1 attached idle,4,False,0.13,,cpu_pct,,1.0979273870416162
resources,herdr,N=1 attached idle,4,False,0.13,,first_view_stale,,False
resources,herdr,N=1 attached idle,4,False,0.13,,pss_mib,,22.6171875
resources,herdr,N=1 attached idle,4,False,0.13,,rss_mib,,32.6875
resources,herdr,N=1 attached output,4,False,0.13,,cpu_pct,,8.576294172630533
resources,herdr,N=1 attached output,4,False,0.13,,pss_mib,,22.6328125
resources,herdr,N=1 attached output,4,False,0.13,,rss_mib,,32.703125
resources,thurbox,N=1 headless idle,4,False,0.06,,cpu_pct,,0.0
resources,thurbox,N=1 headless idle,4,False,0.06,,pss_mib,,8.314453125
resources,thurbox,N=1 headless idle,4,False,0.06,,rss_mib,,17.08984375
resources,thurbox,N=1 headless output,4,False,0.06,,cpu_pct,,0.299989703304116
resources,thurbox,N=1 headless output,4,False,0.06,,pss_mib,,8.314453125
resources,thurbox,N=1 headless output,4,False,0.06,,rss_mib,,17.08984375
resources,thurbox,N=1 attached idle,4,False,0.06,,cpu_pct,,2.889874706638633
resources,thurbox,N=1 attached idle,4,False,0.06,,first_view_stale,,True
resources,thurbox,N=1 attached idle,4,False,0.06,,pss_mib,,28.52734375
resources,thurbox,N=1 attached idle,4,False,0.06,,rss_mib,,42.76953125
resources,thurbox,N=1 attached output,4,False,0.06,,cpu_pct,,7.861765789594808
resources,thurbox,N=1 attached output,4,False,0.06,,pss_mib,,28.66015625
resources,thurbox,N=1 attached output,4,False,0.06,,rss_mib,,42.90234375
resources,tmux,N=1 headless idle,5,False,0.1,,cpu_pct,,0.0
resources,tmux,N=1 headless idle,5,False,0.1,,pss_mib,,3.712890625
resources,tmux,N=1 headless idle,5,False,0.1,,rss_mib,,3.83984375
resources,tmux,N=1 headless output,5,False,0.1,,cpu_pct,,0.09999901942007665
resources,tmux,N=1 headless output,5,False,0.1,,pss_mib,,3.712890625
resources,tmux,N=1 headless output,5,False,0.1,,rss_mib,,3.83984375
resources,tmux,N=1 attached idle,5,False,0.1,,cpu_pct,,0.0
resources,tmux,N=1 attached idle,5,False,0.1,,first_view_stale,,False
resources,tmux,N=1 attached idle,5,False,0.1,,pss_mib,,6.240234375
resources,tmux,N=1 attached idle,5,False,0.1,,rss_mib,,9.59375
resources,tmux,N=1 attached output,5,False,0.1,,cpu_pct,,0.2992270415565548
resources,tmux,N=1 attached output,5,False,0.1,,pss_mib,,6.240234375
resources,tmux,N=1 attached output,5,False,0.1,,rss_mib,,9.59375
resources,herdr,N=1 headless idle,5,False,0.18,,cpu_pct,,0.4999911787496956
resources,herdr,N=1 headless idle,5,False,0.18,,pss_mib,,17.68359375
resources,herdr,N=1 headless idle,5,False,0.18,,rss_mib,,17.6875
resources,herdr,N=1 headless output,5,False,0.18,,cpu_pct,,1.0999619339587936
resources,herdr,N=1 headless output,5,False,0.18,,pss_mib,,17.703125
resources,herdr,N=1 headless output,5,False,0.18,,rss_mib,,17.70703125
resources,herdr,N=1 attached idle,5,False,0.18,,cpu_pct,,1.0978083340130853
resources,herdr,N=1 attached idle,5,False,0.18,,first_view_stale,,False
resources,herdr,N=1 attached idle,5,False,0.18,,pss_mib,,22.61328125
resources,herdr,N=1 attached idle,5,False,0.18,,rss_mib,,32.68359375
resources,herdr,N=1 attached output,5,False,0.18,,cpu_pct,,8.777093071354043
resources,herdr,N=1 attached output,5,False,0.18,,pss_mib,,22.63671875
resources,herdr,N=1 attached output,5,False,0.18,,rss_mib,,32.70703125
resources,thurbox,N=1 headless idle,5,False,0.08,,cpu_pct,,0.0
resources,thurbox,N=1 headless idle,5,False,0.08,,pss_mib,,8.314453125
resources,thurbox,N=1 headless idle,5,False,0.08,,rss_mib,,17.08984375
resources,thurbox,N=1 headless output,5,False,0.08,,cpu_pct,,0.19999302568486788
resources,thurbox,N=1 headless output,5,False,0.08,,pss_mib,,8.314453125
resources,thurbox,N=1 headless output,5,False,0.08,,rss_mib,,17.08984375
resources,thurbox,N=1 attached idle,5,False,0.08,,cpu_pct,,2.7963486537776427
resources,thurbox,N=1 attached idle,5,False,0.08,,first_view_stale,,True
resources,thurbox,N=1 attached idle,5,False,0.08,,pss_mib,,28.55078125
resources,thurbox,N=1 attached idle,5,False,0.08,,rss_mib,,42.79296875
resources,thurbox,N=1 attached output,5,False,0.08,,cpu_pct,,8.385475533746664
resources,thurbox,N=1 attached output,5,False,0.08,,pss_mib,,28.59375
resources,thurbox,N=1 attached output,5,False,0.08,,rss_mib,,42.8359375
resources,tmux,N=20 headless idle,0,True,0.15,,cpu_pct,,0.0
resources,tmux,N=20 headless idle,0,True,0.15,,pss_mib,,3.873046875
resources,tmux,N=20 headless idle,0,True,0.15,,rss_mib,,4.0
resources,tmux,N=20 headless output,0,True,0.15,,cpu_pct,,3.1999479675558016
resources,tmux,N=20 headless output,0,True,0.15,,pss_mib,,3.998046875
resources,tmux,N=20 headless output,0,True,0.15,,rss_mib,,4.125
resources,tmux,N=20 attached idle,0,True,0.15,,cpu_pct,,0.0
resources,tmux,N=20 attached idle,0,True,0.15,,first_view_stale,,False
resources,tmux,N=20 attached idle,0,True,0.15,,pss_mib,,8.7060546875
resources,tmux,N=20 attached idle,0,True,0.15,,rss_mib,,12.0625
resources,tmux,N=20 attached output,0,True,0.15,,cpu_pct,,3.1926539997779897
resources,tmux,N=20 attached output,0,True,0.15,,pss_mib,,8.7333984375
resources,tmux,N=20 attached output,0,True,0.15,,rss_mib,,12.08984375
resources,herdr,N=20 headless idle,0,True,0.07,,cpu_pct,,9.199844054494374
resources,herdr,N=20 headless idle,0,True,0.07,,pss_mib,,26.84765625
resources,herdr,N=20 headless idle,0,True,0.07,,rss_mib,,26.8515625
resources,herdr,N=20 headless output,0,True,0.07,,cpu_pct,,21.899773899811755
resources,herdr,N=20 headless output,0,True,0.07,,pss_mib,,27.1640625
resources,herdr,N=20 headless output,0,True,0.07,,rss_mib,,27.16796875
resources,herdr,N=20 attached idle,0,True,0.07,,cpu_pct,,15.98451188856702
resources,herdr,N=20 attached idle,0,True,0.07,,first_view_stale,,False
resources,herdr,N=20 attached idle,0,True,0.07,,pss_mib,,34.80078125
resources,herdr,N=20 attached idle,0,True,0.07,,rss_mib,,44.80859375
resources,herdr,N=20 attached output,0,True,0.07,,cpu_pct,,26.59778607744271
resources,herdr,N=20 attached output,0,True,0.07,,pss_mib,,34.87109375
resources,herdr,N=20 attached output,0,True,0.07,,rss_mib,,44.87890625
resources,thurbox,N=20 headless idle,0,True,0.09,,cpu_pct,,0.0
resources,thurbox,N=20 headless idle,0,True,0.09,,pss_mib,,8.666015625
resources,thurbox,N=20 headless idle,0,True,0.09,,rss_mib,,17.45703125
resources,thurbox,N=20 headless output,0,True,0.09,,cpu_pct,,4.199853928652604
resources,thurbox,N=20 headless output,0,True,0.09,,pss_mib,,8.744140625
resources,thurbox,N=20 headless output,0,True,0.09,,rss_mib,,17.53515625
resources,thurbox,N=20 attached idle,0,True,0.09,,cpu_pct,,5.288937722873632
resources,thurbox,N=20 attached idle,0,True,0.09,,first_view_stale,,True
resources,thurbox,N=20 attached idle,0,True,0.09,,pss_mib,,49.134765625
resources,thurbox,N=20 attached idle,0,True,0.09,,rss_mib,,63.39453125
resources,thurbox,N=20 attached output,0,True,0.09,,cpu_pct,,19.653978538644388
resources,thurbox,N=20 attached output,0,True,0.09,,pss_mib,,49.318359375
resources,thurbox,N=20 attached output,0,True,0.09,,rss_mib,,63.578125
resources,tmux,N=20 headless idle,1,False,0.17,,cpu_pct,,0.0
resources,tmux,N=20 headless idle,1,False,0.17,,pss_mib,,3.865234375
resources,tmux,N=20 headless idle,1,False,0.17,,rss_mib,,3.9921875
resources,tmux,N=20 headless output,1,False,0.17,,cpu_pct,,3.899940113262202
resources,tmux,N=20 headless output,1,False,0.17,,pss_mib,,3.998046875
resources,tmux,N=20 headless output,1,False,0.17,,rss_mib,,4.125
resources,tmux,N=20 attached idle,1,False,0.17,,cpu_pct,,0.0
resources,tmux,N=20 attached idle,1,False,0.17,,first_view_stale,,False
resources,tmux,N=20 attached idle,1,False,0.17,,pss_mib,,8.7138671875
resources,tmux,N=20 attached idle,1,False,0.17,,rss_mib,,12.0703125
resources,tmux,N=20 attached output,1,False,0.17,,cpu_pct,,3.9909702028213996
resources,tmux,N=20 attached output,1,False,0.17,,pss_mib,,8.7529296875
resources,tmux,N=20 attached output,1,False,0.17,,rss_mib,,12.109375
resources,herdr,N=20 headless idle,1,False,0.19,,cpu_pct,,8.999701573490567
resources,herdr,N=20 headless idle,1,False,0.19,,pss_mib,,26.85546875
resources,herdr,N=20 headless idle,1,False,0.19,,rss_mib,,26.859375
resources,herdr,N=20 headless output,1,False,0.19,,cpu_pct,,22.19981715584827
resources,herdr,N=20 headless output,1,False,0.19,,pss_mib,,27.19140625
resources,herdr,N=20 headless output,1,False,0.19,,rss_mib,,27.1953125
resources,herdr,N=20 attached idle,1,False,0.19,,cpu_pct,,17.277877899243816
resources,herdr,N=20 attached idle,1,False,0.19,,first_view_stale,,False
resources,herdr,N=20 attached idle,1,False,0.19,,pss_mib,,34.83203125
resources,herdr,N=20 attached idle,1,False,0.19,,rss_mib,,44.83984375
resources,herdr,N=20 attached output,1,False,0.19,,cpu_pct,,33.66263537057569
resources,herdr,N=20 attached output,1,False,0.19,,pss_mib,,34.8828125
resources,herdr,N=20 attached output,1,False,0.19,,rss_mib,,44.890625
resources,thurbox,N=20 headless idle,1,False,0.31,,cpu_pct,,0.0
resources,thurbox,N=20 headless idle,1,False,0.31,,pss_mib,,8.666015625
resources,thurbox,N=20 headless idle,1,False,0.31,,rss_mib,,17.45703125
resources,thurbox,N=20 headless output,1,False,0.31,,cpu_pct,,4.299847884739933
resources,thurbox,N=20 headless output,1,False,0.31,,pss_mib,,8.744140625
resources,thurbox,N=20 headless output,1,False,0.31,,rss_mib,,17.53515625
resources,thurbox,N=20 attached idle,1,False,0.31,,cpu_pct,,5.185230219227353
resources,thurbox,N=20 attached idle,1,False,0.31,,first_view_stale,,True
resources,thurbox,N=20 attached idle,1,False,0.31,,pss_mib,,49.150390625
resources,thurbox,N=20 attached idle,1,False,0.31,,rss_mib,,63.41015625
resources,thurbox,N=20 attached output,1,False,0.31,,cpu_pct,,19.823383390286732
resources,thurbox,N=20 attached output,1,False,0.31,,pss_mib,,49.353515625
resources,thurbox,N=20 attached output,1,False,0.31,,rss_mib,,63.61328125
resources,tmux,N=20 headless idle,2,False,0.12,,cpu_pct,,0.0
resources,tmux,N=20 headless idle,2,False,0.12,,pss_mib,,3.869140625
resources,tmux,N=20 headless idle,2,False,0.12,,rss_mib,,3.99609375
resources,tmux,N=20 headless output,2,False,0.12,,cpu_pct,,4.19985456443171
resources,tmux,N=20 headless output,2,False,0.12,,pss_mib,,4.001953125
resources,tmux,N=20 headless output,2,False,0.12,,rss_mib,,4.12890625
resources,tmux,N=20 attached idle,2,False,0.12,,cpu_pct,,0.0
resources,tmux,N=20 attached idle,2,False,0.12,,first_view_stale,,False
resources,tmux,N=20 attached idle,2,False,0.12,,pss_mib,,8.7021484375
resources,tmux,N=20 attached idle,2,False,0.12,,rss_mib,,12.05859375
resources,tmux,N=20 attached output,2,False,0.12,,cpu_pct,,3.990415285829617
resources,tmux,N=20 attached output,2,False,0.12,,pss_mib,,8.7177734375
resources,tmux,N=20 attached output,2,False,0.12,,rss_mib,,12.07421875
resources,herdr,N=20 headless idle,2,False,0.13,,cpu_pct,,8.99968813108675
resources,herdr,N=20 headless idle,2,False,0.13,,pss_mib,,26.84765625
resources,herdr,N=20 headless idle,2,False,0.13,,rss_mib,,26.8515625
resources,herdr,N=20 headless output,2,False,0.13,,cpu_pct,,21.399593863507118
resources,herdr,N=20 headless output,2,False,0.13,,pss_mib,,27.1640625
resources,herdr,N=20 headless output,2,False,0.13,,rss_mib,,27.16796875
resources,herdr,N=20 attached idle,2,False,0.13,,cpu_pct,,18.67535824763814
resources,herdr,N=20 attached idle,2,False,0.13,,first_view_stale,,False
resources,herdr,N=20 attached idle,2,False,0.13,,pss_mib,,34.83984375
resources,herdr,N=20 attached idle,2,False,0.13,,rss_mib,,44.84765625
resources,herdr,N=20 attached output,2,False,0.13,,cpu_pct,,34.01468089093189
resources,herdr,N=20 attached output,2,False,0.13,,pss_mib,,34.89453125
resources,herdr,N=20 attached output,2,False,0.13,,rss_mib,,44.90234375
resources,thurbox,N=20 headless idle,2,False,0.26,,cpu_pct,,0.0
resources,thurbox,N=20 headless idle,2,False,0.26,,pss_mib,,8.666015625
resources,thurbox,N=20 headless idle,2,False,0.26,,rss_mib,,17.45703125
resources,thurbox,N=20 headless output,2,False,0.26,,cpu_pct,,4.299964711888182
resources,thurbox,N=20 headless output,2,False,0.26,,pss_mib,,8.744140625
resources,thurbox,N=20 headless output,2,False,0.26,,rss_mib,,17.53515625
resources,thurbox,N=20 attached idle,2,False,0.26,,cpu_pct,,5.287606714280375
resources,thurbox,N=20 attached idle,2,False,0.26,,first_view_stale,,True
resources,thurbox,N=20 attached idle,2,False,0.26,,pss_mib,,49.107421875
resources,thurbox,N=20 attached idle,2,False,0.26,,rss_mib,,63.3671875
resources,thurbox,N=20 attached output,2,False,0.26,,cpu_pct,,19.94223754423554
resources,thurbox,N=20 attached output,2,False,0.26,,pss_mib,,49.306640625
resources,thurbox,N=20 attached output,2,False,0.26,,rss_mib,,63.56640625
resources,tmux,N=20 headless idle,3,False,0.1,,cpu_pct,,0.0
resources,tmux,N=20 headless idle,3,False,0.1,,pss_mib,,3.873046875
resources,tmux,N=20 headless idle,3,False,0.1,,rss_mib,,4.0
resources,tmux,N=20 headless output,3,False,0.1,,cpu_pct,,4.099931018302413
resources,tmux,N=20 headless output,3,False,0.1,,pss_mib,,4.001953125
resources,tmux,N=20 headless output,3,False,0.1,,rss_mib,,4.12890625
resources,tmux,N=20 attached idle,3,False,0.1,,cpu_pct,,0.0
resources,tmux,N=20 attached idle,3,False,0.1,,first_view_stale,,False
resources,tmux,N=20 attached idle,3,False,0.1,,pss_mib,,8.7060546875
resources,tmux,N=20 attached idle,3,False,0.1,,rss_mib,,12.0625
resources,tmux,N=20 attached output,3,False,0.1,,cpu_pct,,4.090652250121751
resources,tmux,N=20 attached output,3,False,0.1,,pss_mib,,8.7294921875
resources,tmux,N=20 attached output,3,False,0.1,,rss_mib,,12.0859375
resources,herdr,N=20 headless idle,3,False,0.05,,cpu_pct,,9.099898266812046
resources,herdr,N=20 headless idle,3,False,0.05,,pss_mib,,26.83984375
resources,herdr,N=20 headless idle,3,False,0.05,,rss_mib,,26.84375
resources,herdr,N=20 headless output,3,False,0.05,,cpu_pct,,17.6997749931424
resources,herdr,N=20 headless output,3,False,0.05,,pss_mib,,27.14453125
resources,herdr,N=20 headless output,3,False,0.05,,rss_mib,,27.1484375
resources,herdr,N=20 attached idle,3,False,0.05,,cpu_pct,,16.381390643535116
resources,herdr,N=20 attached idle,3,False,0.05,,first_view_stale,,False
resources,herdr,N=20 attached idle,3,False,0.05,,pss_mib,,34.74609375
resources,herdr,N=20 attached idle,3,False,0.05,,rss_mib,,44.75390625
resources,herdr,N=20 attached output,3,False,0.05,,cpu_pct,,34.242830122543275
resources,herdr,N=20 attached output,3,False,0.05,,pss_mib,,34.8125
resources,herdr,N=20 attached output,3,False,0.05,,rss_mib,,44.8203125
resources,thurbox,N=20 headless idle,3,False,0.14,,cpu_pct,,0.0
resources,thurbox,N=20 headless idle,3,False,0.14,,pss_mib,,8.666015625
resources,thurbox,N=20 headless idle,3,False,0.14,,rss_mib,,17.45703125
resources,thurbox,N=20 headless output,3,False,0.14,,cpu_pct,,4.2998706061471434
resources,thurbox,N=20 headless output,3,False,0.14,,pss_mib,,8.744140625
resources,thurbox,N=20 headless output,3,False,0.14,,rss_mib,,17.53515625
resources,thurbox,N=20 attached idle,3,False,0.14,,cpu_pct,,5.299619737481173
resources,thurbox,N=20 attached idle,3,False,0.14,,first_view_stale,,True
resources,thurbox,N=20 attached idle,3,False,0.14,,pss_mib,,49.142578125
resources,thurbox,N=20 attached idle,3,False,0.14,,rss_mib,,63.40234375
resources,thurbox,N=20 attached output,3,False,0.14,,cpu_pct,,20.40865620207595
resources,thurbox,N=20 attached output,3,False,0.14,,pss_mib,,49.318359375
resources,thurbox,N=20 attached output,3,False,0.14,,rss_mib,,63.578125
resources,tmux,N=20 headless idle,4,False,0.14,,cpu_pct,,0.0
resources,tmux,N=20 headless idle,4,False,0.14,,pss_mib,,3.873046875
resources,tmux,N=20 headless idle,4,False,0.14,,rss_mib,,4.0
resources,tmux,N=20 headless output,4,False,0.14,,cpu_pct,,3.799931155517001
resources,tmux,N=20 headless output,4,False,0.14,,pss_mib,,3.998046875
resources,tmux,N=20 headless output,4,False,0.14,,rss_mib,,4.125
resources,tmux,N=20 attached idle,4,False,0.14,,cpu_pct,,0.0
resources,tmux,N=20 attached idle,4,False,0.14,,first_view_stale,,False
resources,tmux,N=20 attached idle,4,False,0.14,,pss_mib,,8.7060546875
resources,tmux,N=20 attached idle,4,False,0.14,,rss_mib,,12.0625
resources,tmux,N=20 attached output,4,False,0.14,,cpu_pct,,3.991710336038609
resources,tmux,N=20 attached output,4,False,0.14,,pss_mib,,8.7412109375
resources,tmux,N=20 attached output,4,False,0.14,,rss_mib,,12.09765625
resources,herdr,N=20 headless idle,4,False,0.12,,cpu_pct,,8.799691468789527
resources,herdr,N=20 headless idle,4,False,0.12,,pss_mib,,26.84375
resources,herdr,N=20 headless idle,4,False,0.12,,rss_mib,,26.84765625
resources,herdr,N=20 headless output,4,False,0.12,,cpu_pct,,20.999629432192442
resources,herdr,N=20 headless output,4,False,0.12,,pss_mib,,27.16796875
resources,herdr,N=20 headless output,4,False,0.12,,rss_mib,,27.171875
resources,herdr,N=20 attached idle,4,False,0.12,,cpu_pct,,20.47121706756493
resources,herdr,N=20 attached idle,4,False,0.12,,first_view_stale,,False
resources,herdr,N=20 attached idle,4,False,0.12,,pss_mib,,34.80859375
resources,herdr,N=20 attached idle,4,False,0.12,,rss_mib,,44.81640625
resources,herdr,N=20 attached output,4,False,0.12,,cpu_pct,,32.974258525159094
resources,herdr,N=20 attached output,4,False,0.12,,pss_mib,,34.88671875
resources,herdr,N=20 attached output,4,False,0.12,,rss_mib,,44.89453125
resources,thurbox,N=20 headless idle,4,False,0.33,,cpu_pct,,0.0
resources,thurbox,N=20 headless idle,4,False,0.33,,pss_mib,,8.666015625
resources,thurbox,N=20 headless idle,4,False,0.33,,rss_mib,,17.45703125
resources,thurbox,N=20 headless output,4,False,0.33,,cpu_pct,,3.5998734931960126
resources,thurbox,N=20 headless output,4,False,0.33,,pss_mib,,8.744140625
resources,thurbox,N=20 headless output,4,False,0.33,,rss_mib,,17.53515625
resources,thurbox,N=20 attached idle,4,False,0.33,,cpu_pct,,5.085322431250263
resources,thurbox,N=20 attached idle,4,False,0.33,,first_view_stale,,True
resources,thurbox,N=20 attached idle,4,False,0.33,,pss_mib,,49.111328125
resources,thurbox,N=20 attached idle,4,False,0.33,,rss_mib,,63.37109375
resources,thurbox,N=20 attached output,4,False,0.33,,cpu_pct,,19.536400946703175
resources,thurbox,N=20 attached output,4,False,0.33,,pss_mib,,49.283203125
resources,thurbox,N=20 attached output,4,False,0.33,,rss_mib,,63.54296875
resources,tmux,N=20 headless idle,5,False,0.43,,cpu_pct,,0.0
resources,tmux,N=20 headless idle,5,False,0.43,,pss_mib,,3.869140625
resources,tmux,N=20 headless idle,5,False,0.43,,rss_mib,,3.99609375
resources,tmux,N=20 headless output,5,False,0.43,,cpu_pct,,3.699946128804893
resources,tmux,N=20 headless output,5,False,0.43,,pss_mib,,3.998046875
resources,tmux,N=20 headless output,5,False,0.43,,rss_mib,,4.125
resources,tmux,N=20 attached idle,5,False,0.43,,cpu_pct,,0.0
resources,tmux,N=20 attached idle,5,False,0.43,,first_view_stale,,False
resources,tmux,N=20 attached idle,5,False,0.43,,pss_mib,,8.7060546875
resources,tmux,N=20 attached idle,5,False,0.43,,rss_mib,,12.0625
resources,tmux,N=20 attached output,5,False,0.43,,cpu_pct,,3.2924777676373163
resources,tmux,N=20 attached output,5,False,0.43,,pss_mib,,8.7255859375
resources,tmux,N=20 attached output,5,False,0.43,,rss_mib,,12.08203125
resources,herdr,N=20 headless idle,5,False,0.2,,cpu_pct,,8.79969156631079
resources,herdr,N=20 headless idle,5,False,0.2,,pss_mib,,26.8515625
resources,herdr,N=20 headless idle,5,False,0.2,,rss_mib,,26.85546875
resources,herdr,N=20 headless output,5,False,0.2,,cpu_pct,,20.799650784521837
resources,herdr,N=20 headless output,5,False,0.2,,pss_mib,,27.19140625
resources,herdr,N=20 headless output,5,False,0.2,,rss_mib,,27.1953125
resources,herdr,N=20 attached idle,5,False,0.2,,cpu_pct,,18.663290505907316
resources,herdr,N=20 attached idle,5,False,0.2,,first_view_stale,,False
resources,herdr,N=20 attached idle,5,False,0.2,,pss_mib,,34.86328125
resources,herdr,N=20 attached idle,5,False,0.2,,rss_mib,,44.87109375
resources,herdr,N=20 attached output,5,False,0.2,,cpu_pct,,30.374239135300577
resources,herdr,N=20 attached output,5,False,0.2,,pss_mib,,34.93359375
resources,herdr,N=20 attached output,5,False,0.2,,rss_mib,,44.94140625
resources,thurbox,N=20 headless idle,5,False,0.73,,cpu_pct,,0.0
resources,thurbox,N=20 headless idle,5,False,0.73,,pss_mib,,8.662109375
resources,thurbox,N=20 headless idle,5,False,0.73,,rss_mib,,17.453125
resources,thurbox,N=20 headless output,5,False,0.73,,cpu_pct,,4.099941894455546
resources,thurbox,N=20 headless output,5,False,0.73,,pss_mib,,8.744140625
resources,thurbox,N=20 headless output,5,False,0.73,,rss_mib,,17.53515625
resources,thurbox,N=20 attached idle,5,False,0.73,,cpu_pct,,5.2909960125445545
resources,thurbox,N=20 attached idle,5,False,0.73,,first_view_stale,,True
resources,thurbox,N=20 attached idle,5,False,0.73,,pss_mib,,49.0634765625
resources,thurbox,N=20 attached idle,5,False,0.73,,rss_mib,,63.34375
resources,thurbox,N=20 attached output,5,False,0.73,,cpu_pct,,19.537814582975574
resources,thurbox,N=20 attached output,5,False,0.73,,pss_mib,,49.275390625
resources,thurbox,N=20 attached output,5,False,0.73,,rss_mib,,63.53515625
resources,tmux,N=50 headless idle,0,True,0.29,,cpu_pct,,0.0
resources,tmux,N=50 headless idle,0,True,0.29,,pss_mib,,4.1650390625
resources,tmux,N=50 headless idle,0,True,0.29,,rss_mib,,4.29296875
resources,tmux,N=50 headless output,0,True,0.29,,cpu_pct,,7.999723955269751
resources,tmux,N=50 headless output,0,True,0.29,,pss_mib,,4.6103515625
resources,tmux,N=50 headless output,0,True,0.29,,rss_mib,,4.73828125
resources,tmux,N=50 attached idle,0,True,0.29,,cpu_pct,,0.0
resources,tmux,N=50 attached idle,0,True,0.29,,first_view_stale,,False
resources,tmux,N=50 attached idle,0,True,0.29,,pss_mib,,12.69140625
resources,tmux,N=50 attached idle,0,True,0.29,,rss_mib,,16.05078125
resources,tmux,N=50 attached output,0,True,0.29,,cpu_pct,,5.890360125278483
resources,tmux,N=50 attached output,0,True,0.29,,pss_mib,,12.74609375
resources,tmux,N=50 attached output,0,True,0.29,,rss_mib,,16.10546875
resources,herdr,N=50 headless idle,0,True,0.48,,cpu_pct,,22.89928653597211
resources,herdr,N=50 headless idle,0,True,0.48,,pss_mib,,41.09765625
resources,herdr,N=50 headless idle,0,True,0.48,,rss_mib,,41.1015625
resources,herdr,N=50 headless output,0,True,0.48,,cpu_pct,,59.899163633952156
resources,herdr,N=50 headless output,0,True,0.48,,pss_mib,,41.94140625
resources,herdr,N=50 headless output,0,True,0.48,,rss_mib,,41.9453125
resources,herdr,N=50 attached idle,0,True,0.48,,cpu_pct,,81.282101310584
resources,herdr,N=50 attached idle,0,True,0.48,,first_view_stale,,False
resources,herdr,N=50 attached idle,0,True,0.48,,pss_mib,,53.828125
resources,herdr,N=50 attached idle,0,True,0.48,,rss_mib,,63.8359375
resources,herdr,N=50 attached output,0,True,0.48,,cpu_pct,,83.10435844783973
resources,herdr,N=50 attached output,0,True,0.48,,pss_mib,,53.921875
resources,herdr,N=50 attached output,0,True,0.48,,rss_mib,,63.9296875
resources,thurbox,N=50 headless idle,0,True,0.38,,cpu_pct,,0.0
resources,thurbox,N=50 headless idle,0,True,0.38,,pss_mib,,9.15625
resources,thurbox,N=50 headless idle,0,True,0.38,,rss_mib,,17.9609375
resources,thurbox,N=50 headless output,0,True,0.38,,cpu_pct,,7.799726723279592
resources,thurbox,N=50 headless output,0,True,0.38,,pss_mib,,9.421875
resources,thurbox,N=50 headless output,0,True,0.38,,rss_mib,,18.2265625
resources,thurbox,N=50 attached idle,0,True,0.38,,cpu_pct,,9.585251686036315
resources,thurbox,N=50 attached idle,0,True,0.38,,first_view_stale,,True
resources,thurbox,N=50 attached idle,0,True,0.38,,pss_mib,,85.98828125
resources,thurbox,N=50 attached idle,0,True,0.38,,rss_mib,,112.58203125
resources,thurbox,N=50 attached output,0,True,0.38,,cpu_pct,,37.985927349374755
resources,thurbox,N=50 attached output,0,True,0.38,,pss_mib,,86.48046875
resources,thurbox,N=50 attached output,0,True,0.38,,rss_mib,,112.6796875
resources,tmux,N=50 headless idle,1,False,7.38,,cpu_pct,,0.0
resources,tmux,N=50 headless idle,1,False,7.38,,pss_mib,,4.1572265625
resources,tmux,N=50 headless idle,1,False,7.38,,rss_mib,,4.28515625
resources,tmux,N=50 headless output,1,False,7.38,,cpu_pct,,7.89986664555697
resources,tmux,N=50 headless output,1,False,7.38,,pss_mib,,4.5986328125
resources,tmux,N=50 headless output,1,False,7.38,,rss_mib,,4.7265625
resources,tmux,N=50 attached idle,1,False,7.38,,cpu_pct,,0.0
resources,tmux,N=50 attached idle,1,False,7.38,,first_view_stale,,False
resources,tmux,N=50 attached idle,1,False,7.38,,pss_mib,,12.6796875
resources,tmux,N=50 attached idle,1,False,7.38,,rss_mib,,16.0390625
resources,tmux,N=50 attached output,1,False,7.38,,cpu_pct,,6.176675821995299
resources,tmux,N=50 attached output,1,False,7.38,,pss_mib,,12.74609375
resources,tmux,N=50 attached output,1,False,7.38,,rss_mib,,16.10546875
resources,herdr,N=50 headless idle,1,False,3.2,,cpu_pct,,23.499599181328122
resources,herdr,N=50 headless idle,1,False,3.2,,pss_mib,,41.10546875
resources,herdr,N=50 headless idle,1,False,3.2,,rss_mib,,41.109375
resources,herdr,N=50 headless output,1,False,3.2,,cpu_pct,,87.89859735896407
resources,herdr,N=50 headless output,1,False,3.2,,pss_mib,,41.91015625
resources,herdr,N=50 headless output,1,False,3.2,,rss_mib,,41.9140625
resources,herdr,N=50 attached idle,1,False,3.2,,cpu_pct,,81.0950690129517
resources,herdr,N=50 attached idle,1,False,3.2,,first_view_stale,,False
resources,herdr,N=50 attached idle,1,False,3.2,,pss_mib,,53.76171875
resources,herdr,N=50 attached idle,1,False,3.2,,rss_mib,,63.76953125
resources,herdr,N=50 attached output,1,False,3.2,,cpu_pct,,85.57018467833367
resources,herdr,N=50 attached output,1,False,3.2,,pss_mib,,53.94140625
resources,herdr,N=50 attached output,1,False,3.2,,rss_mib,,63.94921875
resources,thurbox,N=50 headless idle,1,False,1.59,,cpu_pct,,0.0
resources,thurbox,N=50 headless idle,1,False,1.59,,pss_mib,,9.15625
resources,thurbox,N=50 headless idle,1,False,1.59,,rss_mib,,17.9609375
resources,thurbox,N=50 headless output,1,False,1.59,,cpu_pct,,7.6999377436917085
resources,thurbox,N=50 headless output,1,False,1.59,,pss_mib,,9.4140625
resources,thurbox,N=50 headless output,1,False,1.59,,rss_mib,,18.21875
resources,thurbox,N=50 attached idle,1,False,1.59,,cpu_pct,,9.886911407206904
resources,thurbox,N=50 attached idle,1,False,1.59,,first_view_stale,,True
resources,thurbox,N=50 attached idle,1,False,1.59,,pss_mib,,80.3173828125
resources,thurbox,N=50 attached idle,1,False,1.59,,rss_mib,,94.59375
resources,thurbox,N=50 attached output,1,False,1.59,,cpu_pct,,38.37815089411807
resources,thurbox,N=50 attached output,1,False,1.59,,pss_mib,,90.8046875
resources,thurbox,N=50 attached output,1,False,1.59,,rss_mib,,129.375
resources,tmux,N=50 headless idle,2,False,0.95,,cpu_pct,,0.0
resources,tmux,N=50 headless idle,2,False,0.95,,pss_mib,,4.1572265625
resources,tmux,N=50 headless idle,2,False,0.95,,rss_mib,,4.28515625
resources,tmux,N=50 headless output,2,False,0.95,,cpu_pct,,7.899727168751475
resources,tmux,N=50 headless output,2,False,0.95,,pss_mib,,4.5947265625
resources,tmux,N=50 headless output,2,False,0.95,,rss_mib,,4.72265625
resources,tmux,N=50 attached idle,2,False,0.95,,cpu_pct,,0.0
resources,tmux,N=50 attached idle,2,False,0.95,,first_view_stale,,False
resources,tmux,N=50 attached idle,2,False,0.95,,pss_mib,,12.6875
resources,tmux,N=50 attached idle,2,False,0.95,,rss_mib,,16.046875
resources,tmux,N=50 attached output,2,False,0.95,,cpu_pct,,7.3897195477693005
resources,tmux,N=50 attached output,2,False,0.95,,pss_mib,,12.73828125
resources,tmux,N=50 attached output,2,False,0.95,,rss_mib,,16.09765625
resources,herdr,N=50 headless idle,2,False,0.5,,cpu_pct,,21.599685303012922
resources,herdr,N=50 headless idle,2,False,0.5,,pss_mib,,41.10546875
resources,herdr,N=50 headless idle,2,False,0.5,,rss_mib,,41.109375
resources,herdr,N=50 headless output,2,False,0.5,,cpu_pct,,74.99894800383532
resources,herdr,N=50 headless output,2,False,0.5,,pss_mib,,41.93359375
resources,herdr,N=50 headless output,2,False,0.5,,rss_mib,,41.9375
resources,herdr,N=50 attached idle,2,False,0.5,,cpu_pct,,75.78955184280987
resources,herdr,N=50 attached idle,2,False,0.5,,first_view_stale,,False
resources,herdr,N=50 attached idle,2,False,0.5,,pss_mib,,53.80859375
resources,herdr,N=50 attached idle,2,False,0.5,,rss_mib,,63.81640625
resources,herdr,N=50 attached output,2,False,0.5,,cpu_pct,,89.82619396373228
resources,herdr,N=50 attached output,2,False,0.5,,pss_mib,,53.87109375
resources,herdr,N=50 attached output,2,False,0.5,,rss_mib,,63.87890625
resources,thurbox,N=50 headless idle,2,False,0.54,,cpu_pct,,0.0
resources,thurbox,N=50 headless idle,2,False,0.54,,pss_mib,,9.15625
resources,thurbox,N=50 headless idle,2,False,0.54,,rss_mib,,17.9609375
resources,thurbox,N=50 headless output,2,False,0.54,,cpu_pct,,8.699700364036127
resources,thurbox,N=50 headless output,2,False,0.54,,pss_mib,,9.41796875
resources,thurbox,N=50 headless output,2,False,0.54,,rss_mib,,18.22265625
resources,thurbox,N=50 attached idle,2,False,0.54,,cpu_pct,,12.061403042259672
resources,thurbox,N=50 attached idle,2,False,0.54,,first_view_stale,,True
resources,thurbox,N=50 attached idle,2,False,0.54,,pss_mib,,77.30078125
resources,thurbox,N=50 attached idle,2,False,0.54,,rss_mib,,94.67578125
resources,thurbox,N=50 attached output,2,False,0.54,,cpu_pct,,38.92932115107405
resources,thurbox,N=50 attached output,2,False,0.54,,pss_mib,,82.5693359375
resources,thurbox,N=50 attached output,2,False,0.54,,rss_mib,,99.57421875
resources,tmux,N=50 headless idle,3,False,0.41,,cpu_pct,,0.0
resources,tmux,N=50 headless idle,3,False,0.41,,pss_mib,,4.1611328125
resources,tmux,N=50 headless idle,3,False,0.41,,rss_mib,,4.2890625
resources,tmux,N=50 headless output,3,False,0.41,,cpu_pct,,7.199818677681697
resources,tmux,N=50 headless output,3,False,0.41,,pss_mib,,4.6025390625
resources,tmux,N=50 headless output,3,False,0.41,,rss_mib,,4.73046875
resources,tmux,N=50 attached idle,3,False,0.41,,cpu_pct,,0.0
resources,tmux,N=50 attached idle,3,False,0.41,,first_view_stale,,False
resources,tmux,N=50 attached idle,3,False,0.41,,pss_mib,,12.6796875
resources,tmux,N=50 attached idle,3,False,0.41,,rss_mib,,16.0390625
resources,tmux,N=50 attached output,3,False,0.41,,cpu_pct,,6.489400288181014
resources,tmux,N=50 attached output,3,False,0.41,,pss_mib,,12.73046875
resources,tmux,N=50 attached output,3,False,0.41,,rss_mib,,16.08984375
resources,herdr,N=50 headless idle,3,False,0.19,,cpu_pct,,22.299221239846513
resources,herdr,N=50 headless idle,3,False,0.19,,pss_mib,,41.1015625
resources,herdr,N=50 headless idle,3,False,0.19,,rss_mib,,41.10546875
resources,herdr,N=50 headless output,3,False,0.19,,cpu_pct,,52.99473550360663
resources,herdr,N=50 headless output,3,False,0.19,,pss_mib,,41.93359375
resources,herdr,N=50 headless output,3,False,0.19,,rss_mib,,41.9375
resources,herdr,N=50 attached idle,3,False,0.19,,cpu_pct,,46.83459482782325
resources,herdr,N=50 attached idle,3,False,0.19,,first_view_stale,,False
resources,herdr,N=50 attached idle,3,False,0.19,,pss_mib,,53.796875
resources,herdr,N=50 attached idle,3,False,0.19,,rss_mib,,63.8046875
resources,herdr,N=50 attached output,3,False,0.19,,cpu_pct,,91.69104307525254
resources,herdr,N=50 attached output,3,False,0.19,,pss_mib,,53.91015625
resources,herdr,N=50 attached output,3,False,0.19,,rss_mib,,63.91796875
resources,thurbox,N=50 headless idle,3,False,0.51,,cpu_pct,,0.0
resources,thurbox,N=50 headless idle,3,False,0.51,,pss_mib,,9.15625
resources,thurbox,N=50 headless idle,3,False,0.51,,rss_mib,,17.9609375
resources,thurbox,N=50 headless output,3,False,0.51,,cpu_pct,,8.89988950086581
resources,thurbox,N=50 headless output,3,False,0.51,,pss_mib,,9.42578125
resources,thurbox,N=50 headless output,3,False,0.51,,rss_mib,,18.23046875
resources,thurbox,N=50 attached idle,3,False,0.51,,cpu_pct,,10.074347908703148
resources,thurbox,N=50 attached idle,3,False,0.51,,first_view_stale,,True
resources,thurbox,N=50 attached idle,3,False,0.51,,pss_mib,,89.35546875
resources,thurbox,N=50 attached idle,3,False,0.51,,rss_mib,,122.03125
resources,thurbox,N=50 attached output,3,False,0.51,,cpu_pct,,38.67855452966248
resources,thurbox,N=50 attached output,3,False,0.51,,pss_mib,,80.7353515625
resources,thurbox,N=50 attached output,3,False,0.51,,rss_mib,,95.01171875
resources,tmux,N=50 headless idle,4,False,0.2,,cpu_pct,,0.0
resources,tmux,N=50 headless idle,4,False,0.2,,pss_mib,,4.1572265625
resources,tmux,N=50 headless idle,4,False,0.2,,rss_mib,,4.28515625
resources,tmux,N=50 headless output,4,False,0.2,,cpu_pct,,6.899882613065988
resources,tmux,N=50 headless output,4,False,0.2,,pss_mib,,4.6064453125
resources,tmux,N=50 headless output,4,False,0.2,,rss_mib,,4.734375
resources,tmux,N=50 attached idle,4,False,0.2,,cpu_pct,,0.0
resources,tmux,N=50 attached idle,4,False,0.2,,first_view_stale,,False
resources,tmux,N=50 attached idle,4,False,0.2,,pss_mib,,12.71875
resources,tmux,N=50 attached idle,4,False,0.2,,rss_mib,,16.078125
resources,tmux,N=50 attached output,4,False,0.2,,cpu_pct,,6.170821197914004
resources,tmux,N=50 attached output,4,False,0.2,,pss_mib,,12.77734375
resources,tmux,N=50 attached output,4,False,0.2,,rss_mib,,16.13671875
resources,herdr,N=50 headless idle,4,False,0.17,,cpu_pct,,22.599224338201665
resources,herdr,N=50 headless idle,4,False,0.17,,pss_mib,,41.1171875
resources,herdr,N=50 headless idle,4,False,0.17,,rss_mib,,41.12109375
resources,herdr,N=50 headless output,4,False,0.17,,cpu_pct,,69.99887210830477
resources,herdr,N=50 headless output,4,False,0.17,,pss_mib,,41.94140625
resources,herdr,N=50 headless output,4,False,0.17,,rss_mib,,41.9453125
resources,herdr,N=50 attached idle,4,False,0.17,,cpu_pct,,63.05445664796742
resources,herdr,N=50 attached idle,4,False,0.17,,first_view_stale,,False
resources,herdr,N=50 attached idle,4,False,0.17,,pss_mib,,53.81640625
resources,herdr,N=50 attached idle,4,False,0.17,,rss_mib,,63.82421875
resources,herdr,N=50 attached output,4,False,0.17,,cpu_pct,,89.15714429220621
resources,herdr,N=50 attached output,4,False,0.17,,pss_mib,,53.9296875
resources,herdr,N=50 attached output,4,False,0.17,,rss_mib,,63.9375
resources,thurbox,N=50 headless idle,4,False,0.38,,cpu_pct,,0.0
resources,thurbox,N=50 headless idle,4,False,0.38,,pss_mib,,9.15625
resources,thurbox,N=50 headless idle,4,False,0.38,,rss_mib,,17.9609375
resources,thurbox,N=50 headless output,4,False,0.38,,cpu_pct,,8.699807003591815
resources,thurbox,N=50 headless output,4,False,0.38,,pss_mib,,9.421875
resources,thurbox,N=50 headless output,4,False,0.38,,rss_mib,,18.2265625
resources,thurbox,N=50 attached idle,4,False,0.38,,cpu_pct,,9.276591281682947
resources,thurbox,N=50 attached idle,4,False,0.38,,first_view_stale,,True
resources,thurbox,N=50 attached idle,4,False,0.38,,pss_mib,,87.0
resources,thurbox,N=50 attached idle,4,False,0.38,,rss_mib,,113.3046875
resources,thurbox,N=50 attached output,4,False,0.38,,cpu_pct,,36.737428901604474
resources,thurbox,N=50 attached output,4,False,0.38,,pss_mib,,80.7080078125
resources,thurbox,N=50 attached output,4,False,0.38,,rss_mib,,94.984375
resources,tmux,N=50 headless idle,5,False,0.38,,cpu_pct,,0.0
resources,tmux,N=50 headless idle,5,False,0.38,,pss_mib,,4.1572265625
resources,tmux,N=50 headless idle,5,False,0.38,,rss_mib,,4.28515625
resources,tmux,N=50 headless output,5,False,0.38,,cpu_pct,,7.199872239096353
resources,tmux,N=50 headless output,5,False,0.38,,pss_mib,,4.6064453125
resources,tmux,N=50 headless output,5,False,0.38,,rss_mib,,4.734375
resources,tmux,N=50 attached idle,5,False,0.38,,cpu_pct,,0.0
resources,tmux,N=50 attached idle,5,False,0.38,,first_view_stale,,False
resources,tmux,N=50 attached idle,5,False,0.38,,pss_mib,,12.69140625
resources,tmux,N=50 attached idle,5,False,0.38,,rss_mib,,16.05078125
resources,tmux,N=50 attached output,5,False,0.38,,cpu_pct,,5.676688144316717
resources,tmux,N=50 attached output,5,False,0.38,,pss_mib,,12.765625
resources,tmux,N=50 attached output,5,False,0.38,,rss_mib,,16.125
resources,herdr,N=50 headless idle,5,False,0.24,,cpu_pct,,22.499365850937693
resources,herdr,N=50 headless idle,5,False,0.24,,pss_mib,,41.09765625
resources,herdr,N=50 headless idle,5,False,0.24,,rss_mib,,41.1015625
resources,herdr,N=50 headless output,5,False,0.24,,cpu_pct,,62.39900616585848
resources,herdr,N=50 headless output,5,False,0.24,,pss_mib,,41.890625
resources,herdr,N=50 headless output,5,False,0.24,,rss_mib,,41.89453125
resources,herdr,N=50 attached idle,5,False,0.24,,cpu_pct,,89.1870954249143
resources,herdr,N=50 attached idle,5,False,0.24,,first_view_stale,,False
resources,herdr,N=50 attached idle,5,False,0.24,,pss_mib,,53.77734375
resources,herdr,N=50 attached idle,5,False,0.24,,rss_mib,,63.78515625
resources,herdr,N=50 attached output,5,False,0.24,,cpu_pct,,105.82653729212996
resources,herdr,N=50 attached output,5,False,0.24,,pss_mib,,53.87109375
resources,herdr,N=50 attached output,5,False,0.24,,rss_mib,,63.87890625
resources,thurbox,N=50 headless idle,5,False,0.46,,cpu_pct,,0.0
resources,thurbox,N=50 headless idle,5,False,0.46,,pss_mib,,9.15625
resources,thurbox,N=50 headless idle,5,False,0.46,,rss_mib,,17.9609375
resources,thurbox,N=50 headless output,5,False,0.46,,cpu_pct,,7.999723024011555
resources,thurbox,N=50 headless output,5,False,0.46,,pss_mib,,9.41796875
resources,thurbox,N=50 headless output,5,False,0.46,,rss_mib,,18.22265625
resources,thurbox,N=50 attached idle,5,False,0.46,,cpu_pct,,10.162019156628187
resources,thurbox,N=50 attached idle,5,False,0.46,,first_view_stale,,True
resources,thurbox,N=50 attached idle,5,False,0.46,,pss_mib,,80.4580078125
resources,thurbox,N=50 attached idle,5,False,0.46,,rss_mib,,94.734375
resources,thurbox,N=50 attached output,5,False,0.46,,cpu_pct,,38.86520259617945
resources,thurbox,N=50 attached output,5,False,0.46,,pss_mib,,86.388671875
resources,thurbox,N=50 attached output,5,False,0.46,,rss_mib,,112.671875
resources,tmux,N=20 headless idle-long,0,True,0.44,,cpu_pct,,0.0
resources,tmux,N=20 headless idle-long,0,True,0.44,,pss_mib,,3.873046875
resources,tmux,N=20 headless idle-long,0,True,0.44,,rss_mib,,4.0
resources,herdr,N=20 headless idle-long,0,True,0.15,,cpu_pct,,8.815360922810633
resources,herdr,N=20 headless idle-long,0,True,0.15,,pss_mib,,26.83984375
resources,herdr,N=20 headless idle-long,0,True,0.15,,rss_mib,,26.84375
resources,thurbox,N=20 headless idle-long,0,True,0.07,,cpu_pct,,0.0
resources,thurbox,N=20 headless idle-long,0,True,0.07,,pss_mib,,8.666015625
resources,thurbox,N=20 headless idle-long,0,True,0.07,,rss_mib,,17.45703125
resources,tmux,N=20 headless idle-long,1,False,0.02,,cpu_pct,,0.0
resources,tmux,N=20 headless idle-long,1,False,0.02,,pss_mib,,3.873046875
resources,tmux,N=20 headless idle-long,1,False,0.02,,rss_mib,,4.0
resources,herdr,N=20 headless idle-long,1,False,0.29,,cpu_pct,,8.969183508124996
resources,herdr,N=20 headless idle-long,1,False,0.29,,pss_mib,,26.84765625
resources,herdr,N=20 headless idle-long,1,False,0.29,,rss_mib,,26.8515625
resources,thurbox,N=20 headless idle-long,1,False,0.12,,cpu_pct,,0.0
resources,thurbox,N=20 headless idle-long,1,False,0.12,,pss_mib,,8.666015625
resources,thurbox,N=20 headless idle-long,1,False,0.12,,rss_mib,,17.45703125
resources,tmux,N=20 headless idle-long,2,False,0.04,,cpu_pct,,0.0
resources,tmux,N=20 headless idle-long,2,False,0.04,,pss_mib,,3.873046875
resources,tmux,N=20 headless idle-long,2,False,0.04,,rss_mib,,4.0
resources,herdr,N=20 headless idle-long,2,False,0.21,,cpu_pct,,9.076899228954643
resources,herdr,N=20 headless idle-long,2,False,0.21,,pss_mib,,26.84375
resources,herdr,N=20 headless idle-long,2,False,0.21,,rss_mib,,26.84765625
resources,thurbox,N=20 headless idle-long,2,False,0.06,,cpu_pct,,0.0
resources,thurbox,N=20 headless idle-long,2,False,0.06,,pss_mib,,8.666015625
resources,thurbox,N=20 headless idle-long,2,False,0.06,,rss_mib,,17.45703125
resources,tmux,N=20 headless idle-long,3,False,0.02,,cpu_pct,,0.0
resources,tmux,N=20 headless idle-long,3,False,0.02,,pss_mib,,3.873046875
resources,tmux,N=20 headless idle-long,3,False,0.02,,rss_mib,,4.0
resources,herdr,N=20 headless idle-long,3,False,0.11,,cpu_pct,,9.015336774300568
resources,herdr,N=20 headless idle-long,3,False,0.11,,pss_mib,,26.84765625
resources,herdr,N=20 headless idle-long,3,False,0.11,,rss_mib,,26.8515625
resources,thurbox,N=20 headless idle-long,3,False,0.06,,cpu_pct,,0.0
resources,thurbox,N=20 headless idle-long,3,False,0.06,,pss_mib,,8.666015625
resources,thurbox,N=20 headless idle-long,3,False,0.06,,rss_mib,,17.45703125
resources,tmux,N=20 headless idle-long,4,False,0.07,,cpu_pct,,0.0
resources,tmux,N=20 headless idle-long,4,False,0.07,,pss_mib,,3.869140625
resources,tmux,N=20 headless idle-long,4,False,0.07,,rss_mib,,3.99609375
resources,herdr,N=20 headless idle-long,4,False,0.05,,cpu_pct,,8.56921056237654
resources,herdr,N=20 headless idle-long,4,False,0.05,,pss_mib,,26.859375
resources,herdr,N=20 headless idle-long,4,False,0.05,,rss_mib,,26.86328125
resources,thurbox,N=20 headless idle-long,4,False,0.1,,cpu_pct,,0.0
resources,thurbox,N=20 headless idle-long,4,False,0.1,,pss_mib,,8.666015625
resources,thurbox,N=20 headless idle-long,4,False,0.1,,rss_mib,,17.45703125
resources,tmux,N=20 headless idle-long,5,False,0.08,,cpu_pct,,0.0
resources,tmux,N=20 headless idle-long,5,False,0.08,,pss_mib,,3.873046875
resources,tmux,N=20 headless idle-long,5,False,0.08,,rss_mib,,4.0
resources,herdr,N=20 headless idle-long,5,False,0.02,,cpu_pct,,8.984566815449003
resources,herdr,N=20 headless idle-long,5,False,0.02,,pss_mib,,26.8515625
resources,herdr,N=20 headless idle-long,5,False,0.02,,rss_mib,,26.85546875
resources,thurbox,N=20 headless idle-long,5,False,0.07,,cpu_pct,,0.0
resources,thurbox,N=20 headless idle-long,5,False,0.07,,pss_mib,,8.666015625
resources,thurbox,N=20 headless idle-long,5,False,0.07,,rss_mib,,17.45703125
throughput,tmux,headless,0,True,0.07,,host_cpu_s,,0.21
throughput,tmux,headless,0,True,0.07,,intact,,True
throughput,tmux,headless,0,True,0.07,,producer_ms,,210.115826
throughput,tmux,headless,0,True,0.07,,pss_after_mib,,5.853515625
throughput,tmux,headless,0,True,0.07,,settle_ms,,340.928262
throughput,tmux,headless,0,True,0.07,,visible_ms,,
throughput,herdr,headless,0,True,0.07,,host_cpu_s,,0.13
throughput,herdr,headless,0,True,0.07,,intact,,True
throughput,herdr,headless,0,True,0.07,,producer_ms,,128.666083
throughput,herdr,headless,0,True,0.07,,pss_after_mib,,24.92578125
throughput,herdr,headless,0,True,0.07,,settle_ms,,248.941955
throughput,herdr,headless,0,True,0.07,,visible_ms,,
throughput,thurbox,headless,0,True,0.15,,host_cpu_s,,0.22
throughput,thurbox,headless,0,True,0.15,,intact,,True
throughput,thurbox,headless,0,True,0.15,,producer_ms,,223.274358
throughput,thurbox,headless,0,True,0.15,,pss_after_mib,,10.005859375
throughput,thurbox,headless,0,True,0.15,,settle_ms,,360.726061
throughput,thurbox,headless,0,True,0.15,,visible_ms,,
throughput,tmux,headless,1,False,0.15,,host_cpu_s,,0.21
throughput,tmux,headless,1,False,0.15,,intact,,True
throughput,tmux,headless,1,False,0.15,,producer_ms,,217.528697
throughput,tmux,headless,1,False,0.15,,pss_after_mib,,5.853515625
throughput,tmux,headless,1,False,0.15,,settle_ms,,343.212833
throughput,tmux,headless,1,False,0.15,,visible_ms,,
throughput,herdr,headless,1,False,0.22,,host_cpu_s,,0.14
throughput,herdr,headless,1,False,0.22,,intact,,True
throughput,herdr,headless,1,False,0.22,,producer_ms,,125.847722
throughput,herdr,headless,1,False,0.22,,pss_after_mib,,23.02734375
throughput,herdr,headless,1,False,0.22,,settle_ms,,263.129655
throughput,herdr,headless,1,False,0.22,,visible_ms,,
throughput,thurbox,headless,1,False,0.22,,host_cpu_s,,0.21
throughput,thurbox,headless,1,False,0.22,,intact,,True
throughput,thurbox,headless,1,False,0.22,,producer_ms,,214.518696
throughput,thurbox,headless,1,False,0.22,,pss_after_mib,,10.009765625
throughput,thurbox,headless,1,False,0.22,,settle_ms,,353.14362
throughput,thurbox,headless,1,False,0.22,,visible_ms,,
throughput,tmux,headless,2,False,0.22,,host_cpu_s,,0.2
throughput,tmux,headless,2,False,0.22,,intact,,True
throughput,tmux,headless,2,False,0.22,,producer_ms,,217.95174
throughput,tmux,headless,2,False,0.22,,pss_after_mib,,5.853515625
throughput,tmux,headless,2,False,0.22,,settle_ms,,351.513226
throughput,tmux,headless,2,False,0.22,,visible_ms,,
throughput,herdr,headless,2,False,0.2,,host_cpu_s,,0.13
throughput,herdr,headless,2,False,0.2,,intact,,True
throughput,herdr,headless,2,False,0.2,,producer_ms,,127.588032
throughput,herdr,headless,2,False,0.2,,pss_after_mib,,24.921875
throughput,herdr,headless,2,False,0.2,,settle_ms,,248.796671
throughput,herdr,headless,2,False,0.2,,visible_ms,,
throughput,thurbox,headless,2,False,0.2,,host_cpu_s,,0.23
throughput,thurbox,headless,2,False,0.2,,intact,,True
throughput,thurbox,headless,2,False,0.2,,producer_ms,,221.258555
throughput,thurbox,headless,2,False,0.2,,pss_after_mib,,10.013671875
throughput,thurbox,headless,2,False,0.2,,settle_ms,,354.987727
throughput,thurbox,headless,2,False,0.2,,visible_ms,,
throughput,tmux,headless,3,False,0.26,,host_cpu_s,,0.22
throughput,tmux,headless,3,False,0.26,,intact,,True
throughput,tmux,headless,3,False,0.26,,producer_ms,,215.101427
throughput,tmux,headless,3,False,0.26,,pss_after_mib,,5.853515625
throughput,tmux,headless,3,False,0.26,,settle_ms,,352.367377
throughput,tmux,headless,3,False,0.26,,visible_ms,,
throughput,herdr,headless,3,False,0.26,,host_cpu_s,,0.16
throughput,herdr,headless,3,False,0.26,,intact,,True
throughput,herdr,headless,3,False,0.26,,producer_ms,,131.147982
throughput,herdr,headless,3,False,0.26,,pss_after_mib,,18.515625
throughput,herdr,headless,3,False,0.26,,settle_ms,,1262.336004
throughput,herdr,headless,3,False,0.26,,visible_ms,,
throughput,thurbox,headless,3,False,0.26,,host_cpu_s,,0.22
throughput,thurbox,headless,3,False,0.26,,intact,,True
throughput,thurbox,headless,3,False,0.26,,producer_ms,,216.914905
throughput,thurbox,headless,3,False,0.26,,pss_after_mib,,10.009765625
throughput,thurbox,headless,3,False,0.26,,settle_ms,,341.618867
throughput,thurbox,headless,3,False,0.26,,visible_ms,,
throughput,tmux,headless,4,False,0.24,,host_cpu_s,,0.21
throughput,tmux,headless,4,False,0.24,,intact,,True
throughput,tmux,headless,4,False,0.24,,producer_ms,,210.508726
throughput,tmux,headless,4,False,0.24,,pss_after_mib,,5.853515625
throughput,tmux,headless,4,False,0.24,,settle_ms,,342.356544
throughput,tmux,headless,4,False,0.24,,visible_ms,,
throughput,herdr,headless,4,False,0.24,,host_cpu_s,,0.13
throughput,herdr,headless,4,False,0.24,,intact,,True
throughput,herdr,headless,4,False,0.24,,producer_ms,,126.670508
throughput,herdr,headless,4,False,0.24,,pss_after_mib,,23.40234375
throughput,herdr,headless,4,False,0.24,,settle_ms,,263.313603
throughput,herdr,headless,4,False,0.24,,visible_ms,,
throughput,thurbox,headless,4,False,0.22,,host_cpu_s,,0.21
throughput,thurbox,headless,4,False,0.22,,intact,,True
throughput,thurbox,headless,4,False,0.22,,producer_ms,,215.174202
throughput,thurbox,headless,4,False,0.22,,pss_after_mib,,10.013671875
throughput,thurbox,headless,4,False,0.22,,settle_ms,,353.360203
throughput,thurbox,headless,4,False,0.22,,visible_ms,,
throughput,tmux,headless,5,False,0.22,,host_cpu_s,,0.21
throughput,tmux,headless,5,False,0.22,,intact,,True
throughput,tmux,headless,5,False,0.22,,producer_ms,,210.024028
throughput,tmux,headless,5,False,0.22,,pss_after_mib,,5.853515625
throughput,tmux,headless,5,False,0.22,,settle_ms,,338.739235
throughput,tmux,headless,5,False,0.22,,visible_ms,,
throughput,herdr,headless,5,False,0.22,,host_cpu_s,,0.14
throughput,herdr,headless,5,False,0.22,,intact,,True
throughput,herdr,headless,5,False,0.22,,producer_ms,,126.249203
throughput,herdr,headless,5,False,0.22,,pss_after_mib,,24.92578125
throughput,herdr,headless,5,False,0.22,,settle_ms,,258.311512
throughput,herdr,headless,5,False,0.22,,visible_ms,,
throughput,thurbox,headless,5,False,0.28,,host_cpu_s,,0.21
throughput,thurbox,headless,5,False,0.28,,intact,,True
throughput,thurbox,headless,5,False,0.28,,producer_ms,,211.40948
throughput,thurbox,headless,5,False,0.28,,pss_after_mib,,10.013671875
throughput,thurbox,headless,5,False,0.28,,settle_ms,,353.248411
throughput,thurbox,headless,5,False,0.28,,visible_ms,,
throughput,tmux,attached,0,True,0.28,,host_cpu_s,,0.23
throughput,tmux,attached,0,True,0.28,,intact,,True
throughput,tmux,attached,0,True,0.28,,producer_ms,,234.80233
throughput,tmux,attached,0,True,0.28,,pss_after_mib,,8.341796875
throughput,tmux,attached,0,True,0.28,,settle_ms,,446.14874
throughput,tmux,attached,0,True,0.28,,visible_ms,,332.386239
throughput,herdr,attached,0,True,0.26,,host_cpu_s,,0.18
throughput,herdr,attached,0,True,0.26,,intact,,True
throughput,herdr,attached,0,True,0.26,,producer_ms,,142.941257
throughput,herdr,attached,0,True,0.26,,pss_after_mib,,23.14453125
throughput,herdr,attached,0,True,0.26,,settle_ms,,655.066105
throughput,herdr,attached,0,True,0.26,,visible_ms,,157.888072
throughput,thurbox,attached,0,True,0.26,,host_cpu_s,,0.39
throughput,thurbox,attached,0,True,0.26,,intact,,True
throughput,thurbox,attached,0,True,0.26,,producer_ms,,242.322076
throughput,thurbox,attached,0,True,0.26,,pss_after_mib,,36.4716796875
throughput,thurbox,attached,0,True,0.26,,settle_ms,,497.274561
throughput,thurbox,attached,0,True,0.26,,visible_ms,,261.637409
throughput,tmux,attached,1,False,0.32,,host_cpu_s,,0.23
throughput,tmux,attached,1,False,0.32,,intact,,True
throughput,tmux,attached,1,False,0.32,,producer_ms,,233.425626
throughput,tmux,attached,1,False,0.32,,pss_after_mib,,8.369140625
throughput,tmux,attached,1,False,0.32,,settle_ms,,445.227532
throughput,tmux,attached,1,False,0.32,,visible_ms,,333.422645
throughput,herdr,attached,1,False,0.32,,host_cpu_s,,0.2
throughput,herdr,attached,1,False,0.32,,intact,,True
throughput,herdr,attached,1,False,0.32,,producer_ms,,142.589592
throughput,herdr,attached,1,False,0.32,,pss_after_mib,,23.19140625
throughput,herdr,attached,1,False,0.32,,settle_ms,,786.268461
throughput,herdr,attached,1,False,0.32,,visible_ms,,158.590602
throughput,thurbox,attached,1,False,0.38,,host_cpu_s,,0.38
throughput,thurbox,attached,1,False,0.38,,intact,,True
throughput,thurbox,attached,1,False,0.38,,producer_ms,,241.064771
throughput,thurbox,attached,1,False,0.38,,pss_after_mib,,36.4755859375
throughput,thurbox,attached,1,False,0.38,,settle_ms,,442.170481
throughput,thurbox,attached,1,False,0.38,,visible_ms,,259.298642
throughput,tmux,attached,2,False,0.38,,host_cpu_s,,0.23
throughput,tmux,attached,2,False,0.38,,intact,,True
throughput,tmux,attached,2,False,0.38,,producer_ms,,233.60885
throughput,tmux,attached,2,False,0.38,,pss_after_mib,,8.357421875
throughput,tmux,attached,2,False,0.38,,settle_ms,,447.044693
throughput,tmux,attached,2,False,0.38,,visible_ms,,334.635344
throughput,herdr,attached,2,False,0.35,,host_cpu_s,,0.2
throughput,herdr,attached,2,False,0.35,,intact,,True
throughput,herdr,attached,2,False,0.35,,producer_ms,,142.054574
throughput,herdr,attached,2,False,0.35,,pss_after_mib,,23.15625
throughput,herdr,attached,2,False,0.35,,settle_ms,,665.955173
throughput,herdr,attached,2,False,0.35,,visible_ms,,157.855756
throughput,thurbox,attached,2,False,0.4,,host_cpu_s,,0.38
throughput,thurbox,attached,2,False,0.4,,intact,,True
throughput,thurbox,attached,2,False,0.4,,producer_ms,,243.079226
throughput,thurbox,attached,2,False,0.4,,pss_after_mib,,36.4755859375
throughput,thurbox,attached,2,False,0.4,,settle_ms,,584.81699
throughput,thurbox,attached,2,False,0.4,,visible_ms,,260.869158
throughput,tmux,attached,3,False,0.4,,host_cpu_s,,0.23
throughput,tmux,attached,3,False,0.4,,intact,,True
throughput,tmux,attached,3,False,0.4,,producer_ms,,233.405469
throughput,tmux,attached,3,False,0.4,,pss_after_mib,,8.318359375
throughput,tmux,attached,3,False,0.4,,settle_ms,,445.877128
throughput,tmux,attached,3,False,0.4,,visible_ms,,333.058166
throughput,herdr,attached,3,False,0.37,,host_cpu_s,,0.2
throughput,herdr,attached,3,False,0.37,,intact,,True
throughput,herdr,attached,3,False,0.37,,producer_ms,,143.180476
throughput,herdr,attached,3,False,0.37,,pss_after_mib,,23.17578125
throughput,herdr,attached,3,False,0.37,,settle_ms,,789.610542
throughput,herdr,attached,3,False,0.37,,visible_ms,,158.129576
throughput,thurbox,attached,3,False,0.37,,host_cpu_s,,0.41
throughput,thurbox,attached,3,False,0.37,,intact,,True
throughput,thurbox,attached,3,False,0.37,,producer_ms,,246.277482
throughput,thurbox,attached,3,False,0.37,,pss_after_mib,,36.4833984375
throughput,thurbox,attached,3,False,0.37,,settle_ms,,583.357957
throughput,thurbox,attached,3,False,0.37,,visible_ms,,260.235403
throughput,tmux,attached,4,False,0.34,,host_cpu_s,,0.23
throughput,tmux,attached,4,False,0.34,,intact,,True
throughput,tmux,attached,4,False,0.34,,producer_ms,,234.318419
throughput,tmux,attached,4,False,0.34,,pss_after_mib,,8.376953125
throughput,tmux,attached,4,False,0.34,,settle_ms,,449.152155
throughput,tmux,attached,4,False,0.34,,visible_ms,,336.662236
throughput,herdr,attached,4,False,0.31,,host_cpu_s,,0.2
throughput,herdr,attached,4,False,0.31,,intact,,True
throughput,herdr,attached,4,False,0.31,,producer_ms,,143.426805
throughput,herdr,attached,4,False,0.31,,pss_after_mib,,23.16015625
throughput,herdr,attached,4,False,0.31,,settle_ms,,1036.108002
throughput,herdr,attached,4,False,0.31,,visible_ms,,157.515435
throughput,thurbox,attached,4,False,0.31,,host_cpu_s,,0.39
throughput,thurbox,attached,4,False,0.31,,intact,,True
throughput,thurbox,attached,4,False,0.31,,producer_ms,,247.003953
throughput,thurbox,attached,4,False,0.31,,pss_after_mib,,36.4833984375
throughput,thurbox,attached,4,False,0.31,,settle_ms,,302.210937
throughput,thurbox,attached,4,False,0.31,,visible_ms,,251.638677
throughput,tmux,attached,5,False,0.28,,host_cpu_s,,0.23
throughput,tmux,attached,5,False,0.28,,intact,,True
throughput,tmux,attached,5,False,0.28,,producer_ms,,229.720323
throughput,tmux,attached,5,False,0.28,,pss_after_mib,,8.349609375
throughput,tmux,attached,5,False,0.28,,settle_ms,,447.291305
throughput,tmux,attached,5,False,0.28,,visible_ms,,326.411296
throughput,herdr,attached,5,False,0.28,,host_cpu_s,,0.19
throughput,herdr,attached,5,False,0.28,,intact,,True
throughput,herdr,attached,5,False,0.28,,producer_ms,,142.032437
throughput,herdr,attached,5,False,0.28,,pss_after_mib,,23.16796875
throughput,herdr,attached,5,False,0.28,,settle_ms,,790.459131
throughput,herdr,attached,5,False,0.28,,visible_ms,,158.846379
throughput,thurbox,attached,5,False,0.34,,host_cpu_s,,0.37
throughput,thurbox,attached,5,False,0.34,,intact,,True
throughput,thurbox,attached,5,False,0.34,,producer_ms,,248.275775
throughput,thurbox,attached,5,False,0.34,,pss_after_mib,,36.4755859375
throughput,thurbox,attached,5,False,0.34,,settle_ms,,317.849074
throughput,thurbox,attached,5,False,0.34,,visible_ms,,262.861473
scrollback,tmux,after 1 burst,0,True,0.34,,held_mib,,2.10546875
scrollback,tmux,after 1 burst,0,True,0.34,,read_all_ms,,7.520558
scrollback,tmux,after 1 burst,0,True,0.34,,readable_lines,,2001
scrollback,tmux,after 1 burst,0,True,0.34,,retained_lines,,2001
scrollback,herdr,after 1 burst,0,True,0.31,,held_mib,,6.5859375
scrollback,herdr,after 1 burst,0,True,0.31,,read_all_ms,,6.298962
scrollback,herdr,after 1 burst,0,True,0.31,,readable_lines,,998
scrollback,herdr,after 1 burst,0,True,0.31,,retained_lines,,5502
scrollback,thurbox,after 1 burst,0,True,0.31,,held_mib,,1.65625
scrollback,thurbox,after 1 burst,0,True,0.31,,read_all_ms,,53.613374
scrollback,thurbox,after 1 burst,0,True,0.31,,readable_lines,,2500
scrollback,thurbox,after 1 burst,0,True,0.31,,retained_lines,,2500
scrollback,tmux,after 1 burst,1,False,0.29,,held_mib,,2.10546875
scrollback,tmux,after 1 burst,1,False,0.29,,read_all_ms,,7.490376
scrollback,tmux,after 1 burst,1,False,0.29,,readable_lines,,2001
scrollback,tmux,after 1 burst,1,False,0.29,,retained_lines,,2001
scrollback,herdr,after 1 burst,1,False,0.29,,held_mib,,6.96484375
scrollback,herdr,after 1 burst,1,False,0.29,,read_all_ms,,5.250996
scrollback,herdr,after 1 burst,1,False,0.29,,readable_lines,,998
scrollback,herdr,after 1 burst,1,False,0.29,,retained_lines,,5502
scrollback,thurbox,after 1 burst,1,False,0.29,,held_mib,,1.66015625
scrollback,thurbox,after 1 burst,1,False,0.29,,read_all_ms,,42.805483
scrollback,thurbox,after 1 burst,1,False,0.29,,readable_lines,,2500
scrollback,thurbox,after 1 burst,1,False,0.29,,retained_lines,,2500
scrollback,tmux,after 1 burst,2,False,0.27,,held_mib,,2.10546875
scrollback,tmux,after 1 burst,2,False,0.27,,read_all_ms,,7.639262
scrollback,tmux,after 1 burst,2,False,0.27,,readable_lines,,2001
scrollback,tmux,after 1 burst,2,False,0.27,,retained_lines,,2001
scrollback,herdr,after 1 burst,2,False,0.27,,held_mib,,6.19921875
scrollback,herdr,after 1 burst,2,False,0.27,,read_all_ms,,6.274387
scrollback,herdr,after 1 burst,2,False,0.27,,readable_lines,,998
scrollback,herdr,after 1 burst,2,False,0.27,,retained_lines,,5502
scrollback,thurbox,after 1 burst,2,False,0.24,,held_mib,,1.66015625
scrollback,thurbox,after 1 burst,2,False,0.24,,read_all_ms,,47.393077
scrollback,thurbox,after 1 burst,2,False,0.24,,readable_lines,,2500
scrollback,thurbox,after 1 burst,2,False,0.24,,retained_lines,,2500
scrollback,tmux,after 1 burst,3,False,0.24,,held_mib,,2.10546875
scrollback,tmux,after 1 burst,3,False,0.24,,read_all_ms,,7.824216
scrollback,tmux,after 1 burst,3,False,0.24,,readable_lines,,2001
scrollback,tmux,after 1 burst,3,False,0.24,,retained_lines,,2001
scrollback,herdr,after 1 burst,3,False,0.24,,held_mib,,0.55859375
scrollback,herdr,after 1 burst,3,False,0.24,,read_all_ms,,5.996361
scrollback,herdr,after 1 burst,3,False,0.24,,readable_lines,,998
scrollback,herdr,after 1 burst,3,False,0.24,,retained_lines,,5502
scrollback,thurbox,after 1 burst,3,False,0.22,,held_mib,,1.66015625
scrollback,thurbox,after 1 burst,3,False,0.22,,read_all_ms,,47.384967
scrollback,thurbox,after 1 burst,3,False,0.22,,readable_lines,,2500
scrollback,thurbox,after 1 burst,3,False,0.22,,retained_lines,,2500
scrollback,tmux,after 1 burst,4,False,0.22,,held_mib,,2.10546875
scrollback,tmux,after 1 burst,4,False,0.22,,read_all_ms,,7.82951
scrollback,tmux,after 1 burst,4,False,0.22,,readable_lines,,2001
scrollback,tmux,after 1 burst,4,False,0.22,,retained_lines,,2001
scrollback,herdr,after 1 burst,4,False,0.29,,held_mib,,6.96484375
scrollback,herdr,after 1 burst,4,False,0.29,,read_all_ms,,6.251187
scrollback,herdr,after 1 burst,4,False,0.29,,readable_lines,,998
scrollback,herdr,after 1 burst,4,False,0.29,,retained_lines,,5502
scrollback,thurbox,after 1 burst,4,False,0.29,,held_mib,,1.66015625
scrollback,thurbox,after 1 burst,4,False,0.29,,read_all_ms,,42.614171
scrollback,thurbox,after 1 burst,4,False,0.29,,readable_lines,,2500
scrollback,thurbox,after 1 burst,4,False,0.29,,retained_lines,,2500
scrollback,tmux,after 1 burst,5,False,0.29,,held_mib,,2.10546875
scrollback,tmux,after 1 burst,5,False,0.29,,read_all_ms,,9.147113
scrollback,tmux,after 1 burst,5,False,0.29,,readable_lines,,2001
scrollback,tmux,after 1 burst,5,False,0.29,,retained_lines,,2001
scrollback,herdr,after 1 burst,5,False,0.26,,held_mib,,6.96484375
scrollback,herdr,after 1 burst,5,False,0.26,,read_all_ms,,6.292455
scrollback,herdr,after 1 burst,5,False,0.26,,readable_lines,,998
scrollback,herdr,after 1 burst,5,False,0.26,,retained_lines,,5502
scrollback,thurbox,after 1 burst,5,False,0.26,,held_mib,,1.66015625
scrollback,thurbox,after 1 burst,5,False,0.26,,read_all_ms,,49.740754
scrollback,thurbox,after 1 burst,5,False,0.26,,readable_lines,,2500
scrollback,thurbox,after 1 burst,5,False,0.26,,retained_lines,,2500
survival,tmux,crash,0,True,1.25,,alive_after_client_kill,,3
survival,tmux,crash,0,True,1.25,,alive_after_server_kill,,0
survival,tmux,restart,0,True,1.15,,commands_back,,0
survival,tmux,restart,0,True,1.15,,listed,,0
survival,tmux,restart,0,True,1.15,,restore_ms,,
survival,herdr,crash,0,True,0.69,,alive_after_client_kill,,3
survival,herdr,crash,0,True,0.69,,alive_after_server_kill,,0
survival,herdr,restart,0,True,0.64,,commands_back,,0
survival,herdr,restart,0,True,0.64,,listed,,3
survival,herdr,restart,0,True,0.64,,restore_ms,,
survival,thurbox,crash,0,True,0.39,,alive_after_client_kill,,3
survival,thurbox,crash,0,True,0.39,,alive_after_server_kill,,0
survival,thurbox,restart,0,True,0.35,,commands_back,,3
survival,thurbox,restart,0,True,0.35,,listed,,3
survival,thurbox,restart,0,True,0.35,,restore_ms,,246.477709
survival,tmux,crash,1,False,0.35,,alive_after_client_kill,,3
survival,tmux,crash,1,False,0.35,,alive_after_server_kill,,0
survival,tmux,restart,1,False,0.33,,commands_back,,0
survival,tmux,restart,1,False,0.33,,listed,,0
survival,tmux,restart,1,False,0.33,,restore_ms,,
survival,herdr,crash,1,False,0.2,,alive_after_client_kill,,3
survival,herdr,crash,1,False,0.2,,alive_after_server_kill,,0
survival,herdr,restart,1,False,0.18,,commands_back,,0
survival,herdr,restart,1,False,0.18,,listed,,3
survival,herdr,restart,1,False,0.18,,restore_ms,,
survival,thurbox,crash,1,False,0.11,,alive_after_client_kill,,3
survival,thurbox,crash,1,False,0.11,,alive_after_server_kill,,0
survival,thurbox,restart,1,False,0.1,,commands_back,,3
survival,thurbox,restart,1,False,0.1,,listed,,3
survival,thurbox,restart,1,False,0.1,,restore_ms,,215.013891
survival,tmux,crash,2,False,0.1,,alive_after_client_kill,,3
survival,tmux,crash,2,False,0.1,,alive_after_server_kill,,0
survival,tmux,restart,2,False,0.09,,commands_back,,0
survival,tmux,restart,2,False,0.09,,listed,,0
survival,tmux,restart,2,False,0.09,,restore_ms,,
survival,herdr,crash,2,False,0.05,,alive_after_client_kill,,3
survival,herdr,crash,2,False,0.05,,alive_after_server_kill,,0
survival,herdr,restart,2,False,0.05,,commands_back,,0
survival,herdr,restart,2,False,0.05,,listed,,3
survival,herdr,restart,2,False,0.05,,restore_ms,,
survival,thurbox,crash,2,False,0.09,,alive_after_client_kill,,3
survival,thurbox,crash,2,False,0.09,,alive_after_server_kill,,0
survival,thurbox,restart,2,False,0.08,,commands_back,,3
survival,thurbox,restart,2,False,0.08,,listed,,3
survival,thurbox,restart,2,False,0.08,,restore_ms,,223.881979
survival,tmux,crash,3,False,0.08,,alive_after_client_kill,,3
survival,tmux,crash,3,False,0.08,,alive_after_server_kill,,0
survival,tmux,restart,3,False,0.08,,commands_back,,0
survival,tmux,restart,3,False,0.08,,listed,,0
survival,tmux,restart,3,False,0.08,,restore_ms,,
survival,herdr,crash,3,False,0.1,,alive_after_client_kill,,3
survival,herdr,crash,3,False,0.1,,alive_after_server_kill,,0
survival,herdr,restart,3,False,0.09,,commands_back,,0
survival,herdr,restart,3,False,0.09,,listed,,3
survival,herdr,restart,3,False,0.09,,restore_ms,,
survival,thurbox,crash,3,False,0.05,,alive_after_client_kill,,3
survival,thurbox,crash,3,False,0.05,,alive_after_server_kill,,0
survival,thurbox,restart,3,False,0.37,,commands_back,,3
survival,thurbox,restart,3,False,0.37,,listed,,3
survival,thurbox,restart,3,False,0.37,,restore_ms,,221.166167
survival,tmux,crash,4,False,0.37,,alive_after_client_kill,,3
survival,tmux,crash,4,False,0.37,,alive_after_server_kill,,0
survival,tmux,restart,4,False,0.34,,commands_back,,0
survival,tmux,restart,4,False,0.34,,listed,,0
survival,tmux,restart,4,False,0.34,,restore_ms,,
survival,herdr,crash,4,False,0.21,,alive_after_client_kill,,3
survival,herdr,crash,4,False,0.21,,alive_after_server_kill,,0
survival,herdr,restart,4,False,0.19,,commands_back,,0
survival,herdr,restart,4,False,0.19,,listed,,3
survival,herdr,restart,4,False,0.19,,restore_ms,,
survival,thurbox,crash,4,False,0.18,,alive_after_client_kill,,3
survival,thurbox,crash,4,False,0.18,,alive_after_server_kill,,0
survival,thurbox,restart,4,False,0.25,,commands_back,,3
survival,thurbox,restart,4,False,0.25,,listed,,3
survival,thurbox,restart,4,False,0.25,,restore_ms,,222.201105
survival,tmux,crash,5,False,0.31,,alive_after_client_kill,,3
survival,tmux,crash,5,False,0.31,,alive_after_server_kill,,0
survival,tmux,restart,5,False,0.31,,commands_back,,0
survival,tmux,restart,5,False,0.31,,listed,,0
survival,tmux,restart,5,False,0.31,,restore_ms,,
survival,herdr,crash,5,False,0.25,,alive_after_client_kill,,3
survival,herdr,crash,5,False,0.25,,alive_after_server_kill,,0
survival,herdr,restart,5,False,0.23,,commands_back,,0
survival,herdr,restart,5,False,0.23,,listed,,3
survival,herdr,restart,5,False,0.23,,restore_ms,,
survival,thurbox,crash,5,False,0.13,,alive_after_client_kill,,3
survival,thurbox,crash,5,False,0.13,,alive_after_server_kill,,0
survival,thurbox,restart,5,False,0.13,,commands_back,,3
survival,thurbox,restart,5,False,0.13,,listed,,3
survival,thurbox,restart,5,False,0.13,,restore_ms,,270.16941
latency,tmux,idle,0,True,0.29,0.24,echo_ms,0,0.950029
latency,tmux,idle,0,True,0.29,0.24,echo_ms,1,0.558102
latency,tmux,idle,0,True,0.29,0.24,echo_ms,2,0.720769
latency,tmux,idle,0,True,0.29,0.24,echo_ms,3,0.921298
latency,tmux,idle,0,True,0.29,0.24,echo_ms,4,1.048431
latency,tmux,idle,0,True,0.29,0.24,echo_ms,5,1.020481
latency,tmux,idle,0,True,0.29,0.24,echo_ms,6,0.92704
latency,tmux,idle,0,True,0.29,0.24,echo_ms,7,0.99287
latency,tmux,idle,0,True,0.29,0.24,echo_ms,8,0.940312
latency,tmux,idle,0,True,0.29,0.24,echo_ms,9,0.884565
latency,tmux,idle,0,True,0.29,0.24,echo_ms,10,0.934147
latency,tmux,idle,0,True,0.29,0.24,echo_ms,11,1.029241
latency,tmux,idle,0,True,0.29,0.24,echo_ms,12,0.97622
latency,tmux,idle,0,True,0.29,0.24,echo_ms,13,0.939437
latency,tmux,idle,0,True,0.29,0.24,echo_ms,14,0.91041
latency,tmux,idle,0,True,0.29,0.24,echo_ms,15,1.046282
latency,tmux,idle,0,True,0.29,0.24,echo_ms,16,0.9318
latency,tmux,idle,0,True,0.29,0.24,echo_ms,17,0.94608
latency,tmux,idle,0,True,0.29,0.24,echo_ms,18,1.050824
latency,tmux,idle,0,True,0.29,0.24,echo_ms,19,0.953921
latency,tmux,idle,0,True,0.29,0.24,echo_ms,20,0.943486
latency,tmux,idle,0,True,0.29,0.24,echo_ms,21,0.955345
latency,tmux,idle,0,True,0.29,0.24,echo_ms,22,0.945054
latency,tmux,idle,0,True,0.29,0.24,echo_ms,23,0.994802
latency,tmux,idle,0,True,0.29,0.24,echo_ms,24,1.050775
latency,tmux,idle,0,True,0.29,0.24,echo_ms,25,0.935503
latency,tmux,idle,0,True,0.29,0.24,echo_ms,26,0.995071
latency,tmux,idle,0,True,0.29,0.24,echo_ms,27,1.010531
latency,tmux,idle,0,True,0.29,0.24,echo_ms,28,1.013141
latency,tmux,idle,0,True,0.29,0.24,echo_ms,29,0.993869
latency,tmux,idle,0,True,0.29,0.24,echo_ms,30,0.978181
latency,tmux,idle,0,True,0.29,0.24,echo_ms,31,1.015619
latency,tmux,idle,0,True,0.29,0.24,echo_ms,32,0.948702
latency,tmux,idle,0,True,0.29,0.24,echo_ms,33,1.018785
latency,tmux,idle,0,True,0.29,0.24,echo_ms,34,1.009034
latency,tmux,idle,0,True,0.29,0.24,echo_ms,35,1.015616
latency,tmux,idle,0,True,0.29,0.24,echo_ms,36,0.989093
latency,tmux,idle,0,True,0.29,0.24,echo_ms,37,0.977565
latency,tmux,idle,0,True,0.29,0.24,echo_ms,38,0.985008
latency,tmux,idle,0,True,0.29,0.24,echo_ms,39,1.01961
latency,tmux,idle,0,True,0.29,0.24,echo_ms,40,1.077545
latency,tmux,idle,0,True,0.29,0.24,echo_ms,41,0.996504
latency,tmux,idle,0,True,0.29,0.24,echo_ms,42,1.019292
latency,tmux,idle,0,True,0.29,0.24,echo_ms,43,1.017176
latency,tmux,idle,0,True,0.29,0.24,echo_ms,44,0.995452
latency,tmux,idle,0,True,0.29,0.24,echo_ms,45,1.02062
latency,tmux,idle,0,True,0.29,0.24,echo_ms,46,1.013786
latency,tmux,idle,0,True,0.29,0.24,echo_ms,47,0.979867
latency,tmux,idle,0,True,0.29,0.24,echo_ms,48,1.021466
latency,tmux,idle,0,True,0.29,0.24,echo_ms,49,0.994552
latency,tmux,idle,0,True,0.29,0.24,echo_ms,50,0.996686
latency,tmux,idle,0,True,0.29,0.24,echo_ms,51,1.001427
latency,tmux,idle,0,True,0.29,0.24,echo_ms,52,0.98329
latency,tmux,idle,0,True,0.29,0.24,echo_ms,53,0.924444
latency,tmux,idle,0,True,0.29,0.24,echo_ms,54,1.014944
latency,tmux,idle,0,True,0.29,0.24,echo_ms,55,0.994753
latency,tmux,idle,0,True,0.29,0.24,echo_ms,56,0.992651
latency,tmux,idle,0,True,0.29,0.24,echo_ms,57,1.082883
latency,tmux,idle,0,True,0.29,0.24,echo_ms,58,0.99353
latency,tmux,idle,0,True,0.29,0.24,echo_ms,59,1.072038
latency,tmux,idle,0,True,0.29,0.24,echo_ms,60,1.00787
latency,tmux,idle,0,True,0.29,0.24,echo_ms,61,1.000711
latency,tmux,idle,0,True,0.29,0.24,echo_ms,62,0.977779
latency,tmux,idle,0,True,0.29,0.24,echo_ms,63,0.988551
latency,tmux,idle,0,True,0.29,0.24,echo_ms,64,0.977099
latency,tmux,idle,0,True,0.29,0.24,echo_ms,65,1.079873
latency,tmux,idle,0,True,0.29,0.24,echo_ms,66,0.986748
latency,tmux,idle,0,True,0.29,0.24,echo_ms,67,0.976431
latency,tmux,idle,0,True,0.29,0.24,echo_ms,68,1.050065
latency,tmux,idle,0,True,0.29,0.24,echo_ms,69,1.08214
latency,tmux,idle,0,True,0.29,0.24,echo_ms,70,1.008379
latency,tmux,idle,0,True,0.29,0.24,echo_ms,71,1.002686
latency,tmux,idle,0,True,0.29,0.24,echo_ms,72,1.001106
latency,tmux,idle,0,True,0.29,0.24,echo_ms,73,0.975658
latency,tmux,idle,0,True,0.29,0.24,echo_ms,74,1.003
latency,tmux,idle,0,True,0.29,0.24,echo_ms,75,0.964296
latency,tmux,idle,0,True,0.29,0.24,echo_ms,76,1.004818
latency,tmux,idle,0,True,0.29,0.24,echo_ms,77,1.006275
latency,tmux,idle,0,True,0.29,0.24,echo_ms,78,0.981011
latency,tmux,idle,0,True,0.29,0.24,echo_ms,79,0.960146
latency,tmux,idle,0,True,0.29,0.24,echo_ms,80,0.880478
latency,tmux,idle,0,True,0.29,0.24,echo_ms,81,1.024922
latency,tmux,idle,0,True,0.29,0.24,echo_ms,82,1.072852
latency,tmux,idle,0,True,0.29,0.24,echo_ms,83,1.00868
latency,tmux,idle,0,True,0.29,0.24,echo_ms,84,1.00599
latency,tmux,idle,0,True,0.29,0.24,echo_ms,85,1.015688
latency,tmux,idle,0,True,0.29,0.24,echo_ms,86,1.005125
latency,tmux,idle,0,True,0.29,0.24,echo_ms,87,0.952231
latency,tmux,idle,0,True,0.29,0.24,echo_ms,88,1.067541
latency,tmux,idle,0,True,0.29,0.24,echo_ms,89,0.986449
latency,tmux,idle,0,True,0.29,0.24,echo_ms,90,0.995872
latency,tmux,idle,0,True,0.29,0.24,echo_ms,91,0.99753
latency,tmux,idle,0,True,0.29,0.24,echo_ms,92,1.057986
latency,tmux,idle,0,True,0.29,0.24,echo_ms,93,0.990523
latency,tmux,idle,0,True,0.29,0.24,echo_ms,94,0.991912
latency,tmux,idle,0,True,0.29,0.24,echo_ms,95,0.943498
latency,tmux,idle,0,True,0.29,0.24,echo_ms,96,0.922018
latency,tmux,idle,0,True,0.29,0.24,echo_ms,97,0.947122
latency,tmux,idle,0,True,0.29,0.24,echo_ms,98,1.066657
latency,tmux,idle,0,True,0.29,0.24,echo_ms,99,0.975639
latency,tmux,idle,0,True,0.29,0.24,timeouts,,0
latency,herdr,idle,0,True,0.24,0.21,echo_ms,0,2.226224
latency,herdr,idle,0,True,0.24,0.21,echo_ms,1,2.041931
latency,herdr,idle,0,True,0.24,0.21,echo_ms,2,1.386472
latency,herdr,idle,0,True,0.24,0.21,echo_ms,3,2.138222
latency,herdr,idle,0,True,0.24,0.21,echo_ms,4,2.057051
latency,herdr,idle,0,True,0.24,0.21,echo_ms,5,2.217971
latency,herdr,idle,0,True,0.24,0.21,echo_ms,6,2.030221
latency,herdr,idle,0,True,0.24,0.21,echo_ms,7,2.270584
latency,herdr,idle,0,True,0.24,0.21,echo_ms,8,2.13594
latency,herdr,idle,0,True,0.24,0.21,echo_ms,9,1.970631
latency,herdr,idle,0,True,0.24,0.21,echo_ms,10,2.113288
latency,herdr,idle,0,True,0.24,0.21,echo_ms,11,2.102595
latency,herdr,idle,0,True,0.24,0.21,echo_ms,12,1.999271
latency,herdr,idle,0,True,0.24,0.21,echo_ms,13,1.986992
latency,herdr,idle,0,True,0.24,0.21,echo_ms,14,2.076174
latency,herdr,idle,0,True,0.24,0.21,echo_ms,15,2.213459
latency,herdr,idle,0,True,0.24,0.21,echo_ms,16,2.140768
latency,herdr,idle,0,True,0.24,0.21,echo_ms,17,2.055284
latency,herdr,idle,0,True,0.24,0.21,echo_ms,18,2.004302
latency,herdr,idle,0,True,0.24,0.21,echo_ms,19,1.989152
latency,herdr,idle,0,True,0.24,0.21,echo_ms,20,0.972534
latency,herdr,idle,0,True,0.24,0.21,echo_ms,21,1.448113
latency,herdr,idle,0,True,0.24,0.21,echo_ms,22,1.775447
latency,herdr,idle,0,True,0.24,0.21,echo_ms,23,1.902486
latency,herdr,idle,0,True,0.24,0.21,echo_ms,24,1.591468
latency,herdr,idle,0,True,0.24,0.21,echo_ms,25,1.29929
latency,herdr,idle,0,True,0.24,0.21,echo_ms,26,2.097343
latency,herdr,idle,0,True,0.24,0.21,echo_ms,27,2.07664
latency,herdr,idle,0,True,0.24,0.21,echo_ms,28,2.066201
latency,herdr,idle,0,True,0.24,0.21,echo_ms,29,1.962389
latency,herdr,idle,0,True,0.24,0.21,echo_ms,30,2.002825
latency,herdr,idle,0,True,0.24,0.21,echo_ms,31,2.010995
latency,herdr,idle,0,True,0.24,0.21,echo_ms,32,2.227073
latency,herdr,idle,0,True,0.24,0.21,echo_ms,33,2.104835
latency,herdr,idle,0,True,0.24,0.21,echo_ms,34,1.958214
latency,herdr,idle,0,True,0.24,0.21,echo_ms,35,2.121809
latency,herdr,idle,0,True,0.24,0.21,echo_ms,36,1.51809
latency,herdr,idle,0,True,0.24,0.21,echo_ms,37,1.999925
latency,herdr,idle,0,True,0.24,0.21,echo_ms,38,1.877948
latency,herdr,idle,0,True,0.24,0.21,echo_ms,39,2.058244
latency,herdr,idle,0,True,0.24,0.21,echo_ms,40,2.17707
latency,herdr,idle,0,True,0.24,0.21,echo_ms,41,2.294748
latency,herdr,idle,0,True,0.24,0.21,echo_ms,42,2.144108
latency,herdr,idle,0,True,0.24,0.21,echo_ms,43,1.673594
latency,herdr,idle,0,True,0.24,0.21,echo_ms,44,1.949627
latency,herdr,idle,0,True,0.24,0.21,echo_ms,45,1.967785
latency,herdr,idle,0,True,0.24,0.21,echo_ms,46,1.972715
latency,herdr,idle,0,True,0.24,0.21,echo_ms,47,2.003315
latency,herdr,idle,0,True,0.24,0.21,echo_ms,48,2.06355
latency,herdr,idle,0,True,0.24,0.21,echo_ms,49,2.133015
latency,herdr,idle,0,True,0.24,0.21,echo_ms,50,2.112215
latency,herdr,idle,0,True,0.24,0.21,echo_ms,51,2.167943
latency,herdr,idle,0,True,0.24,0.21,echo_ms,52,2.133366
latency,herdr,idle,0,True,0.24,0.21,echo_ms,53,1.982996
latency,herdr,idle,0,True,0.24,0.21,echo_ms,54,2.105071
latency,herdr,idle,0,True,0.24,0.21,echo_ms,55,1.931768
latency,herdr,idle,0,True,0.24,0.21,echo_ms,56,2.006107
latency,herdr,idle,0,True,0.24,0.21,echo_ms,57,2.080008
latency,herdr,idle,0,True,0.24,0.21,echo_ms,58,2.077484
latency,herdr,idle,0,True,0.24,0.21,echo_ms,59,2.173567
latency,herdr,idle,0,True,0.24,0.21,echo_ms,60,2.12961
latency,herdr,idle,0,True,0.24,0.21,echo_ms,61,2.206566
latency,herdr,idle,0,True,0.24,0.21,echo_ms,62,2.206224
latency,herdr,idle,0,True,0.24,0.21,echo_ms,63,1.982194
latency,herdr,idle,0,True,0.24,0.21,echo_ms,64,2.064922
latency,herdr,idle,0,True,0.24,0.21,echo_ms,65,2.098553
latency,herdr,idle,0,True,0.24,0.21,echo_ms,66,2.295333
latency,herdr,idle,0,True,0.24,0.21,echo_ms,67,2.077069
latency,herdr,idle,0,True,0.24,0.21,echo_ms,68,1.985427
latency,herdr,idle,0,True,0.24,0.21,echo_ms,69,2.09088
latency,herdr,idle,0,True,0.24,0.21,echo_ms,70,2.081652
latency,herdr,idle,0,True,0.24,0.21,echo_ms,71,1.957998
latency,herdr,idle,0,True,0.24,0.21,echo_ms,72,2.042118
latency,herdr,idle,0,True,0.24,0.21,echo_ms,73,2.139494
latency,herdr,idle,0,True,0.24,0.21,echo_ms,74,1.986328
latency,herdr,idle,0,True,0.24,0.21,echo_ms,75,2.103135
latency,herdr,idle,0,True,0.24,0.21,echo_ms,76,1.993091
latency,herdr,idle,0,True,0.24,0.21,echo_ms,77,2.199757
latency,herdr,idle,0,True,0.24,0.21,echo_ms,78,2.131267
latency,herdr,idle,0,True,0.24,0.21,echo_ms,79,2.05775
latency,herdr,idle,0,True,0.24,0.21,echo_ms,80,2.201324
latency,herdr,idle,0,True,0.24,0.21,echo_ms,81,2.10321
latency,herdr,idle,0,True,0.24,0.21,echo_ms,82,2.098384
latency,herdr,idle,0,True,0.24,0.21,echo_ms,83,2.09752
latency,herdr,idle,0,True,0.24,0.21,echo_ms,84,2.18182
latency,herdr,idle,0,True,0.24,0.21,echo_ms,85,2.075181
latency,herdr,idle,0,True,0.24,0.21,echo_ms,86,1.592651
latency,herdr,idle,0,True,0.24,0.21,echo_ms,87,2.160658
latency,herdr,idle,0,True,0.24,0.21,echo_ms,88,1.983944
latency,herdr,idle,0,True,0.24,0.21,echo_ms,89,2.077698
latency,herdr,idle,0,True,0.24,0.21,echo_ms,90,2.058896
latency,herdr,idle,0,True,0.24,0.21,echo_ms,91,2.077711
latency,herdr,idle,0,True,0.24,0.21,echo_ms,92,2.020568
latency,herdr,idle,0,True,0.24,0.21,echo_ms,93,2.008023
latency,herdr,idle,0,True,0.24,0.21,echo_ms,94,2.031405
latency,herdr,idle,0,True,0.24,0.21,echo_ms,95,2.286214
latency,herdr,idle,0,True,0.24,0.21,echo_ms,96,1.880934
latency,herdr,idle,0,True,0.24,0.21,echo_ms,97,2.018818
latency,herdr,idle,0,True,0.24,0.21,echo_ms,98,2.094348
latency,herdr,idle,0,True,0.24,0.21,echo_ms,99,1.952906
latency,herdr,idle,0,True,0.24,0.21,timeouts,,0
latency,thurbox,idle,0,True,0.21,0.25,echo_ms,0,13.708513
latency,thurbox,idle,0,True,0.21,0.25,echo_ms,1,4.647361
latency,thurbox,idle,0,True,0.21,0.25,echo_ms,2,48.428362
latency,thurbox,idle,0,True,0.21,0.25,echo_ms,3,13.721293
latency,thurbox,idle,0,True,0.21,0.25,echo_ms,4,46.974107
latency,thurbox,idle,0,True,0.21,0.25,echo_ms,5,48.446374
latency,thurbox,idle,0,True,0.21,0.25,echo_ms,6,47.000334
latency,thurbox,idle,0,True,0.21,0.25,echo_ms,7,4.142994
latency,thurbox,idle,0,True,0.21,0.25,echo_ms,8,13.658642
latency,thurbox,idle,0,True,0.21,0.25,echo_ms,9,23.654299
latency,thurbox,idle,0,True,0.21,0.25,echo_ms,10,48.21506
latency,thurbox,idle,0,True,0.21,0.25,echo_ms,11,23.914309
latency,thurbox,idle,0,True,0.21,0.25,echo_ms,12,47.401631
latency,thurbox,idle,0,True,0.21,0.25,echo_ms,13,38.244059
latency,thurbox,idle,0,True,0.21,0.25,echo_ms,14,23.780313
latency,thurbox,idle,0,True,0.21,0.25,echo_ms,15,47.296889
latency,thurbox,idle,0,True,0.21,0.25,echo_ms,16,48.02641
latency,thurbox,idle,0,True,0.21,0.25,echo_ms,17,47.031965
latency,thurbox,idle,0,True,0.21,0.25,echo_ms,18,4.24945
latency,thurbox,idle,0,True,0.21,0.25,echo_ms,19,48.45846
latency,thurbox,idle,0,True,0.21,0.25,echo_ms,20,46.95513
latency,thurbox,idle,0,True,0.21,0.25,echo_ms,21,14.465052
latency,thurbox,idle,0,True,0.21,0.25,echo_ms,22,48.492553
latency,thurbox,idle,0,True,0.21,0.25,echo_ms,23,25.649677
latency,thurbox,idle,0,True,0.21,0.25,echo_ms,24,13.528834
latency,thurbox,idle,0,True,0.21,0.25,echo_ms,25,13.596519
latency,thurbox,idle,0,True,0.21,0.25,echo_ms,26,14.896912
latency,thurbox,idle,0,True,0.21,0.25,echo_ms,27,4.245399
latency,thurbox,idle,0,True,0.21,0.25,echo_ms,28,13.756779
latency,thurbox,idle,0,True,0.21,0.25,echo_ms,29,45.960784
latency,thurbox,idle,0,True,0.21,0.25,echo_ms,30,48.171738
latency,thurbox,idle,0,True,0.21,0.25,echo_ms,31,47.13484
latency,thurbox,idle,0,True,0.21,0.25,echo_ms,32,24.052437
latency,thurbox,idle,0,True,0.21,0.25,echo_ms,33,47.209143
latency,thurbox,idle,0,True,0.21,0.25,echo_ms,34,4.85667
latency,thurbox,idle,0,True,0.21,0.25,echo_ms,35,47.99934
latency,thurbox,idle,0,True,0.21,0.25,echo_ms,36,46.039525
latency,thurbox,idle,0,True,0.21,0.25,echo_ms,37,4.150193
latency,thurbox,idle,0,True,0.21,0.25,echo_ms,38,47.633844
latency,thurbox,idle,0,True,0.21,0.25,echo_ms,39,3.253244
latency,thurbox,idle,0,True,0.21,0.25,echo_ms,40,48.427846
latency,thurbox,idle,0,True,0.21,0.25,echo_ms,41,47.011432
latency,thurbox,idle,0,True,0.21,0.25,echo_ms,42,12.799731
latency,thurbox,idle,0,True,0.21,0.25,echo_ms,43,48.033088
latency,thurbox,idle,0,True,0.21,0.25,echo_ms,44,15.545275
latency,thurbox,idle,0,True,0.21,0.25,echo_ms,45,43.199574
latency,thurbox,idle,0,True,0.21,0.25,echo_ms,46,47.231541
latency,thurbox,idle,0,True,0.21,0.25,echo_ms,47,3.494401
latency,thurbox,idle,0,True,0.21,0.25,echo_ms,48,4.23247
latency,thurbox,idle,0,True,0.21,0.25,echo_ms,49,48.678625
latency,thurbox,idle,0,True,0.21,0.25,echo_ms,50,47.387732
latency,thurbox,idle,0,True,0.21,0.25,echo_ms,51,13.639403
latency,thurbox,idle,0,True,0.21,0.25,echo_ms,52,23.688418
latency,thurbox,idle,0,True,0.21,0.25,echo_ms,53,4.091719
latency,thurbox,idle,0,True,0.21,0.25,echo_ms,54,48.339517
latency,thurbox,idle,0,True,0.21,0.25,echo_ms,55,44.729328
latency,thurbox,idle,0,True,0.21,0.25,echo_ms,56,4.098097
latency,thurbox,idle,0,True,0.21,0.25,echo_ms,57,47.035431
latency,thurbox,idle,0,True,0.21,0.25,echo_ms,58,4.225987
latency,thurbox,idle,0,True,0.21,0.25,echo_ms,59,47.718759
latency,thurbox,idle,0,True,0.21,0.25,echo_ms,60,13.47874
latency,thurbox,idle,0,True,0.21,0.25,echo_ms,61,48.41437
latency,thurbox,idle,0,True,0.21,0.25,echo_ms,62,4.128886
latency,thurbox,idle,0,True,0.21,0.25,echo_ms,63,46.965382
latency,thurbox,idle,0,True,0.21,0.25,echo_ms,64,4.541291
latency,thurbox,idle,0,True,0.21,0.25,echo_ms,65,4.149367
latency,thurbox,idle,0,True,0.21,0.25,echo_ms,66,47.150725
latency,thurbox,idle,0,True,0.21,0.25,echo_ms,67,47.232576
latency,thurbox,idle,0,True,0.21,0.25,echo_ms,68,4.095433
latency,thurbox,idle,0,True,0.21,0.25,echo_ms,69,48.044357
latency,thurbox,idle,0,True,0.21,0.25,echo_ms,70,47.305551
latency,thurbox,idle,0,True,0.21,0.25,echo_ms,71,47.959494
latency,thurbox,idle,0,True,0.21,0.25,echo_ms,72,46.926075
latency,thurbox,idle,0,True,0.21,0.25,echo_ms,73,47.992628
latency,thurbox,idle,0,True,0.21,0.25,echo_ms,74,47.3857
latency,thurbox,idle,0,True,0.21,0.25,echo_ms,75,13.44392
latency,thurbox,idle,0,True,0.21,0.25,echo_ms,76,49.454403
latency,thurbox,idle,0,True,0.21,0.25,echo_ms,77,13.57451
latency,thurbox,idle,0,True,0.21,0.25,echo_ms,78,46.869564
latency,thurbox,idle,0,True,0.21,0.25,echo_ms,79,13.618382
latency,thurbox,idle,0,True,0.21,0.25,echo_ms,80,47.984757
latency,thurbox,idle,0,True,0.21,0.25,echo_ms,81,47.299681
latency,thurbox,idle,0,True,0.21,0.25,echo_ms,82,47.838963
latency,thurbox,idle,0,True,0.21,0.25,echo_ms,83,46.955608
latency,thurbox,idle,0,True,0.21,0.25,echo_ms,84,24.329169
latency,thurbox,idle,0,True,0.21,0.25,echo_ms,85,2.222176
latency,thurbox,idle,0,True,0.21,0.25,echo_ms,86,46.946861
latency,thurbox,idle,0,True,0.21,0.25,echo_ms,87,4.133473
latency,thurbox,idle,0,True,0.21,0.25,echo_ms,88,47.909176
latency,thurbox,idle,0,True,0.21,0.25,echo_ms,89,24.276867
latency,thurbox,idle,0,True,0.21,0.25,echo_ms,90,13.575058
latency,thurbox,idle,0,True,0.21,0.25,echo_ms,91,13.548741
latency,thurbox,idle,0,True,0.21,0.25,echo_ms,92,24.008756
latency,thurbox,idle,0,True,0.21,0.25,echo_ms,93,23.970354
latency,thurbox,idle,0,True,0.21,0.25,echo_ms,94,4.141814
latency,thurbox,idle,0,True,0.21,0.25,echo_ms,95,48.120373
latency,thurbox,idle,0,True,0.21,0.25,echo_ms,96,46.529982
latency,thurbox,idle,0,True,0.21,0.25,echo_ms,97,47.903918
latency,thurbox,idle,0,True,0.21,0.25,echo_ms,98,2.635849
latency,thurbox,idle,0,True,0.21,0.25,echo_ms,99,46.979961
latency,thurbox,idle,0,True,0.21,0.25,timeouts,,0
latency,tmux,idle,1,False,0.25,0.21,echo_ms,0,1.016866
latency,tmux,idle,1,False,0.25,0.21,echo_ms,1,1.054652
latency,tmux,idle,1,False,0.25,0.21,echo_ms,2,0.983456
latency,tmux,idle,1,False,0.25,0.21,echo_ms,3,0.982023
latency,tmux,idle,1,False,0.25,0.21,echo_ms,4,1.040686
latency,tmux,idle,1,False,0.25,0.21,echo_ms,5,0.977261
latency,tmux,idle,1,False,0.25,0.21,echo_ms,6,0.870372
latency,tmux,idle,1,False,0.25,0.21,echo_ms,7,1.044149
latency,tmux,idle,1,False,0.25,0.21,echo_ms,8,1.041083
latency,tmux,idle,1,False,0.25,0.21,echo_ms,9,1.074417
latency,tmux,idle,1,False,0.25,0.21,echo_ms,10,1.080303
latency,tmux,idle,1,False,0.25,0.21,echo_ms,11,1.068839
latency,tmux,idle,1,False,0.25,0.21,echo_ms,12,1.058589
latency,tmux,idle,1,False,0.25,0.21,echo_ms,13,1.078789
latency,tmux,idle,1,False,0.25,0.21,echo_ms,14,1.099066
latency,tmux,idle,1,False,0.25,0.21,echo_ms,15,0.995912
latency,tmux,idle,1,False,0.25,0.21,echo_ms,16,0.972966
latency,tmux,idle,1,False,0.25,0.21,echo_ms,17,0.953491
latency,tmux,idle,1,False,0.25,0.21,echo_ms,18,1.096927
latency,tmux,idle,1,False,0.25,0.21,echo_ms,19,1.066672
latency,tmux,idle,1,False,0.25,0.21,echo_ms,20,1.00383
latency,tmux,idle,1,False,0.25,0.21,echo_ms,21,1.073903
latency,tmux,idle,1,False,0.25,0.21,echo_ms,22,1.015127
latency,tmux,idle,1,False,0.25,0.21,echo_ms,23,1.047832
latency,tmux,idle,1,False,0.25,0.21,echo_ms,24,1.062984
latency,tmux,idle,1,False,0.25,0.21,echo_ms,25,1.015838
latency,tmux,idle,1,False,0.25,0.21,echo_ms,26,1.075155
latency,tmux,idle,1,False,0.25,0.21,echo_ms,27,1.032013
latency,tmux,idle,1,False,0.25,0.21,echo_ms,28,1.06974
latency,tmux,idle,1,False,0.25,0.21,echo_ms,29,1.00434
latency,tmux,idle,1,False,0.25,0.21,echo_ms,30,0.968246
latency,tmux,idle,1,False,0.25,0.21,echo_ms,31,1.006491
latency,tmux,idle,1,False,0.25,0.21,echo_ms,32,1.038441
latency,tmux,idle,1,False,0.25,0.21,echo_ms,33,0.993218
latency,tmux,idle,1,False,0.25,0.21,echo_ms,34,1.051171
latency,tmux,idle,1,False,0.25,0.21,echo_ms,35,0.990008
latency,tmux,idle,1,False,0.25,0.21,echo_ms,36,1.007378
latency,tmux,idle,1,False,0.25,0.21,echo_ms,37,1.095731
latency,tmux,idle,1,False,0.25,0.21,echo_ms,38,0.974827
latency,tmux,idle,1,False,0.25,0.21,echo_ms,39,0.986062
latency,tmux,idle,1,False,0.25,0.21,echo_ms,40,1.050636
latency,tmux,idle,1,False,0.25,0.21,echo_ms,41,1.026282
latency,tmux,idle,1,False,0.25,0.21,echo_ms,42,0.975592
latency,tmux,idle,1,False,0.25,0.21,echo_ms,43,1.048227
latency,tmux,idle,1,False,0.25,0.21,echo_ms,44,1.067638
latency,tmux,idle,1,False,0.25,0.21,echo_ms,45,2.211883
latency,tmux,idle,1,False,0.25,0.21,echo_ms,46,0.603497
latency,tmux,idle,1,False,0.25,0.21,echo_ms,47,0.727935
latency,tmux,idle,1,False,0.25,0.21,echo_ms,48,0.971385
latency,tmux,idle,1,False,0.25,0.21,echo_ms,49,1.054625
latency,tmux,idle,1,False,0.25,0.21,echo_ms,50,1.068213
latency,tmux,idle,1,False,0.25,0.21,echo_ms,51,1.079252
latency,tmux,idle,1,False,0.25,0.21,echo_ms,52,1.011337
latency,tmux,idle,1,False,0.25,0.21,echo_ms,53,0.988887
latency,tmux,idle,1,False,0.25,0.21,echo_ms,54,1.061066
latency,tmux,idle,1,False,0.25,0.21,echo_ms,55,1.063515
latency,tmux,idle,1,False,0.25,0.21,echo_ms,56,1.06081
latency,tmux,idle,1,False,0.25,0.21,echo_ms,57,0.889938
latency,tmux,idle,1,False,0.25,0.21,echo_ms,58,0.995004
latency,tmux,idle,1,False,0.25,0.21,echo_ms,59,1.055965
latency,tmux,idle,1,False,0.25,0.21,echo_ms,60,1.111349
latency,tmux,idle,1,False,0.25,0.21,echo_ms,61,1.047779
latency,tmux,idle,1,False,0.25,0.21,echo_ms,62,1.008419
latency,tmux,idle,1,False,0.25,0.21,echo_ms,63,1.040929
latency,tmux,idle,1,False,0.25,0.21,echo_ms,64,1.036104
latency,tmux,idle,1,False,0.25,0.21,echo_ms,65,1.099991
latency,tmux,idle,1,False,0.25,0.21,echo_ms,66,1.033635
latency,tmux,idle,1,False,0.25,0.21,echo_ms,67,1.009484
latency,tmux,idle,1,False,0.25,0.21,echo_ms,68,1.053891
latency,tmux,idle,1,False,0.25,0.21,echo_ms,69,1.057988
latency,tmux,idle,1,False,0.25,0.21,echo_ms,70,1.074466
latency,tmux,idle,1,False,0.25,0.21,echo_ms,71,1.065132
latency,tmux,idle,1,False,0.25,0.21,echo_ms,72,1.038005
latency,tmux,idle,1,False,0.25,0.21,echo_ms,73,1.048598
latency,tmux,idle,1,False,0.25,0.21,echo_ms,74,1.073841
latency,tmux,idle,1,False,0.25,0.21,echo_ms,75,1.011919
latency,tmux,idle,1,False,0.25,0.21,echo_ms,76,1.045263
latency,tmux,idle,1,False,0.25,0.21,echo_ms,77,0.98101
latency,tmux,idle,1,False,0.25,0.21,echo_ms,78,1.01517
latency,tmux,idle,1,False,0.25,0.21,echo_ms,79,0.999412
latency,tmux,idle,1,False,0.25,0.21,echo_ms,80,1.075762
latency,tmux,idle,1,False,0.25,0.21,echo_ms,81,1.031125
latency,tmux,idle,1,False,0.25,0.21,echo_ms,82,1.053244
latency,tmux,idle,1,False,0.25,0.21,echo_ms,83,1.059264
latency,tmux,idle,1,False,0.25,0.21,echo_ms,84,1.075191
latency,tmux,idle,1,False,0.25,0.21,echo_ms,85,1.056102
latency,tmux,idle,1,False,0.25,0.21,echo_ms,86,1.080973
latency,tmux,idle,1,False,0.25,0.21,echo_ms,87,1.002596
latency,tmux,idle,1,False,0.25,0.21,echo_ms,88,1.02118
latency,tmux,idle,1,False,0.25,0.21,echo_ms,89,1.07728
latency,tmux,idle,1,False,0.25,0.21,echo_ms,90,1.013908
latency,tmux,idle,1,False,0.25,0.21,echo_ms,91,1.073051
latency,tmux,idle,1,False,0.25,0.21,echo_ms,92,0.978238
latency,tmux,idle,1,False,0.25,0.21,echo_ms,93,1.074562
latency,tmux,idle,1,False,0.25,0.21,echo_ms,94,0.951007
latency,tmux,idle,1,False,0.25,0.21,echo_ms,95,1.036235
latency,tmux,idle,1,False,0.25,0.21,echo_ms,96,0.982321
latency,tmux,idle,1,False,0.25,0.21,echo_ms,97,1.052616
latency,tmux,idle,1,False,0.25,0.21,echo_ms,98,1.017872
latency,tmux,idle,1,False,0.25,0.21,echo_ms,99,1.06705
latency,tmux,idle,1,False,0.25,0.21,timeouts,,0
latency,herdr,idle,1,False,0.21,0.18,echo_ms,0,2.285405
latency,herdr,idle,1,False,0.21,0.18,echo_ms,1,1.508349
latency,herdr,idle,1,False,0.21,0.18,echo_ms,2,2.191488
latency,herdr,idle,1,False,0.21,0.18,echo_ms,3,2.300793
latency,herdr,idle,1,False,0.21,0.18,echo_ms,4,2.136601
latency,herdr,idle,1,False,0.21,0.18,echo_ms,5,2.230418
latency,herdr,idle,1,False,0.21,0.18,echo_ms,6,2.143299
latency,herdr,idle,1,False,0.21,0.18,echo_ms,7,2.05946
latency,herdr,idle,1,False,0.21,0.18,echo_ms,8,2.109472
latency,herdr,idle,1,False,0.21,0.18,echo_ms,9,2.098046
latency,herdr,idle,1,False,0.21,0.18,echo_ms,10,2.264913
latency,herdr,idle,1,False,0.21,0.18,echo_ms,11,2.359469
latency,herdr,idle,1,False,0.21,0.18,echo_ms,12,2.219893
latency,herdr,idle,1,False,0.21,0.18,echo_ms,13,2.185573
latency,herdr,idle,1,False,0.21,0.18,echo_ms,14,2.120743
latency,herdr,idle,1,False,0.21,0.18,echo_ms,15,2.221307
latency,herdr,idle,1,False,0.21,0.18,echo_ms,16,2.075838
latency,herdr,idle,1,False,0.21,0.18,echo_ms,17,2.245567
latency,herdr,idle,1,False,0.21,0.18,echo_ms,18,2.270067
latency,herdr,idle,1,False,0.21,0.18,echo_ms,19,2.239246
latency,herdr,idle,1,False,0.21,0.18,echo_ms,20,2.196984
latency,herdr,idle,1,False,0.21,0.18,echo_ms,21,2.263465
latency,herdr,idle,1,False,0.21,0.18,echo_ms,22,1.898482
latency,herdr,idle,1,False,0.21,0.18,echo_ms,23,2.19031
latency,herdr,idle,1,False,0.21,0.18,echo_ms,24,2.093125
latency,herdr,idle,1,False,0.21,0.18,echo_ms,25,2.291645
latency,herdr,idle,1,False,0.21,0.18,echo_ms,26,2.195953
latency,herdr,idle,1,False,0.21,0.18,echo_ms,27,2.162972
latency,herdr,idle,1,False,0.21,0.18,echo_ms,28,2.263552
latency,herdr,idle,1,False,0.21,0.18,echo_ms,29,2.226807
latency,herdr,idle,1,False,0.21,0.18,echo_ms,30,1.982841
latency,herdr,idle,1,False,0.21,0.18,echo_ms,31,2.299146
latency,herdr,idle,1,False,0.21,0.18,echo_ms,32,2.28435
latency,herdr,idle,1,False,0.21,0.18,echo_ms,33,1.294731
latency,herdr,idle,1,False,0.21,0.18,echo_ms,34,2.13213
latency,herdr,idle,1,False,0.21,0.18,echo_ms,35,2.158591
latency,herdr,idle,1,False,0.21,0.18,echo_ms,36,2.193397
latency,herdr,idle,1,False,0.21,0.18,echo_ms,37,2.131361
latency,herdr,idle,1,False,0.21,0.18,echo_ms,38,2.316283
latency,herdr,idle,1,False,0.21,0.18,echo_ms,39,0.808874
latency,herdr,idle,1,False,0.21,0.18,echo_ms,40,2.121812
latency,herdr,idle,1,False,0.21,0.18,echo_ms,41,2.100013
latency,herdr,idle,1,False,0.21,0.18,echo_ms,42,1.645143
latency,herdr,idle,1,False,0.21,0.18,echo_ms,43,2.083928
latency,herdr,idle,1,False,0.21,0.18,echo_ms,44,2.077319
latency,herdr,idle,1,False,0.21,0.18,echo_ms,45,2.349542
latency,herdr,idle,1,False,0.21,0.18,echo_ms,46,2.149049
latency,herdr,idle,1,False,0.21,0.18,echo_ms,47,2.140442
latency,herdr,idle,1,False,0.21,0.18,echo_ms,48,2.135068
latency,herdr,idle,1,False,0.21,0.18,echo_ms,49,2.23772
latency,herdr,idle,1,False,0.21,0.18,echo_ms,50,2.331393
latency,herdr,idle,1,False,0.21,0.18,echo_ms,51,2.207419
latency,herdr,idle,1,False,0.21,0.18,echo_ms,52,2.028034
latency,herdr,idle,1,False,0.21,0.18,echo_ms,53,2.187904
latency,herdr,idle,1,False,0.21,0.18,echo_ms,54,2.293283
latency,herdr,idle,1,False,0.21,0.18,echo_ms,55,2.230911
latency,herdr,idle,1,False,0.21,0.18,echo_ms,56,2.157042
latency,herdr,idle,1,False,0.21,0.18,echo_ms,57,2.283946
latency,herdr,idle,1,False,0.21,0.18,echo_ms,58,1.37537
latency,herdr,idle,1,False,0.21,0.18,echo_ms,59,2.124401
latency,herdr,idle,1,False,0.21,0.18,echo_ms,60,2.358395
latency,herdr,idle,1,False,0.21,0.18,echo_ms,61,2.301318
latency,herdr,idle,1,False,0.21,0.18,echo_ms,62,2.254877
latency,herdr,idle,1,False,0.21,0.18,echo_ms,63,2.325292
latency,herdr,idle,1,False,0.21,0.18,echo_ms,64,2.326922
latency,herdr,idle,1,False,0.21,0.18,echo_ms,65,2.237916
latency,herdr,idle,1,False,0.21,0.18,echo_ms,66,2.064213
latency,herdr,idle,1,False,0.21,0.18,echo_ms,67,2.210671
latency,herdr,idle,1,False,0.21,0.18,echo_ms,68,2.14527
latency,herdr,idle,1,False,0.21,0.18,echo_ms,69,2.203766
latency,herdr,idle,1,False,0.21,0.18,echo_ms,70,2.246583
latency,herdr,idle,1,False,0.21,0.18,echo_ms,71,2.196873
latency,herdr,idle,1,False,0.21,0.18,echo_ms,72,2.270827
latency,herdr,idle,1,False,0.21,0.18,echo_ms,73,2.293195
latency,herdr,idle,1,False,0.21,0.18,echo_ms,74,2.260055
latency,herdr,idle,1,False,0.21,0.18,echo_ms,75,2.255063
latency,herdr,idle,1,False,0.21,0.18,echo_ms,76,2.14835
latency,herdr,idle,1,False,0.21,0.18,echo_ms,77,2.181713
latency,herdr,idle,1,False,0.21,0.18,echo_ms,78,2.10927
latency,herdr,idle,1,False,0.21,0.18,echo_ms,79,2.208327
latency,herdr,idle,1,False,0.21,0.18,echo_ms,80,2.275433
latency,herdr,idle,1,False,0.21,0.18,echo_ms,81,2.241224
latency,herdr,idle,1,False,0.21,0.18,echo_ms,82,2.144314
latency,herdr,idle,1,False,0.21,0.18,echo_ms,83,1.518547
latency,herdr,idle,1,False,0.21,0.18,echo_ms,84,2.329246
latency,herdr,idle,1,False,0.21,0.18,echo_ms,85,2.058202
latency,herdr,idle,1,False,0.21,0.18,echo_ms,86,2.172806
latency,herdr,idle,1,False,0.21,0.18,echo_ms,87,2.334386
latency,herdr,idle,1,False,0.21,0.18,echo_ms,88,2.312452
latency,herdr,idle,1,False,0.21,0.18,echo_ms,89,2.182559
latency,herdr,idle,1,False,0.21,0.18,echo_ms,90,2.229979
latency,herdr,idle,1,False,0.21,0.18,echo_ms,91,2.298837
latency,herdr,idle,1,False,0.21,0.18,echo_ms,92,2.289507
latency,herdr,idle,1,False,0.21,0.18,echo_ms,93,2.293642
latency,herdr,idle,1,False,0.21,0.18,echo_ms,94,2.111113
latency,herdr,idle,1,False,0.21,0.18,echo_ms,95,2.351964
latency,herdr,idle,1,False,0.21,0.18,echo_ms,96,2.305564
latency,herdr,idle,1,False,0.21,0.18,echo_ms,97,2.243838
latency,herdr,idle,1,False,0.21,0.18,echo_ms,98,2.31837
latency,herdr,idle,1,False,0.21,0.18,echo_ms,99,2.410219
latency,herdr,idle,1,False,0.21,0.18,timeouts,,0
latency,thurbox,idle,1,False,0.18,0.15,echo_ms,0,13.567689
latency,thurbox,idle,1,False,0.18,0.15,echo_ms,1,23.965779
latency,thurbox,idle,1,False,0.18,0.15,echo_ms,2,13.659768
latency,thurbox,idle,1,False,0.18,0.15,echo_ms,3,48.081872
latency,thurbox,idle,1,False,0.18,0.15,echo_ms,4,13.664349
latency,thurbox,idle,1,False,0.18,0.15,echo_ms,5,4.1799
latency,thurbox,idle,1,False,0.18,0.15,echo_ms,6,48.0274
latency,thurbox,idle,1,False,0.18,0.15,echo_ms,7,46.871869
latency,thurbox,idle,1,False,0.18,0.15,echo_ms,8,4.819175
latency,thurbox,idle,1,False,0.18,0.15,echo_ms,9,47.426595
latency,thurbox,idle,1,False,0.18,0.15,echo_ms,10,14.582351
latency,thurbox,idle,1,False,0.18,0.15,echo_ms,11,48.224384
latency,thurbox,idle,1,False,0.18,0.15,echo_ms,12,13.990187
latency,thurbox,idle,1,False,0.18,0.15,echo_ms,13,4.736407
latency,thurbox,idle,1,False,0.18,0.15,echo_ms,14,49.617178
latency,thurbox,idle,1,False,0.18,0.15,echo_ms,15,47.486492
latency,thurbox,idle,1,False,0.18,0.15,echo_ms,16,4.218792
latency,thurbox,idle,1,False,0.18,0.15,echo_ms,17,48.08658
latency,thurbox,idle,1,False,0.18,0.15,echo_ms,18,47.02708
latency,thurbox,idle,1,False,0.18,0.15,echo_ms,19,24.018933
latency,thurbox,idle,1,False,0.18,0.15,echo_ms,20,23.967038
latency,thurbox,idle,1,False,0.18,0.15,echo_ms,21,4.185805
latency,thurbox,idle,1,False,0.18,0.15,echo_ms,22,48.437074
latency,thurbox,idle,1,False,0.18,0.15,echo_ms,23,4.419986
latency,thurbox,idle,1,False,0.18,0.15,echo_ms,24,3.208843
latency,thurbox,idle,1,False,0.18,0.15,echo_ms,25,48.121474
latency,thurbox,idle,1,False,0.18,0.15,echo_ms,26,2.519639
latency,thurbox,idle,1,False,0.18,0.15,echo_ms,27,5.746169
latency,thurbox,idle,1,False,0.18,0.15,echo_ms,28,3.262373
latency,thurbox,idle,1,False,0.18,0.15,echo_ms,29,47.46198
latency,thurbox,idle,1,False,0.18,0.15,echo_ms,30,23.938459
latency,thurbox,idle,1,False,0.18,0.15,echo_ms,31,23.92148
latency,thurbox,idle,1,False,0.18,0.15,echo_ms,32,47.047319
latency,thurbox,idle,1,False,0.18,0.15,echo_ms,33,4.836071
latency,thurbox,idle,1,False,0.18,0.15,echo_ms,34,48.143679
latency,thurbox,idle,1,False,0.18,0.15,echo_ms,35,47.13994
latency,thurbox,idle,1,False,0.18,0.15,echo_ms,36,24.754025
latency,thurbox,idle,1,False,0.18,0.15,echo_ms,37,48.037957
latency,thurbox,idle,1,False,0.18,0.15,echo_ms,38,23.7445
latency,thurbox,idle,1,False,0.18,0.15,echo_ms,39,24.218017
latency,thurbox,idle,1,False,0.18,0.15,echo_ms,40,48.135901
latency,thurbox,idle,1,False,0.18,0.15,echo_ms,41,26.235575
latency,thurbox,idle,1,False,0.18,0.15,echo_ms,42,4.489585
latency,thurbox,idle,1,False,0.18,0.15,echo_ms,43,13.611748
latency,thurbox,idle,1,False,0.18,0.15,echo_ms,44,47.101151
latency,thurbox,idle,1,False,0.18,0.15,echo_ms,45,4.180259
latency,thurbox,idle,1,False,0.18,0.15,echo_ms,46,47.947015
latency,thurbox,idle,1,False,0.18,0.15,echo_ms,47,47.125674
latency,thurbox,idle,1,False,0.18,0.15,echo_ms,48,26.300805
latency,thurbox,idle,1,False,0.18,0.15,echo_ms,49,48.644099
latency,thurbox,idle,1,False,0.18,0.15,echo_ms,50,4.16465
latency,thurbox,idle,1,False,0.18,0.15,echo_ms,51,47.845866
latency,thurbox,idle,1,False,0.18,0.15,echo_ms,52,47.096192
latency,thurbox,idle,1,False,0.18,0.15,echo_ms,53,11.35837
latency,thurbox,idle,1,False,0.18,0.15,echo_ms,54,47.987856
latency,thurbox,idle,1,False,0.18,0.15,echo_ms,55,13.558327
latency,thurbox,idle,1,False,0.18,0.15,echo_ms,56,46.314727
latency,thurbox,idle,1,False,0.18,0.15,echo_ms,57,4.14354
latency,thurbox,idle,1,False,0.18,0.15,echo_ms,58,48.227368
latency,thurbox,idle,1,False,0.18,0.15,echo_ms,59,47.379303
latency,thurbox,idle,1,False,0.18,0.15,echo_ms,60,47.753018
latency,thurbox,idle,1,False,0.18,0.15,echo_ms,61,45.456637
latency,thurbox,idle,1,False,0.18,0.15,echo_ms,62,21.599242
latency,thurbox,idle,1,False,0.18,0.15,echo_ms,63,11.416767
latency,thurbox,idle,1,False,0.18,0.15,echo_ms,64,44.0372
latency,thurbox,idle,1,False,0.18,0.15,echo_ms,65,47.817363
latency,thurbox,idle,1,False,0.18,0.15,echo_ms,66,26.269532
latency,thurbox,idle,1,False,0.18,0.15,echo_ms,67,47.138366
latency,thurbox,idle,1,False,0.18,0.15,echo_ms,68,48.02466
latency,thurbox,idle,1,False,0.18,0.15,echo_ms,69,47.261998
latency,thurbox,idle,1,False,0.18,0.15,echo_ms,70,4.101602
latency,thurbox,idle,1,False,0.18,0.15,echo_ms,71,49.165911
latency,thurbox,idle,1,False,0.18,0.15,echo_ms,72,46.988197
latency,thurbox,idle,1,False,0.18,0.15,echo_ms,73,49.148373
latency,thurbox,idle,1,False,0.18,0.15,echo_ms,74,13.594291
latency,thurbox,idle,1,False,0.18,0.15,echo_ms,75,47.887047
latency,thurbox,idle,1,False,0.18,0.15,echo_ms,76,3.13257
latency,thurbox,idle,1,False,0.18,0.15,echo_ms,77,47.295045
latency,thurbox,idle,1,False,0.18,0.15,echo_ms,78,13.593325
latency,thurbox,idle,1,False,0.18,0.15,echo_ms,79,46.985818
latency,thurbox,idle,1,False,0.18,0.15,echo_ms,80,24.196204
latency,thurbox,idle,1,False,0.18,0.15,echo_ms,81,4.08977
latency,thurbox,idle,1,False,0.18,0.15,echo_ms,82,47.69438
latency,thurbox,idle,1,False,0.18,0.15,echo_ms,83,45.580303
latency,thurbox,idle,1,False,0.18,0.15,echo_ms,84,15.582479
latency,thurbox,idle,1,False,0.18,0.15,echo_ms,85,12.622897
latency,thurbox,idle,1,False,0.18,0.15,echo_ms,86,4.101005
latency,thurbox,idle,1,False,0.18,0.15,echo_ms,87,49.83601
latency,thurbox,idle,1,False,0.18,0.15,echo_ms,88,4.447203
latency,thurbox,idle,1,False,0.18,0.15,echo_ms,89,4.151869
latency,thurbox,idle,1,False,0.18,0.15,echo_ms,90,47.385284
latency,thurbox,idle,1,False,0.18,0.15,echo_ms,91,4.133948
latency,thurbox,idle,1,False,0.18,0.15,echo_ms,92,47.854351
latency,thurbox,idle,1,False,0.18,0.15,echo_ms,93,23.836773
latency,thurbox,idle,1,False,0.18,0.15,echo_ms,94,14.672981
latency,thurbox,idle,1,False,0.18,0.15,echo_ms,95,47.71265
latency,thurbox,idle,1,False,0.18,0.15,echo_ms,96,46.900822
latency,thurbox,idle,1,False,0.18,0.15,echo_ms,97,26.628189
latency,thurbox,idle,1,False,0.18,0.15,echo_ms,98,23.972961
latency,thurbox,idle,1,False,0.18,0.15,echo_ms,99,13.538726
latency,thurbox,idle,1,False,0.18,0.15,timeouts,,0
latency,tmux,idle,2,False,0.15,0.13,echo_ms,0,1.0738
latency,tmux,idle,2,False,0.15,0.13,echo_ms,1,1.079172
latency,tmux,idle,2,False,0.15,0.13,echo_ms,2,1.057801
latency,tmux,idle,2,False,0.15,0.13,echo_ms,3,1.05662
latency,tmux,idle,2,False,0.15,0.13,echo_ms,4,1.033604
latency,tmux,idle,2,False,0.15,0.13,echo_ms,5,0.756301
latency,tmux,idle,2,False,0.15,0.13,echo_ms,6,0.997977
latency,tmux,idle,2,False,0.15,0.13,echo_ms,7,1.04389
latency,tmux,idle,2,False,0.15,0.13,echo_ms,8,1.065668
latency,tmux,idle,2,False,0.15,0.13,echo_ms,9,0.973884
latency,tmux,idle,2,False,0.15,0.13,echo_ms,10,1.023157
latency,tmux,idle,2,False,0.15,0.13,echo_ms,11,1.003623
latency,tmux,idle,2,False,0.15,0.13,echo_ms,12,1.055628
latency,tmux,idle,2,False,0.15,0.13,echo_ms,13,1.043025
latency,tmux,idle,2,False,0.15,0.13,echo_ms,14,1.091816
latency,tmux,idle,2,False,0.15,0.13,echo_ms,15,0.756296
latency,tmux,idle,2,False,0.15,0.13,echo_ms,16,1.062104
latency,tmux,idle,2,False,0.15,0.13,echo_ms,17,1.017302
latency,tmux,idle,2,False,0.15,0.13,echo_ms,18,1.022322
latency,tmux,idle,2,False,0.15,0.13,echo_ms,19,1.077355
latency,tmux,idle,2,False,0.15,0.13,echo_ms,20,1.051085
latency,tmux,idle,2,False,0.15,0.13,echo_ms,21,1.057178
latency,tmux,idle,2,False,0.15,0.13,echo_ms,22,1.067447
latency,tmux,idle,2,False,0.15,0.13,echo_ms,23,1.056764
latency,tmux,idle,2,False,0.15,0.13,echo_ms,24,1.022928
latency,tmux,idle,2,False,0.15,0.13,echo_ms,25,1.054898
latency,tmux,idle,2,False,0.15,0.13,echo_ms,26,0.969087
latency,tmux,idle,2,False,0.15,0.13,echo_ms,27,1.042723
latency,tmux,idle,2,False,0.15,0.13,echo_ms,28,1.057687
latency,tmux,idle,2,False,0.15,0.13,echo_ms,29,0.965129
latency,tmux,idle,2,False,0.15,0.13,echo_ms,30,0.403668
latency,tmux,idle,2,False,0.15,0.13,echo_ms,31,0.506044
latency,tmux,idle,2,False,0.15,0.13,echo_ms,32,1.039264
latency,tmux,idle,2,False,0.15,0.13,echo_ms,33,1.029792
latency,tmux,idle,2,False,0.15,0.13,echo_ms,34,1.066172
latency,tmux,idle,2,False,0.15,0.13,echo_ms,35,1.053708
latency,tmux,idle,2,False,0.15,0.13,echo_ms,36,0.877148
latency,tmux,idle,2,False,0.15,0.13,echo_ms,37,1.036223
latency,tmux,idle,2,False,0.15,0.13,echo_ms,38,1.078071
latency,tmux,idle,2,False,0.15,0.13,echo_ms,39,1.054298
latency,tmux,idle,2,False,0.15,0.13,echo_ms,40,1.112002
latency,tmux,idle,2,False,0.15,0.13,echo_ms,41,0.98166
latency,tmux,idle,2,False,0.15,0.13,echo_ms,42,1.004586
latency,tmux,idle,2,False,0.15,0.13,echo_ms,43,1.055718
latency,tmux,idle,2,False,0.15,0.13,echo_ms,44,1.112975
latency,tmux,idle,2,False,0.15,0.13,echo_ms,45,0.914699
latency,tmux,idle,2,False,0.15,0.13,echo_ms,46,1.028818
latency,tmux,idle,2,False,0.15,0.13,echo_ms,47,1.031043
latency,tmux,idle,2,False,0.15,0.13,echo_ms,48,1.08722
latency,tmux,idle,2,False,0.15,0.13,echo_ms,49,1.091277
latency,tmux,idle,2,False,0.15,0.13,echo_ms,50,1.083327
latency,tmux,idle,2,False,0.15,0.13,echo_ms,51,1.081344
latency,tmux,idle,2,False,0.15,0.13,echo_ms,52,0.906069
latency,tmux,idle,2,False,0.15,0.13,echo_ms,53,1.033324
latency,tmux,idle,2,False,0.15,0.13,echo_ms,54,1.057258
latency,tmux,idle,2,False,0.15,0.13,echo_ms,55,0.788901
latency,tmux,idle,2,False,0.15,0.13,echo_ms,56,0.963372
latency,tmux,idle,2,False,0.15,0.13,echo_ms,57,0.951692
latency,tmux,idle,2,False,0.15,0.13,echo_ms,58,1.065341
latency,tmux,idle,2,False,0.15,0.13,echo_ms,59,0.681906
latency,tmux,idle,2,False,0.15,0.13,echo_ms,60,1.068345
latency,tmux,idle,2,False,0.15,0.13,echo_ms,61,1.04833
latency,tmux,idle,2,False,0.15,0.13,echo_ms,62,1.028327
latency,tmux,idle,2,False,0.15,0.13,echo_ms,63,1.071552
latency,tmux,idle,2,False,0.15,0.13,echo_ms,64,1.051529
latency,tmux,idle,2,False,0.15,0.13,echo_ms,65,1.03544
latency,tmux,idle,2,False,0.15,0.13,echo_ms,66,1.061468
latency,tmux,idle,2,False,0.15,0.13,echo_ms,67,0.99774
latency,tmux,idle,2,False,0.15,0.13,echo_ms,68,1.070733
latency,tmux,idle,2,False,0.15,0.13,echo_ms,69,1.104635
latency,tmux,idle,2,False,0.15,0.13,echo_ms,70,1.076872
latency,tmux,idle,2,False,0.15,0.13,echo_ms,71,1.068052
latency,tmux,idle,2,False,0.15,0.13,echo_ms,72,1.043151
latency,tmux,idle,2,False,0.15,0.13,echo_ms,73,1.03423
latency,tmux,idle,2,False,0.15,0.13,echo_ms,74,1.04563
latency,tmux,idle,2,False,0.15,0.13,echo_ms,75,1.043583
latency,tmux,idle,2,False,0.15,0.13,echo_ms,76,1.056003
latency,tmux,idle,2,False,0.15,0.13,echo_ms,77,1.030472
latency,tmux,idle,2,False,0.15,0.13,echo_ms,78,1.10899
latency,tmux,idle,2,False,0.15,0.13,echo_ms,79,1.070227
latency,tmux,idle,2,False,0.15,0.13,echo_ms,80,1.101542
latency,tmux,idle,2,False,0.15,0.13,echo_ms,81,1.053609
latency,tmux,idle,2,False,0.15,0.13,echo_ms,82,1.065798
latency,tmux,idle,2,False,0.15,0.13,echo_ms,83,0.869743
latency,tmux,idle,2,False,0.15,0.13,echo_ms,84,1.051776
latency,tmux,idle,2,False,0.15,0.13,echo_ms,85,1.058928
latency,tmux,idle,2,False,0.15,0.13,echo_ms,86,1.071445
latency,tmux,idle,2,False,0.15,0.13,echo_ms,87,1.067351
latency,tmux,idle,2,False,0.15,0.13,echo_ms,88,1.075083
latency,tmux,idle,2,False,0.15,0.13,echo_ms,89,1.07278
latency,tmux,idle,2,False,0.15,0.13,echo_ms,90,1.075234
latency,tmux,idle,2,False,0.15,0.13,echo_ms,91,1.074345
latency,tmux,idle,2,False,0.15,0.13,echo_ms,92,1.040603
latency,tmux,idle,2,False,0.15,0.13,echo_ms,93,1.043508
latency,tmux,idle,2,False,0.15,0.13,echo_ms,94,1.080739
latency,tmux,idle,2,False,0.15,0.13,echo_ms,95,1.068358
latency,tmux,idle,2,False,0.15,0.13,echo_ms,96,1.122141
latency,tmux,idle,2,False,0.15,0.13,echo_ms,97,1.046443
latency,tmux,idle,2,False,0.15,0.13,echo_ms,98,0.955559
latency,tmux,idle,2,False,0.15,0.13,echo_ms,99,1.033312
latency,tmux,idle,2,False,0.15,0.13,timeouts,,0
latency,herdr,idle,2,False,0.13,0.11,echo_ms,0,2.355013
latency,herdr,idle,2,False,0.13,0.11,echo_ms,1,2.290609
latency,herdr,idle,2,False,0.13,0.11,echo_ms,2,2.310276
latency,herdr,idle,2,False,0.13,0.11,echo_ms,3,2.233746
latency,herdr,idle,2,False,0.13,0.11,echo_ms,4,2.183818
latency,herdr,idle,2,False,0.13,0.11,echo_ms,5,2.318691
latency,herdr,idle,2,False,0.13,0.11,echo_ms,6,2.160795
latency,herdr,idle,2,False,0.13,0.11,echo_ms,7,2.112132
latency,herdr,idle,2,False,0.13,0.11,echo_ms,8,2.312857
latency,herdr,idle,2,False,0.13,0.11,echo_ms,9,2.169406
latency,herdr,idle,2,False,0.13,0.11,echo_ms,10,2.348048
latency,herdr,idle,2,False,0.13,0.11,echo_ms,11,1.908256
latency,herdr,idle,2,False,0.13,0.11,echo_ms,12,2.208959
latency,herdr,idle,2,False,0.13,0.11,echo_ms,13,2.306478
latency,herdr,idle,2,False,0.13,0.11,echo_ms,14,2.294267
latency,herdr,idle,2,False,0.13,0.11,echo_ms,15,2.120214
latency,herdr,idle,2,False,0.13,0.11,echo_ms,16,2.304946
latency,herdr,idle,2,False,0.13,0.11,echo_ms,17,2.100701
latency,herdr,idle,2,False,0.13,0.11,echo_ms,18,2.232247
latency,herdr,idle,2,False,0.13,0.11,echo_ms,19,2.318901
latency,herdr,idle,2,False,0.13,0.11,echo_ms,20,2.375876
latency,herdr,idle,2,False,0.13,0.11,echo_ms,21,2.132183
latency,herdr,idle,2,False,0.13,0.11,echo_ms,22,2.014504
latency,herdr,idle,2,False,0.13,0.11,echo_ms,23,2.288167
latency,herdr,idle,2,False,0.13,0.11,echo_ms,24,2.123597
latency,herdr,idle,2,False,0.13,0.11,echo_ms,25,2.279978
latency,herdr,idle,2,False,0.13,0.11,echo_ms,26,1.903563
latency,herdr,idle,2,False,0.13,0.11,echo_ms,27,2.173043
latency,herdr,idle,2,False,0.13,0.11,echo_ms,28,2.263892
latency,herdr,idle,2,False,0.13,0.11,echo_ms,29,2.271825
latency,herdr,idle,2,False,0.13,0.11,echo_ms,30,2.315032
latency,herdr,idle,2,False,0.13,0.11,echo_ms,31,2.182837
latency,herdr,idle,2,False,0.13,0.11,echo_ms,32,1.529918
latency,herdr,idle,2,False,0.13,0.11,echo_ms,33,2.239787
latency,herdr,idle,2,False,0.13,0.11,echo_ms,34,2.253751
latency,herdr,idle,2,False,0.13,0.11,echo_ms,35,2.170652
latency,herdr,idle,2,False,0.13,0.11,echo_ms,36,2.260997
latency,herdr,idle,2,False,0.13,0.11,echo_ms,37,2.262679
latency,herdr,idle,2,False,0.13,0.11,echo_ms,38,2.287818
latency,herdr,idle,2,False,0.13,0.11,echo_ms,39,1.820479
latency,herdr,idle,2,False,0.13,0.11,echo_ms,40,2.275326
latency,herdr,idle,2,False,0.13,0.11,echo_ms,41,2.271175
latency,herdr,idle,2,False,0.13,0.11,echo_ms,42,2.145244
latency,herdr,idle,2,False,0.13,0.11,echo_ms,43,2.316656
latency,herdr,idle,2,False,0.13,0.11,echo_ms,44,2.17737
latency,herdr,idle,2,False,0.13,0.11,echo_ms,45,1.102757
latency,herdr,idle,2,False,0.13,0.11,echo_ms,46,2.195636
latency,herdr,idle,2,False,0.13,0.11,echo_ms,47,2.191545
latency,herdr,idle,2,False,0.13,0.11,echo_ms,48,2.173089
latency,herdr,idle,2,False,0.13,0.11,echo_ms,49,2.303073
latency,herdr,idle,2,False,0.13,0.11,echo_ms,50,2.265156
latency,herdr,idle,2,False,0.13,0.11,echo_ms,51,2.229139
latency,herdr,idle,2,False,0.13,0.11,echo_ms,52,2.224338
latency,herdr,idle,2,False,0.13,0.11,echo_ms,53,0.729269
latency,herdr,idle,2,False,0.13,0.11,echo_ms,54,2.198304
latency,herdr,idle,2,False,0.13,0.11,echo_ms,55,1.50774
latency,herdr,idle,2,False,0.13,0.11,echo_ms,56,2.324016
latency,herdr,idle,2,False,0.13,0.11,echo_ms,57,2.337687
latency,herdr,idle,2,False,0.13,0.11,echo_ms,58,1.997103
latency,herdr,idle,2,False,0.13,0.11,echo_ms,59,2.27967
latency,herdr,idle,2,False,0.13,0.11,echo_ms,60,2.273812
latency,herdr,idle,2,False,0.13,0.11,echo_ms,61,2.324585
latency,herdr,idle,2,False,0.13,0.11,echo_ms,62,2.344742
latency,herdr,idle,2,False,0.13,0.11,echo_ms,63,2.265933
latency,herdr,idle,2,False,0.13,0.11,echo_ms,64,2.241465
latency,herdr,idle,2,False,0.13,0.11,echo_ms,65,2.252286
latency,herdr,idle,2,False,0.13,0.11,echo_ms,66,2.177306
latency,herdr,idle,2,False,0.13,0.11,echo_ms,67,2.240501
latency,herdr,idle,2,False,0.13,0.11,echo_ms,68,2.184921
latency,herdr,idle,2,False,0.13,0.11,echo_ms,69,2.276451
latency,herdr,idle,2,False,0.13,0.11,echo_ms,70,2.206046
latency,herdr,idle,2,False,0.13,0.11,echo_ms,71,2.397178
latency,herdr,idle,2,False,0.13,0.11,echo_ms,72,2.251214
latency,herdr,idle,2,False,0.13,0.11,echo_ms,73,2.294329
latency,herdr,idle,2,False,0.13,0.11,echo_ms,74,2.344537
latency,herdr,idle,2,False,0.13,0.11,echo_ms,75,2.248672
latency,herdr,idle,2,False,0.13,0.11,echo_ms,76,2.266081
latency,herdr,idle,2,False,0.13,0.11,echo_ms,77,2.291452
latency,herdr,idle,2,False,0.13,0.11,echo_ms,78,2.191673
latency,herdr,idle,2,False,0.13,0.11,echo_ms,79,2.27863
latency,herdr,idle,2,False,0.13,0.11,echo_ms,80,2.178561
latency,herdr,idle,2,False,0.13,0.11,echo_ms,81,2.074126
latency,herdr,idle,2,False,0.13,0.11,echo_ms,82,1.5133
latency,herdr,idle,2,False,0.13,0.11,echo_ms,83,2.361087
latency,herdr,idle,2,False,0.13,0.11,echo_ms,84,2.357025
latency,herdr,idle,2,False,0.13,0.11,echo_ms,85,2.252998
latency,herdr,idle,2,False,0.13,0.11,echo_ms,86,2.209231
latency,herdr,idle,2,False,0.13,0.11,echo_ms,87,2.186426
latency,herdr,idle,2,False,0.13,0.11,echo_ms,88,2.20102
latency,herdr,idle,2,False,0.13,0.11,echo_ms,89,2.318358
latency,herdr,idle,2,False,0.13,0.11,echo_ms,90,2.191387
latency,herdr,idle,2,False,0.13,0.11,echo_ms,91,2.160692
latency,herdr,idle,2,False,0.13,0.11,echo_ms,92,2.235148
latency,herdr,idle,2,False,0.13,0.11,echo_ms,93,2.282281
latency,herdr,idle,2,False,0.13,0.11,echo_ms,94,2.063963
latency,herdr,idle,2,False,0.13,0.11,echo_ms,95,2.174474
latency,herdr,idle,2,False,0.13,0.11,echo_ms,96,2.302
latency,herdr,idle,2,False,0.13,0.11,echo_ms,97,2.308882
latency,herdr,idle,2,False,0.13,0.11,echo_ms,98,2.056686
latency,herdr,idle,2,False,0.13,0.11,echo_ms,99,2.289711
latency,herdr,idle,2,False,0.13,0.11,timeouts,,0
latency,thurbox,idle,2,False,0.11,0.09,echo_ms,0,48.458519
latency,thurbox,idle,2,False,0.11,0.09,echo_ms,1,47.077016
latency,thurbox,idle,2,False,0.11,0.09,echo_ms,2,4.515714
latency,thurbox,idle,2,False,0.11,0.09,echo_ms,3,47.826039
latency,thurbox,idle,2,False,0.11,0.09,echo_ms,4,25.450794
latency,thurbox,idle,2,False,0.11,0.09,echo_ms,5,13.640767
latency,thurbox,idle,2,False,0.11,0.09,echo_ms,6,47.350064
latency,thurbox,idle,2,False,0.11,0.09,echo_ms,7,46.362021
latency,thurbox,idle,2,False,0.11,0.09,echo_ms,8,12.217544
latency,thurbox,idle,2,False,0.11,0.09,echo_ms,9,4.289742
latency,thurbox,idle,2,False,0.11,0.09,echo_ms,10,48.132552
latency,thurbox,idle,2,False,0.11,0.09,echo_ms,11,24.075893
latency,thurbox,idle,2,False,0.11,0.09,echo_ms,12,4.638488
latency,thurbox,idle,2,False,0.11,0.09,echo_ms,13,5.5332
latency,thurbox,idle,2,False,0.11,0.09,echo_ms,14,47.243727
latency,thurbox,idle,2,False,0.11,0.09,echo_ms,15,4.228401
latency,thurbox,idle,2,False,0.11,0.09,echo_ms,16,4.224618
latency,thurbox,idle,2,False,0.11,0.09,echo_ms,17,47.33065
latency,thurbox,idle,2,False,0.11,0.09,echo_ms,18,25.599044
latency,thurbox,idle,2,False,0.11,0.09,echo_ms,19,14.66342
latency,thurbox,idle,2,False,0.11,0.09,echo_ms,20,47.087637
latency,thurbox,idle,2,False,0.11,0.09,echo_ms,21,4.513585
latency,thurbox,idle,2,False,0.11,0.09,echo_ms,22,1.941108
latency,thurbox,idle,2,False,0.11,0.09,echo_ms,23,46.385141
latency,thurbox,idle,2,False,0.11,0.09,echo_ms,24,48.507656
latency,thurbox,idle,2,False,0.11,0.09,echo_ms,25,12.558172
latency,thurbox,idle,2,False,0.11,0.09,echo_ms,26,14.673039
latency,thurbox,idle,2,False,0.11,0.09,echo_ms,27,13.629969
latency,thurbox,idle,2,False,0.11,0.09,echo_ms,28,5.609849
latency,thurbox,idle,2,False,0.11,0.09,echo_ms,29,47.978708
latency,thurbox,idle,2,False,0.11,0.09,echo_ms,30,46.877923
latency,thurbox,idle,2,False,0.11,0.09,echo_ms,31,13.025443
latency,thurbox,idle,2,False,0.11,0.09,echo_ms,32,13.628684
latency,thurbox,idle,2,False,0.11,0.09,echo_ms,33,47.046669
latency,thurbox,idle,2,False,0.11,0.09,echo_ms,34,25.428115
latency,thurbox,idle,2,False,0.11,0.09,echo_ms,35,48.113623
latency,thurbox,idle,2,False,0.11,0.09,echo_ms,36,46.915553
latency,thurbox,idle,2,False,0.11,0.09,echo_ms,37,25.474807
latency,thurbox,idle,2,False,0.11,0.09,echo_ms,38,14.627328
latency,thurbox,idle,2,False,0.11,0.09,echo_ms,39,47.960892
latency,thurbox,idle,2,False,0.11,0.09,echo_ms,40,47.07684
latency,thurbox,idle,2,False,0.11,0.09,echo_ms,41,13.63084
latency,thurbox,idle,2,False,0.11,0.09,echo_ms,42,48.074321
latency,thurbox,idle,2,False,0.11,0.09,echo_ms,43,47.085113
latency,thurbox,idle,2,False,0.11,0.09,echo_ms,44,49.231396
latency,thurbox,idle,2,False,0.11,0.09,echo_ms,45,13.664198
latency,thurbox,idle,2,False,0.11,0.09,echo_ms,46,13.715762
latency,thurbox,idle,2,False,0.11,0.09,echo_ms,47,25.848155
latency,thurbox,idle,2,False,0.11,0.09,echo_ms,48,24.355997
latency,thurbox,idle,2,False,0.11,0.09,echo_ms,49,13.690137
latency,thurbox,idle,2,False,0.11,0.09,echo_ms,50,13.612542
latency,thurbox,idle,2,False,0.11,0.09,echo_ms,51,47.293699
latency,thurbox,idle,2,False,0.11,0.09,echo_ms,52,24.232612
latency,thurbox,idle,2,False,0.11,0.09,echo_ms,53,47.980574
latency,thurbox,idle,2,False,0.11,0.09,echo_ms,54,47.234816
latency,thurbox,idle,2,False,0.11,0.09,echo_ms,55,48.001072
latency,thurbox,idle,2,False,0.11,0.09,echo_ms,56,13.647563
latency,thurbox,idle,2,False,0.11,0.09,echo_ms,57,4.725733
latency,thurbox,idle,2,False,0.11,0.09,echo_ms,58,5.603444
latency,thurbox,idle,2,False,0.11,0.09,echo_ms,59,47.026446
latency,thurbox,idle,2,False,0.11,0.09,echo_ms,60,13.628815
latency,thurbox,idle,2,False,0.11,0.09,echo_ms,61,4.132534
latency,thurbox,idle,2,False,0.11,0.09,echo_ms,62,12.876714
latency,thurbox,idle,2,False,0.11,0.09,echo_ms,63,46.978411
latency,thurbox,idle,2,False,0.11,0.09,echo_ms,64,4.471135
latency,thurbox,idle,2,False,0.11,0.09,echo_ms,65,47.483006
latency,thurbox,idle,2,False,0.11,0.09,echo_ms,66,46.989205
latency,thurbox,idle,2,False,0.11,0.09,echo_ms,67,48.408272
latency,thurbox,idle,2,False,0.11,0.09,echo_ms,68,46.979052
latency,thurbox,idle,2,False,0.11,0.09,echo_ms,69,4.055811
latency,thurbox,idle,2,False,0.11,0.09,echo_ms,70,48.011527
latency,thurbox,idle,2,False,0.11,0.09,echo_ms,71,22.529037
latency,thurbox,idle,2,False,0.11,0.09,echo_ms,72,46.783601
latency,thurbox,idle,2,False,0.11,0.09,echo_ms,73,48.045193
latency,thurbox,idle,2,False,0.11,0.09,echo_ms,74,4.560437
latency,thurbox,idle,2,False,0.11,0.09,echo_ms,75,4.133093
latency,thurbox,idle,2,False,0.11,0.09,echo_ms,76,48.013984
latency,thurbox,idle,2,False,0.11,0.09,echo_ms,77,46.743552
latency,thurbox,idle,2,False,0.11,0.09,echo_ms,78,48.355398
latency,thurbox,idle,2,False,0.11,0.09,echo_ms,79,23.945447
latency,thurbox,idle,2,False,0.11,0.09,echo_ms,80,26.931245
latency,thurbox,idle,2,False,0.11,0.09,echo_ms,81,4.574307
latency,thurbox,idle,2,False,0.11,0.09,echo_ms,82,43.356345
latency,thurbox,idle,2,False,0.11,0.09,echo_ms,83,3.14863
latency,thurbox,idle,2,False,0.11,0.09,echo_ms,84,48.310361
latency,thurbox,idle,2,False,0.11,0.09,echo_ms,85,46.886675
latency,thurbox,idle,2,False,0.11,0.09,echo_ms,86,4.142237
latency,thurbox,idle,2,False,0.11,0.09,echo_ms,87,24.113758
latency,thurbox,idle,2,False,0.11,0.09,echo_ms,88,47.105371
latency,thurbox,idle,2,False,0.11,0.09,echo_ms,89,13.321011
latency,thurbox,idle,2,False,0.11,0.09,echo_ms,90,13.502175
latency,thurbox,idle,2,False,0.11,0.09,echo_ms,91,47.100346
latency,thurbox,idle,2,False,0.11,0.09,echo_ms,92,23.994139
latency,thurbox,idle,2,False,0.11,0.09,echo_ms,93,14.447067
latency,thurbox,idle,2,False,0.11,0.09,echo_ms,94,13.827233
latency,thurbox,idle,2,False,0.11,0.09,echo_ms,95,4.11044
latency,thurbox,idle,2,False,0.11,0.09,echo_ms,96,47.976447
latency,thurbox,idle,2,False,0.11,0.09,echo_ms,97,47.304729
latency,thurbox,idle,2,False,0.11,0.09,echo_ms,98,14.595894
latency,thurbox,idle,2,False,0.11,0.09,echo_ms,99,1.853675
latency,thurbox,idle,2,False,0.11,0.09,timeouts,,0
latency,tmux,idle,3,False,0.09,0.16,echo_ms,0,1.070005
latency,tmux,idle,3,False,0.09,0.16,echo_ms,1,1.056844
latency,tmux,idle,3,False,0.09,0.16,echo_ms,2,1.099833
latency,tmux,idle,3,False,0.09,0.16,echo_ms,3,1.006346
latency,tmux,idle,3,False,0.09,0.16,echo_ms,4,1.095889
latency,tmux,idle,3,False,0.09,0.16,echo_ms,5,0.976099
latency,tmux,idle,3,False,0.09,0.16,echo_ms,6,1.105067
latency,tmux,idle,3,False,0.09,0.16,echo_ms,7,1.088317
latency,tmux,idle,3,False,0.09,0.16,echo_ms,8,1.070738
latency,tmux,idle,3,False,0.09,0.16,echo_ms,9,1.10196
latency,tmux,idle,3,False,0.09,0.16,echo_ms,10,1.101199
latency,tmux,idle,3,False,0.09,0.16,echo_ms,11,1.002614
latency,tmux,idle,3,False,0.09,0.16,echo_ms,12,1.032852
latency,tmux,idle,3,False,0.09,0.16,echo_ms,13,1.048618
latency,tmux,idle,3,False,0.09,0.16,echo_ms,14,1.053268
latency,tmux,idle,3,False,0.09,0.16,echo_ms,15,1.057202
latency,tmux,idle,3,False,0.09,0.16,echo_ms,16,0.990158
latency,tmux,idle,3,False,0.09,0.16,echo_ms,17,1.066005
latency,tmux,idle,3,False,0.09,0.16,echo_ms,18,1.022625
latency,tmux,idle,3,False,0.09,0.16,echo_ms,19,0.821265
latency,tmux,idle,3,False,0.09,0.16,echo_ms,20,0.733253
latency,tmux,idle,3,False,0.09,0.16,echo_ms,21,0.644601
latency,tmux,idle,3,False,0.09,0.16,echo_ms,22,0.863436
latency,tmux,idle,3,False,0.09,0.16,echo_ms,23,1.05951
latency,tmux,idle,3,False,0.09,0.16,echo_ms,24,0.998857
latency,tmux,idle,3,False,0.09,0.16,echo_ms,25,1.055241
latency,tmux,idle,3,False,0.09,0.16,echo_ms,26,1.04884
latency,tmux,idle,3,False,0.09,0.16,echo_ms,27,1.072553
latency,tmux,idle,3,False,0.09,0.16,echo_ms,28,1.054356
latency,tmux,idle,3,False,0.09,0.16,echo_ms,29,1.068002
latency,tmux,idle,3,False,0.09,0.16,echo_ms,30,1.05839
latency,tmux,idle,3,False,0.09,0.16,echo_ms,31,1.078236
latency,tmux,idle,3,False,0.09,0.16,echo_ms,32,1.049866
latency,tmux,idle,3,False,0.09,0.16,echo_ms,33,1.072279
latency,tmux,idle,3,False,0.09,0.16,echo_ms,34,1.063258
latency,tmux,idle,3,False,0.09,0.16,echo_ms,35,1.061771
latency,tmux,idle,3,False,0.09,0.16,echo_ms,36,1.080702
latency,tmux,idle,3,False,0.09,0.16,echo_ms,37,1.052939
latency,tmux,idle,3,False,0.09,0.16,echo_ms,38,1.071927
latency,tmux,idle,3,False,0.09,0.16,echo_ms,39,1.05615
latency,tmux,idle,3,False,0.09,0.16,echo_ms,40,1.061724
latency,tmux,idle,3,False,0.09,0.16,echo_ms,41,1.08117
latency,tmux,idle,3,False,0.09,0.16,echo_ms,42,1.042286
latency,tmux,idle,3,False,0.09,0.16,echo_ms,43,1.055437
latency,tmux,idle,3,False,0.09,0.16,echo_ms,44,1.068292
latency,tmux,idle,3,False,0.09,0.16,echo_ms,45,1.084302
latency,tmux,idle,3,False,0.09,0.16,echo_ms,46,1.072848
latency,tmux,idle,3,False,0.09,0.16,echo_ms,47,1.077385
latency,tmux,idle,3,False,0.09,0.16,echo_ms,48,1.063292
latency,tmux,idle,3,False,0.09,0.16,echo_ms,49,1.043171
latency,tmux,idle,3,False,0.09,0.16,echo_ms,50,1.057037
latency,tmux,idle,3,False,0.09,0.16,echo_ms,51,1.115457
latency,tmux,idle,3,False,0.09,0.16,echo_ms,52,1.067084
latency,tmux,idle,3,False,0.09,0.16,echo_ms,53,1.069972
latency,tmux,idle,3,False,0.09,0.16,echo_ms,54,1.08645
latency,tmux,idle,3,False,0.09,0.16,echo_ms,55,1.046745
latency,tmux,idle,3,False,0.09,0.16,echo_ms,56,1.038338
latency,tmux,idle,3,False,0.09,0.16,echo_ms,57,1.006271
latency,tmux,idle,3,False,0.09,0.16,echo_ms,58,1.069357
latency,tmux,idle,3,False,0.09,0.16,echo_ms,59,1.076522
latency,tmux,idle,3,False,0.09,0.16,echo_ms,60,1.090376
latency,tmux,idle,3,False,0.09,0.16,echo_ms,61,1.068625
latency,tmux,idle,3,False,0.09,0.16,echo_ms,62,1.047576
latency,tmux,idle,3,False,0.09,0.16,echo_ms,63,0.917672
latency,tmux,idle,3,False,0.09,0.16,echo_ms,64,1.017411
latency,tmux,idle,3,False,0.09,0.16,echo_ms,65,1.064324
latency,tmux,idle,3,False,0.09,0.16,echo_ms,66,0.466877
latency,tmux,idle,3,False,0.09,0.16,echo_ms,67,0.724799
latency,tmux,idle,3,False,0.09,0.16,echo_ms,68,1.034285
latency,tmux,idle,3,False,0.09,0.16,echo_ms,69,1.074606
latency,tmux,idle,3,False,0.09,0.16,echo_ms,70,1.082252
latency,tmux,idle,3,False,0.09,0.16,echo_ms,71,1.08556
latency,tmux,idle,3,False,0.09,0.16,echo_ms,72,1.075292
latency,tmux,idle,3,False,0.09,0.16,echo_ms,73,1.076796
latency,tmux,idle,3,False,0.09,0.16,echo_ms,74,0.733656
latency,tmux,idle,3,False,0.09,0.16,echo_ms,75,0.842231
latency,tmux,idle,3,False,0.09,0.16,echo_ms,76,1.017542
latency,tmux,idle,3,False,0.09,0.16,echo_ms,77,0.987171
latency,tmux,idle,3,False,0.09,0.16,echo_ms,78,1.076872
latency,tmux,idle,3,False,0.09,0.16,echo_ms,79,1.069647
latency,tmux,idle,3,False,0.09,0.16,echo_ms,80,0.960044
latency,tmux,idle,3,False,0.09,0.16,echo_ms,81,1.009642
latency,tmux,idle,3,False,0.09,0.16,echo_ms,82,1.046953
latency,tmux,idle,3,False,0.09,0.16,echo_ms,83,1.051197
latency,tmux,idle,3,False,0.09,0.16,echo_ms,84,1.015659
latency,tmux,idle,3,False,0.09,0.16,echo_ms,85,1.074404
latency,tmux,idle,3,False,0.09,0.16,echo_ms,86,1.048829
latency,tmux,idle,3,False,0.09,0.16,echo_ms,87,1.07704
latency,tmux,idle,3,False,0.09,0.16,echo_ms,88,1.051124
latency,tmux,idle,3,False,0.09,0.16,echo_ms,89,1.03706
latency,tmux,idle,3,False,0.09,0.16,echo_ms,90,1.092942
latency,tmux,idle,3,False,0.09,0.16,echo_ms,91,1.066337
latency,tmux,idle,3,False,0.09,0.16,echo_ms,92,1.076997
latency,tmux,idle,3,False,0.09,0.16,echo_ms,93,0.716277
latency,tmux,idle,3,False,0.09,0.16,echo_ms,94,1.079434
latency,tmux,idle,3,False,0.09,0.16,echo_ms,95,1.04294
latency,tmux,idle,3,False,0.09,0.16,echo_ms,96,1.061559
latency,tmux,idle,3,False,0.09,0.16,echo_ms,97,1.058999
latency,tmux,idle,3,False,0.09,0.16,echo_ms,98,1.066151
latency,tmux,idle,3,False,0.09,0.16,echo_ms,99,1.058596
latency,tmux,idle,3,False,0.09,0.16,timeouts,,0
latency,herdr,idle,3,False,0.16,0.14,echo_ms,0,2.357299
latency,herdr,idle,3,False,0.16,0.14,echo_ms,1,2.320082
latency,herdr,idle,3,False,0.16,0.14,echo_ms,2,2.223557
latency,herdr,idle,3,False,0.16,0.14,echo_ms,3,2.32756
latency,herdr,idle,3,False,0.16,0.14,echo_ms,4,2.335071
latency,herdr,idle,3,False,0.16,0.14,echo_ms,5,2.278521
latency,herdr,idle,3,False,0.16,0.14,echo_ms,6,2.277697
latency,herdr,idle,3,False,0.16,0.14,echo_ms,7,2.396974
latency,herdr,idle,3,False,0.16,0.14,echo_ms,8,2.28355
latency,herdr,idle,3,False,0.16,0.14,echo_ms,9,2.253907
latency,herdr,idle,3,False,0.16,0.14,echo_ms,10,2.178263
latency,herdr,idle,3,False,0.16,0.14,echo_ms,11,2.201213
latency,herdr,idle,3,False,0.16,0.14,echo_ms,12,2.292798
latency,herdr,idle,3,False,0.16,0.14,echo_ms,13,2.281844
latency,herdr,idle,3,False,0.16,0.14,echo_ms,14,2.200491
latency,herdr,idle,3,False,0.16,0.14,echo_ms,15,2.177892
latency,herdr,idle,3,False,0.16,0.14,echo_ms,16,2.26568
latency,herdr,idle,3,False,0.16,0.14,echo_ms,17,2.284839
latency,herdr,idle,3,False,0.16,0.14,echo_ms,18,2.223142
latency,herdr,idle,3,False,0.16,0.14,echo_ms,19,2.333802
latency,herdr,idle,3,False,0.16,0.14,echo_ms,20,2.335575
latency,herdr,idle,3,False,0.16,0.14,echo_ms,21,2.289085
latency,herdr,idle,3,False,0.16,0.14,echo_ms,22,2.263589
latency,herdr,idle,3,False,0.16,0.14,echo_ms,23,2.273102
latency,herdr,idle,3,False,0.16,0.14,echo_ms,24,2.349118
latency,herdr,idle,3,False,0.16,0.14,echo_ms,25,2.192327
latency,herdr,idle,3,False,0.16,0.14,echo_ms,26,2.331033
latency,herdr,idle,3,False,0.16,0.14,echo_ms,27,2.204391
latency,herdr,idle,3,False,0.16,0.14,echo_ms,28,2.290683
latency,herdr,idle,3,False,0.16,0.14,echo_ms,29,2.172996
latency,herdr,idle,3,False,0.16,0.14,echo_ms,30,2.12228
latency,herdr,idle,3,False,0.16,0.14,echo_ms,31,2.310944
latency,herdr,idle,3,False,0.16,0.14,echo_ms,32,2.313209
latency,herdr,idle,3,False,0.16,0.14,echo_ms,33,2.296037
latency,herdr,idle,3,False,0.16,0.14,echo_ms,34,2.222614
latency,herdr,idle,3,False,0.16,0.14,echo_ms,35,2.234563
latency,herdr,idle,3,False,0.16,0.14,echo_ms,36,2.326538
latency,herdr,idle,3,False,0.16,0.14,echo_ms,37,2.264689
latency,herdr,idle,3,False,0.16,0.14,echo_ms,38,2.339164
latency,herdr,idle,3,False,0.16,0.14,echo_ms,39,2.187626
latency,herdr,idle,3,False,0.16,0.14,echo_ms,40,2.291245
latency,herdr,idle,3,False,0.16,0.14,echo_ms,41,2.345566
latency,herdr,idle,3,False,0.16,0.14,echo_ms,42,2.265422
latency,herdr,idle,3,False,0.16,0.14,echo_ms,43,2.297172
latency,herdr,idle,3,False,0.16,0.14,echo_ms,44,2.228707
latency,herdr,idle,3,False,0.16,0.14,echo_ms,45,1.866998
latency,herdr,idle,3,False,0.16,0.14,echo_ms,46,2.224753
latency,herdr,idle,3,False,0.16,0.14,echo_ms,47,2.341806
latency,herdr,idle,3,False,0.16,0.14,echo_ms,48,1.987076
latency,herdr,idle,3,False,0.16,0.14,echo_ms,49,2.23508
latency,herdr,idle,3,False,0.16,0.14,echo_ms,50,2.333273
latency,herdr,idle,3,False,0.16,0.14,echo_ms,51,2.013152
latency,herdr,idle,3,False,0.16,0.14,echo_ms,52,2.186057
latency,herdr,idle,3,False,0.16,0.14,echo_ms,53,2.337125
latency,herdr,idle,3,False,0.16,0.14,echo_ms,54,2.177743
latency,herdr,idle,3,False,0.16,0.14,echo_ms,55,2.275279
latency,herdr,idle,3,False,0.16,0.14,echo_ms,56,2.230053
latency,herdr,idle,3,False,0.16,0.14,echo_ms,57,2.354318
latency,herdr,idle,3,False,0.16,0.14,echo_ms,58,2.154566
latency,herdr,idle,3,False,0.16,0.14,echo_ms,59,2.152455
latency,herdr,idle,3,False,0.16,0.14,echo_ms,60,2.185966
latency,herdr,idle,3,False,0.16,0.14,echo_ms,61,2.388249
latency,herdr,idle,3,False,0.16,0.14,echo_ms,62,2.330677
latency,herdr,idle,3,False,0.16,0.14,echo_ms,63,2.323981
latency,herdr,idle,3,False,0.16,0.14,echo_ms,64,2.197681
latency,herdr,idle,3,False,0.16,0.14,echo_ms,65,2.276457
latency,herdr,idle,3,False,0.16,0.14,echo_ms,66,2.301848
latency,herdr,idle,3,False,0.16,0.14,echo_ms,67,2.249491
latency,herdr,idle,3,False,0.16,0.14,echo_ms,68,1.286978
latency,herdr,idle,3,False,0.16,0.14,echo_ms,69,2.190538
latency,herdr,idle,3,False,0.16,0.14,echo_ms,70,2.221568
latency,herdr,idle,3,False,0.16,0.14,echo_ms,71,0.982894
latency,herdr,idle,3,False,0.16,0.14,echo_ms,72,2.011596
latency,herdr,idle,3,False,0.16,0.14,echo_ms,73,1.889306
latency,herdr,idle,3,False,0.16,0.14,echo_ms,74,1.613859
latency,herdr,idle,3,False,0.16,0.14,echo_ms,75,1.517576
latency,herdr,idle,3,False,0.16,0.14,echo_ms,76,2.246464
latency,herdr,idle,3,False,0.16,0.14,echo_ms,77,2.320605
latency,herdr,idle,3,False,0.16,0.14,echo_ms,78,2.246022
latency,herdr,idle,3,False,0.16,0.14,echo_ms,79,2.096186
latency,herdr,idle,3,False,0.16,0.14,echo_ms,80,2.364872
latency,herdr,idle,3,False,0.16,0.14,echo_ms,81,2.198163
latency,herdr,idle,3,False,0.16,0.14,echo_ms,82,2.169888
latency,herdr,idle,3,False,0.16,0.14,echo_ms,83,2.308332
latency,herdr,idle,3,False,0.16,0.14,echo_ms,84,2.30169
latency,herdr,idle,3,False,0.16,0.14,echo_ms,85,2.274793
latency,herdr,idle,3,False,0.16,0.14,echo_ms,86,2.275716
latency,herdr,idle,3,False,0.16,0.14,echo_ms,87,2.192528
latency,herdr,idle,3,False,0.16,0.14,echo_ms,88,2.278835
latency,herdr,idle,3,False,0.16,0.14,echo_ms,89,1.971852
latency,herdr,idle,3,False,0.16,0.14,echo_ms,90,2.251872
latency,herdr,idle,3,False,0.16,0.14,echo_ms,91,2.262778
latency,herdr,idle,3,False,0.16,0.14,echo_ms,92,2.271741
latency,herdr,idle,3,False,0.16,0.14,echo_ms,93,2.143923
latency,herdr,idle,3,False,0.16,0.14,echo_ms,94,2.344716
latency,herdr,idle,3,False,0.16,0.14,echo_ms,95,2.066804
latency,herdr,idle,3,False,0.16,0.14,echo_ms,96,2.227779
latency,herdr,idle,3,False,0.16,0.14,echo_ms,97,2.160892
latency,herdr,idle,3,False,0.16,0.14,echo_ms,98,2.206541
latency,herdr,idle,3,False,0.16,0.14,echo_ms,99,2.156685
latency,herdr,idle,3,False,0.16,0.14,timeouts,,0
latency,thurbox,idle,3,False,0.13,0.12,echo_ms,0,48.529383
latency,thurbox,idle,3,False,0.13,0.12,echo_ms,1,47.090231
latency,thurbox,idle,3,False,0.13,0.12,echo_ms,2,48.426518
latency,thurbox,idle,3,False,0.13,0.12,echo_ms,3,47.158251
latency,thurbox,idle,3,False,0.13,0.12,echo_ms,4,14.62017
latency,thurbox,idle,3,False,0.13,0.12,echo_ms,5,13.619376
latency,thurbox,idle,3,False,0.13,0.12,echo_ms,6,14.641778
latency,thurbox,idle,3,False,0.13,0.12,echo_ms,7,48.035759
latency,thurbox,idle,3,False,0.13,0.12,echo_ms,8,46.489197
latency,thurbox,idle,3,False,0.13,0.12,echo_ms,9,22.261241
latency,thurbox,idle,3,False,0.13,0.12,echo_ms,10,13.64547
latency,thurbox,idle,3,False,0.13,0.12,echo_ms,11,13.533582
latency,thurbox,idle,3,False,0.13,0.12,echo_ms,12,4.23677
latency,thurbox,idle,3,False,0.13,0.12,echo_ms,13,48.906647
latency,thurbox,idle,3,False,0.13,0.12,echo_ms,14,13.639191
latency,thurbox,idle,3,False,0.13,0.12,echo_ms,15,25.353513
latency,thurbox,idle,3,False,0.13,0.12,echo_ms,16,13.438023
latency,thurbox,idle,3,False,0.13,0.12,echo_ms,17,47.058816
latency,thurbox,idle,3,False,0.13,0.12,echo_ms,18,25.895914
latency,thurbox,idle,3,False,0.13,0.12,echo_ms,19,48.38717
latency,thurbox,idle,3,False,0.13,0.12,echo_ms,20,46.895055
latency,thurbox,idle,3,False,0.13,0.12,echo_ms,21,4.164705
latency,thurbox,idle,3,False,0.13,0.12,echo_ms,22,13.567714
latency,thurbox,idle,3,False,0.13,0.12,echo_ms,23,46.565286
latency,thurbox,idle,3,False,0.13,0.12,echo_ms,24,12.851077
latency,thurbox,idle,3,False,0.13,0.12,echo_ms,25,38.046262
latency,thurbox,idle,3,False,0.13,0.12,echo_ms,26,45.966396
latency,thurbox,idle,3,False,0.13,0.12,echo_ms,27,4.205769
latency,thurbox,idle,3,False,0.13,0.12,echo_ms,28,47.933455
latency,thurbox,idle,3,False,0.13,0.12,echo_ms,29,24.309149
latency,thurbox,idle,3,False,0.13,0.12,echo_ms,30,47.052805
latency,thurbox,idle,3,False,0.13,0.12,echo_ms,31,13.613244
latency,thurbox,idle,3,False,0.13,0.12,echo_ms,32,13.581848
latency,thurbox,idle,3,False,0.13,0.12,echo_ms,33,4.822116
latency,thurbox,idle,3,False,0.13,0.12,echo_ms,34,48.10864
latency,thurbox,idle,3,False,0.13,0.12,echo_ms,35,47.45109
latency,thurbox,idle,3,False,0.13,0.12,echo_ms,36,23.898698
latency,thurbox,idle,3,False,0.13,0.12,echo_ms,37,4.162716
latency,thurbox,idle,3,False,0.13,0.12,echo_ms,38,3.510744
latency,thurbox,idle,3,False,0.13,0.12,echo_ms,39,47.125814
latency,thurbox,idle,3,False,0.13,0.12,echo_ms,40,4.133659
latency,thurbox,idle,3,False,0.13,0.12,echo_ms,41,48.38236
latency,thurbox,idle,3,False,0.13,0.12,echo_ms,42,47.137069
latency,thurbox,idle,3,False,0.13,0.12,echo_ms,43,5.473628
latency,thurbox,idle,3,False,0.13,0.12,echo_ms,44,48.529508
latency,thurbox,idle,3,False,0.13,0.12,echo_ms,45,46.704702
latency,thurbox,idle,3,False,0.13,0.12,echo_ms,46,4.203938
latency,thurbox,idle,3,False,0.13,0.12,echo_ms,47,48.596437
latency,thurbox,idle,3,False,0.13,0.12,echo_ms,48,47.430316
latency,thurbox,idle,3,False,0.13,0.12,echo_ms,49,4.132372
latency,thurbox,idle,3,False,0.13,0.12,echo_ms,50,50.176265
latency,thurbox,idle,3,False,0.13,0.12,echo_ms,51,13.577708
latency,thurbox,idle,3,False,0.13,0.12,echo_ms,52,14.632817
latency,thurbox,idle,3,False,0.13,0.12,echo_ms,53,21.837424
latency,thurbox,idle,3,False,0.13,0.12,echo_ms,54,47.260922
latency,thurbox,idle,3,False,0.13,0.12,echo_ms,55,47.964828
latency,thurbox,idle,3,False,0.13,0.12,echo_ms,56,46.777174
latency,thurbox,idle,3,False,0.13,0.12,echo_ms,57,4.096476
latency,thurbox,idle,3,False,0.13,0.12,echo_ms,58,49.71336
latency,thurbox,idle,3,False,0.13,0.12,echo_ms,59,13.558232
latency,thurbox,idle,3,False,0.13,0.12,echo_ms,60,4.244288
latency,thurbox,idle,3,False,0.13,0.12,echo_ms,61,48.320306
latency,thurbox,idle,3,False,0.13,0.12,echo_ms,62,13.703172
latency,thurbox,idle,3,False,0.13,0.12,echo_ms,63,4.110526
latency,thurbox,idle,3,False,0.13,0.12,echo_ms,64,48.264186
latency,thurbox,idle,3,False,0.13,0.12,echo_ms,65,46.988678
latency,thurbox,idle,3,False,0.13,0.12,echo_ms,66,47.965213
latency,thurbox,idle,3,False,0.13,0.12,echo_ms,67,46.926363
latency,thurbox,idle,3,False,0.13,0.12,echo_ms,68,4.458463
latency,thurbox,idle,3,False,0.13,0.12,echo_ms,69,47.607961
latency,thurbox,idle,3,False,0.13,0.12,echo_ms,70,23.665965
latency,thurbox,idle,3,False,0.13,0.12,echo_ms,71,14.379833
latency,thurbox,idle,3,False,0.13,0.12,echo_ms,72,13.285779
latency,thurbox,idle,3,False,0.13,0.12,echo_ms,73,6.196121
latency,thurbox,idle,3,False,0.13,0.12,echo_ms,74,47.930311
latency,thurbox,idle,3,False,0.13,0.12,echo_ms,75,47.961958
latency,thurbox,idle,3,False,0.13,0.12,echo_ms,76,46.753839
latency,thurbox,idle,3,False,0.13,0.12,echo_ms,77,25.445589
latency,thurbox,idle,3,False,0.13,0.12,echo_ms,78,13.354799
latency,thurbox,idle,3,False,0.13,0.12,echo_ms,79,13.588566
latency,thurbox,idle,3,False,0.13,0.12,echo_ms,80,13.585161
latency,thurbox,idle,3,False,0.13,0.12,echo_ms,81,47.322967
latency,thurbox,idle,3,False,0.13,0.12,echo_ms,82,48.028203
latency,thurbox,idle,3,False,0.13,0.12,echo_ms,83,45.367739
latency,thurbox,idle,3,False,0.13,0.12,echo_ms,84,1.846664
latency,thurbox,idle,3,False,0.13,0.12,echo_ms,85,47.274393
latency,thurbox,idle,3,False,0.13,0.12,echo_ms,86,4.05548
latency,thurbox,idle,3,False,0.13,0.12,echo_ms,87,47.935985
latency,thurbox,idle,3,False,0.13,0.12,echo_ms,88,25.710384
latency,thurbox,idle,3,False,0.13,0.12,echo_ms,89,13.554802
latency,thurbox,idle,3,False,0.13,0.12,echo_ms,90,13.209587
latency,thurbox,idle,3,False,0.13,0.12,echo_ms,91,47.029189
latency,thurbox,idle,3,False,0.13,0.12,echo_ms,92,24.375949
latency,thurbox,idle,3,False,0.13,0.12,echo_ms,93,48.059381
latency,thurbox,idle,3,False,0.13,0.12,echo_ms,94,46.95555
latency,thurbox,idle,3,False,0.13,0.12,echo_ms,95,4.138588
latency,thurbox,idle,3,False,0.13,0.12,echo_ms,96,46.198537
latency,thurbox,idle,3,False,0.13,0.12,echo_ms,97,4.135113
latency,thurbox,idle,3,False,0.13,0.12,echo_ms,98,47.969342
latency,thurbox,idle,3,False,0.13,0.12,echo_ms,99,24.396414
latency,thurbox,idle,3,False,0.13,0.12,timeouts,,0
latency,tmux,idle,4,False,0.12,0.25,echo_ms,0,1.060022
latency,tmux,idle,4,False,0.12,0.25,echo_ms,1,0.876306
latency,tmux,idle,4,False,0.12,0.25,echo_ms,2,0.978382
latency,tmux,idle,4,False,0.12,0.25,echo_ms,3,0.929674
latency,tmux,idle,4,False,0.12,0.25,echo_ms,4,1.048099
latency,tmux,idle,4,False,0.12,0.25,echo_ms,5,1.029409
latency,tmux,idle,4,False,0.12,0.25,echo_ms,6,1.058179
latency,tmux,idle,4,False,0.12,0.25,echo_ms,7,1.067765
latency,tmux,idle,4,False,0.12,0.25,echo_ms,8,1.043289
latency,tmux,idle,4,False,0.12,0.25,echo_ms,9,1.061236
latency,tmux,idle,4,False,0.12,0.25,echo_ms,10,0.966521
latency,tmux,idle,4,False,0.12,0.25,echo_ms,11,1.022607
latency,tmux,idle,4,False,0.12,0.25,echo_ms,12,1.068508
latency,tmux,idle,4,False,0.12,0.25,echo_ms,13,1.034368
latency,tmux,idle,4,False,0.12,0.25,echo_ms,14,0.963897
latency,tmux,idle,4,False,0.12,0.25,echo_ms,15,1.054515
latency,tmux,idle,4,False,0.12,0.25,echo_ms,16,1.074174
latency,tmux,idle,4,False,0.12,0.25,echo_ms,17,1.026837
latency,tmux,idle,4,False,0.12,0.25,echo_ms,18,1.009405
latency,tmux,idle,4,False,0.12,0.25,echo_ms,19,0.917876
latency,tmux,idle,4,False,0.12,0.25,echo_ms,20,1.024929
latency,tmux,idle,4,False,0.12,0.25,echo_ms,21,1.058559
latency,tmux,idle,4,False,0.12,0.25,echo_ms,22,1.027482
latency,tmux,idle,4,False,0.12,0.25,echo_ms,23,1.001578
latency,tmux,idle,4,False,0.12,0.25,echo_ms,24,1.073871
latency,tmux,idle,4,False,0.12,0.25,echo_ms,25,0.983294
latency,tmux,idle,4,False,0.12,0.25,echo_ms,26,1.063602
latency,tmux,idle,4,False,0.12,0.25,echo_ms,27,0.960582
latency,tmux,idle,4,False,0.12,0.25,echo_ms,28,0.937709
latency,tmux,idle,4,False,0.12,0.25,echo_ms,29,0.935824
latency,tmux,idle,4,False,0.12,0.25,echo_ms,30,0.966966
latency,tmux,idle,4,False,0.12,0.25,echo_ms,31,1.028802
latency,tmux,idle,4,False,0.12,0.25,echo_ms,32,1.030046
latency,tmux,idle,4,False,0.12,0.25,echo_ms,33,0.875616
latency,tmux,idle,4,False,0.12,0.25,echo_ms,34,1.062721
latency,tmux,idle,4,False,0.12,0.25,echo_ms,35,0.980195
latency,tmux,idle,4,False,0.12,0.25,echo_ms,36,0.995972
latency,tmux,idle,4,False,0.12,0.25,echo_ms,37,0.918597
latency,tmux,idle,4,False,0.12,0.25,echo_ms,38,1.064934
latency,tmux,idle,4,False,0.12,0.25,echo_ms,39,1.127239
latency,tmux,idle,4,False,0.12,0.25,echo_ms,40,0.915175
latency,tmux,idle,4,False,0.12,0.25,echo_ms,41,0.95725
latency,tmux,idle,4,False,0.12,0.25,echo_ms,42,1.019207
latency,tmux,idle,4,False,0.12,0.25,echo_ms,43,1.052846
latency,tmux,idle,4,False,0.12,0.25,echo_ms,44,0.967365
latency,tmux,idle,4,False,0.12,0.25,echo_ms,45,1.057344
latency,tmux,idle,4,False,0.12,0.25,echo_ms,46,1.06082
latency,tmux,idle,4,False,0.12,0.25,echo_ms,47,1.013333
latency,tmux,idle,4,False,0.12,0.25,echo_ms,48,1.079118
latency,tmux,idle,4,False,0.12,0.25,echo_ms,49,1.058155
latency,tmux,idle,4,False,0.12,0.25,echo_ms,50,1.02184
latency,tmux,idle,4,False,0.12,0.25,echo_ms,51,1.036312
latency,tmux,idle,4,False,0.12,0.25,echo_ms,52,1.071163
latency,tmux,idle,4,False,0.12,0.25,echo_ms,53,1.031283
latency,tmux,idle,4,False,0.12,0.25,echo_ms,54,0.989973
latency,tmux,idle,4,False,0.12,0.25,echo_ms,55,1.00672
latency,tmux,idle,4,False,0.12,0.25,echo_ms,56,0.482054
latency,tmux,idle,4,False,0.12,0.25,echo_ms,57,0.505119
latency,tmux,idle,4,False,0.12,0.25,echo_ms,58,0.757263
latency,tmux,idle,4,False,0.12,0.25,echo_ms,59,1.067967
latency,tmux,idle,4,False,0.12,0.25,echo_ms,60,1.060523
latency,tmux,idle,4,False,0.12,0.25,echo_ms,61,1.062799
latency,tmux,idle,4,False,0.12,0.25,echo_ms,62,1.008138
latency,tmux,idle,4,False,0.12,0.25,echo_ms,63,1.018503
latency,tmux,idle,4,False,0.12,0.25,echo_ms,64,0.915368
latency,tmux,idle,4,False,0.12,0.25,echo_ms,65,0.915083
latency,tmux,idle,4,False,0.12,0.25,echo_ms,66,0.976116
latency,tmux,idle,4,False,0.12,0.25,echo_ms,67,0.915277
latency,tmux,idle,4,False,0.12,0.25,echo_ms,68,0.99623
latency,tmux,idle,4,False,0.12,0.25,echo_ms,69,1.044383
latency,tmux,idle,4,False,0.12,0.25,echo_ms,70,0.993644
latency,tmux,idle,4,False,0.12,0.25,echo_ms,71,0.953175
latency,tmux,idle,4,False,0.12,0.25,echo_ms,72,1.07096
latency,tmux,idle,4,False,0.12,0.25,echo_ms,73,1.058742
latency,tmux,idle,4,False,0.12,0.25,echo_ms,74,1.000339
latency,tmux,idle,4,False,0.12,0.25,echo_ms,75,1.058455
latency,tmux,idle,4,False,0.12,0.25,echo_ms,76,1.073224
latency,tmux,idle,4,False,0.12,0.25,echo_ms,77,1.054139
latency,tmux,idle,4,False,0.12,0.25,echo_ms,78,1.052746
latency,tmux,idle,4,False,0.12,0.25,echo_ms,79,1.043131
latency,tmux,idle,4,False,0.12,0.25,echo_ms,80,1.051691
latency,tmux,idle,4,False,0.12,0.25,echo_ms,81,1.070768
latency,tmux,idle,4,False,0.12,0.25,echo_ms,82,1.081688
latency,tmux,idle,4,False,0.12,0.25,echo_ms,83,1.074654
latency,tmux,idle,4,False,0.12,0.25,echo_ms,84,1.03921
latency,tmux,idle,4,False,0.12,0.25,echo_ms,85,0.989013
latency,tmux,idle,4,False,0.12,0.25,echo_ms,86,0.915072
latency,tmux,idle,4,False,0.12,0.25,echo_ms,87,1.070079
latency,tmux,idle,4,False,0.12,0.25,echo_ms,88,1.070108
latency,tmux,idle,4,False,0.12,0.25,echo_ms,89,1.022601
latency,tmux,idle,4,False,0.12,0.25,echo_ms,90,0.942873
latency,tmux,idle,4,False,0.12,0.25,echo_ms,91,0.989622
latency,tmux,idle,4,False,0.12,0.25,echo_ms,92,1.013596
latency,tmux,idle,4,False,0.12,0.25,echo_ms,93,1.06857
latency,tmux,idle,4,False,0.12,0.25,echo_ms,94,1.080463
latency,tmux,idle,4,False,0.12,0.25,echo_ms,95,1.098592
latency,tmux,idle,4,False,0.12,0.25,echo_ms,96,1.059991
latency,tmux,idle,4,False,0.12,0.25,echo_ms,97,0.916365
latency,tmux,idle,4,False,0.12,0.25,echo_ms,98,1.066455
latency,tmux,idle,4,False,0.12,0.25,echo_ms,99,0.936744
latency,tmux,idle,4,False,0.12,0.25,timeouts,,0
latency,herdr,idle,4,False,0.25,0.29,echo_ms,0,2.353902
latency,herdr,idle,4,False,0.25,0.29,echo_ms,1,2.142246
latency,herdr,idle,4,False,0.25,0.29,echo_ms,2,1.632018
latency,herdr,idle,4,False,0.25,0.29,echo_ms,3,2.223609
latency,herdr,idle,4,False,0.25,0.29,echo_ms,4,2.206309
latency,herdr,idle,4,False,0.25,0.29,echo_ms,5,2.270755
latency,herdr,idle,4,False,0.25,0.29,echo_ms,6,2.079125
latency,herdr,idle,4,False,0.25,0.29,echo_ms,7,2.222543
latency,herdr,idle,4,False,0.25,0.29,echo_ms,8,2.170158
latency,herdr,idle,4,False,0.25,0.29,echo_ms,9,2.162975
latency,herdr,idle,4,False,0.25,0.29,echo_ms,10,2.296386
latency,herdr,idle,4,False,0.25,0.29,echo_ms,11,2.298753
latency,herdr,idle,4,False,0.25,0.29,echo_ms,12,2.300454
latency,herdr,idle,4,False,0.25,0.29,echo_ms,13,2.114563
latency,herdr,idle,4,False,0.25,0.29,echo_ms,14,2.186275
latency,herdr,idle,4,False,0.25,0.29,echo_ms,15,2.090206
latency,herdr,idle,4,False,0.25,0.29,echo_ms,16,2.121311
latency,herdr,idle,4,False,0.25,0.29,echo_ms,17,2.324055
latency,herdr,idle,4,False,0.25,0.29,echo_ms,18,2.226535
latency,herdr,idle,4,False,0.25,0.29,echo_ms,19,2.132609
latency,herdr,idle,4,False,0.25,0.29,echo_ms,20,2.380341
latency,herdr,idle,4,False,0.25,0.29,echo_ms,21,2.087748
latency,herdr,idle,4,False,0.25,0.29,echo_ms,22,2.178355
latency,herdr,idle,4,False,0.25,0.29,echo_ms,23,2.142899
latency,herdr,idle,4,False,0.25,0.29,echo_ms,24,2.276556
latency,herdr,idle,4,False,0.25,0.29,echo_ms,25,2.129532
latency,herdr,idle,4,False,0.25,0.29,echo_ms,26,2.126418
latency,herdr,idle,4,False,0.25,0.29,echo_ms,27,2.079707
latency,herdr,idle,4,False,0.25,0.29,echo_ms,28,2.189787
latency,herdr,idle,4,False,0.25,0.29,echo_ms,29,2.194541
latency,herdr,idle,4,False,0.25,0.29,echo_ms,30,2.036649
latency,herdr,idle,4,False,0.25,0.29,echo_ms,31,2.18518
latency,herdr,idle,4,False,0.25,0.29,echo_ms,32,2.332192
latency,herdr,idle,4,False,0.25,0.29,echo_ms,33,1.462455
latency,herdr,idle,4,False,0.25,0.29,echo_ms,34,2.154362
latency,herdr,idle,4,False,0.25,0.29,echo_ms,35,2.082839
latency,herdr,idle,4,False,0.25,0.29,echo_ms,36,2.149576
latency,herdr,idle,4,False,0.25,0.29,echo_ms,37,2.300925
latency,herdr,idle,4,False,0.25,0.29,echo_ms,38,1.995792
latency,herdr,idle,4,False,0.25,0.29,echo_ms,39,1.979488
latency,herdr,idle,4,False,0.25,0.29,echo_ms,40,1.973084
latency,herdr,idle,4,False,0.25,0.29,echo_ms,41,2.017568
latency,herdr,idle,4,False,0.25,0.29,echo_ms,42,2.202936
latency,herdr,idle,4,False,0.25,0.29,echo_ms,43,2.094962
latency,herdr,idle,4,False,0.25,0.29,echo_ms,44,2.050822
latency,herdr,idle,4,False,0.25,0.29,echo_ms,45,2.074059
latency,herdr,idle,4,False,0.25,0.29,echo_ms,46,2.041319
latency,herdr,idle,4,False,0.25,0.29,echo_ms,47,2.103406
latency,herdr,idle,4,False,0.25,0.29,echo_ms,48,2.035387
latency,herdr,idle,4,False,0.25,0.29,echo_ms,49,2.255841
latency,herdr,idle,4,False,0.25,0.29,echo_ms,50,2.316426
latency,herdr,idle,4,False,0.25,0.29,echo_ms,51,2.277404
latency,herdr,idle,4,False,0.25,0.29,echo_ms,52,2.248231
latency,herdr,idle,4,False,0.25,0.29,echo_ms,53,2.155303
latency,herdr,idle,4,False,0.25,0.29,echo_ms,54,2.354413
latency,herdr,idle,4,False,0.25,0.29,echo_ms,55,2.102069
latency,herdr,idle,4,False,0.25,0.29,echo_ms,56,2.121375
latency,herdr,idle,4,False,0.25,0.29,echo_ms,57,2.164788
latency,herdr,idle,4,False,0.25,0.29,echo_ms,58,1.452508
latency,herdr,idle,4,False,0.25,0.29,echo_ms,59,2.235048
latency,herdr,idle,4,False,0.25,0.29,echo_ms,60,2.161913
latency,herdr,idle,4,False,0.25,0.29,echo_ms,61,2.126173
latency,herdr,idle,4,False,0.25,0.29,echo_ms,62,2.195658
latency,herdr,idle,4,False,0.25,0.29,echo_ms,63,2.227985
latency,herdr,idle,4,False,0.25,0.29,echo_ms,64,2.217487
latency,herdr,idle,4,False,0.25,0.29,echo_ms,65,2.179395
latency,herdr,idle,4,False,0.25,0.29,echo_ms,66,2.348594
latency,herdr,idle,4,False,0.25,0.29,echo_ms,67,2.1726
latency,herdr,idle,4,False,0.25,0.29,echo_ms,68,2.355532
latency,herdr,idle,4,False,0.25,0.29,echo_ms,69,2.152792
latency,herdr,idle,4,False,0.25,0.29,echo_ms,70,2.159256
latency,herdr,idle,4,False,0.25,0.29,echo_ms,71,2.283328
latency,herdr,idle,4,False,0.25,0.29,echo_ms,72,2.091659
latency,herdr,idle,4,False,0.25,0.29,echo_ms,73,2.284803
latency,herdr,idle,4,False,0.25,0.29,echo_ms,74,2.087123
latency,herdr,idle,4,False,0.25,0.29,echo_ms,75,2.166729
latency,herdr,idle,4,False,0.25,0.29,echo_ms,76,2.09012
latency,herdr,idle,4,False,0.25,0.29,echo_ms,77,1.977223
latency,herdr,idle,4,False,0.25,0.29,echo_ms,78,2.155345
latency,herdr,idle,4,False,0.25,0.29,echo_ms,79,2.129384
latency,herdr,idle,4,False,0.25,0.29,echo_ms,80,2.306758
latency,herdr,idle,4,False,0.25,0.29,echo_ms,81,2.074478
latency,herdr,idle,4,False,0.25,0.29,echo_ms,82,2.331681
latency,herdr,idle,4,False,0.25,0.29,echo_ms,83,2.096351
latency,herdr,idle,4,False,0.25,0.29,echo_ms,84,2.245734
latency,herdr,idle,4,False,0.25,0.29,echo_ms,85,2.09204
latency,herdr,idle,4,False,0.25,0.29,echo_ms,86,2.263272
latency,herdr,idle,4,False,0.25,0.29,echo_ms,87,1.967478
latency,herdr,idle,4,False,0.25,0.29,echo_ms,88,1.01667
latency,herdr,idle,4,False,0.25,0.29,echo_ms,89,2.143761
latency,herdr,idle,4,False,0.25,0.29,echo_ms,90,1.911684
latency,herdr,idle,4,False,0.25,0.29,echo_ms,91,1.430996
latency,herdr,idle,4,False,0.25,0.29,echo_ms,92,2.176755
latency,herdr,idle,4,False,0.25,0.29,echo_ms,93,2.311071
latency,herdr,idle,4,False,0.25,0.29,echo_ms,94,2.288503
latency,herdr,idle,4,False,0.25,0.29,echo_ms,95,1.964899
latency,herdr,idle,4,False,0.25,0.29,echo_ms,96,2.228899
latency,herdr,idle,4,False,0.25,0.29,echo_ms,97,2.213081
latency,herdr,idle,4,False,0.25,0.29,echo_ms,98,2.070463
latency,herdr,idle,4,False,0.25,0.29,echo_ms,99,2.185874
latency,herdr,idle,4,False,0.25,0.29,timeouts,,0
latency,thurbox,idle,4,False,0.29,0.25,echo_ms,0,5.451932
latency,thurbox,idle,4,False,0.29,0.25,echo_ms,1,47.86611
latency,thurbox,idle,4,False,0.29,0.25,echo_ms,2,13.627852
latency,thurbox,idle,4,False,0.29,0.25,echo_ms,3,14.639996
latency,thurbox,idle,4,False,0.29,0.25,echo_ms,4,13.652266
latency,thurbox,idle,4,False,0.29,0.25,echo_ms,5,4.146112
latency,thurbox,idle,4,False,0.29,0.25,echo_ms,6,48.051807
latency,thurbox,idle,4,False,0.29,0.25,echo_ms,7,13.650886
latency,thurbox,idle,4,False,0.29,0.25,echo_ms,8,4.155306
latency,thurbox,idle,4,False,0.29,0.25,echo_ms,9,48.254525
latency,thurbox,idle,4,False,0.29,0.25,echo_ms,10,13.646147
latency,thurbox,idle,4,False,0.29,0.25,echo_ms,11,23.999736
latency,thurbox,idle,4,False,0.29,0.25,echo_ms,12,4.24468
latency,thurbox,idle,4,False,0.29,0.25,echo_ms,13,47.973999
latency,thurbox,idle,4,False,0.29,0.25,echo_ms,14,48.538553
latency,thurbox,idle,4,False,0.29,0.25,echo_ms,15,13.546687
latency,thurbox,idle,4,False,0.29,0.25,echo_ms,16,4.257999
latency,thurbox,idle,4,False,0.29,0.25,echo_ms,17,48.48265
latency,thurbox,idle,4,False,0.29,0.25,echo_ms,18,47.037815
latency,thurbox,idle,4,False,0.29,0.25,echo_ms,19,48.089609
latency,thurbox,idle,4,False,0.29,0.25,echo_ms,20,47.238119
latency,thurbox,idle,4,False,0.29,0.25,echo_ms,21,27.418239
latency,thurbox,idle,4,False,0.29,0.25,echo_ms,22,47.931869
latency,thurbox,idle,4,False,0.29,0.25,echo_ms,23,13.440194
latency,thurbox,idle,4,False,0.29,0.25,echo_ms,24,46.000416
latency,thurbox,idle,4,False,0.29,0.25,echo_ms,25,1.914714
latency,thurbox,idle,4,False,0.29,0.25,echo_ms,26,48.102857
latency,thurbox,idle,4,False,0.29,0.25,echo_ms,27,15.179978
latency,thurbox,idle,4,False,0.29,0.25,echo_ms,28,5.660337
latency,thurbox,idle,4,False,0.29,0.25,echo_ms,29,48.228503
latency,thurbox,idle,4,False,0.29,0.25,echo_ms,30,47.413986
latency,thurbox,idle,4,False,0.29,0.25,echo_ms,31,24.005213
latency,thurbox,idle,4,False,0.29,0.25,echo_ms,32,13.573989
latency,thurbox,idle,4,False,0.29,0.25,echo_ms,33,47.435037
latency,thurbox,idle,4,False,0.29,0.25,echo_ms,34,23.8312
latency,thurbox,idle,4,False,0.29,0.25,echo_ms,35,47.845774
latency,thurbox,idle,4,False,0.29,0.25,echo_ms,36,47.497233
latency,thurbox,idle,4,False,0.29,0.25,echo_ms,37,4.206317
latency,thurbox,idle,4,False,0.29,0.25,echo_ms,38,48.326803
latency,thurbox,idle,4,False,0.29,0.25,echo_ms,39,13.645814
latency,thurbox,idle,4,False,0.29,0.25,echo_ms,40,13.640787
latency,thurbox,idle,4,False,0.29,0.25,echo_ms,41,47.909294
latency,thurbox,idle,4,False,0.29,0.25,echo_ms,42,47.130263
latency,thurbox,idle,4,False,0.29,0.25,echo_ms,43,16.03092
latency,thurbox,idle,4,False,0.29,0.25,echo_ms,44,47.087577
latency,thurbox,idle,4,False,0.29,0.25,echo_ms,45,24.029556
latency,thurbox,idle,4,False,0.29,0.25,echo_ms,46,25.024613
latency,thurbox,idle,4,False,0.29,0.25,echo_ms,47,13.679239
latency,thurbox,idle,4,False,0.29,0.25,echo_ms,48,4.193632
latency,thurbox,idle,4,False,0.29,0.25,echo_ms,49,4.905947
latency,thurbox,idle,4,False,0.29,0.25,echo_ms,50,48.789192
latency,thurbox,idle,4,False,0.29,0.25,echo_ms,51,4.21537
latency,thurbox,idle,4,False,0.29,0.25,echo_ms,52,4.121284
latency,thurbox,idle,4,False,0.29,0.25,echo_ms,53,48.57089
latency,thurbox,idle,4,False,0.29,0.25,echo_ms,54,1.05379
latency,thurbox,idle,4,False,0.29,0.25,echo_ms,55,47.968347
latency,thurbox,idle,4,False,0.29,0.25,echo_ms,56,23.880796
latency,thurbox,idle,4,False,0.29,0.25,echo_ms,57,4.436937
latency,thurbox,idle,4,False,0.29,0.25,echo_ms,58,50.245282
latency,thurbox,idle,4,False,0.29,0.25,echo_ms,59,47.011121
latency,thurbox,idle,4,False,0.29,0.25,echo_ms,60,4.480509
latency,thurbox,idle,4,False,0.29,0.25,echo_ms,61,13.518203
latency,thurbox,idle,4,False,0.29,0.25,echo_ms,62,46.965676
latency,thurbox,idle,4,False,0.29,0.25,echo_ms,63,48.289498
latency,thurbox,idle,4,False,0.29,0.25,echo_ms,64,3.079645
latency,thurbox,idle,4,False,0.29,0.25,echo_ms,65,23.932658
latency,thurbox,idle,4,False,0.29,0.25,echo_ms,66,24.942284
latency,thurbox,idle,4,False,0.29,0.25,echo_ms,67,47.269658
latency,thurbox,idle,4,False,0.29,0.25,echo_ms,68,4.088177
latency,thurbox,idle,4,False,0.29,0.25,echo_ms,69,47.922368
latency,thurbox,idle,4,False,0.29,0.25,echo_ms,70,47.227451
latency,thurbox,idle,4,False,0.29,0.25,echo_ms,71,4.157532
latency,thurbox,idle,4,False,0.29,0.25,echo_ms,72,47.628951
latency,thurbox,idle,4,False,0.29,0.25,echo_ms,73,15.472507
latency,thurbox,idle,4,False,0.29,0.25,echo_ms,74,4.156242
latency,thurbox,idle,4,False,0.29,0.25,echo_ms,75,47.805224
latency,thurbox,idle,4,False,0.29,0.25,echo_ms,76,15.200743
latency,thurbox,idle,4,False,0.29,0.25,echo_ms,77,4.141576
latency,thurbox,idle,4,False,0.29,0.25,echo_ms,78,47.708237
latency,thurbox,idle,4,False,0.29,0.25,echo_ms,79,24.266109
latency,thurbox,idle,4,False,0.29,0.25,echo_ms,80,13.612108
latency,thurbox,idle,4,False,0.29,0.25,echo_ms,81,47.985104
latency,thurbox,idle,4,False,0.29,0.25,echo_ms,82,47.315201
latency,thurbox,idle,4,False,0.29,0.25,echo_ms,83,47.94312
latency,thurbox,idle,4,False,0.29,0.25,echo_ms,84,44.814756
latency,thurbox,idle,4,False,0.29,0.25,echo_ms,85,4.131669
latency,thurbox,idle,4,False,0.29,0.25,echo_ms,86,49.147635
latency,thurbox,idle,4,False,0.29,0.25,echo_ms,87,23.877581
latency,thurbox,idle,4,False,0.29,0.25,echo_ms,88,4.144247
latency,thurbox,idle,4,False,0.29,0.25,echo_ms,89,27.805065
latency,thurbox,idle,4,False,0.29,0.25,echo_ms,90,46.924151
latency,thurbox,idle,4,False,0.29,0.25,echo_ms,91,2.270484
latency,thurbox,idle,4,False,0.29,0.25,echo_ms,92,48.401173
latency,thurbox,idle,4,False,0.29,0.25,echo_ms,93,46.837628
latency,thurbox,idle,4,False,0.29,0.25,echo_ms,94,4.111156
latency,thurbox,idle,4,False,0.29,0.25,echo_ms,95,48.00829
latency,thurbox,idle,4,False,0.29,0.25,echo_ms,96,47.335459
latency,thurbox,idle,4,False,0.29,0.25,echo_ms,97,47.742908
latency,thurbox,idle,4,False,0.29,0.25,echo_ms,98,13.539458
latency,thurbox,idle,4,False,0.29,0.25,echo_ms,99,5.29038
latency,thurbox,idle,4,False,0.29,0.25,timeouts,,0
latency,tmux,idle,5,False,0.25,0.21,echo_ms,0,1.070718
latency,tmux,idle,5,False,0.25,0.21,echo_ms,1,0.970125
latency,tmux,idle,5,False,0.25,0.21,echo_ms,2,0.991583
latency,tmux,idle,5,False,0.25,0.21,echo_ms,3,1.086586
latency,tmux,idle,5,False,0.25,0.21,echo_ms,4,0.915334
latency,tmux,idle,5,False,0.25,0.21,echo_ms,5,0.981286
latency,tmux,idle,5,False,0.25,0.21,echo_ms,6,1.006967
latency,tmux,idle,5,False,0.25,0.21,echo_ms,7,1.032878
latency,tmux,idle,5,False,0.25,0.21,echo_ms,8,0.976468
latency,tmux,idle,5,False,0.25,0.21,echo_ms,9,0.988062
latency,tmux,idle,5,False,0.25,0.21,echo_ms,10,0.945152
latency,tmux,idle,5,False,0.25,0.21,echo_ms,11,0.987712
latency,tmux,idle,5,False,0.25,0.21,echo_ms,12,1.000125
latency,tmux,idle,5,False,0.25,0.21,echo_ms,13,1.07849
latency,tmux,idle,5,False,0.25,0.21,echo_ms,14,0.916598
latency,tmux,idle,5,False,0.25,0.21,echo_ms,15,1.014298
latency,tmux,idle,5,False,0.25,0.21,echo_ms,16,1.004769
latency,tmux,idle,5,False,0.25,0.21,echo_ms,17,0.997097
latency,tmux,idle,5,False,0.25,0.21,echo_ms,18,0.919728
latency,tmux,idle,5,False,0.25,0.21,echo_ms,19,1.024264
latency,tmux,idle,5,False,0.25,0.21,echo_ms,20,0.948305
latency,tmux,idle,5,False,0.25,0.21,echo_ms,21,1.002914
latency,tmux,idle,5,False,0.25,0.21,echo_ms,22,0.968977
latency,tmux,idle,5,False,0.25,0.21,echo_ms,23,0.865982
latency,tmux,idle,5,False,0.25,0.21,echo_ms,24,0.984738
latency,tmux,idle,5,False,0.25,0.21,echo_ms,25,1.008107
latency,tmux,idle,5,False,0.25,0.21,echo_ms,26,0.879235
latency,tmux,idle,5,False,0.25,0.21,echo_ms,27,0.947539
latency,tmux,idle,5,False,0.25,0.21,echo_ms,28,0.921122
latency,tmux,idle,5,False,0.25,0.21,echo_ms,29,1.012899
latency,tmux,idle,5,False,0.25,0.21,echo_ms,30,0.984814
latency,tmux,idle,5,False,0.25,0.21,echo_ms,31,0.915404
latency,tmux,idle,5,False,0.25,0.21,echo_ms,32,0.987809
latency,tmux,idle,5,False,0.25,0.21,echo_ms,33,1.004389
latency,tmux,idle,5,False,0.25,0.21,echo_ms,34,1.020681
latency,tmux,idle,5,False,0.25,0.21,echo_ms,35,1.013819
latency,tmux,idle,5,False,0.25,0.21,echo_ms,36,0.956723
latency,tmux,idle,5,False,0.25,0.21,echo_ms,37,1.097926
latency,tmux,idle,5,False,0.25,0.21,echo_ms,38,1.000797
latency,tmux,idle,5,False,0.25,0.21,echo_ms,39,1.010322
latency,tmux,idle,5,False,0.25,0.21,echo_ms,40,0.990629
latency,tmux,idle,5,False,0.25,0.21,echo_ms,41,0.992809
latency,tmux,idle,5,False,0.25,0.21,echo_ms,42,0.982789
latency,tmux,idle,5,False,0.25,0.21,echo_ms,43,0.94966
latency,tmux,idle,5,False,0.25,0.21,echo_ms,44,0.908061
latency,tmux,idle,5,False,0.25,0.21,echo_ms,45,0.959667
latency,tmux,idle,5,False,0.25,0.21,echo_ms,46,0.876816
latency,tmux,idle,5,False,0.25,0.21,echo_ms,47,0.982903
latency,tmux,idle,5,False,0.25,0.21,echo_ms,48,0.981103
latency,tmux,idle,5,False,0.25,0.21,echo_ms,49,0.950508
latency,tmux,idle,5,False,0.25,0.21,echo_ms,50,0.91734
latency,tmux,idle,5,False,0.25,0.21,echo_ms,51,1.003649
latency,tmux,idle,5,False,0.25,0.21,echo_ms,52,0.933957
latency,tmux,idle,5,False,0.25,0.21,echo_ms,53,0.959603
latency,tmux,idle,5,False,0.25,0.21,echo_ms,54,0.9203
latency,tmux,idle,5,False,0.25,0.21,echo_ms,55,0.966836
latency,tmux,idle,5,False,0.25,0.21,echo_ms,56,1.05604
latency,tmux,idle,5,False,0.25,0.21,echo_ms,57,1.005965
latency,tmux,idle,5,False,0.25,0.21,echo_ms,58,0.982429
latency,tmux,idle,5,False,0.25,0.21,echo_ms,59,0.962443
latency,tmux,idle,5,False,0.25,0.21,echo_ms,60,0.969155
latency,tmux,idle,5,False,0.25,0.21,echo_ms,61,1.008858
latency,tmux,idle,5,False,0.25,0.21,echo_ms,62,1.015429
latency,tmux,idle,5,False,0.25,0.21,echo_ms,63,1.022065
latency,tmux,idle,5,False,0.25,0.21,echo_ms,64,0.950522
latency,tmux,idle,5,False,0.25,0.21,echo_ms,65,1.045369
latency,tmux,idle,5,False,0.25,0.21,echo_ms,66,0.940874
latency,tmux,idle,5,False,0.25,0.21,echo_ms,67,0.944431
latency,tmux,idle,5,False,0.25,0.21,echo_ms,68,0.938417
latency,tmux,idle,5,False,0.25,0.21,echo_ms,69,0.917312
latency,tmux,idle,5,False,0.25,0.21,echo_ms,70,0.943233
latency,tmux,idle,5,False,0.25,0.21,echo_ms,71,0.93117
latency,tmux,idle,5,False,0.25,0.21,echo_ms,72,0.936294
latency,tmux,idle,5,False,0.25,0.21,echo_ms,73,0.914786
latency,tmux,idle,5,False,0.25,0.21,echo_ms,74,0.9243
latency,tmux,idle,5,False,0.25,0.21,echo_ms,75,0.938263
latency,tmux,idle,5,False,0.25,0.21,echo_ms,76,0.915513
latency,tmux,idle,5,False,0.25,0.21,echo_ms,77,0.995196
latency,tmux,idle,5,False,0.25,0.21,echo_ms,78,0.948196
latency,tmux,idle,5,False,0.25,0.21,echo_ms,79,0.901888
latency,tmux,idle,5,False,0.25,0.21,echo_ms,80,0.953751
latency,tmux,idle,5,False,0.25,0.21,echo_ms,81,0.939476
latency,tmux,idle,5,False,0.25,0.21,echo_ms,82,0.884582
latency,tmux,idle,5,False,0.25,0.21,echo_ms,83,0.92666
latency,tmux,idle,5,False,0.25,0.21,echo_ms,84,0.91371
latency,tmux,idle,5,False,0.25,0.21,echo_ms,85,0.939357
latency,tmux,idle,5,False,0.25,0.21,echo_ms,86,0.877069
latency,tmux,idle,5,False,0.25,0.21,echo_ms,87,0.949294
latency,tmux,idle,5,False,0.25,0.21,echo_ms,88,0.917098
latency,tmux,idle,5,False,0.25,0.21,echo_ms,89,0.91012
latency,tmux,idle,5,False,0.25,0.21,echo_ms,90,0.941147
latency,tmux,idle,5,False,0.25,0.21,echo_ms,91,0.915213
latency,tmux,idle,5,False,0.25,0.21,echo_ms,92,0.979335
latency,tmux,idle,5,False,0.25,0.21,echo_ms,93,0.891419
latency,tmux,idle,5,False,0.25,0.21,echo_ms,94,0.914165
latency,tmux,idle,5,False,0.25,0.21,echo_ms,95,0.944576
latency,tmux,idle,5,False,0.25,0.21,echo_ms,96,0.934694
latency,tmux,idle,5,False,0.25,0.21,echo_ms,97,1.089769
latency,tmux,idle,5,False,0.25,0.21,echo_ms,98,0.948361
latency,tmux,idle,5,False,0.25,0.21,echo_ms,99,1.032553
latency,tmux,idle,5,False,0.25,0.21,timeouts,,0
latency,herdr,idle,5,False,0.21,0.18,echo_ms,0,2.093003
latency,herdr,idle,5,False,0.21,0.18,echo_ms,1,1.854834
latency,herdr,idle,5,False,0.21,0.18,echo_ms,2,2.003245
latency,herdr,idle,5,False,0.21,0.18,echo_ms,3,1.526437
latency,herdr,idle,5,False,0.21,0.18,echo_ms,4,2.205053
latency,herdr,idle,5,False,0.21,0.18,echo_ms,5,1.963894
latency,herdr,idle,5,False,0.21,0.18,echo_ms,6,1.684601
latency,herdr,idle,5,False,0.21,0.18,echo_ms,7,1.137382
latency,herdr,idle,5,False,0.21,0.18,echo_ms,8,1.685096
latency,herdr,idle,5,False,0.21,0.18,echo_ms,9,2.069372
latency,herdr,idle,5,False,0.21,0.18,echo_ms,10,2.01031
latency,herdr,idle,5,False,0.21,0.18,echo_ms,11,1.998297
latency,herdr,idle,5,False,0.21,0.18,echo_ms,12,2.091053
latency,herdr,idle,5,False,0.21,0.18,echo_ms,13,2.035618
latency,herdr,idle,5,False,0.21,0.18,echo_ms,14,2.092401
latency,herdr,idle,5,False,0.21,0.18,echo_ms,15,2.003832
latency,herdr,idle,5,False,0.21,0.18,echo_ms,16,1.999574
latency,herdr,idle,5,False,0.21,0.18,echo_ms,17,2.06295
latency,herdr,idle,5,False,0.21,0.18,echo_ms,18,2.002745
latency,herdr,idle,5,False,0.21,0.18,echo_ms,19,2.10996
latency,herdr,idle,5,False,0.21,0.18,echo_ms,20,2.121521
latency,herdr,idle,5,False,0.21,0.18,echo_ms,21,2.068977
latency,herdr,idle,5,False,0.21,0.18,echo_ms,22,2.093139
latency,herdr,idle,5,False,0.21,0.18,echo_ms,23,1.903749
latency,herdr,idle,5,False,0.21,0.18,echo_ms,24,1.977164
latency,herdr,idle,5,False,0.21,0.18,echo_ms,25,1.964862
latency,herdr,idle,5,False,0.21,0.18,echo_ms,26,2.060234
latency,herdr,idle,5,False,0.21,0.18,echo_ms,27,2.231547
latency,herdr,idle,5,False,0.21,0.18,echo_ms,28,2.019658
latency,herdr,idle,5,False,0.21,0.18,echo_ms,29,1.927064
latency,herdr,idle,5,False,0.21,0.18,echo_ms,30,2.077993
latency,herdr,idle,5,False,0.21,0.18,echo_ms,31,2.081777
latency,herdr,idle,5,False,0.21,0.18,echo_ms,32,2.034025
latency,herdr,idle,5,False,0.21,0.18,echo_ms,33,1.555216
latency,herdr,idle,5,False,0.21,0.18,echo_ms,34,2.058951
latency,herdr,idle,5,False,0.21,0.18,echo_ms,35,2.129289
latency,herdr,idle,5,False,0.21,0.18,echo_ms,36,2.045184
latency,herdr,idle,5,False,0.21,0.18,echo_ms,37,1.99247
latency,herdr,idle,5,False,0.21,0.18,echo_ms,38,1.970656
latency,herdr,idle,5,False,0.21,0.18,echo_ms,39,2.016563
latency,herdr,idle,5,False,0.21,0.18,echo_ms,40,2.078842
latency,herdr,idle,5,False,0.21,0.18,echo_ms,41,2.071438
latency,herdr,idle,5,False,0.21,0.18,echo_ms,42,2.055876
latency,herdr,idle,5,False,0.21,0.18,echo_ms,43,1.93873
latency,herdr,idle,5,False,0.21,0.18,echo_ms,44,2.097409
latency,herdr,idle,5,False,0.21,0.18,echo_ms,45,2.041546
latency,herdr,idle,5,False,0.21,0.18,echo_ms,46,1.91643
latency,herdr,idle,5,False,0.21,0.18,echo_ms,47,2.07092
latency,herdr,idle,5,False,0.21,0.18,echo_ms,48,2.086385
latency,herdr,idle,5,False,0.21,0.18,echo_ms,49,1.915314
latency,herdr,idle,5,False,0.21,0.18,echo_ms,50,2.053307
latency,herdr,idle,5,False,0.21,0.18,echo_ms,51,2.130691
latency,herdr,idle,5,False,0.21,0.18,echo_ms,52,1.978284
latency,herdr,idle,5,False,0.21,0.18,echo_ms,53,2.003448
latency,herdr,idle,5,False,0.21,0.18,echo_ms,54,2.020995
latency,herdr,idle,5,False,0.21,0.18,echo_ms,55,2.009143
latency,herdr,idle,5,False,0.21,0.18,echo_ms,56,2.000906
latency,herdr,idle,5,False,0.21,0.18,echo_ms,57,1.978997
latency,herdr,idle,5,False,0.21,0.18,echo_ms,58,1.928578
latency,herdr,idle,5,False,0.21,0.18,echo_ms,59,2.202876
latency,herdr,idle,5,False,0.21,0.18,echo_ms,60,2.153185
latency,herdr,idle,5,False,0.21,0.18,echo_ms,61,1.998754
latency,herdr,idle,5,False,0.21,0.18,echo_ms,62,2.086541
latency,herdr,idle,5,False,0.21,0.18,echo_ms,63,2.02344
latency,herdr,idle,5,False,0.21,0.18,echo_ms,64,2.190076
latency,herdr,idle,5,False,0.21,0.18,echo_ms,65,1.951446
latency,herdr,idle,5,False,0.21,0.18,echo_ms,66,2.095313
latency,herdr,idle,5,False,0.21,0.18,echo_ms,67,1.895358
latency,herdr,idle,5,False,0.21,0.18,echo_ms,68,1.846496
latency,herdr,idle,5,False,0.21,0.18,echo_ms,69,1.883481
latency,herdr,idle,5,False,0.21,0.18,echo_ms,70,1.980879
latency,herdr,idle,5,False,0.21,0.18,echo_ms,71,2.052559
latency,herdr,idle,5,False,0.21,0.18,echo_ms,72,1.890099
latency,herdr,idle,5,False,0.21,0.18,echo_ms,73,2.15153
latency,herdr,idle,5,False,0.21,0.18,echo_ms,74,2.033259
latency,herdr,idle,5,False,0.21,0.18,echo_ms,75,2.16605
latency,herdr,idle,5,False,0.21,0.18,echo_ms,76,2.041881
latency,herdr,idle,5,False,0.21,0.18,echo_ms,77,2.041366
latency,herdr,idle,5,False,0.21,0.18,echo_ms,78,2.080404
latency,herdr,idle,5,False,0.21,0.18,echo_ms,79,2.109356
latency,herdr,idle,5,False,0.21,0.18,echo_ms,80,2.057783
latency,herdr,idle,5,False,0.21,0.18,echo_ms,81,2.122061
latency,herdr,idle,5,False,0.21,0.18,echo_ms,82,2.056495
latency,herdr,idle,5,False,0.21,0.18,echo_ms,83,2.089103
latency,herdr,idle,5,False,0.21,0.18,echo_ms,84,1.957645
latency,herdr,idle,5,False,0.21,0.18,echo_ms,85,1.977809
latency,herdr,idle,5,False,0.21,0.18,echo_ms,86,2.015983
latency,herdr,idle,5,False,0.21,0.18,echo_ms,87,2.189157
latency,herdr,idle,5,False,0.21,0.18,echo_ms,88,2.00325
latency,herdr,idle,5,False,0.21,0.18,echo_ms,89,2.023222
latency,herdr,idle,5,False,0.21,0.18,echo_ms,90,2.038145
latency,herdr,idle,5,False,0.21,0.18,echo_ms,91,1.999507
latency,herdr,idle,5,False,0.21,0.18,echo_ms,92,2.031633
latency,herdr,idle,5,False,0.21,0.18,echo_ms,93,2.051924
latency,herdr,idle,5,False,0.21,0.18,echo_ms,94,1.925101
latency,herdr,idle,5,False,0.21,0.18,echo_ms,95,2.075105
latency,herdr,idle,5,False,0.21,0.18,echo_ms,96,2.111355
latency,herdr,idle,5,False,0.21,0.18,echo_ms,97,2.054554
latency,herdr,idle,5,False,0.21,0.18,echo_ms,98,1.949454
latency,herdr,idle,5,False,0.21,0.18,echo_ms,99,2.059142
latency,herdr,idle,5,False,0.21,0.18,timeouts,,0
latency,thurbox,idle,5,False,0.18,0.15,echo_ms,0,13.571658
latency,thurbox,idle,5,False,0.18,0.15,echo_ms,1,23.736179
latency,thurbox,idle,5,False,0.18,0.15,echo_ms,2,48.424606
latency,thurbox,idle,5,False,0.18,0.15,echo_ms,3,25.547934
latency,thurbox,idle,5,False,0.18,0.15,echo_ms,4,4.21325
latency,thurbox,idle,5,False,0.18,0.15,echo_ms,5,48.127192
latency,thurbox,idle,5,False,0.18,0.15,echo_ms,6,47.30528
latency,thurbox,idle,5,False,0.18,0.15,echo_ms,7,47.972554
latency,thurbox,idle,5,False,0.18,0.15,echo_ms,8,23.77159
latency,thurbox,idle,5,False,0.18,0.15,echo_ms,9,24.24342
latency,thurbox,idle,5,False,0.18,0.15,echo_ms,10,23.996691
latency,thurbox,idle,5,False,0.18,0.15,echo_ms,11,13.608951
latency,thurbox,idle,5,False,0.18,0.15,echo_ms,12,4.203038
latency,thurbox,idle,5,False,0.18,0.15,echo_ms,13,49.64499
latency,thurbox,idle,5,False,0.18,0.15,echo_ms,14,13.541115
latency,thurbox,idle,5,False,0.18,0.15,echo_ms,15,14.518575
latency,thurbox,idle,5,False,0.18,0.15,echo_ms,16,47.429869
latency,thurbox,idle,5,False,0.18,0.15,echo_ms,17,13.461735
latency,thurbox,idle,5,False,0.18,0.15,echo_ms,18,14.634844
latency,thurbox,idle,5,False,0.18,0.15,echo_ms,19,4.787346
latency,thurbox,idle,5,False,0.18,0.15,echo_ms,20,4.179477
latency,thurbox,idle,5,False,0.18,0.15,echo_ms,21,47.839748
latency,thurbox,idle,5,False,0.18,0.15,echo_ms,22,47.471919
latency,thurbox,idle,5,False,0.18,0.15,echo_ms,23,4.141674
latency,thurbox,idle,5,False,0.18,0.15,echo_ms,24,44.370193
latency,thurbox,idle,5,False,0.18,0.15,echo_ms,25,47.018318
latency,thurbox,idle,5,False,0.18,0.15,echo_ms,26,4.459172
latency,thurbox,idle,5,False,0.18,0.15,echo_ms,27,48.18785
latency,thurbox,idle,5,False,0.18,0.15,echo_ms,28,46.534865
latency,thurbox,idle,5,False,0.18,0.15,echo_ms,29,4.845651
latency,thurbox,idle,5,False,0.18,0.15,echo_ms,30,47.958427
latency,thurbox,idle,5,False,0.18,0.15,echo_ms,31,46.892504
latency,thurbox,idle,5,False,0.18,0.15,echo_ms,32,2.782378
latency,thurbox,idle,5,False,0.18,0.15,echo_ms,33,48.574198
latency,thurbox,idle,5,False,0.18,0.15,echo_ms,34,13.529319
latency,thurbox,idle,5,False,0.18,0.15,echo_ms,35,13.613945
latency,thurbox,idle,5,False,0.18,0.15,echo_ms,36,48.328936
latency,thurbox,idle,5,False,0.18,0.15,echo_ms,37,47.05135
latency,thurbox,idle,5,False,0.18,0.15,echo_ms,38,27.082644
latency,thurbox,idle,5,False,0.18,0.15,echo_ms,39,47.247624
latency,thurbox,idle,5,False,0.18,0.15,echo_ms,40,4.269788
latency,thurbox,idle,5,False,0.18,0.15,echo_ms,41,49.526837
latency,thurbox,idle,5,False,0.18,0.15,echo_ms,42,47.248773
latency,thurbox,idle,5,False,0.18,0.15,echo_ms,43,13.605725
latency,thurbox,idle,5,False,0.18,0.15,echo_ms,44,4.207811
latency,thurbox,idle,5,False,0.18,0.15,echo_ms,45,48.453227
latency,thurbox,idle,5,False,0.18,0.15,echo_ms,46,46.913223
latency,thurbox,idle,5,False,0.18,0.15,echo_ms,47,14.687592
latency,thurbox,idle,5,False,0.18,0.15,echo_ms,48,47.174532
latency,thurbox,idle,5,False,0.18,0.15,echo_ms,49,4.36938
latency,thurbox,idle,5,False,0.18,0.15,echo_ms,50,48.329753
latency,thurbox,idle,5,False,0.18,0.15,echo_ms,51,48.996022
latency,thurbox,idle,5,False,0.18,0.15,echo_ms,52,4.100636
latency,thurbox,idle,5,False,0.18,0.15,echo_ms,53,13.550013
latency,thurbox,idle,5,False,0.18,0.15,echo_ms,54,1.671317
latency,thurbox,idle,5,False,0.18,0.15,echo_ms,55,4.153739
latency,thurbox,idle,5,False,0.18,0.15,echo_ms,56,49.837321
latency,thurbox,idle,5,False,0.18,0.15,echo_ms,57,46.515806
latency,thurbox,idle,5,False,0.18,0.15,echo_ms,58,4.148288
latency,thurbox,idle,5,False,0.18,0.15,echo_ms,59,48.213953
latency,thurbox,idle,5,False,0.18,0.15,echo_ms,60,46.896673
latency,thurbox,idle,5,False,0.18,0.15,echo_ms,61,24.849989
latency,thurbox,idle,5,False,0.18,0.15,echo_ms,62,13.557786
latency,thurbox,idle,5,False,0.18,0.15,echo_ms,63,13.860262
latency,thurbox,idle,5,False,0.18,0.15,echo_ms,64,47.172032
latency,thurbox,idle,5,False,0.18,0.15,echo_ms,65,23.958116
latency,thurbox,idle,5,False,0.18,0.15,echo_ms,66,47.350697
latency,thurbox,idle,5,False,0.18,0.15,echo_ms,67,47.791065
latency,thurbox,idle,5,False,0.18,0.15,echo_ms,68,13.575189
latency,thurbox,idle,5,False,0.18,0.15,echo_ms,69,13.885156
latency,thurbox,idle,5,False,0.18,0.15,echo_ms,70,49.35824
latency,thurbox,idle,5,False,0.18,0.15,echo_ms,71,13.62463
latency,thurbox,idle,5,False,0.18,0.15,echo_ms,72,14.647708
latency,thurbox,idle,5,False,0.18,0.15,echo_ms,73,48.014907
latency,thurbox,idle,5,False,0.18,0.15,echo_ms,74,13.628337
latency,thurbox,idle,5,False,0.18,0.15,echo_ms,75,47.887438
latency,thurbox,idle,5,False,0.18,0.15,echo_ms,76,13.586972
latency,thurbox,idle,5,False,0.18,0.15,echo_ms,77,25.881785
latency,thurbox,idle,5,False,0.18,0.15,echo_ms,78,4.075223
latency,thurbox,idle,5,False,0.18,0.15,echo_ms,79,48.016591
latency,thurbox,idle,5,False,0.18,0.15,echo_ms,80,46.931619
latency,thurbox,idle,5,False,0.18,0.15,echo_ms,81,14.597189
latency,thurbox,idle,5,False,0.18,0.15,echo_ms,82,48.275358
latency,thurbox,idle,5,False,0.18,0.15,echo_ms,83,46.850184
latency,thurbox,idle,5,False,0.18,0.15,echo_ms,84,12.234041
latency,thurbox,idle,5,False,0.18,0.15,echo_ms,85,48.399043
latency,thurbox,idle,5,False,0.18,0.15,echo_ms,86,46.817956
latency,thurbox,idle,5,False,0.18,0.15,echo_ms,87,47.956839
latency,thurbox,idle,5,False,0.18,0.15,echo_ms,88,4.528914
latency,thurbox,idle,5,False,0.18,0.15,echo_ms,89,4.50818
latency,thurbox,idle,5,False,0.18,0.15,echo_ms,90,48.057422
latency,thurbox,idle,5,False,0.18,0.15,echo_ms,91,46.964185
latency,thurbox,idle,5,False,0.18,0.15,echo_ms,92,4.116249
latency,thurbox,idle,5,False,0.18,0.15,echo_ms,93,48.052271
latency,thurbox,idle,5,False,0.18,0.15,echo_ms,94,4.740139
latency,thurbox,idle,5,False,0.18,0.15,echo_ms,95,4.116688
latency,thurbox,idle,5,False,0.18,0.15,echo_ms,96,47.964927
latency,thurbox,idle,5,False,0.18,0.15,echo_ms,97,46.996234
latency,thurbox,idle,5,False,0.18,0.15,echo_ms,98,13.596211
latency,thurbox,idle,5,False,0.18,0.15,echo_ms,99,26.412335
latency,thurbox,idle,5,False,0.18,0.15,timeouts,,0
latency,tmux,other-busy,0,True,0.15,0.2,echo_ms,0,0.922788
latency,tmux,other-busy,0,True,0.15,0.2,echo_ms,1,0.681467
latency,tmux,other-busy,0,True,0.15,0.2,echo_ms,2,0.977585
latency,tmux,other-busy,0,True,0.15,0.2,echo_ms,3,0.905161
latency,tmux,other-busy,0,True,0.15,0.2,echo_ms,4,0.920616
latency,tmux,other-busy,0,True,0.15,0.2,echo_ms,5,0.726346
latency,tmux,other-busy,0,True,0.15,0.2,echo_ms,6,0.919784
latency,tmux,other-busy,0,True,0.15,0.2,echo_ms,7,0.765116
latency,tmux,other-busy,0,True,0.15,0.2,echo_ms,8,0.785609
latency,tmux,other-busy,0,True,0.15,0.2,echo_ms,9,0.803131
latency,tmux,other-busy,0,True,0.15,0.2,echo_ms,10,0.23495
latency,tmux,other-busy,0,True,0.15,0.2,echo_ms,11,0.784684
latency,tmux,other-busy,0,True,0.15,0.2,echo_ms,12,0.622072
latency,tmux,other-busy,0,True,0.15,0.2,echo_ms,13,0.664006
latency,tmux,other-busy,0,True,0.15,0.2,echo_ms,14,0.748833
latency,tmux,other-busy,0,True,0.15,0.2,echo_ms,15,0.814132
latency,tmux,other-busy,0,True,0.15,0.2,echo_ms,16,0.80932
latency,tmux,other-busy,0,True,0.15,0.2,echo_ms,17,0.765449
latency,tmux,other-busy,0,True,0.15,0.2,echo_ms,18,0.600847
latency,tmux,other-busy,0,True,0.15,0.2,echo_ms,19,0.761925
latency,tmux,other-busy,0,True,0.15,0.2,echo_ms,20,0.849991
latency,tmux,other-busy,0,True,0.15,0.2,echo_ms,21,0.643269
latency,tmux,other-busy,0,True,0.15,0.2,echo_ms,22,0.739831
latency,tmux,other-busy,0,True,0.15,0.2,echo_ms,23,0.761544
latency,tmux,other-busy,0,True,0.15,0.2,echo_ms,24,0.661783
latency,tmux,other-busy,0,True,0.15,0.2,echo_ms,25,0.79927
latency,tmux,other-busy,0,True,0.15,0.2,echo_ms,26,0.664707
latency,tmux,other-busy,0,True,0.15,0.2,echo_ms,27,0.772443
latency,tmux,other-busy,0,True,0.15,0.2,echo_ms,28,0.794714
latency,tmux,other-busy,0,True,0.15,0.2,echo_ms,29,0.92879
latency,tmux,other-busy,0,True,0.15,0.2,echo_ms,30,0.813212
latency,tmux,other-busy,0,True,0.15,0.2,echo_ms,31,0.693724
latency,tmux,other-busy,0,True,0.15,0.2,echo_ms,32,0.77512
latency,tmux,other-busy,0,True,0.15,0.2,echo_ms,33,0.778563
latency,tmux,other-busy,0,True,0.15,0.2,echo_ms,34,0.809436
latency,tmux,other-busy,0,True,0.15,0.2,echo_ms,35,0.694069
latency,tmux,other-busy,0,True,0.15,0.2,echo_ms,36,0.913947
latency,tmux,other-busy,0,True,0.15,0.2,echo_ms,37,0.86067
latency,tmux,other-busy,0,True,0.15,0.2,echo_ms,38,0.770393
latency,tmux,other-busy,0,True,0.15,0.2,echo_ms,39,0.767918
latency,tmux,other-busy,0,True,0.15,0.2,echo_ms,40,0.567655
latency,tmux,other-busy,0,True,0.15,0.2,echo_ms,41,0.663025
latency,tmux,other-busy,0,True,0.15,0.2,echo_ms,42,0.875336
latency,tmux,other-busy,0,True,0.15,0.2,echo_ms,43,0.697867
latency,tmux,other-busy,0,True,0.15,0.2,echo_ms,44,0.716108
latency,tmux,other-busy,0,True,0.15,0.2,echo_ms,45,0.619409
latency,tmux,other-busy,0,True,0.15,0.2,echo_ms,46,0.770394
latency,tmux,other-busy,0,True,0.15,0.2,echo_ms,47,0.849906
latency,tmux,other-busy,0,True,0.15,0.2,echo_ms,48,1.087018
latency,tmux,other-busy,0,True,0.15,0.2,echo_ms,49,0.598397
latency,tmux,other-busy,0,True,0.15,0.2,echo_ms,50,0.68686
latency,tmux,other-busy,0,True,0.15,0.2,echo_ms,51,0.747311
latency,tmux,other-busy,0,True,0.15,0.2,echo_ms,52,0.728533
latency,tmux,other-busy,0,True,0.15,0.2,echo_ms,53,0.804211
latency,tmux,other-busy,0,True,0.15,0.2,echo_ms,54,0.196617
latency,tmux,other-busy,0,True,0.15,0.2,echo_ms,55,0.839493
latency,tmux,other-busy,0,True,0.15,0.2,echo_ms,56,0.740417
latency,tmux,other-busy,0,True,0.15,0.2,echo_ms,57,1.00285
latency,tmux,other-busy,0,True,0.15,0.2,echo_ms,58,0.573391
latency,tmux,other-busy,0,True,0.15,0.2,echo_ms,59,0.625806
latency,tmux,other-busy,0,True,0.15,0.2,echo_ms,60,0.830934
latency,tmux,other-busy,0,True,0.15,0.2,echo_ms,61,0.893302
latency,tmux,other-busy,0,True,0.15,0.2,echo_ms,62,0.706743
latency,tmux,other-busy,0,True,0.15,0.2,echo_ms,63,0.626904
latency,tmux,other-busy,0,True,0.15,0.2,echo_ms,64,0.650782
latency,tmux,other-busy,0,True,0.15,0.2,echo_ms,65,0.749782
latency,tmux,other-busy,0,True,0.15,0.2,echo_ms,66,0.996578
latency,tmux,other-busy,0,True,0.15,0.2,echo_ms,67,0.663389
latency,tmux,other-busy,0,True,0.15,0.2,echo_ms,68,0.7723
latency,tmux,other-busy,0,True,0.15,0.2,echo_ms,69,0.968677
latency,tmux,other-busy,0,True,0.15,0.2,echo_ms,70,0.559701
latency,tmux,other-busy,0,True,0.15,0.2,echo_ms,71,0.58658
latency,tmux,other-busy,0,True,0.15,0.2,echo_ms,72,0.659884
latency,tmux,other-busy,0,True,0.15,0.2,echo_ms,73,0.799817
latency,tmux,other-busy,0,True,0.15,0.2,echo_ms,74,0.591824
latency,tmux,other-busy,0,True,0.15,0.2,echo_ms,75,0.678832
latency,tmux,other-busy,0,True,0.15,0.2,echo_ms,76,0.635498
latency,tmux,other-busy,0,True,0.15,0.2,echo_ms,77,0.812549
latency,tmux,other-busy,0,True,0.15,0.2,echo_ms,78,0.732462
latency,tmux,other-busy,0,True,0.15,0.2,echo_ms,79,0.796997
latency,tmux,other-busy,0,True,0.15,0.2,echo_ms,80,0.819761
latency,tmux,other-busy,0,True,0.15,0.2,echo_ms,81,0.729027
latency,tmux,other-busy,0,True,0.15,0.2,echo_ms,82,0.831565
latency,tmux,other-busy,0,True,0.15,0.2,echo_ms,83,0.893413
latency,tmux,other-busy,0,True,0.15,0.2,echo_ms,84,0.712653
latency,tmux,other-busy,0,True,0.15,0.2,echo_ms,85,0.879698
latency,tmux,other-busy,0,True,0.15,0.2,echo_ms,86,0.784127
latency,tmux,other-busy,0,True,0.15,0.2,echo_ms,87,0.747916
latency,tmux,other-busy,0,True,0.15,0.2,echo_ms,88,0.773279
latency,tmux,other-busy,0,True,0.15,0.2,echo_ms,89,0.715158
latency,tmux,other-busy,0,True,0.15,0.2,echo_ms,90,0.629017
latency,tmux,other-busy,0,True,0.15,0.2,echo_ms,91,0.99987
latency,tmux,other-busy,0,True,0.15,0.2,echo_ms,92,0.825456
latency,tmux,other-busy,0,True,0.15,0.2,echo_ms,93,0.803878
latency,tmux,other-busy,0,True,0.15,0.2,echo_ms,94,0.75496
latency,tmux,other-busy,0,True,0.15,0.2,echo_ms,95,0.73818
latency,tmux,other-busy,0,True,0.15,0.2,echo_ms,96,0.759627
latency,tmux,other-busy,0,True,0.15,0.2,echo_ms,97,1.001189
latency,tmux,other-busy,0,True,0.15,0.2,echo_ms,98,0.636543
latency,tmux,other-busy,0,True,0.15,0.2,echo_ms,99,0.739445
latency,tmux,other-busy,0,True,0.15,0.2,timeouts,,0
latency,herdr,other-busy,0,True,0.2,0.32,echo_ms,0,0.421161
latency,herdr,other-busy,0,True,0.2,0.32,echo_ms,1,0.631344
latency,herdr,other-busy,0,True,0.2,0.32,echo_ms,2,0.482653
latency,herdr,other-busy,0,True,0.2,0.32,echo_ms,3,0.470752
latency,herdr,other-busy,0,True,0.2,0.32,echo_ms,4,0.428017
latency,herdr,other-busy,0,True,0.2,0.32,echo_ms,5,0.425634
latency,herdr,other-busy,0,True,0.2,0.32,echo_ms,6,0.439355
latency,herdr,other-busy,0,True,0.2,0.32,echo_ms,7,0.461671
latency,herdr,other-busy,0,True,0.2,0.32,echo_ms,8,0.447006
latency,herdr,other-busy,0,True,0.2,0.32,echo_ms,9,0.423918
latency,herdr,other-busy,0,True,0.2,0.32,echo_ms,10,0.450176
latency,herdr,other-busy,0,True,0.2,0.32,echo_ms,11,0.420023
latency,herdr,other-busy,0,True,0.2,0.32,echo_ms,12,0.443583
latency,herdr,other-busy,0,True,0.2,0.32,echo_ms,13,0.429385
latency,herdr,other-busy,0,True,0.2,0.32,echo_ms,14,0.418525
latency,herdr,other-busy,0,True,0.2,0.32,echo_ms,15,0.413701
latency,herdr,other-busy,0,True,0.2,0.32,echo_ms,16,0.461816
latency,herdr,other-busy,0,True,0.2,0.32,echo_ms,17,0.427241
latency,herdr,other-busy,0,True,0.2,0.32,echo_ms,18,0.436426
latency,herdr,other-busy,0,True,0.2,0.32,echo_ms,19,0.49982
latency,herdr,other-busy,0,True,0.2,0.32,echo_ms,20,0.601886
latency,herdr,other-busy,0,True,0.2,0.32,echo_ms,21,0.43367
latency,herdr,other-busy,0,True,0.2,0.32,echo_ms,22,0.463096
latency,herdr,other-busy,0,True,0.2,0.32,echo_ms,23,0.432377
latency,herdr,other-busy,0,True,0.2,0.32,echo_ms,24,0.447466
latency,herdr,other-busy,0,True,0.2,0.32,echo_ms,25,0.523903
latency,herdr,other-busy,0,True,0.2,0.32,echo_ms,26,0.475166
latency,herdr,other-busy,0,True,0.2,0.32,echo_ms,27,0.487287
latency,herdr,other-busy,0,True,0.2,0.32,echo_ms,28,0.423288
latency,herdr,other-busy,0,True,0.2,0.32,echo_ms,29,0.449347
latency,herdr,other-busy,0,True,0.2,0.32,echo_ms,30,0.441629
latency,herdr,other-busy,0,True,0.2,0.32,echo_ms,31,0.414403
latency,herdr,other-busy,0,True,0.2,0.32,echo_ms,32,0.461937
latency,herdr,other-busy,0,True,0.2,0.32,echo_ms,33,0.892963
latency,herdr,other-busy,0,True,0.2,0.32,echo_ms,34,0.514746
latency,herdr,other-busy,0,True,0.2,0.32,echo_ms,35,0.440138
latency,herdr,other-busy,0,True,0.2,0.32,echo_ms,36,0.457538
latency,herdr,other-busy,0,True,0.2,0.32,echo_ms,37,0.418942
latency,herdr,other-busy,0,True,0.2,0.32,echo_ms,38,0.44869
latency,herdr,other-busy,0,True,0.2,0.32,echo_ms,39,0.495484
latency,herdr,other-busy,0,True,0.2,0.32,echo_ms,40,0.4659
latency,herdr,other-busy,0,True,0.2,0.32,echo_ms,41,0.849999
latency,herdr,other-busy,0,True,0.2,0.32,echo_ms,42,0.512828
latency,herdr,other-busy,0,True,0.2,0.32,echo_ms,43,0.427805
latency,herdr,other-busy,0,True,0.2,0.32,echo_ms,44,0.592755
latency,herdr,other-busy,0,True,0.2,0.32,echo_ms,45,0.455013
latency,herdr,other-busy,0,True,0.2,0.32,echo_ms,46,0.42558
latency,herdr,other-busy,0,True,0.2,0.32,echo_ms,47,0.470194
latency,herdr,other-busy,0,True,0.2,0.32,echo_ms,48,0.438267
latency,herdr,other-busy,0,True,0.2,0.32,echo_ms,49,0.440345
latency,herdr,other-busy,0,True,0.2,0.32,echo_ms,50,0.475087
latency,herdr,other-busy,0,True,0.2,0.32,echo_ms,51,0.478486
latency,herdr,other-busy,0,True,0.2,0.32,echo_ms,52,0.494068
latency,herdr,other-busy,0,True,0.2,0.32,echo_ms,53,0.528768
latency,herdr,other-busy,0,True,0.2,0.32,echo_ms,54,0.479164
latency,herdr,other-busy,0,True,0.2,0.32,echo_ms,55,0.508869
latency,herdr,other-busy,0,True,0.2,0.32,echo_ms,56,0.442327
latency,herdr,other-busy,0,True,0.2,0.32,echo_ms,57,0.408104
latency,herdr,other-busy,0,True,0.2,0.32,echo_ms,58,0.86394
latency,herdr,other-busy,0,True,0.2,0.32,echo_ms,59,0.643916
latency,herdr,other-busy,0,True,0.2,0.32,echo_ms,60,0.562835
latency,herdr,other-busy,0,True,0.2,0.32,echo_ms,61,0.455712
latency,herdr,other-busy,0,True,0.2,0.32,echo_ms,62,0.495962
latency,herdr,other-busy,0,True,0.2,0.32,echo_ms,63,0.45907
latency,herdr,other-busy,0,True,0.2,0.32,echo_ms,64,0.496283
latency,herdr,other-busy,0,True,0.2,0.32,echo_ms,65,0.434512
latency,herdr,other-busy,0,True,0.2,0.32,echo_ms,66,0.439083
latency,herdr,other-busy,0,True,0.2,0.32,echo_ms,67,0.450005
latency,herdr,other-busy,0,True,0.2,0.32,echo_ms,68,0.459106
latency,herdr,other-busy,0,True,0.2,0.32,echo_ms,69,0.403888
latency,herdr,other-busy,0,True,0.2,0.32,echo_ms,70,0.43416
latency,herdr,other-busy,0,True,0.2,0.32,echo_ms,71,0.417165
latency,herdr,other-busy,0,True,0.2,0.32,echo_ms,72,0.468908
latency,herdr,other-busy,0,True,0.2,0.32,echo_ms,73,0.411391
latency,herdr,other-busy,0,True,0.2,0.32,echo_ms,74,0.418691
latency,herdr,other-busy,0,True,0.2,0.32,echo_ms,75,0.47742
latency,herdr,other-busy,0,True,0.2,0.32,echo_ms,76,0.475054
latency,herdr,other-busy,0,True,0.2,0.32,echo_ms,77,0.492551
latency,herdr,other-busy,0,True,0.2,0.32,echo_ms,78,0.617098
latency,herdr,other-busy,0,True,0.2,0.32,echo_ms,79,0.43439
latency,herdr,other-busy,0,True,0.2,0.32,echo_ms,80,0.523087
latency,herdr,other-busy,0,True,0.2,0.32,echo_ms,81,0.428972
latency,herdr,other-busy,0,True,0.2,0.32,echo_ms,82,0.432514
latency,herdr,other-busy,0,True,0.2,0.32,echo_ms,83,0.415305
latency,herdr,other-busy,0,True,0.2,0.32,echo_ms,84,0.445683
latency,herdr,other-busy,0,True,0.2,0.32,echo_ms,85,0.472918
latency,herdr,other-busy,0,True,0.2,0.32,echo_ms,86,0.462753
latency,herdr,other-busy,0,True,0.2,0.32,echo_ms,87,0.469894
latency,herdr,other-busy,0,True,0.2,0.32,echo_ms,88,0.424899
latency,herdr,other-busy,0,True,0.2,0.32,echo_ms,89,0.422002
latency,herdr,other-busy,0,True,0.2,0.32,echo_ms,90,0.46974
latency,herdr,other-busy,0,True,0.2,0.32,echo_ms,91,0.47684
latency,herdr,other-busy,0,True,0.2,0.32,echo_ms,92,0.440589
latency,herdr,other-busy,0,True,0.2,0.32,echo_ms,93,0.44283
latency,herdr,other-busy,0,True,0.2,0.32,echo_ms,94,0.449897
latency,herdr,other-busy,0,True,0.2,0.32,echo_ms,95,0.481127
latency,herdr,other-busy,0,True,0.2,0.32,echo_ms,96,0.472327
latency,herdr,other-busy,0,True,0.2,0.32,echo_ms,97,0.53747
latency,herdr,other-busy,0,True,0.2,0.32,echo_ms,98,0.499209
latency,herdr,other-busy,0,True,0.2,0.32,echo_ms,99,0.437872
latency,herdr,other-busy,0,True,0.2,0.32,timeouts,,0
latency,thurbox,other-busy,0,True,0.32,0.5,echo_ms,0,42.6751
latency,thurbox,other-busy,0,True,0.32,0.5,echo_ms,1,1.690141
latency,thurbox,other-busy,0,True,0.32,0.5,echo_ms,2,42.819482
latency,thurbox,other-busy,0,True,0.32,0.5,echo_ms,3,42.771474
latency,thurbox,other-busy,0,True,0.32,0.5,echo_ms,4,42.667257
latency,thurbox,other-busy,0,True,0.32,0.5,echo_ms,5,42.281179
latency,thurbox,other-busy,0,True,0.32,0.5,echo_ms,6,42.865844
latency,thurbox,other-busy,0,True,0.32,0.5,echo_ms,7,11.239441
latency,thurbox,other-busy,0,True,0.32,0.5,echo_ms,8,21.446335
latency,thurbox,other-busy,0,True,0.32,0.5,echo_ms,9,11.198247
latency,thurbox,other-busy,0,True,0.32,0.5,echo_ms,10,42.621814
latency,thurbox,other-busy,0,True,0.32,0.5,echo_ms,11,21.263539
latency,thurbox,other-busy,0,True,0.32,0.5,echo_ms,12,21.661455
latency,thurbox,other-busy,0,True,0.32,0.5,echo_ms,13,42.411353
latency,thurbox,other-busy,0,True,0.32,0.5,echo_ms,14,21.283996
latency,thurbox,other-busy,0,True,0.32,0.5,echo_ms,15,1.430313
latency,thurbox,other-busy,0,True,0.32,0.5,echo_ms,16,21.223334
latency,thurbox,other-busy,0,True,0.32,0.5,echo_ms,17,42.286009
latency,thurbox,other-busy,0,True,0.32,0.5,echo_ms,18,42.611842
latency,thurbox,other-busy,0,True,0.32,0.5,echo_ms,19,11.452819
latency,thurbox,other-busy,0,True,0.32,0.5,echo_ms,20,42.345015
latency,thurbox,other-busy,0,True,0.32,0.5,echo_ms,21,42.663654
latency,thurbox,other-busy,0,True,0.32,0.5,echo_ms,22,21.75709
latency,thurbox,other-busy,0,True,0.32,0.5,echo_ms,23,11.216679
latency,thurbox,other-busy,0,True,0.32,0.5,echo_ms,24,11.627858
latency,thurbox,other-busy,0,True,0.32,0.5,echo_ms,25,42.343972
latency,thurbox,other-busy,0,True,0.32,0.5,echo_ms,26,12.542548
latency,thurbox,other-busy,0,True,0.32,0.5,echo_ms,27,43.324109
latency,thurbox,other-busy,0,True,0.32,0.5,echo_ms,28,42.381623
latency,thurbox,other-busy,0,True,0.32,0.5,echo_ms,29,42.72204
latency,thurbox,other-busy,0,True,0.32,0.5,echo_ms,30,11.202198
latency,thurbox,other-busy,0,True,0.32,0.5,echo_ms,31,11.163971
latency,thurbox,other-busy,0,True,0.32,0.5,echo_ms,32,42.546888
latency,thurbox,other-busy,0,True,0.32,0.5,echo_ms,33,42.406332
latency,thurbox,other-busy,0,True,0.32,0.5,echo_ms,34,1.528811
latency,thurbox,other-busy,0,True,0.32,0.5,echo_ms,35,11.588215
latency,thurbox,other-busy,0,True,0.32,0.5,echo_ms,36,42.384233
latency,thurbox,other-busy,0,True,0.32,0.5,echo_ms,37,42.859152
latency,thurbox,other-busy,0,True,0.32,0.5,echo_ms,38,21.248791
latency,thurbox,other-busy,0,True,0.32,0.5,echo_ms,39,22.572083
latency,thurbox,other-busy,0,True,0.32,0.5,echo_ms,40,42.654297
latency,thurbox,other-busy,0,True,0.32,0.5,echo_ms,41,42.8407
latency,thurbox,other-busy,0,True,0.32,0.5,echo_ms,42,42.718031
latency,thurbox,other-busy,0,True,0.32,0.5,echo_ms,43,21.413878
latency,thurbox,other-busy,0,True,0.32,0.5,echo_ms,44,11.830455
latency,thurbox,other-busy,0,True,0.32,0.5,echo_ms,45,42.630476
latency,thurbox,other-busy,0,True,0.32,0.5,echo_ms,46,42.906697
latency,thurbox,other-busy,0,True,0.32,0.5,echo_ms,47,42.296693
latency,thurbox,other-busy,0,True,0.32,0.5,echo_ms,48,42.69457
latency,thurbox,other-busy,0,True,0.32,0.5,echo_ms,49,43.517036
latency,thurbox,other-busy,0,True,0.32,0.5,echo_ms,50,11.162332
latency,thurbox,other-busy,0,True,0.32,0.5,echo_ms,51,44.034837
latency,thurbox,other-busy,0,True,0.32,0.5,echo_ms,52,42.607374
latency,thurbox,other-busy,0,True,0.32,0.5,echo_ms,53,42.343257
latency,thurbox,other-busy,0,True,0.32,0.5,echo_ms,54,43.426375
latency,thurbox,other-busy,0,True,0.32,0.5,echo_ms,55,21.292905
latency,thurbox,other-busy,0,True,0.32,0.5,echo_ms,56,11.174968
latency,thurbox,other-busy,0,True,0.32,0.5,echo_ms,57,42.666122
latency,thurbox,other-busy,0,True,0.32,0.5,echo_ms,58,42.27311
latency,thurbox,other-busy,0,True,0.32,0.5,echo_ms,59,43.289177
latency,thurbox,other-busy,0,True,0.32,0.5,echo_ms,60,21.367479
latency,thurbox,other-busy,0,True,0.32,0.5,echo_ms,61,42.21672
latency,thurbox,other-busy,0,True,0.32,0.5,echo_ms,62,21.212571
latency,thurbox,other-busy,0,True,0.32,0.5,echo_ms,63,11.238669
latency,thurbox,other-busy,0,True,0.32,0.5,echo_ms,64,23.35215
latency,thurbox,other-busy,0,True,0.32,0.5,echo_ms,65,42.683418
latency,thurbox,other-busy,0,True,0.32,0.5,echo_ms,66,42.765681
latency,thurbox,other-busy,0,True,0.32,0.5,echo_ms,67,21.275392
latency,thurbox,other-busy,0,True,0.32,0.5,echo_ms,68,11.523034
latency,thurbox,other-busy,0,True,0.32,0.5,echo_ms,69,11.149727
latency,thurbox,other-busy,0,True,0.32,0.5,echo_ms,70,11.552358
latency,thurbox,other-busy,0,True,0.32,0.5,echo_ms,71,21.241253
latency,thurbox,other-busy,0,True,0.32,0.5,echo_ms,72,42.23868
latency,thurbox,other-busy,0,True,0.32,0.5,echo_ms,73,11.206046
latency,thurbox,other-busy,0,True,0.32,0.5,echo_ms,74,42.873726
latency,thurbox,other-busy,0,True,0.32,0.5,echo_ms,75,11.22406
latency,thurbox,other-busy,0,True,0.32,0.5,echo_ms,76,22.623532
latency,thurbox,other-busy,0,True,0.32,0.5,echo_ms,77,1.477286
latency,thurbox,other-busy,0,True,0.32,0.5,echo_ms,78,42.18077
latency,thurbox,other-busy,0,True,0.32,0.5,echo_ms,79,42.599316
latency,thurbox,other-busy,0,True,0.32,0.5,echo_ms,80,42.732677
latency,thurbox,other-busy,0,True,0.32,0.5,echo_ms,81,42.643003
latency,thurbox,other-busy,0,True,0.32,0.5,echo_ms,82,11.238905
latency,thurbox,other-busy,0,True,0.32,0.5,echo_ms,83,42.788102
latency,thurbox,other-busy,0,True,0.32,0.5,echo_ms,84,21.267049
latency,thurbox,other-busy,0,True,0.32,0.5,echo_ms,85,42.299542
latency,thurbox,other-busy,0,True,0.32,0.5,echo_ms,86,2.085976
latency,thurbox,other-busy,0,True,0.32,0.5,echo_ms,87,42.559036
latency,thurbox,other-busy,0,True,0.32,0.5,echo_ms,88,43.161643
latency,thurbox,other-busy,0,True,0.32,0.5,echo_ms,89,42.811065
latency,thurbox,other-busy,0,True,0.32,0.5,echo_ms,90,11.568805
latency,thurbox,other-busy,0,True,0.32,0.5,echo_ms,91,42.425993
latency,thurbox,other-busy,0,True,0.32,0.5,echo_ms,92,1.377251
latency,thurbox,other-busy,0,True,0.32,0.5,echo_ms,93,42.704336
latency,thurbox,other-busy,0,True,0.32,0.5,echo_ms,94,42.253677
latency,thurbox,other-busy,0,True,0.32,0.5,echo_ms,95,42.582715
latency,thurbox,other-busy,0,True,0.32,0.5,echo_ms,96,11.205425
latency,thurbox,other-busy,0,True,0.32,0.5,echo_ms,97,42.234459
latency,thurbox,other-busy,0,True,0.32,0.5,echo_ms,98,22.211228
latency,thurbox,other-busy,0,True,0.32,0.5,echo_ms,99,21.215951
latency,thurbox,other-busy,0,True,0.32,0.5,timeouts,,0
latency,tmux,other-busy,1,False,0.5,0.65,echo_ms,0,0.863377
latency,tmux,other-busy,1,False,0.5,0.65,echo_ms,1,0.699411
latency,tmux,other-busy,1,False,0.5,0.65,echo_ms,2,0.717593
latency,tmux,other-busy,1,False,0.5,0.65,echo_ms,3,0.728831
latency,tmux,other-busy,1,False,0.5,0.65,echo_ms,4,0.790326
latency,tmux,other-busy,1,False,0.5,0.65,echo_ms,5,0.727493
latency,tmux,other-busy,1,False,0.5,0.65,echo_ms,6,0.656521
latency,tmux,other-busy,1,False,0.5,0.65,echo_ms,7,0.999005
latency,tmux,other-busy,1,False,0.5,0.65,echo_ms,8,0.717231
latency,tmux,other-busy,1,False,0.5,0.65,echo_ms,9,0.741532
latency,tmux,other-busy,1,False,0.5,0.65,echo_ms,10,0.635727
latency,tmux,other-busy,1,False,0.5,0.65,echo_ms,11,0.766104
latency,tmux,other-busy,1,False,0.5,0.65,echo_ms,12,0.7413
latency,tmux,other-busy,1,False,0.5,0.65,echo_ms,13,0.719448
latency,tmux,other-busy,1,False,0.5,0.65,echo_ms,14,0.8154
latency,tmux,other-busy,1,False,0.5,0.65,echo_ms,15,1.015706
latency,tmux,other-busy,1,False,0.5,0.65,echo_ms,16,0.601583
latency,tmux,other-busy,1,False,0.5,0.65,echo_ms,17,0.676605
latency,tmux,other-busy,1,False,0.5,0.65,echo_ms,18,0.678063
latency,tmux,other-busy,1,False,0.5,0.65,echo_ms,19,0.729497
latency,tmux,other-busy,1,False,0.5,0.65,echo_ms,20,0.591679
latency,tmux,other-busy,1,False,0.5,0.65,echo_ms,21,0.651121
latency,tmux,other-busy,1,False,0.5,0.65,echo_ms,22,0.846546
latency,tmux,other-busy,1,False,0.5,0.65,echo_ms,23,0.633887
latency,tmux,other-busy,1,False,0.5,0.65,echo_ms,24,0.87531
latency,tmux,other-busy,1,False,0.5,0.65,echo_ms,25,0.814574
latency,tmux,other-busy,1,False,0.5,0.65,echo_ms,26,0.657303
latency,tmux,other-busy,1,False,0.5,0.65,echo_ms,27,0.644153
latency,tmux,other-busy,1,False,0.5,0.65,echo_ms,28,0.676805
latency,tmux,other-busy,1,False,0.5,0.65,echo_ms,29,0.763531
latency,tmux,other-busy,1,False,0.5,0.65,echo_ms,30,0.627171
latency,tmux,other-busy,1,False,0.5,0.65,echo_ms,31,0.812887
latency,tmux,other-busy,1,False,0.5,0.65,echo_ms,32,0.910515
latency,tmux,other-busy,1,False,0.5,0.65,echo_ms,33,0.641937
latency,tmux,other-busy,1,False,0.5,0.65,echo_ms,34,0.8398
latency,tmux,other-busy,1,False,0.5,0.65,echo_ms,35,0.75329
latency,tmux,other-busy,1,False,0.5,0.65,echo_ms,36,0.641238
latency,tmux,other-busy,1,False,0.5,0.65,echo_ms,37,0.859712
latency,tmux,other-busy,1,False,0.5,0.65,echo_ms,38,0.666006
latency,tmux,other-busy,1,False,0.5,0.65,echo_ms,39,1.057058
latency,tmux,other-busy,1,False,0.5,0.65,echo_ms,40,0.645383
latency,tmux,other-busy,1,False,0.5,0.65,echo_ms,41,0.618199
latency,tmux,other-busy,1,False,0.5,0.65,echo_ms,42,0.91283
latency,tmux,other-busy,1,False,0.5,0.65,echo_ms,43,0.704481
latency,tmux,other-busy,1,False,0.5,0.65,echo_ms,44,0.946264
latency,tmux,other-busy,1,False,0.5,0.65,echo_ms,45,0.762999
latency,tmux,other-busy,1,False,0.5,0.65,echo_ms,46,0.621236
latency,tmux,other-busy,1,False,0.5,0.65,echo_ms,47,0.701577
latency,tmux,other-busy,1,False,0.5,0.65,echo_ms,48,0.687533
latency,tmux,other-busy,1,False,0.5,0.65,echo_ms,49,0.614655
latency,tmux,other-busy,1,False,0.5,0.65,echo_ms,50,0.700689
latency,tmux,other-busy,1,False,0.5,0.65,echo_ms,51,0.799155
latency,tmux,other-busy,1,False,0.5,0.65,echo_ms,52,0.585272
latency,tmux,other-busy,1,False,0.5,0.65,echo_ms,53,0.812083
latency,tmux,other-busy,1,False,0.5,0.65,echo_ms,54,0.92974
latency,tmux,other-busy,1,False,0.5,0.65,echo_ms,55,0.823847
latency,tmux,other-busy,1,False,0.5,0.65,echo_ms,56,0.798718
latency,tmux,other-busy,1,False,0.5,0.65,echo_ms,57,0.852506
latency,tmux,other-busy,1,False,0.5,0.65,echo_ms,58,0.735007
latency,tmux,other-busy,1,False,0.5,0.65,echo_ms,59,0.614639
latency,tmux,other-busy,1,False,0.5,0.65,echo_ms,60,0.565212
latency,tmux,other-busy,1,False,0.5,0.65,echo_ms,61,0.857801
latency,tmux,other-busy,1,False,0.5,0.65,echo_ms,62,0.627465
latency,tmux,other-busy,1,False,0.5,0.65,echo_ms,63,0.616165
latency,tmux,other-busy,1,False,0.5,0.65,echo_ms,64,0.781306
latency,tmux,other-busy,1,False,0.5,0.65,echo_ms,65,0.779968
latency,tmux,other-busy,1,False,0.5,0.65,echo_ms,66,0.730932
latency,tmux,other-busy,1,False,0.5,0.65,echo_ms,67,0.804516
latency,tmux,other-busy,1,False,0.5,0.65,echo_ms,68,0.799663
latency,tmux,other-busy,1,False,0.5,0.65,echo_ms,69,0.545287
latency,tmux,other-busy,1,False,0.5,0.65,echo_ms,70,0.765714
latency,tmux,other-busy,1,False,0.5,0.65,echo_ms,71,0.605796
latency,tmux,other-busy,1,False,0.5,0.65,echo_ms,72,0.913572
latency,tmux,other-busy,1,False,0.5,0.65,echo_ms,73,0.820325
latency,tmux,other-busy,1,False,0.5,0.65,echo_ms,74,0.57774
latency,tmux,other-busy,1,False,0.5,0.65,echo_ms,75,0.976739
latency,tmux,other-busy,1,False,0.5,0.65,echo_ms,76,1.060344
latency,tmux,other-busy,1,False,0.5,0.65,echo_ms,77,1.092645
latency,tmux,other-busy,1,False,0.5,0.65,echo_ms,78,0.792992
latency,tmux,other-busy,1,False,0.5,0.65,echo_ms,79,0.780842
latency,tmux,other-busy,1,False,0.5,0.65,echo_ms,80,0.603126
latency,tmux,other-busy,1,False,0.5,0.65,echo_ms,81,0.831773
latency,tmux,other-busy,1,False,0.5,0.65,echo_ms,82,0.807331
latency,tmux,other-busy,1,False,0.5,0.65,echo_ms,83,0.927306
latency,tmux,other-busy,1,False,0.5,0.65,echo_ms,84,0.96398
latency,tmux,other-busy,1,False,0.5,0.65,echo_ms,85,0.695318
latency,tmux,other-busy,1,False,0.5,0.65,echo_ms,86,0.753117
latency,tmux,other-busy,1,False,0.5,0.65,echo_ms,87,0.968685
latency,tmux,other-busy,1,False,0.5,0.65,echo_ms,88,0.801917
latency,tmux,other-busy,1,False,0.5,0.65,echo_ms,89,0.742407
latency,tmux,other-busy,1,False,0.5,0.65,echo_ms,90,0.770214
latency,tmux,other-busy,1,False,0.5,0.65,echo_ms,91,0.815782
latency,tmux,other-busy,1,False,0.5,0.65,echo_ms,92,0.717203
latency,tmux,other-busy,1,False,0.5,0.65,echo_ms,93,0.852451
latency,tmux,other-busy,1,False,0.5,0.65,echo_ms,94,0.76716
latency,tmux,other-busy,1,False,0.5,0.65,echo_ms,95,0.249868
latency,tmux,other-busy,1,False,0.5,0.65,echo_ms,96,0.792788
latency,tmux,other-busy,1,False,0.5,0.65,echo_ms,97,0.762596
latency,tmux,other-busy,1,False,0.5,0.65,echo_ms,98,0.745158
latency,tmux,other-busy,1,False,0.5,0.65,echo_ms,99,0.823654
latency,tmux,other-busy,1,False,0.5,0.65,timeouts,,0
latency,herdr,other-busy,1,False,0.65,0.71,echo_ms,0,0.498275
latency,herdr,other-busy,1,False,0.65,0.71,echo_ms,1,0.44808
latency,herdr,other-busy,1,False,0.65,0.71,echo_ms,2,0.439709
latency,herdr,other-busy,1,False,0.65,0.71,echo_ms,3,0.427956
latency,herdr,other-busy,1,False,0.65,0.71,echo_ms,4,0.448587
latency,herdr,other-busy,1,False,0.65,0.71,echo_ms,5,0.526925
latency,herdr,other-busy,1,False,0.65,0.71,echo_ms,6,0.469069
latency,herdr,other-busy,1,False,0.65,0.71,echo_ms,7,0.506302
latency,herdr,other-busy,1,False,0.65,0.71,echo_ms,8,0.451286
latency,herdr,other-busy,1,False,0.65,0.71,echo_ms,9,0.471718
latency,herdr,other-busy,1,False,0.65,0.71,echo_ms,10,0.454666
latency,herdr,other-busy,1,False,0.65,0.71,echo_ms,11,0.481838
latency,herdr,other-busy,1,False,0.65,0.71,echo_ms,12,0.423332
latency,herdr,other-busy,1,False,0.65,0.71,echo_ms,13,0.396412
latency,herdr,other-busy,1,False,0.65,0.71,echo_ms,14,0.438446
latency,herdr,other-busy,1,False,0.65,0.71,echo_ms,15,0.441927
latency,herdr,other-busy,1,False,0.65,0.71,echo_ms,16,0.450873
latency,herdr,other-busy,1,False,0.65,0.71,echo_ms,17,0.461143
latency,herdr,other-busy,1,False,0.65,0.71,echo_ms,18,0.443265
latency,herdr,other-busy,1,False,0.65,0.71,echo_ms,19,0.473867
latency,herdr,other-busy,1,False,0.65,0.71,echo_ms,20,0.494729
latency,herdr,other-busy,1,False,0.65,0.71,echo_ms,21,0.430714
latency,herdr,other-busy,1,False,0.65,0.71,echo_ms,22,0.4452
latency,herdr,other-busy,1,False,0.65,0.71,echo_ms,23,0.482548
latency,herdr,other-busy,1,False,0.65,0.71,echo_ms,24,0.414589
latency,herdr,other-busy,1,False,0.65,0.71,echo_ms,25,0.483406
latency,herdr,other-busy,1,False,0.65,0.71,echo_ms,26,0.441056
latency,herdr,other-busy,1,False,0.65,0.71,echo_ms,27,0.49064
latency,herdr,other-busy,1,False,0.65,0.71,echo_ms,28,0.440197
latency,herdr,other-busy,1,False,0.65,0.71,echo_ms,29,0.475289
latency,herdr,other-busy,1,False,0.65,0.71,echo_ms,30,0.511425
latency,herdr,other-busy,1,False,0.65,0.71,echo_ms,31,0.449282
latency,herdr,other-busy,1,False,0.65,0.71,echo_ms,32,0.419366
latency,herdr,other-busy,1,False,0.65,0.71,echo_ms,33,0.423162
latency,herdr,other-busy,1,False,0.65,0.71,echo_ms,34,0.469346
latency,herdr,other-busy,1,False,0.65,0.71,echo_ms,35,0.449171
latency,herdr,other-busy,1,False,0.65,0.71,echo_ms,36,0.446101
latency,herdr,other-busy,1,False,0.65,0.71,echo_ms,37,0.427684
latency,herdr,other-busy,1,False,0.65,0.71,echo_ms,38,0.419329
latency,herdr,other-busy,1,False,0.65,0.71,echo_ms,39,0.447266
latency,herdr,other-busy,1,False,0.65,0.71,echo_ms,40,0.459098
latency,herdr,other-busy,1,False,0.65,0.71,echo_ms,41,0.438976
latency,herdr,other-busy,1,False,0.65,0.71,echo_ms,42,0.432446
latency,herdr,other-busy,1,False,0.65,0.71,echo_ms,43,0.43792
latency,herdr,other-busy,1,False,0.65,0.71,echo_ms,44,0.455779
latency,herdr,other-busy,1,False,0.65,0.71,echo_ms,45,0.442094
latency,herdr,other-busy,1,False,0.65,0.71,echo_ms,46,0.416799
latency,herdr,other-busy,1,False,0.65,0.71,echo_ms,47,0.434043
latency,herdr,other-busy,1,False,0.65,0.71,echo_ms,48,0.457837
latency,herdr,other-busy,1,False,0.65,0.71,echo_ms,49,0.462479
latency,herdr,other-busy,1,False,0.65,0.71,echo_ms,50,0.479006
latency,herdr,other-busy,1,False,0.65,0.71,echo_ms,51,0.456795
latency,herdr,other-busy,1,False,0.65,0.71,echo_ms,52,0.430262
latency,herdr,other-busy,1,False,0.65,0.71,echo_ms,53,0.453672
latency,herdr,other-busy,1,False,0.65,0.71,echo_ms,54,1.307105
latency,herdr,other-busy,1,False,0.65,0.71,echo_ms,55,0.426938
latency,herdr,other-busy,1,False,0.65,0.71,echo_ms,56,0.44033
latency,herdr,other-busy,1,False,0.65,0.71,echo_ms,57,0.436656
latency,herdr,other-busy,1,False,0.65,0.71,echo_ms,58,0.458423
latency,herdr,other-busy,1,False,0.65,0.71,echo_ms,59,0.392467
latency,herdr,other-busy,1,False,0.65,0.71,echo_ms,60,0.555443
latency,herdr,other-busy,1,False,0.65,0.71,echo_ms,61,0.428158
latency,herdr,other-busy,1,False,0.65,0.71,echo_ms,62,0.409094
latency,herdr,other-busy,1,False,0.65,0.71,echo_ms,63,0.421738
latency,herdr,other-busy,1,False,0.65,0.71,echo_ms,64,0.452607
latency,herdr,other-busy,1,False,0.65,0.71,echo_ms,65,0.492254
latency,herdr,other-busy,1,False,0.65,0.71,echo_ms,66,0.4583
latency,herdr,other-busy,1,False,0.65,0.71,echo_ms,67,0.450048
latency,herdr,other-busy,1,False,0.65,0.71,echo_ms,68,0.421916
latency,herdr,other-busy,1,False,0.65,0.71,echo_ms,69,0.483184
latency,herdr,other-busy,1,False,0.65,0.71,echo_ms,70,0.439488
latency,herdr,other-busy,1,False,0.65,0.71,echo_ms,71,0.453954
latency,herdr,other-busy,1,False,0.65,0.71,echo_ms,72,0.410344
latency,herdr,other-busy,1,False,0.65,0.71,echo_ms,73,0.484243
latency,herdr,other-busy,1,False,0.65,0.71,echo_ms,74,0.473124
latency,herdr,other-busy,1,False,0.65,0.71,echo_ms,75,0.501728
latency,herdr,other-busy,1,False,0.65,0.71,echo_ms,76,0.527244
latency,herdr,other-busy,1,False,0.65,0.71,echo_ms,77,0.534046
latency,herdr,other-busy,1,False,0.65,0.71,echo_ms,78,0.444005
latency,herdr,other-busy,1,False,0.65,0.71,echo_ms,79,0.500993
latency,herdr,other-busy,1,False,0.65,0.71,echo_ms,80,0.522702
latency,herdr,other-busy,1,False,0.65,0.71,echo_ms,81,0.445609
latency,herdr,other-busy,1,False,0.65,0.71,echo_ms,82,0.43397
latency,herdr,other-busy,1,False,0.65,0.71,echo_ms,83,0.481472
latency,herdr,other-busy,1,False,0.65,0.71,echo_ms,84,0.438168
latency,herdr,other-busy,1,False,0.65,0.71,echo_ms,85,0.402206
latency,herdr,other-busy,1,False,0.65,0.71,echo_ms,86,0.42761
latency,herdr,other-busy,1,False,0.65,0.71,echo_ms,87,0.458492
latency,herdr,other-busy,1,False,0.65,0.71,echo_ms,88,0.486268
latency,herdr,other-busy,1,False,0.65,0.71,echo_ms,89,0.495968
latency,herdr,other-busy,1,False,0.65,0.71,echo_ms,90,0.549174
latency,herdr,other-busy,1,False,0.65,0.71,echo_ms,91,0.435241
latency,herdr,other-busy,1,False,0.65,0.71,echo_ms,92,0.437778
latency,herdr,other-busy,1,False,0.65,0.71,echo_ms,93,0.439774
latency,herdr,other-busy,1,False,0.65,0.71,echo_ms,94,0.434061
latency,herdr,other-busy,1,False,0.65,0.71,echo_ms,95,0.487906
latency,herdr,other-busy,1,False,0.65,0.71,echo_ms,96,0.444169
latency,herdr,other-busy,1,False,0.65,0.71,echo_ms,97,0.487298
latency,herdr,other-busy,1,False,0.65,0.71,echo_ms,98,0.444632
latency,herdr,other-busy,1,False,0.65,0.71,echo_ms,99,0.426396
latency,herdr,other-busy,1,False,0.65,0.71,timeouts,,0
latency,thurbox,other-busy,1,False,0.71,0.75,echo_ms,0,21.871192
latency,thurbox,other-busy,1,False,0.71,0.75,echo_ms,1,42.356147
latency,thurbox,other-busy,1,False,0.71,0.75,echo_ms,2,42.840047
latency,thurbox,other-busy,1,False,0.71,0.75,echo_ms,3,42.997633
latency,thurbox,other-busy,1,False,0.71,0.75,echo_ms,4,42.656008
latency,thurbox,other-busy,1,False,0.71,0.75,echo_ms,5,11.319111
latency,thurbox,other-busy,1,False,0.71,0.75,echo_ms,6,11.184731
latency,thurbox,other-busy,1,False,0.71,0.75,echo_ms,7,42.9229
latency,thurbox,other-busy,1,False,0.71,0.75,echo_ms,8,42.353585
latency,thurbox,other-busy,1,False,0.71,0.75,echo_ms,9,43.10255
latency,thurbox,other-busy,1,False,0.71,0.75,echo_ms,10,43.840326
latency,thurbox,other-busy,1,False,0.71,0.75,echo_ms,11,42.729756
latency,thurbox,other-busy,1,False,0.71,0.75,echo_ms,12,43.290793
latency,thurbox,other-busy,1,False,0.71,0.75,echo_ms,13,11.208827
latency,thurbox,other-busy,1,False,0.71,0.75,echo_ms,14,43.065264
latency,thurbox,other-busy,1,False,0.71,0.75,echo_ms,15,42.743889
latency,thurbox,other-busy,1,False,0.71,0.75,echo_ms,16,42.315158
latency,thurbox,other-busy,1,False,0.71,0.75,echo_ms,17,42.851849
latency,thurbox,other-busy,1,False,0.71,0.75,echo_ms,18,42.18044
latency,thurbox,other-busy,1,False,0.71,0.75,echo_ms,19,43.448965
latency,thurbox,other-busy,1,False,0.71,0.75,echo_ms,20,11.598531
latency,thurbox,other-busy,1,False,0.71,0.75,echo_ms,21,11.195881
latency,thurbox,other-busy,1,False,0.71,0.75,echo_ms,22,11.548455
latency,thurbox,other-busy,1,False,0.71,0.75,echo_ms,23,11.230574
latency,thurbox,other-busy,1,False,0.71,0.75,echo_ms,24,42.58463
latency,thurbox,other-busy,1,False,0.71,0.75,echo_ms,25,43.018233
latency,thurbox,other-busy,1,False,0.71,0.75,echo_ms,26,1.457657
latency,thurbox,other-busy,1,False,0.71,0.75,echo_ms,27,11.586729
latency,thurbox,other-busy,1,False,0.71,0.75,echo_ms,28,42.644229
latency,thurbox,other-busy,1,False,0.71,0.75,echo_ms,29,21.254829
latency,thurbox,other-busy,1,False,0.71,0.75,echo_ms,30,42.849905
latency,thurbox,other-busy,1,False,0.71,0.75,echo_ms,31,11.276192
latency,thurbox,other-busy,1,False,0.71,0.75,echo_ms,32,11.21339
latency,thurbox,other-busy,1,False,0.71,0.75,echo_ms,33,42.668308
latency,thurbox,other-busy,1,False,0.71,0.75,echo_ms,34,42.374733
latency,thurbox,other-busy,1,False,0.71,0.75,echo_ms,35,42.579737
latency,thurbox,other-busy,1,False,0.71,0.75,echo_ms,36,42.688975
latency,thurbox,other-busy,1,False,0.71,0.75,echo_ms,37,42.252425
latency,thurbox,other-busy,1,False,0.71,0.75,echo_ms,38,1.039592
latency,thurbox,other-busy,1,False,0.71,0.75,echo_ms,39,42.321327
latency,thurbox,other-busy,1,False,0.71,0.75,echo_ms,40,21.965736
latency,thurbox,other-busy,1,False,0.71,0.75,echo_ms,41,43.287095
latency,thurbox,other-busy,1,False,0.71,0.75,echo_ms,42,11.26602
latency,thurbox,other-busy,1,False,0.71,0.75,echo_ms,43,11.253102
latency,thurbox,other-busy,1,False,0.71,0.75,echo_ms,44,42.649098
latency,thurbox,other-busy,1,False,0.71,0.75,echo_ms,45,42.907508
latency,thurbox,other-busy,1,False,0.71,0.75,echo_ms,46,42.646125
latency,thurbox,other-busy,1,False,0.71,0.75,echo_ms,47,42.770247
latency,thurbox,other-busy,1,False,0.71,0.75,echo_ms,48,42.282948
latency,thurbox,other-busy,1,False,0.71,0.75,echo_ms,49,42.608447
latency,thurbox,other-busy,1,False,0.71,0.75,echo_ms,50,42.337154
latency,thurbox,other-busy,1,False,0.71,0.75,echo_ms,51,42.754703
latency,thurbox,other-busy,1,False,0.71,0.75,echo_ms,52,11.254737
latency,thurbox,other-busy,1,False,0.71,0.75,echo_ms,53,21.187063
latency,thurbox,other-busy,1,False,0.71,0.75,echo_ms,54,42.930743
latency,thurbox,other-busy,1,False,0.71,0.75,echo_ms,55,11.363974
latency,thurbox,other-busy,1,False,0.71,0.75,echo_ms,56,42.83732
latency,thurbox,other-busy,1,False,0.71,0.75,echo_ms,57,42.796292
latency,thurbox,other-busy,1,False,0.71,0.75,echo_ms,58,21.589929
latency,thurbox,other-busy,1,False,0.71,0.75,echo_ms,59,42.249542
latency,thurbox,other-busy,1,False,0.71,0.75,echo_ms,60,42.670249
latency,thurbox,other-busy,1,False,0.71,0.75,echo_ms,61,11.236772
latency,thurbox,other-busy,1,False,0.71,0.75,echo_ms,62,42.642985
latency,thurbox,other-busy,1,False,0.71,0.75,echo_ms,63,11.153954
latency,thurbox,other-busy,1,False,0.71,0.75,echo_ms,64,24.063674
latency,thurbox,other-busy,1,False,0.71,0.75,echo_ms,65,33.497926
latency,thurbox,other-busy,1,False,0.71,0.75,echo_ms,66,11.230049
latency,thurbox,other-busy,1,False,0.71,0.75,echo_ms,67,21.561388
latency,thurbox,other-busy,1,False,0.71,0.75,echo_ms,68,21.977852
latency,thurbox,other-busy,1,False,0.71,0.75,echo_ms,69,11.506266
latency,thurbox,other-busy,1,False,0.71,0.75,echo_ms,70,42.382905
latency,thurbox,other-busy,1,False,0.71,0.75,echo_ms,71,42.575973
latency,thurbox,other-busy,1,False,0.71,0.75,echo_ms,72,42.574836
latency,thurbox,other-busy,1,False,0.71,0.75,echo_ms,73,11.164228
latency,thurbox,other-busy,1,False,0.71,0.75,echo_ms,74,1.374907
latency,thurbox,other-busy,1,False,0.71,0.75,echo_ms,75,11.586896
latency,thurbox,other-busy,1,False,0.71,0.75,echo_ms,76,42.303335
latency,thurbox,other-busy,1,False,0.71,0.75,echo_ms,77,11.685731
latency,thurbox,other-busy,1,False,0.71,0.75,echo_ms,78,42.614907
latency,thurbox,other-busy,1,False,0.71,0.75,echo_ms,79,42.525974
latency,thurbox,other-busy,1,False,0.71,0.75,echo_ms,80,1.725547
latency,thurbox,other-busy,1,False,0.71,0.75,echo_ms,81,42.721832
latency,thurbox,other-busy,1,False,0.71,0.75,echo_ms,82,21.559624
latency,thurbox,other-busy,1,False,0.71,0.75,echo_ms,83,21.230453
latency,thurbox,other-busy,1,False,0.71,0.75,echo_ms,84,42.652697
latency,thurbox,other-busy,1,False,0.71,0.75,echo_ms,85,21.410908
latency,thurbox,other-busy,1,False,0.71,0.75,echo_ms,86,42.345031
latency,thurbox,other-busy,1,False,0.71,0.75,echo_ms,87,1.797959
latency,thurbox,other-busy,1,False,0.71,0.75,echo_ms,88,42.277324
latency,thurbox,other-busy,1,False,0.71,0.75,echo_ms,89,21.402908
latency,thurbox,other-busy,1,False,0.71,0.75,echo_ms,90,43.05851
latency,thurbox,other-busy,1,False,0.71,0.75,echo_ms,91,11.153545
latency,thurbox,other-busy,1,False,0.71,0.75,echo_ms,92,21.278363
latency,thurbox,other-busy,1,False,0.71,0.75,echo_ms,93,42.740758
latency,thurbox,other-busy,1,False,0.71,0.75,echo_ms,94,11.275688
latency,thurbox,other-busy,1,False,0.71,0.75,echo_ms,95,21.265521
latency,thurbox,other-busy,1,False,0.71,0.75,echo_ms,96,43.229545
latency,thurbox,other-busy,1,False,0.71,0.75,echo_ms,97,42.202066
latency,thurbox,other-busy,1,False,0.71,0.75,echo_ms,98,11.214491
latency,thurbox,other-busy,1,False,0.71,0.75,echo_ms,99,42.779597
latency,thurbox,other-busy,1,False,0.71,0.75,timeouts,,0
latency,tmux,other-busy,2,False,0.75,0.79,echo_ms,0,0.63288
latency,tmux,other-busy,2,False,0.75,0.79,echo_ms,1,0.604287
latency,tmux,other-busy,2,False,0.75,0.79,echo_ms,2,0.709892
latency,tmux,other-busy,2,False,0.75,0.79,echo_ms,3,0.633264
latency,tmux,other-busy,2,False,0.75,0.79,echo_ms,4,0.667121
latency,tmux,other-busy,2,False,0.75,0.79,echo_ms,5,0.862879
latency,tmux,other-busy,2,False,0.75,0.79,echo_ms,6,0.722273
latency,tmux,other-busy,2,False,0.75,0.79,echo_ms,7,0.813294
latency,tmux,other-busy,2,False,0.75,0.79,echo_ms,8,0.832031
latency,tmux,other-busy,2,False,0.75,0.79,echo_ms,9,0.579222
latency,tmux,other-busy,2,False,0.75,0.79,echo_ms,10,1.004073
latency,tmux,other-busy,2,False,0.75,0.79,echo_ms,11,0.849531
latency,tmux,other-busy,2,False,0.75,0.79,echo_ms,12,0.771251
latency,tmux,other-busy,2,False,0.75,0.79,echo_ms,13,0.588045
latency,tmux,other-busy,2,False,0.75,0.79,echo_ms,14,0.978964
latency,tmux,other-busy,2,False,0.75,0.79,echo_ms,15,0.592588
latency,tmux,other-busy,2,False,0.75,0.79,echo_ms,16,0.762747
latency,tmux,other-busy,2,False,0.75,0.79,echo_ms,17,0.843761
latency,tmux,other-busy,2,False,0.75,0.79,echo_ms,18,0.969781
latency,tmux,other-busy,2,False,0.75,0.79,echo_ms,19,0.643238
latency,tmux,other-busy,2,False,0.75,0.79,echo_ms,20,0.901049
latency,tmux,other-busy,2,False,0.75,0.79,echo_ms,21,0.720609
latency,tmux,other-busy,2,False,0.75,0.79,echo_ms,22,0.747587
latency,tmux,other-busy,2,False,0.75,0.79,echo_ms,23,0.686338
latency,tmux,other-busy,2,False,0.75,0.79,echo_ms,24,0.65558
latency,tmux,other-busy,2,False,0.75,0.79,echo_ms,25,0.629193
latency,tmux,other-busy,2,False,0.75,0.79,echo_ms,26,0.98992
latency,tmux,other-busy,2,False,0.75,0.79,echo_ms,27,0.718936
latency,tmux,other-busy,2,False,0.75,0.79,echo_ms,28,0.809521
latency,tmux,other-busy,2,False,0.75,0.79,echo_ms,29,0.625193
latency,tmux,other-busy,2,False,0.75,0.79,echo_ms,30,0.659887
latency,tmux,other-busy,2,False,0.75,0.79,echo_ms,31,0.698396
latency,tmux,other-busy,2,False,0.75,0.79,echo_ms,32,0.881735
latency,tmux,other-busy,2,False,0.75,0.79,echo_ms,33,0.953494
latency,tmux,other-busy,2,False,0.75,0.79,echo_ms,34,0.834613
latency,tmux,other-busy,2,False,0.75,0.79,echo_ms,35,0.834007
latency,tmux,other-busy,2,False,0.75,0.79,echo_ms,36,0.584347
latency,tmux,other-busy,2,False,0.75,0.79,echo_ms,37,0.740516
latency,tmux,other-busy,2,False,0.75,0.79,echo_ms,38,0.77507
latency,tmux,other-busy,2,False,0.75,0.79,echo_ms,39,0.80826
latency,tmux,other-busy,2,False,0.75,0.79,echo_ms,40,0.654714
latency,tmux,other-busy,2,False,0.75,0.79,echo_ms,41,0.750012
latency,tmux,other-busy,2,False,0.75,0.79,echo_ms,42,0.798973
latency,tmux,other-busy,2,False,0.75,0.79,echo_ms,43,0.751036
latency,tmux,other-busy,2,False,0.75,0.79,echo_ms,44,0.816033
latency,tmux,other-busy,2,False,0.75,0.79,echo_ms,45,0.777558
latency,tmux,other-busy,2,False,0.75,0.79,echo_ms,46,0.705015
latency,tmux,other-busy,2,False,0.75,0.79,echo_ms,47,0.572496
latency,tmux,other-busy,2,False,0.75,0.79,echo_ms,48,0.730959
latency,tmux,other-busy,2,False,0.75,0.79,echo_ms,49,0.772731
latency,tmux,other-busy,2,False,0.75,0.79,echo_ms,50,1.050631
latency,tmux,other-busy,2,False,0.75,0.79,echo_ms,51,0.631524
latency,tmux,other-busy,2,False,0.75,0.79,echo_ms,52,0.766916
latency,tmux,other-busy,2,False,0.75,0.79,echo_ms,53,0.99028
latency,tmux,other-busy,2,False,0.75,0.79,echo_ms,54,0.891829
latency,tmux,other-busy,2,False,0.75,0.79,echo_ms,55,1.002469
latency,tmux,other-busy,2,False,0.75,0.79,echo_ms,56,1.018078
latency,tmux,other-busy,2,False,0.75,0.79,echo_ms,57,0.86199
latency,tmux,other-busy,2,False,0.75,0.79,echo_ms,58,0.7363
latency,tmux,other-busy,2,False,0.75,0.79,echo_ms,59,0.700682
latency,tmux,other-busy,2,False,0.75,0.79,echo_ms,60,0.864594
latency,tmux,other-busy,2,False,0.75,0.79,echo_ms,61,0.820097
latency,tmux,other-busy,2,False,0.75,0.79,echo_ms,62,0.756128
latency,tmux,other-busy,2,False,0.75,0.79,echo_ms,63,0.657648
latency,tmux,other-busy,2,False,0.75,0.79,echo_ms,64,0.710952
latency,tmux,other-busy,2,False,0.75,0.79,echo_ms,65,0.725271
latency,tmux,other-busy,2,False,0.75,0.79,echo_ms,66,0.728199
latency,tmux,other-busy,2,False,0.75,0.79,echo_ms,67,0.848273
latency,tmux,other-busy,2,False,0.75,0.79,echo_ms,68,0.958719
latency,tmux,other-busy,2,False,0.75,0.79,echo_ms,69,0.746525
latency,tmux,other-busy,2,False,0.75,0.79,echo_ms,70,0.692302
latency,tmux,other-busy,2,False,0.75,0.79,echo_ms,71,0.784197
latency,tmux,other-busy,2,False,0.75,0.79,echo_ms,72,0.838311
latency,tmux,other-busy,2,False,0.75,0.79,echo_ms,73,0.771014
latency,tmux,other-busy,2,False,0.75,0.79,echo_ms,74,0.612482
latency,tmux,other-busy,2,False,0.75,0.79,echo_ms,75,0.77016
latency,tmux,other-busy,2,False,0.75,0.79,echo_ms,76,0.775683
latency,tmux,other-busy,2,False,0.75,0.79,echo_ms,77,0.580261
latency,tmux,other-busy,2,False,0.75,0.79,echo_ms,78,0.558597
latency,tmux,other-busy,2,False,0.75,0.79,echo_ms,79,0.834133
latency,tmux,other-busy,2,False,0.75,0.79,echo_ms,80,0.845544
latency,tmux,other-busy,2,False,0.75,0.79,echo_ms,81,0.665662
latency,tmux,other-busy,2,False,0.75,0.79,echo_ms,82,0.646037
latency,tmux,other-busy,2,False,0.75,0.79,echo_ms,83,0.706718
latency,tmux,other-busy,2,False,0.75,0.79,echo_ms,84,0.723422
latency,tmux,other-busy,2,False,0.75,0.79,echo_ms,85,1.031645
latency,tmux,other-busy,2,False,0.75,0.79,echo_ms,86,0.638549
latency,tmux,other-busy,2,False,0.75,0.79,echo_ms,87,0.682866
latency,tmux,other-busy,2,False,0.75,0.79,echo_ms,88,0.609764
latency,tmux,other-busy,2,False,0.75,0.79,echo_ms,89,0.629969
latency,tmux,other-busy,2,False,0.75,0.79,echo_ms,90,0.823683
latency,tmux,other-busy,2,False,0.75,0.79,echo_ms,91,0.867756
latency,tmux,other-busy,2,False,0.75,0.79,echo_ms,92,0.825094
latency,tmux,other-busy,2,False,0.75,0.79,echo_ms,93,0.903515
latency,tmux,other-busy,2,False,0.75,0.79,echo_ms,94,0.601353
latency,tmux,other-busy,2,False,0.75,0.79,echo_ms,95,0.847154
latency,tmux,other-busy,2,False,0.75,0.79,echo_ms,96,0.796324
latency,tmux,other-busy,2,False,0.75,0.79,echo_ms,97,0.726465
latency,tmux,other-busy,2,False,0.75,0.79,echo_ms,98,0.849676
latency,tmux,other-busy,2,False,0.75,0.79,echo_ms,99,0.662292
latency,tmux,other-busy,2,False,0.75,0.79,timeouts,,0
latency,herdr,other-busy,2,False,0.79,0.82,echo_ms,0,0.450545
latency,herdr,other-busy,2,False,0.79,0.82,echo_ms,1,0.444514
latency,herdr,other-busy,2,False,0.79,0.82,echo_ms,2,0.502753
latency,herdr,other-busy,2,False,0.79,0.82,echo_ms,3,0.443778
latency,herdr,other-busy,2,False,0.79,0.82,echo_ms,4,0.424576
latency,herdr,other-busy,2,False,0.79,0.82,echo_ms,5,0.469211
latency,herdr,other-busy,2,False,0.79,0.82,echo_ms,6,0.484631
latency,herdr,other-busy,2,False,0.79,0.82,echo_ms,7,0.455639
latency,herdr,other-busy,2,False,0.79,0.82,echo_ms,8,0.444105
latency,herdr,other-busy,2,False,0.79,0.82,echo_ms,9,0.441799
latency,herdr,other-busy,2,False,0.79,0.82,echo_ms,10,0.440082
latency,herdr,other-busy,2,False,0.79,0.82,echo_ms,11,0.403112
latency,herdr,other-busy,2,False,0.79,0.82,echo_ms,12,0.422276
latency,herdr,other-busy,2,False,0.79,0.82,echo_ms,13,0.46049
latency,herdr,other-busy,2,False,0.79,0.82,echo_ms,14,0.501921
latency,herdr,other-busy,2,False,0.79,0.82,echo_ms,15,0.450564
latency,herdr,other-busy,2,False,0.79,0.82,echo_ms,16,0.462786
latency,herdr,other-busy,2,False,0.79,0.82,echo_ms,17,0.468982
latency,herdr,other-busy,2,False,0.79,0.82,echo_ms,18,0.45886
latency,herdr,other-busy,2,False,0.79,0.82,echo_ms,19,0.447406
latency,herdr,other-busy,2,False,0.79,0.82,echo_ms,20,0.438359
latency,herdr,other-busy,2,False,0.79,0.82,echo_ms,21,0.453272
latency,herdr,other-busy,2,False,0.79,0.82,echo_ms,22,0.430469
latency,herdr,other-busy,2,False,0.79,0.82,echo_ms,23,0.452837
latency,herdr,other-busy,2,False,0.79,0.82,echo_ms,24,0.43633
latency,herdr,other-busy,2,False,0.79,0.82,echo_ms,25,0.458168
latency,herdr,other-busy,2,False,0.79,0.82,echo_ms,26,0.444722
latency,herdr,other-busy,2,False,0.79,0.82,echo_ms,27,0.43653
latency,herdr,other-busy,2,False,0.79,0.82,echo_ms,28,0.461995
latency,herdr,other-busy,2,False,0.79,0.82,echo_ms,29,0.44328
latency,herdr,other-busy,2,False,0.79,0.82,echo_ms,30,0.432326
latency,herdr,other-busy,2,False,0.79,0.82,echo_ms,31,0.402464
latency,herdr,other-busy,2,False,0.79,0.82,echo_ms,32,0.431816
latency,herdr,other-busy,2,False,0.79,0.82,echo_ms,33,0.454418
latency,herdr,other-busy,2,False,0.79,0.82,echo_ms,34,0.439615
latency,herdr,other-busy,2,False,0.79,0.82,echo_ms,35,0.612947
latency,herdr,other-busy,2,False,0.79,0.82,echo_ms,36,0.505035
latency,herdr,other-busy,2,False,0.79,0.82,echo_ms,37,1.329222
latency,herdr,other-busy,2,False,0.79,0.82,echo_ms,38,0.474129
latency,herdr,other-busy,2,False,0.79,0.82,echo_ms,39,0.563781
latency,herdr,other-busy,2,False,0.79,0.82,echo_ms,40,0.436479
latency,herdr,other-busy,2,False,0.79,0.82,echo_ms,41,0.463787
latency,herdr,other-busy,2,False,0.79,0.82,echo_ms,42,0.464876
latency,herdr,other-busy,2,False,0.79,0.82,echo_ms,43,0.501637
latency,herdr,other-busy,2,False,0.79,0.82,echo_ms,44,0.453309
latency,herdr,other-busy,2,False,0.79,0.82,echo_ms,45,0.421057
latency,herdr,other-busy,2,False,0.79,0.82,echo_ms,46,0.430832
latency,herdr,other-busy,2,False,0.79,0.82,echo_ms,47,0.411136
latency,herdr,other-busy,2,False,0.79,0.82,echo_ms,48,0.431755
latency,herdr,other-busy,2,False,0.79,0.82,echo_ms,49,0.43908
latency,herdr,other-busy,2,False,0.79,0.82,echo_ms,50,0.486307
latency,herdr,other-busy,2,False,0.79,0.82,echo_ms,51,0.464037
latency,herdr,other-busy,2,False,0.79,0.82,echo_ms,52,0.440243
latency,herdr,other-busy,2,False,0.79,0.82,echo_ms,53,0.479361
latency,herdr,other-busy,2,False,0.79,0.82,echo_ms,54,0.469411
latency,herdr,other-busy,2,False,0.79,0.82,echo_ms,55,0.442832
latency,herdr,other-busy,2,False,0.79,0.82,echo_ms,56,0.438215
latency,herdr,other-busy,2,False,0.79,0.82,echo_ms,57,0.465892
latency,herdr,other-busy,2,False,0.79,0.82,echo_ms,58,0.413472
latency,herdr,other-busy,2,False,0.79,0.82,echo_ms,59,0.468979
latency,herdr,other-busy,2,False,0.79,0.82,echo_ms,60,0.431293
latency,herdr,other-busy,2,False,0.79,0.82,echo_ms,61,0.464761
latency,herdr,other-busy,2,False,0.79,0.82,echo_ms,62,0.42665
latency,herdr,other-busy,2,False,0.79,0.82,echo_ms,63,0.439869
latency,herdr,other-busy,2,False,0.79,0.82,echo_ms,64,0.494446
latency,herdr,other-busy,2,False,0.79,0.82,echo_ms,65,0.454682
latency,herdr,other-busy,2,False,0.79,0.82,echo_ms,66,0.424862
latency,herdr,other-busy,2,False,0.79,0.82,echo_ms,67,0.4762
latency,herdr,other-busy,2,False,0.79,0.82,echo_ms,68,0.431726
latency,herdr,other-busy,2,False,0.79,0.82,echo_ms,69,0.415612
latency,herdr,other-busy,2,False,0.79,0.82,echo_ms,70,0.420926
latency,herdr,other-busy,2,False,0.79,0.82,echo_ms,71,0.455885
latency,herdr,other-busy,2,False,0.79,0.82,echo_ms,72,0.435345
latency,herdr,other-busy,2,False,0.79,0.82,echo_ms,73,0.458926
latency,herdr,other-busy,2,False,0.79,0.82,echo_ms,74,0.421062
latency,herdr,other-busy,2,False,0.79,0.82,echo_ms,75,0.472952
latency,herdr,other-busy,2,False,0.79,0.82,echo_ms,76,0.464658
latency,herdr,other-busy,2,False,0.79,0.82,echo_ms,77,0.547914
latency,herdr,other-busy,2,False,0.79,0.82,echo_ms,78,0.435227
latency,herdr,other-busy,2,False,0.79,0.82,echo_ms,79,0.433707
latency,herdr,other-busy,2,False,0.79,0.82,echo_ms,80,0.515039
latency,herdr,other-busy,2,False,0.79,0.82,echo_ms,81,0.433239
latency,herdr,other-busy,2,False,0.79,0.82,echo_ms,82,0.442163
latency,herdr,other-busy,2,False,0.79,0.82,echo_ms,83,0.423218
latency,herdr,other-busy,2,False,0.79,0.82,echo_ms,84,0.412635
latency,herdr,other-busy,2,False,0.79,0.82,echo_ms,85,0.435955
latency,herdr,other-busy,2,False,0.79,0.82,echo_ms,86,0.422661
latency,herdr,other-busy,2,False,0.79,0.82,echo_ms,87,0.452754
latency,herdr,other-busy,2,False,0.79,0.82,echo_ms,88,0.440705
latency,herdr,other-busy,2,False,0.79,0.82,echo_ms,89,0.44307
latency,herdr,other-busy,2,False,0.79,0.82,echo_ms,90,0.432837
latency,herdr,other-busy,2,False,0.79,0.82,echo_ms,91,0.446405
latency,herdr,other-busy,2,False,0.79,0.82,echo_ms,92,0.422685
latency,herdr,other-busy,2,False,0.79,0.82,echo_ms,93,0.455723
latency,herdr,other-busy,2,False,0.79,0.82,echo_ms,94,0.412772
latency,herdr,other-busy,2,False,0.79,0.82,echo_ms,95,0.479039
latency,herdr,other-busy,2,False,0.79,0.82,echo_ms,96,0.429185
latency,herdr,other-busy,2,False,0.79,0.82,echo_ms,97,0.427519
latency,herdr,other-busy,2,False,0.79,0.82,echo_ms,98,0.432634
latency,herdr,other-busy,2,False,0.79,0.82,echo_ms,99,0.425337
latency,herdr,other-busy,2,False,0.79,0.82,timeouts,,0
latency,thurbox,other-busy,2,False,0.82,0.85,echo_ms,0,23.000568
latency,thurbox,other-busy,2,False,0.82,0.85,echo_ms,1,21.339761
latency,thurbox,other-busy,2,False,0.82,0.85,echo_ms,2,42.216076
latency,thurbox,other-busy,2,False,0.82,0.85,echo_ms,3,21.612251
latency,thurbox,other-busy,2,False,0.82,0.85,echo_ms,4,42.654777
latency,thurbox,other-busy,2,False,0.82,0.85,echo_ms,5,11.18359
latency,thurbox,other-busy,2,False,0.82,0.85,echo_ms,6,1.978711
latency,thurbox,other-busy,2,False,0.82,0.85,echo_ms,7,21.22161
latency,thurbox,other-busy,2,False,0.82,0.85,echo_ms,8,42.381666
latency,thurbox,other-busy,2,False,0.82,0.85,echo_ms,9,42.687449
latency,thurbox,other-busy,2,False,0.82,0.85,echo_ms,10,11.195254
latency,thurbox,other-busy,2,False,0.82,0.85,echo_ms,11,42.499773
latency,thurbox,other-busy,2,False,0.82,0.85,echo_ms,12,1.963281
latency,thurbox,other-busy,2,False,0.82,0.85,echo_ms,13,42.199291
latency,thurbox,other-busy,2,False,0.82,0.85,echo_ms,14,42.72041
latency,thurbox,other-busy,2,False,0.82,0.85,echo_ms,15,12.579188
latency,thurbox,other-busy,2,False,0.82,0.85,echo_ms,16,21.319661
latency,thurbox,other-busy,2,False,0.82,0.85,echo_ms,17,43.064274
latency,thurbox,other-busy,2,False,0.82,0.85,echo_ms,18,21.306691
latency,thurbox,other-busy,2,False,0.82,0.85,echo_ms,19,42.731685
latency,thurbox,other-busy,2,False,0.82,0.85,echo_ms,20,21.376428
latency,thurbox,other-busy,2,False,0.82,0.85,echo_ms,21,42.257396
latency,thurbox,other-busy,2,False,0.82,0.85,echo_ms,22,11.666205
latency,thurbox,other-busy,2,False,0.82,0.85,echo_ms,23,42.355088
latency,thurbox,other-busy,2,False,0.82,0.85,echo_ms,24,23.067084
latency,thurbox,other-busy,2,False,0.82,0.85,echo_ms,25,21.716307
latency,thurbox,other-busy,2,False,0.82,0.85,echo_ms,26,42.419937
latency,thurbox,other-busy,2,False,0.82,0.85,echo_ms,27,11.220929
latency,thurbox,other-busy,2,False,0.82,0.85,echo_ms,28,11.220968
latency,thurbox,other-busy,2,False,0.82,0.85,echo_ms,29,42.521867
latency,thurbox,other-busy,2,False,0.82,0.85,echo_ms,30,42.773011
latency,thurbox,other-busy,2,False,0.82,0.85,echo_ms,31,42.789604
latency,thurbox,other-busy,2,False,0.82,0.85,echo_ms,32,42.859705
latency,thurbox,other-busy,2,False,0.82,0.85,echo_ms,33,42.752936
latency,thurbox,other-busy,2,False,0.82,0.85,echo_ms,34,42.364165
latency,thurbox,other-busy,2,False,0.82,0.85,echo_ms,35,21.61594
latency,thurbox,other-busy,2,False,0.82,0.85,echo_ms,36,42.727001
latency,thurbox,other-busy,2,False,0.82,0.85,echo_ms,37,22.755128
latency,thurbox,other-busy,2,False,0.82,0.85,echo_ms,38,43.243462
latency,thurbox,other-busy,2,False,0.82,0.85,echo_ms,39,42.30789
latency,thurbox,other-busy,2,False,0.82,0.85,echo_ms,40,11.205523
latency,thurbox,other-busy,2,False,0.82,0.85,echo_ms,41,11.178615
latency,thurbox,other-busy,2,False,0.82,0.85,echo_ms,42,11.232862
latency,thurbox,other-busy,2,False,0.82,0.85,echo_ms,43,1.474569
latency,thurbox,other-busy,2,False,0.82,0.85,echo_ms,44,42.35085
latency,thurbox,other-busy,2,False,0.82,0.85,echo_ms,45,42.891785
latency,thurbox,other-busy,2,False,0.82,0.85,echo_ms,46,21.228707
latency,thurbox,other-busy,2,False,0.82,0.85,echo_ms,47,22.199268
latency,thurbox,other-busy,2,False,0.82,0.85,echo_ms,48,11.237864
latency,thurbox,other-busy,2,False,0.82,0.85,echo_ms,49,42.276632
latency,thurbox,other-busy,2,False,0.82,0.85,echo_ms,50,34.260995
latency,thurbox,other-busy,2,False,0.82,0.85,echo_ms,51,42.548783
latency,thurbox,other-busy,2,False,0.82,0.85,echo_ms,52,11.19893
latency,thurbox,other-busy,2,False,0.82,0.85,echo_ms,53,21.388118
latency,thurbox,other-busy,2,False,0.82,0.85,echo_ms,54,42.560982
latency,thurbox,other-busy,2,False,0.82,0.85,echo_ms,55,11.239579
latency,thurbox,other-busy,2,False,0.82,0.85,echo_ms,56,11.156996
latency,thurbox,other-busy,2,False,0.82,0.85,echo_ms,57,43.463974
latency,thurbox,other-busy,2,False,0.82,0.85,echo_ms,58,11.194208
latency,thurbox,other-busy,2,False,0.82,0.85,echo_ms,59,21.253825
latency,thurbox,other-busy,2,False,0.82,0.85,echo_ms,60,21.221967
latency,thurbox,other-busy,2,False,0.82,0.85,echo_ms,61,42.590216
latency,thurbox,other-busy,2,False,0.82,0.85,echo_ms,62,21.771389
latency,thurbox,other-busy,2,False,0.82,0.85,echo_ms,63,42.674015
latency,thurbox,other-busy,2,False,0.82,0.85,echo_ms,64,11.162479
latency,thurbox,other-busy,2,False,0.82,0.85,echo_ms,65,42.232406
latency,thurbox,other-busy,2,False,0.82,0.85,echo_ms,66,2.10219
latency,thurbox,other-busy,2,False,0.82,0.85,echo_ms,67,11.904304
latency,thurbox,other-busy,2,False,0.82,0.85,echo_ms,68,21.2138
latency,thurbox,other-busy,2,False,0.82,0.85,echo_ms,69,42.243021
latency,thurbox,other-busy,2,False,0.82,0.85,echo_ms,70,42.683871
latency,thurbox,other-busy,2,False,0.82,0.85,echo_ms,71,42.317082
latency,thurbox,other-busy,2,False,0.82,0.85,echo_ms,72,21.976049
latency,thurbox,other-busy,2,False,0.82,0.85,echo_ms,73,21.252528
latency,thurbox,other-busy,2,False,0.82,0.85,echo_ms,74,21.216616
latency,thurbox,other-busy,2,False,0.82,0.85,echo_ms,75,21.631692
latency,thurbox,other-busy,2,False,0.82,0.85,echo_ms,76,22.218972
latency,thurbox,other-busy,2,False,0.82,0.85,echo_ms,77,11.560366
latency,thurbox,other-busy,2,False,0.82,0.85,echo_ms,78,42.75914
latency,thurbox,other-busy,2,False,0.82,0.85,echo_ms,79,11.31512
latency,thurbox,other-busy,2,False,0.82,0.85,echo_ms,80,21.210452
latency,thurbox,other-busy,2,False,0.82,0.85,echo_ms,81,43.104596
latency,thurbox,other-busy,2,False,0.82,0.85,echo_ms,82,43.081679
latency,thurbox,other-busy,2,False,0.82,0.85,echo_ms,83,42.665865
latency,thurbox,other-busy,2,False,0.82,0.85,echo_ms,84,11.210402
latency,thurbox,other-busy,2,False,0.82,0.85,echo_ms,85,42.291429
latency,thurbox,other-busy,2,False,0.82,0.85,echo_ms,86,21.574032
latency,thurbox,other-busy,2,False,0.82,0.85,echo_ms,87,11.195855
latency,thurbox,other-busy,2,False,0.82,0.85,echo_ms,88,42.34271
latency,thurbox,other-busy,2,False,0.82,0.85,echo_ms,89,11.227049
latency,thurbox,other-busy,2,False,0.82,0.85,echo_ms,90,21.706194
latency,thurbox,other-busy,2,False,0.82,0.85,echo_ms,91,11.161849
latency,thurbox,other-busy,2,False,0.82,0.85,echo_ms,92,1.698421
latency,thurbox,other-busy,2,False,0.82,0.85,echo_ms,93,42.555352
latency,thurbox,other-busy,2,False,0.82,0.85,echo_ms,94,42.828101
latency,thurbox,other-busy,2,False,0.82,0.85,echo_ms,95,22.127753
latency,thurbox,other-busy,2,False,0.82,0.85,echo_ms,96,11.207411
latency,thurbox,other-busy,2,False,0.82,0.85,echo_ms,97,42.242154
latency,thurbox,other-busy,2,False,0.82,0.85,echo_ms,98,11.308025
latency,thurbox,other-busy,2,False,0.82,0.85,echo_ms,99,11.246801
latency,thurbox,other-busy,2,False,0.82,0.85,timeouts,,0
latency,tmux,other-busy,3,False,0.85,0.95,echo_ms,0,0.741102
latency,tmux,other-busy,3,False,0.85,0.95,echo_ms,1,0.574985
latency,tmux,other-busy,3,False,0.85,0.95,echo_ms,2,0.777974
latency,tmux,other-busy,3,False,0.85,0.95,echo_ms,3,0.873059
latency,tmux,other-busy,3,False,0.85,0.95,echo_ms,4,0.788043
latency,tmux,other-busy,3,False,0.85,0.95,echo_ms,5,0.821417
latency,tmux,other-busy,3,False,0.85,0.95,echo_ms,6,0.747003
latency,tmux,other-busy,3,False,0.85,0.95,echo_ms,7,0.786396
latency,tmux,other-busy,3,False,0.85,0.95,echo_ms,8,0.634637
latency,tmux,other-busy,3,False,0.85,0.95,echo_ms,9,0.759277
latency,tmux,other-busy,3,False,0.85,0.95,echo_ms,10,0.647056
latency,tmux,other-busy,3,False,0.85,0.95,echo_ms,11,0.845303
latency,tmux,other-busy,3,False,0.85,0.95,echo_ms,12,0.741529
latency,tmux,other-busy,3,False,0.85,0.95,echo_ms,13,0.845493
latency,tmux,other-busy,3,False,0.85,0.95,echo_ms,14,0.859439
latency,tmux,other-busy,3,False,0.85,0.95,echo_ms,15,0.585749
latency,tmux,other-busy,3,False,0.85,0.95,echo_ms,16,0.632423
latency,tmux,other-busy,3,False,0.85,0.95,echo_ms,17,0.571579
latency,tmux,other-busy,3,False,0.85,0.95,echo_ms,18,0.586116
latency,tmux,other-busy,3,False,0.85,0.95,echo_ms,19,0.741751
latency,tmux,other-busy,3,False,0.85,0.95,echo_ms,20,0.762681
latency,tmux,other-busy,3,False,0.85,0.95,echo_ms,21,0.625169
latency,tmux,other-busy,3,False,0.85,0.95,echo_ms,22,0.770712
latency,tmux,other-busy,3,False,0.85,0.95,echo_ms,23,0.758134
latency,tmux,other-busy,3,False,0.85,0.95,echo_ms,24,0.59646
latency,tmux,other-busy,3,False,0.85,0.95,echo_ms,25,0.660491
latency,tmux,other-busy,3,False,0.85,0.95,echo_ms,26,0.925779
latency,tmux,other-busy,3,False,0.85,0.95,echo_ms,27,0.593961
latency,tmux,other-busy,3,False,0.85,0.95,echo_ms,28,0.791698
latency,tmux,other-busy,3,False,0.85,0.95,echo_ms,29,0.756442
latency,tmux,other-busy,3,False,0.85,0.95,echo_ms,30,0.833728
latency,tmux,other-busy,3,False,0.85,0.95,echo_ms,31,0.837844
latency,tmux,other-busy,3,False,0.85,0.95,echo_ms,32,0.720604
latency,tmux,other-busy,3,False,0.85,0.95,echo_ms,33,0.827891
latency,tmux,other-busy,3,False,0.85,0.95,echo_ms,34,0.881702
latency,tmux,other-busy,3,False,0.85,0.95,echo_ms,35,0.881834
latency,tmux,other-busy,3,False,0.85,0.95,echo_ms,36,0.590009
latency,tmux,other-busy,3,False,0.85,0.95,echo_ms,37,0.663779
latency,tmux,other-busy,3,False,0.85,0.95,echo_ms,38,0.767164
latency,tmux,other-busy,3,False,0.85,0.95,echo_ms,39,0.669073
latency,tmux,other-busy,3,False,0.85,0.95,echo_ms,40,1.013829
latency,tmux,other-busy,3,False,0.85,0.95,echo_ms,41,0.712976
latency,tmux,other-busy,3,False,0.85,0.95,echo_ms,42,0.814266
latency,tmux,other-busy,3,False,0.85,0.95,echo_ms,43,0.812416
latency,tmux,other-busy,3,False,0.85,0.95,echo_ms,44,0.86286
latency,tmux,other-busy,3,False,0.85,0.95,echo_ms,45,0.796748
latency,tmux,other-busy,3,False,0.85,0.95,echo_ms,46,0.59225
latency,tmux,other-busy,3,False,0.85,0.95,echo_ms,47,0.721165
latency,tmux,other-busy,3,False,0.85,0.95,echo_ms,48,0.716876
latency,tmux,other-busy,3,False,0.85,0.95,echo_ms,49,0.565863
latency,tmux,other-busy,3,False,0.85,0.95,echo_ms,50,1.012975
latency,tmux,other-busy,3,False,0.85,0.95,echo_ms,51,0.578432
latency,tmux,other-busy,3,False,0.85,0.95,echo_ms,52,0.56012
latency,tmux,other-busy,3,False,0.85,0.95,echo_ms,53,0.574539
latency,tmux,other-busy,3,False,0.85,0.95,echo_ms,54,0.836231
latency,tmux,other-busy,3,False,0.85,0.95,echo_ms,55,0.614394
latency,tmux,other-busy,3,False,0.85,0.95,echo_ms,56,0.648352
latency,tmux,other-busy,3,False,0.85,0.95,echo_ms,57,0.935983
latency,tmux,other-busy,3,False,0.85,0.95,echo_ms,58,0.571235
latency,tmux,other-busy,3,False,0.85,0.95,echo_ms,59,0.538752
latency,tmux,other-busy,3,False,0.85,0.95,echo_ms,60,0.791408
latency,tmux,other-busy,3,False,0.85,0.95,echo_ms,61,0.781526
latency,tmux,other-busy,3,False,0.85,0.95,echo_ms,62,0.809989
latency,tmux,other-busy,3,False,0.85,0.95,echo_ms,63,0.609997
latency,tmux,other-busy,3,False,0.85,0.95,echo_ms,64,0.856743
latency,tmux,other-busy,3,False,0.85,0.95,echo_ms,65,0.784361
latency,tmux,other-busy,3,False,0.85,0.95,echo_ms,66,0.937502
latency,tmux,other-busy,3,False,0.85,0.95,echo_ms,67,0.839538
latency,tmux,other-busy,3,False,0.85,0.95,echo_ms,68,0.633703
latency,tmux,other-busy,3,False,0.85,0.95,echo_ms,69,0.624678
latency,tmux,other-busy,3,False,0.85,0.95,echo_ms,70,0.586366
latency,tmux,other-busy,3,False,0.85,0.95,echo_ms,71,0.648035
latency,tmux,other-busy,3,False,0.85,0.95,echo_ms,72,0.823181
latency,tmux,other-busy,3,False,0.85,0.95,echo_ms,73,0.66652
latency,tmux,other-busy,3,False,0.85,0.95,echo_ms,74,0.834963
latency,tmux,other-busy,3,False,0.85,0.95,echo_ms,75,0.542788
latency,tmux,other-busy,3,False,0.85,0.95,echo_ms,76,0.715263
latency,tmux,other-busy,3,False,0.85,0.95,echo_ms,77,0.954053
latency,tmux,other-busy,3,False,0.85,0.95,echo_ms,78,0.837721
latency,tmux,other-busy,3,False,0.85,0.95,echo_ms,79,0.671508
latency,tmux,other-busy,3,False,0.85,0.95,echo_ms,80,0.562575
latency,tmux,other-busy,3,False,0.85,0.95,echo_ms,81,0.686007
latency,tmux,other-busy,3,False,0.85,0.95,echo_ms,82,1.045726
latency,tmux,other-busy,3,False,0.85,0.95,echo_ms,83,0.808288
latency,tmux,other-busy,3,False,0.85,0.95,echo_ms,84,0.621055
latency,tmux,other-busy,3,False,0.85,0.95,echo_ms,85,0.73217
latency,tmux,other-busy,3,False,0.85,0.95,echo_ms,86,0.551272
latency,tmux,other-busy,3,False,0.85,0.95,echo_ms,87,0.596782
latency,tmux,other-busy,3,False,0.85,0.95,echo_ms,88,1.019528
latency,tmux,other-busy,3,False,0.85,0.95,echo_ms,89,0.69475
latency,tmux,other-busy,3,False,0.85,0.95,echo_ms,90,0.804675
latency,tmux,other-busy,3,False,0.85,0.95,echo_ms,91,0.732273
latency,tmux,other-busy,3,False,0.85,0.95,echo_ms,92,0.794938
latency,tmux,other-busy,3,False,0.85,0.95,echo_ms,93,0.869251
latency,tmux,other-busy,3,False,0.85,0.95,echo_ms,94,0.7014
latency,tmux,other-busy,3,False,0.85,0.95,echo_ms,95,0.879294
latency,tmux,other-busy,3,False,0.85,0.95,echo_ms,96,0.863583
latency,tmux,other-busy,3,False,0.85,0.95,echo_ms,97,0.621461
latency,tmux,other-busy,3,False,0.85,0.95,echo_ms,98,0.603896
latency,tmux,other-busy,3,False,0.85,0.95,echo_ms,99,0.58177
latency,tmux,other-busy,3,False,0.85,0.95,timeouts,,0
latency,herdr,other-busy,3,False,0.95,0.96,echo_ms,0,0.4279
latency,herdr,other-busy,3,False,0.95,0.96,echo_ms,1,0.477243
latency,herdr,other-busy,3,False,0.95,0.96,echo_ms,2,0.464442
latency,herdr,other-busy,3,False,0.95,0.96,echo_ms,3,0.479576
latency,herdr,other-busy,3,False,0.95,0.96,echo_ms,4,0.436324
latency,herdr,other-busy,3,False,0.95,0.96,echo_ms,5,0.437278
latency,herdr,other-busy,3,False,0.95,0.96,echo_ms,6,0.438849
latency,herdr,other-busy,3,False,0.95,0.96,echo_ms,7,0.451325
latency,herdr,other-busy,3,False,0.95,0.96,echo_ms,8,0.474489
latency,herdr,other-busy,3,False,0.95,0.96,echo_ms,9,0.436149
latency,herdr,other-busy,3,False,0.95,0.96,echo_ms,10,0.449883
latency,herdr,other-busy,3,False,0.95,0.96,echo_ms,11,0.445468
latency,herdr,other-busy,3,False,0.95,0.96,echo_ms,12,0.47222
latency,herdr,other-busy,3,False,0.95,0.96,echo_ms,13,0.50609
latency,herdr,other-busy,3,False,0.95,0.96,echo_ms,14,0.431648
latency,herdr,other-busy,3,False,0.95,0.96,echo_ms,15,0.508802
latency,herdr,other-busy,3,False,0.95,0.96,echo_ms,16,0.437738
latency,herdr,other-busy,3,False,0.95,0.96,echo_ms,17,0.476638
latency,herdr,other-busy,3,False,0.95,0.96,echo_ms,18,0.48418
latency,herdr,other-busy,3,False,0.95,0.96,echo_ms,19,0.424543
latency,herdr,other-busy,3,False,0.95,0.96,echo_ms,20,0.461818
latency,herdr,other-busy,3,False,0.95,0.96,echo_ms,21,0.421023
latency,herdr,other-busy,3,False,0.95,0.96,echo_ms,22,0.414676
latency,herdr,other-busy,3,False,0.95,0.96,echo_ms,23,0.536766
latency,herdr,other-busy,3,False,0.95,0.96,echo_ms,24,0.436503
latency,herdr,other-busy,3,False,0.95,0.96,echo_ms,25,0.426241
latency,herdr,other-busy,3,False,0.95,0.96,echo_ms,26,0.497374
latency,herdr,other-busy,3,False,0.95,0.96,echo_ms,27,0.438812
latency,herdr,other-busy,3,False,0.95,0.96,echo_ms,28,0.44287
latency,herdr,other-busy,3,False,0.95,0.96,echo_ms,29,0.502177
latency,herdr,other-busy,3,False,0.95,0.96,echo_ms,30,0.439567
latency,herdr,other-busy,3,False,0.95,0.96,echo_ms,31,0.421697
latency,herdr,other-busy,3,False,0.95,0.96,echo_ms,32,0.450774
latency,herdr,other-busy,3,False,0.95,0.96,echo_ms,33,0.467692
latency,herdr,other-busy,3,False,0.95,0.96,echo_ms,34,0.4507
latency,herdr,other-busy,3,False,0.95,0.96,echo_ms,35,0.44007
latency,herdr,other-busy,3,False,0.95,0.96,echo_ms,36,0.463952
latency,herdr,other-busy,3,False,0.95,0.96,echo_ms,37,0.467525
latency,herdr,other-busy,3,False,0.95,0.96,echo_ms,38,0.533371
latency,herdr,other-busy,3,False,0.95,0.96,echo_ms,39,0.428527
latency,herdr,other-busy,3,False,0.95,0.96,echo_ms,40,0.464102
latency,herdr,other-busy,3,False,0.95,0.96,echo_ms,41,0.418544
latency,herdr,other-busy,3,False,0.95,0.96,echo_ms,42,0.45176
latency,herdr,other-busy,3,False,0.95,0.96,echo_ms,43,0.42094
latency,herdr,other-busy,3,False,0.95,0.96,echo_ms,44,0.438805
latency,herdr,other-busy,3,False,0.95,0.96,echo_ms,45,0.421305
latency,herdr,other-busy,3,False,0.95,0.96,echo_ms,46,0.434329
latency,herdr,other-busy,3,False,0.95,0.96,echo_ms,47,0.435274
latency,herdr,other-busy,3,False,0.95,0.96,echo_ms,48,0.447229
latency,herdr,other-busy,3,False,0.95,0.96,echo_ms,49,0.440257
latency,herdr,other-busy,3,False,0.95,0.96,echo_ms,50,0.458743
latency,herdr,other-busy,3,False,0.95,0.96,echo_ms,51,0.436628
latency,herdr,other-busy,3,False,0.95,0.96,echo_ms,52,0.449629
latency,herdr,other-busy,3,False,0.95,0.96,echo_ms,53,0.402963
latency,herdr,other-busy,3,False,0.95,0.96,echo_ms,54,0.439255
latency,herdr,other-busy,3,False,0.95,0.96,echo_ms,55,0.447427
latency,herdr,other-busy,3,False,0.95,0.96,echo_ms,56,0.442803
latency,herdr,other-busy,3,False,0.95,0.96,echo_ms,57,0.483288
latency,herdr,other-busy,3,False,0.95,0.96,echo_ms,58,0.477721
latency,herdr,other-busy,3,False,0.95,0.96,echo_ms,59,0.46596
latency,herdr,other-busy,3,False,0.95,0.96,echo_ms,60,0.488012
latency,herdr,other-busy,3,False,0.95,0.96,echo_ms,61,0.426587
latency,herdr,other-busy,3,False,0.95,0.96,echo_ms,62,0.465981
latency,herdr,other-busy,3,False,0.95,0.96,echo_ms,63,0.594953
latency,herdr,other-busy,3,False,0.95,0.96,echo_ms,64,0.459153
latency,herdr,other-busy,3,False,0.95,0.96,echo_ms,65,0.429691
latency,herdr,other-busy,3,False,0.95,0.96,echo_ms,66,0.447274
latency,herdr,other-busy,3,False,0.95,0.96,echo_ms,67,0.419548
latency,herdr,other-busy,3,False,0.95,0.96,echo_ms,68,0.524501
latency,herdr,other-busy,3,False,0.95,0.96,echo_ms,69,0.480046
latency,herdr,other-busy,3,False,0.95,0.96,echo_ms,70,0.426408
latency,herdr,other-busy,3,False,0.95,0.96,echo_ms,71,0.436971
latency,herdr,other-busy,3,False,0.95,0.96,echo_ms,72,0.450411
latency,herdr,other-busy,3,False,0.95,0.96,echo_ms,73,0.442408
latency,herdr,other-busy,3,False,0.95,0.96,echo_ms,74,0.445057
latency,herdr,other-busy,3,False,0.95,0.96,echo_ms,75,0.444808
latency,herdr,other-busy,3,False,0.95,0.96,echo_ms,76,0.419946
latency,herdr,other-busy,3,False,0.95,0.96,echo_ms,77,0.464387
latency,herdr,other-busy,3,False,0.95,0.96,echo_ms,78,0.439498
latency,herdr,other-busy,3,False,0.95,0.96,echo_ms,79,0.452859
latency,herdr,other-busy,3,False,0.95,0.96,echo_ms,80,0.427467
latency,herdr,other-busy,3,False,0.95,0.96,echo_ms,81,0.485225
latency,herdr,other-busy,3,False,0.95,0.96,echo_ms,82,0.448653
latency,herdr,other-busy,3,False,0.95,0.96,echo_ms,83,0.464651
latency,herdr,other-busy,3,False,0.95,0.96,echo_ms,84,0.526353
latency,herdr,other-busy,3,False,0.95,0.96,echo_ms,85,0.466093
latency,herdr,other-busy,3,False,0.95,0.96,echo_ms,86,0.477736
latency,herdr,other-busy,3,False,0.95,0.96,echo_ms,87,0.501732
latency,herdr,other-busy,3,False,0.95,0.96,echo_ms,88,0.42733
latency,herdr,other-busy,3,False,0.95,0.96,echo_ms,89,0.410252
latency,herdr,other-busy,3,False,0.95,0.96,echo_ms,90,0.419961
latency,herdr,other-busy,3,False,0.95,0.96,echo_ms,91,0.492864
latency,herdr,other-busy,3,False,0.95,0.96,echo_ms,92,0.443157
latency,herdr,other-busy,3,False,0.95,0.96,echo_ms,93,0.429644
latency,herdr,other-busy,3,False,0.95,0.96,echo_ms,94,0.454469
latency,herdr,other-busy,3,False,0.95,0.96,echo_ms,95,0.466046
latency,herdr,other-busy,3,False,0.95,0.96,echo_ms,96,0.428693
latency,herdr,other-busy,3,False,0.95,0.96,echo_ms,97,0.459484
latency,herdr,other-busy,3,False,0.95,0.96,echo_ms,98,0.466544
latency,herdr,other-busy,3,False,0.95,0.96,echo_ms,99,0.44189
latency,herdr,other-busy,3,False,0.95,0.96,timeouts,,0
latency,thurbox,other-busy,3,False,0.96,1.19,echo_ms,0,42.63018
latency,thurbox,other-busy,3,False,0.96,1.19,echo_ms,1,21.26282
latency,thurbox,other-busy,3,False,0.96,1.19,echo_ms,2,42.689115
latency,thurbox,other-busy,3,False,0.96,1.19,echo_ms,3,11.218459
latency,thurbox,other-busy,3,False,0.96,1.19,echo_ms,4,42.240841
latency,thurbox,other-busy,3,False,0.96,1.19,echo_ms,5,42.5826
latency,thurbox,other-busy,3,False,0.96,1.19,echo_ms,6,42.561456
latency,thurbox,other-busy,3,False,0.96,1.19,echo_ms,7,11.207238
latency,thurbox,other-busy,3,False,0.96,1.19,echo_ms,8,12.717537
latency,thurbox,other-busy,3,False,0.96,1.19,echo_ms,9,42.422461
latency,thurbox,other-busy,3,False,0.96,1.19,echo_ms,10,42.612859
latency,thurbox,other-busy,3,False,0.96,1.19,echo_ms,11,21.308489
latency,thurbox,other-busy,3,False,0.96,1.19,echo_ms,12,42.481648
latency,thurbox,other-busy,3,False,0.96,1.19,echo_ms,13,43.699244
latency,thurbox,other-busy,3,False,0.96,1.19,echo_ms,14,42.203859
latency,thurbox,other-busy,3,False,0.96,1.19,echo_ms,15,42.586207
latency,thurbox,other-busy,3,False,0.96,1.19,echo_ms,16,42.799225
latency,thurbox,other-busy,3,False,0.96,1.19,echo_ms,17,42.320961
latency,thurbox,other-busy,3,False,0.96,1.19,echo_ms,18,42.593258
latency,thurbox,other-busy,3,False,0.96,1.19,echo_ms,19,42.235837
latency,thurbox,other-busy,3,False,0.96,1.19,echo_ms,20,42.736011
latency,thurbox,other-busy,3,False,0.96,1.19,echo_ms,21,21.225226
latency,thurbox,other-busy,3,False,0.96,1.19,echo_ms,22,42.361765
latency,thurbox,other-busy,3,False,0.96,1.19,echo_ms,23,43.17923
latency,thurbox,other-busy,3,False,0.96,1.19,echo_ms,24,43.158113
latency,thurbox,other-busy,3,False,0.96,1.19,echo_ms,25,21.247194
latency,thurbox,other-busy,3,False,0.96,1.19,echo_ms,26,11.22694
latency,thurbox,other-busy,3,False,0.96,1.19,echo_ms,27,2.348419
latency,thurbox,other-busy,3,False,0.96,1.19,echo_ms,28,11.457948
latency,thurbox,other-busy,3,False,0.96,1.19,echo_ms,29,42.805866
latency,thurbox,other-busy,3,False,0.96,1.19,echo_ms,30,11.552531
latency,thurbox,other-busy,3,False,0.96,1.19,echo_ms,31,42.286138
latency,thurbox,other-busy,3,False,0.96,1.19,echo_ms,32,11.181375
latency,thurbox,other-busy,3,False,0.96,1.19,echo_ms,33,42.690083
latency,thurbox,other-busy,3,False,0.96,1.19,echo_ms,34,11.15847
latency,thurbox,other-busy,3,False,0.96,1.19,echo_ms,35,42.622888
latency,thurbox,other-busy,3,False,0.96,1.19,echo_ms,36,42.946069
latency,thurbox,other-busy,3,False,0.96,1.19,echo_ms,37,44.681411
latency,thurbox,other-busy,3,False,0.96,1.19,echo_ms,38,11.638562
latency,thurbox,other-busy,3,False,0.96,1.19,echo_ms,39,43.920905
latency,thurbox,other-busy,3,False,0.96,1.19,echo_ms,40,42.285173
latency,thurbox,other-busy,3,False,0.96,1.19,echo_ms,41,21.639063
latency,thurbox,other-busy,3,False,0.96,1.19,echo_ms,42,21.265857
latency,thurbox,other-busy,3,False,0.96,1.19,echo_ms,43,21.766638
latency,thurbox,other-busy,3,False,0.96,1.19,echo_ms,44,11.230808
latency,thurbox,other-busy,3,False,0.96,1.19,echo_ms,45,42.556856
latency,thurbox,other-busy,3,False,0.96,1.19,echo_ms,46,42.743942
latency,thurbox,other-busy,3,False,0.96,1.19,echo_ms,47,11.471104
latency,thurbox,other-busy,3,False,0.96,1.19,echo_ms,48,11.575132
latency,thurbox,other-busy,3,False,0.96,1.19,echo_ms,49,42.171121
latency,thurbox,other-busy,3,False,0.96,1.19,echo_ms,50,42.968748
latency,thurbox,other-busy,3,False,0.96,1.19,echo_ms,51,21.271906
latency,thurbox,other-busy,3,False,0.96,1.19,echo_ms,52,22.358703
latency,thurbox,other-busy,3,False,0.96,1.19,echo_ms,53,2.186442
latency,thurbox,other-busy,3,False,0.96,1.19,echo_ms,54,11.225997
latency,thurbox,other-busy,3,False,0.96,1.19,echo_ms,55,21.237714
latency,thurbox,other-busy,3,False,0.96,1.19,echo_ms,56,11.197531
latency,thurbox,other-busy,3,False,0.96,1.19,echo_ms,57,42.730435
latency,thurbox,other-busy,3,False,0.96,1.19,echo_ms,58,21.235787
latency,thurbox,other-busy,3,False,0.96,1.19,echo_ms,59,42.893058
latency,thurbox,other-busy,3,False,0.96,1.19,echo_ms,60,42.696925
latency,thurbox,other-busy,3,False,0.96,1.19,echo_ms,61,42.408646
latency,thurbox,other-busy,3,False,0.96,1.19,echo_ms,62,42.71812
latency,thurbox,other-busy,3,False,0.96,1.19,echo_ms,63,11.265969
latency,thurbox,other-busy,3,False,0.96,1.19,echo_ms,64,11.277767
latency,thurbox,other-busy,3,False,0.96,1.19,echo_ms,65,42.757599
latency,thurbox,other-busy,3,False,0.96,1.19,echo_ms,66,21.403222
latency,thurbox,other-busy,3,False,0.96,1.19,echo_ms,67,42.136372
latency,thurbox,other-busy,3,False,0.96,1.19,echo_ms,68,22.57901
latency,thurbox,other-busy,3,False,0.96,1.19,echo_ms,69,42.757344
latency,thurbox,other-busy,3,False,0.96,1.19,echo_ms,70,42.171789
latency,thurbox,other-busy,3,False,0.96,1.19,echo_ms,71,11.568421
latency,thurbox,other-busy,3,False,0.96,1.19,echo_ms,72,11.225179
latency,thurbox,other-busy,3,False,0.96,1.19,echo_ms,73,42.738183
latency,thurbox,other-busy,3,False,0.96,1.19,echo_ms,74,42.895108
latency,thurbox,other-busy,3,False,0.96,1.19,echo_ms,75,42.298523
latency,thurbox,other-busy,3,False,0.96,1.19,echo_ms,76,21.624416
latency,thurbox,other-busy,3,False,0.96,1.19,echo_ms,77,11.222785
latency,thurbox,other-busy,3,False,0.96,1.19,echo_ms,78,42.147903
latency,thurbox,other-busy,3,False,0.96,1.19,echo_ms,79,42.6408
latency,thurbox,other-busy,3,False,0.96,1.19,echo_ms,80,42.43951
latency,thurbox,other-busy,3,False,0.96,1.19,echo_ms,81,42.605495
latency,thurbox,other-busy,3,False,0.96,1.19,echo_ms,82,42.260652
latency,thurbox,other-busy,3,False,0.96,1.19,echo_ms,83,11.183032
latency,thurbox,other-busy,3,False,0.96,1.19,echo_ms,84,21.875824
latency,thurbox,other-busy,3,False,0.96,1.19,echo_ms,85,12.663156
latency,thurbox,other-busy,3,False,0.96,1.19,echo_ms,86,21.257902
latency,thurbox,other-busy,3,False,0.96,1.19,echo_ms,87,42.239255
latency,thurbox,other-busy,3,False,0.96,1.19,echo_ms,88,42.556062
latency,thurbox,other-busy,3,False,0.96,1.19,echo_ms,89,32.715941
latency,thurbox,other-busy,3,False,0.96,1.19,echo_ms,90,11.666998
latency,thurbox,other-busy,3,False,0.96,1.19,echo_ms,91,42.583452
latency,thurbox,other-busy,3,False,0.96,1.19,echo_ms,92,42.288586
latency,thurbox,other-busy,3,False,0.96,1.19,echo_ms,93,11.641578
latency,thurbox,other-busy,3,False,0.96,1.19,echo_ms,94,42.550739
latency,thurbox,other-busy,3,False,0.96,1.19,echo_ms,95,42.262824
latency,thurbox,other-busy,3,False,0.96,1.19,echo_ms,96,42.697526
latency,thurbox,other-busy,3,False,0.96,1.19,echo_ms,97,11.203998
latency,thurbox,other-busy,3,False,0.96,1.19,echo_ms,98,12.097691
latency,thurbox,other-busy,3,False,0.96,1.19,echo_ms,99,42.761951
latency,thurbox,other-busy,3,False,0.96,1.19,timeouts,,0
latency,tmux,other-busy,4,False,1.19,1.16,echo_ms,0,0.577295
latency,tmux,other-busy,4,False,1.19,1.16,echo_ms,1,0.562917
latency,tmux,other-busy,4,False,1.19,1.16,echo_ms,2,0.760071
latency,tmux,other-busy,4,False,1.19,1.16,echo_ms,3,0.847074
latency,tmux,other-busy,4,False,1.19,1.16,echo_ms,4,0.946626
latency,tmux,other-busy,4,False,1.19,1.16,echo_ms,5,0.794247
latency,tmux,other-busy,4,False,1.19,1.16,echo_ms,6,0.744524
latency,tmux,other-busy,4,False,1.19,1.16,echo_ms,7,0.720025
latency,tmux,other-busy,4,False,1.19,1.16,echo_ms,8,0.775461
latency,tmux,other-busy,4,False,1.19,1.16,echo_ms,9,0.727682
latency,tmux,other-busy,4,False,1.19,1.16,echo_ms,10,0.857555
latency,tmux,other-busy,4,False,1.19,1.16,echo_ms,11,0.572328
latency,tmux,other-busy,4,False,1.19,1.16,echo_ms,12,1.016957
latency,tmux,other-busy,4,False,1.19,1.16,echo_ms,13,0.625114
latency,tmux,other-busy,4,False,1.19,1.16,echo_ms,14,0.77952
latency,tmux,other-busy,4,False,1.19,1.16,echo_ms,15,0.662602
latency,tmux,other-busy,4,False,1.19,1.16,echo_ms,16,0.858244
latency,tmux,other-busy,4,False,1.19,1.16,echo_ms,17,0.974226
latency,tmux,other-busy,4,False,1.19,1.16,echo_ms,18,0.849489
latency,tmux,other-busy,4,False,1.19,1.16,echo_ms,19,0.854718
latency,tmux,other-busy,4,False,1.19,1.16,echo_ms,20,0.637647
latency,tmux,other-busy,4,False,1.19,1.16,echo_ms,21,0.939896
latency,tmux,other-busy,4,False,1.19,1.16,echo_ms,22,0.677431
latency,tmux,other-busy,4,False,1.19,1.16,echo_ms,23,0.754566
latency,tmux,other-busy,4,False,1.19,1.16,echo_ms,24,0.63613
latency,tmux,other-busy,4,False,1.19,1.16,echo_ms,25,0.832067
latency,tmux,other-busy,4,False,1.19,1.16,echo_ms,26,0.863838
latency,tmux,other-busy,4,False,1.19,1.16,echo_ms,27,0.963498
latency,tmux,other-busy,4,False,1.19,1.16,echo_ms,28,0.668046
latency,tmux,other-busy,4,False,1.19,1.16,echo_ms,29,0.740703
latency,tmux,other-busy,4,False,1.19,1.16,echo_ms,30,0.767982
latency,tmux,other-busy,4,False,1.19,1.16,echo_ms,31,0.570271
latency,tmux,other-busy,4,False,1.19,1.16,echo_ms,32,0.705206
latency,tmux,other-busy,4,False,1.19,1.16,echo_ms,33,0.931025
latency,tmux,other-busy,4,False,1.19,1.16,echo_ms,34,0.652489
latency,tmux,other-busy,4,False,1.19,1.16,echo_ms,35,0.663664
latency,tmux,other-busy,4,False,1.19,1.16,echo_ms,36,0.640186
latency,tmux,other-busy,4,False,1.19,1.16,echo_ms,37,1.395667
latency,tmux,other-busy,4,False,1.19,1.16,echo_ms,38,0.741801
latency,tmux,other-busy,4,False,1.19,1.16,echo_ms,39,0.653085
latency,tmux,other-busy,4,False,1.19,1.16,echo_ms,40,0.843161
latency,tmux,other-busy,4,False,1.19,1.16,echo_ms,41,0.655032
latency,tmux,other-busy,4,False,1.19,1.16,echo_ms,42,0.65246
latency,tmux,other-busy,4,False,1.19,1.16,echo_ms,43,0.747234
latency,tmux,other-busy,4,False,1.19,1.16,echo_ms,44,0.702927
latency,tmux,other-busy,4,False,1.19,1.16,echo_ms,45,0.644019
latency,tmux,other-busy,4,False,1.19,1.16,echo_ms,46,0.867648
latency,tmux,other-busy,4,False,1.19,1.16,echo_ms,47,0.865874
latency,tmux,other-busy,4,False,1.19,1.16,echo_ms,48,0.735663
latency,tmux,other-busy,4,False,1.19,1.16,echo_ms,49,0.787996
latency,tmux,other-busy,4,False,1.19,1.16,echo_ms,50,0.768255
latency,tmux,other-busy,4,False,1.19,1.16,echo_ms,51,0.730419
latency,tmux,other-busy,4,False,1.19,1.16,echo_ms,52,0.786121
latency,tmux,other-busy,4,False,1.19,1.16,echo_ms,53,0.791835
latency,tmux,other-busy,4,False,1.19,1.16,echo_ms,54,0.623559
latency,tmux,other-busy,4,False,1.19,1.16,echo_ms,55,0.66068
latency,tmux,other-busy,4,False,1.19,1.16,echo_ms,56,0.691064
latency,tmux,other-busy,4,False,1.19,1.16,echo_ms,57,0.615329
latency,tmux,other-busy,4,False,1.19,1.16,echo_ms,58,0.659422
latency,tmux,other-busy,4,False,1.19,1.16,echo_ms,59,0.790694
latency,tmux,other-busy,4,False,1.19,1.16,echo_ms,60,0.859245
latency,tmux,other-busy,4,False,1.19,1.16,echo_ms,61,0.710704
latency,tmux,other-busy,4,False,1.19,1.16,echo_ms,62,0.591966
latency,tmux,other-busy,4,False,1.19,1.16,echo_ms,63,0.851742
latency,tmux,other-busy,4,False,1.19,1.16,echo_ms,64,0.815641
latency,tmux,other-busy,4,False,1.19,1.16,echo_ms,65,0.713947
latency,tmux,other-busy,4,False,1.19,1.16,echo_ms,66,0.803957
latency,tmux,other-busy,4,False,1.19,1.16,echo_ms,67,0.58993
latency,tmux,other-busy,4,False,1.19,1.16,echo_ms,68,0.581168
latency,tmux,other-busy,4,False,1.19,1.16,echo_ms,69,0.837124
latency,tmux,other-busy,4,False,1.19,1.16,echo_ms,70,0.80702
latency,tmux,other-busy,4,False,1.19,1.16,echo_ms,71,0.765635
latency,tmux,other-busy,4,False,1.19,1.16,echo_ms,72,0.628442
latency,tmux,other-busy,4,False,1.19,1.16,echo_ms,73,0.653424
latency,tmux,other-busy,4,False,1.19,1.16,echo_ms,74,0.694542
latency,tmux,other-busy,4,False,1.19,1.16,echo_ms,75,0.759295
latency,tmux,other-busy,4,False,1.19,1.16,echo_ms,76,0.58153
latency,tmux,other-busy,4,False,1.19,1.16,echo_ms,77,0.743259
latency,tmux,other-busy,4,False,1.19,1.16,echo_ms,78,0.772
latency,tmux,other-busy,4,False,1.19,1.16,echo_ms,79,0.756542
latency,tmux,other-busy,4,False,1.19,1.16,echo_ms,80,0.578616
latency,tmux,other-busy,4,False,1.19,1.16,echo_ms,81,0.78901
latency,tmux,other-busy,4,False,1.19,1.16,echo_ms,82,0.663739
latency,tmux,other-busy,4,False,1.19,1.16,echo_ms,83,0.859961
latency,tmux,other-busy,4,False,1.19,1.16,echo_ms,84,0.587036
latency,tmux,other-busy,4,False,1.19,1.16,echo_ms,85,0.674656
latency,tmux,other-busy,4,False,1.19,1.16,echo_ms,86,0.791645
latency,tmux,other-busy,4,False,1.19,1.16,echo_ms,87,0.852474
latency,tmux,other-busy,4,False,1.19,1.16,echo_ms,88,0.762782
latency,tmux,other-busy,4,False,1.19,1.16,echo_ms,89,0.69532
latency,tmux,other-busy,4,False,1.19,1.16,echo_ms,90,0.693431
latency,tmux,other-busy,4,False,1.19,1.16,echo_ms,91,0.7902
latency,tmux,other-busy,4,False,1.19,1.16,echo_ms,92,0.841224
latency,tmux,other-busy,4,False,1.19,1.16,echo_ms,93,0.64203
latency,tmux,other-busy,4,False,1.19,1.16,echo_ms,94,0.740525
latency,tmux,other-busy,4,False,1.19,1.16,echo_ms,95,0.607569
latency,tmux,other-busy,4,False,1.19,1.16,echo_ms,96,0.723163
latency,tmux,other-busy,4,False,1.19,1.16,echo_ms,97,0.752343
latency,tmux,other-busy,4,False,1.19,1.16,echo_ms,98,0.950182
latency,tmux,other-busy,4,False,1.19,1.16,echo_ms,99,0.773199
latency,tmux,other-busy,4,False,1.19,1.16,timeouts,,0
latency,herdr,other-busy,4,False,1.16,1.22,echo_ms,0,0.514893
latency,herdr,other-busy,4,False,1.16,1.22,echo_ms,1,0.433068
latency,herdr,other-busy,4,False,1.16,1.22,echo_ms,2,0.405033
latency,herdr,other-busy,4,False,1.16,1.22,echo_ms,3,0.432669
latency,herdr,other-busy,4,False,1.16,1.22,echo_ms,4,0.447839
latency,herdr,other-busy,4,False,1.16,1.22,echo_ms,5,0.419367
latency,herdr,other-busy,4,False,1.16,1.22,echo_ms,6,0.523331
latency,herdr,other-busy,4,False,1.16,1.22,echo_ms,7,0.537369
latency,herdr,other-busy,4,False,1.16,1.22,echo_ms,8,0.445772
latency,herdr,other-busy,4,False,1.16,1.22,echo_ms,9,0.424366
latency,herdr,other-busy,4,False,1.16,1.22,echo_ms,10,0.465537
latency,herdr,other-busy,4,False,1.16,1.22,echo_ms,11,0.467907
latency,herdr,other-busy,4,False,1.16,1.22,echo_ms,12,0.419461
latency,herdr,other-busy,4,False,1.16,1.22,echo_ms,13,0.468218
latency,herdr,other-busy,4,False,1.16,1.22,echo_ms,14,0.425928
latency,herdr,other-busy,4,False,1.16,1.22,echo_ms,15,0.456718
latency,herdr,other-busy,4,False,1.16,1.22,echo_ms,16,0.420882
latency,herdr,other-busy,4,False,1.16,1.22,echo_ms,17,0.450377
latency,herdr,other-busy,4,False,1.16,1.22,echo_ms,18,0.51323
latency,herdr,other-busy,4,False,1.16,1.22,echo_ms,19,0.439277
latency,herdr,other-busy,4,False,1.16,1.22,echo_ms,20,0.435691
latency,herdr,other-busy,4,False,1.16,1.22,echo_ms,21,0.44932
latency,herdr,other-busy,4,False,1.16,1.22,echo_ms,22,0.443342
latency,herdr,other-busy,4,False,1.16,1.22,echo_ms,23,0.439628
latency,herdr,other-busy,4,False,1.16,1.22,echo_ms,24,0.406911
latency,herdr,other-busy,4,False,1.16,1.22,echo_ms,25,0.468109
latency,herdr,other-busy,4,False,1.16,1.22,echo_ms,26,0.447174
latency,herdr,other-busy,4,False,1.16,1.22,echo_ms,27,0.431144
latency,herdr,other-busy,4,False,1.16,1.22,echo_ms,28,0.427737
latency,herdr,other-busy,4,False,1.16,1.22,echo_ms,29,0.488324
latency,herdr,other-busy,4,False,1.16,1.22,echo_ms,30,0.434308
latency,herdr,other-busy,4,False,1.16,1.22,echo_ms,31,0.457883
latency,herdr,other-busy,4,False,1.16,1.22,echo_ms,32,0.426958
latency,herdr,other-busy,4,False,1.16,1.22,echo_ms,33,0.489025
latency,herdr,other-busy,4,False,1.16,1.22,echo_ms,34,0.440585
latency,herdr,other-busy,4,False,1.16,1.22,echo_ms,35,0.456858
latency,herdr,other-busy,4,False,1.16,1.22,echo_ms,36,0.451997
latency,herdr,other-busy,4,False,1.16,1.22,echo_ms,37,0.426139
latency,herdr,other-busy,4,False,1.16,1.22,echo_ms,38,0.439817
latency,herdr,other-busy,4,False,1.16,1.22,echo_ms,39,0.534931
latency,herdr,other-busy,4,False,1.16,1.22,echo_ms,40,0.44358
latency,herdr,other-busy,4,False,1.16,1.22,echo_ms,41,0.432295
latency,herdr,other-busy,4,False,1.16,1.22,echo_ms,42,0.476596
latency,herdr,other-busy,4,False,1.16,1.22,echo_ms,43,0.431821
latency,herdr,other-busy,4,False,1.16,1.22,echo_ms,44,0.425015
latency,herdr,other-busy,4,False,1.16,1.22,echo_ms,45,0.468344
latency,herdr,other-busy,4,False,1.16,1.22,echo_ms,46,0.440504
latency,herdr,other-busy,4,False,1.16,1.22,echo_ms,47,0.410515
latency,herdr,other-busy,4,False,1.16,1.22,echo_ms,48,0.419066
latency,herdr,other-busy,4,False,1.16,1.22,echo_ms,49,0.412263
latency,herdr,other-busy,4,False,1.16,1.22,echo_ms,50,0.416462
latency,herdr,other-busy,4,False,1.16,1.22,echo_ms,51,0.43637
latency,herdr,other-busy,4,False,1.16,1.22,echo_ms,52,0.438737
latency,herdr,other-busy,4,False,1.16,1.22,echo_ms,53,0.479728
latency,herdr,other-busy,4,False,1.16,1.22,echo_ms,54,0.430015
latency,herdr,other-busy,4,False,1.16,1.22,echo_ms,55,0.439232
latency,herdr,other-busy,4,False,1.16,1.22,echo_ms,56,0.433073
latency,herdr,other-busy,4,False,1.16,1.22,echo_ms,57,0.422699
latency,herdr,other-busy,4,False,1.16,1.22,echo_ms,58,0.457445
latency,herdr,other-busy,4,False,1.16,1.22,echo_ms,59,0.468884
latency,herdr,other-busy,4,False,1.16,1.22,echo_ms,60,0.478103
latency,herdr,other-busy,4,False,1.16,1.22,echo_ms,61,0.466063
latency,herdr,other-busy,4,False,1.16,1.22,echo_ms,62,0.440476
latency,herdr,other-busy,4,False,1.16,1.22,echo_ms,63,0.434993
latency,herdr,other-busy,4,False,1.16,1.22,echo_ms,64,0.437885
latency,herdr,other-busy,4,False,1.16,1.22,echo_ms,65,0.448554
latency,herdr,other-busy,4,False,1.16,1.22,echo_ms,66,0.432918
latency,herdr,other-busy,4,False,1.16,1.22,echo_ms,67,0.601762
latency,herdr,other-busy,4,False,1.16,1.22,echo_ms,68,0.453245
latency,herdr,other-busy,4,False,1.16,1.22,echo_ms,69,0.432032
latency,herdr,other-busy,4,False,1.16,1.22,echo_ms,70,0.434052
latency,herdr,other-busy,4,False,1.16,1.22,echo_ms,71,0.426995
latency,herdr,other-busy,4,False,1.16,1.22,echo_ms,72,0.4944
latency,herdr,other-busy,4,False,1.16,1.22,echo_ms,73,0.465757
latency,herdr,other-busy,4,False,1.16,1.22,echo_ms,74,0.411043
latency,herdr,other-busy,4,False,1.16,1.22,echo_ms,75,0.473866
latency,herdr,other-busy,4,False,1.16,1.22,echo_ms,76,0.438766
latency,herdr,other-busy,4,False,1.16,1.22,echo_ms,77,0.485532
latency,herdr,other-busy,4,False,1.16,1.22,echo_ms,78,0.47086
latency,herdr,other-busy,4,False,1.16,1.22,echo_ms,79,0.457579
latency,herdr,other-busy,4,False,1.16,1.22,echo_ms,80,0.440085
latency,herdr,other-busy,4,False,1.16,1.22,echo_ms,81,0.448652
latency,herdr,other-busy,4,False,1.16,1.22,echo_ms,82,0.501448
latency,herdr,other-busy,4,False,1.16,1.22,echo_ms,83,0.533443
latency,herdr,other-busy,4,False,1.16,1.22,echo_ms,84,0.428203
latency,herdr,other-busy,4,False,1.16,1.22,echo_ms,85,0.441046
latency,herdr,other-busy,4,False,1.16,1.22,echo_ms,86,0.467645
latency,herdr,other-busy,4,False,1.16,1.22,echo_ms,87,0.515383
latency,herdr,other-busy,4,False,1.16,1.22,echo_ms,88,0.403776
latency,herdr,other-busy,4,False,1.16,1.22,echo_ms,89,0.455941
latency,herdr,other-busy,4,False,1.16,1.22,echo_ms,90,0.460542
latency,herdr,other-busy,4,False,1.16,1.22,echo_ms,91,0.447134
latency,herdr,other-busy,4,False,1.16,1.22,echo_ms,92,0.437105
latency,herdr,other-busy,4,False,1.16,1.22,echo_ms,93,0.458226
latency,herdr,other-busy,4,False,1.16,1.22,echo_ms,94,0.464585
latency,herdr,other-busy,4,False,1.16,1.22,echo_ms,95,0.431252
latency,herdr,other-busy,4,False,1.16,1.22,echo_ms,96,0.443164
latency,herdr,other-busy,4,False,1.16,1.22,echo_ms,97,0.544613
latency,herdr,other-busy,4,False,1.16,1.22,echo_ms,98,0.417809
latency,herdr,other-busy,4,False,1.16,1.22,echo_ms,99,0.433724
latency,herdr,other-busy,4,False,1.16,1.22,timeouts,,0
latency,thurbox,other-busy,4,False,1.22,1.63,echo_ms,0,42.256345
latency,thurbox,other-busy,4,False,1.22,1.63,echo_ms,1,32.79927
latency,thurbox,other-busy,4,False,1.22,1.63,echo_ms,2,42.275731
latency,thurbox,other-busy,4,False,1.22,1.63,echo_ms,3,42.777304
latency,thurbox,other-busy,4,False,1.22,1.63,echo_ms,4,1.622146
latency,thurbox,other-busy,4,False,1.22,1.63,echo_ms,5,42.262155
latency,thurbox,other-busy,4,False,1.22,1.63,echo_ms,6,42.710759
latency,thurbox,other-busy,4,False,1.22,1.63,echo_ms,7,42.417256
latency,thurbox,other-busy,4,False,1.22,1.63,echo_ms,8,11.210338
latency,thurbox,other-busy,4,False,1.22,1.63,echo_ms,9,11.250261
latency,thurbox,other-busy,4,False,1.22,1.63,echo_ms,10,42.416228
latency,thurbox,other-busy,4,False,1.22,1.63,echo_ms,11,11.313781
latency,thurbox,other-busy,4,False,1.22,1.63,echo_ms,12,42.780961
latency,thurbox,other-busy,4,False,1.22,1.63,echo_ms,13,11.228992
latency,thurbox,other-busy,4,False,1.22,1.63,echo_ms,14,12.353631
latency,thurbox,other-busy,4,False,1.22,1.63,echo_ms,15,42.886585
latency,thurbox,other-busy,4,False,1.22,1.63,echo_ms,16,42.509054
latency,thurbox,other-busy,4,False,1.22,1.63,echo_ms,17,11.58396
latency,thurbox,other-busy,4,False,1.22,1.63,echo_ms,18,42.323637
latency,thurbox,other-busy,4,False,1.22,1.63,echo_ms,19,21.299923
latency,thurbox,other-busy,4,False,1.22,1.63,echo_ms,20,42.827049
latency,thurbox,other-busy,4,False,1.22,1.63,echo_ms,21,21.398695
latency,thurbox,other-busy,4,False,1.22,1.63,echo_ms,22,42.25113
latency,thurbox,other-busy,4,False,1.22,1.63,echo_ms,23,42.795431
latency,thurbox,other-busy,4,False,1.22,1.63,echo_ms,24,11.773466
latency,thurbox,other-busy,4,False,1.22,1.63,echo_ms,25,42.162997
latency,thurbox,other-busy,4,False,1.22,1.63,echo_ms,26,33.249226
latency,thurbox,other-busy,4,False,1.22,1.63,echo_ms,27,11.685158
latency,thurbox,other-busy,4,False,1.22,1.63,echo_ms,28,11.162284
latency,thurbox,other-busy,4,False,1.22,1.63,echo_ms,29,23.168634
latency,thurbox,other-busy,4,False,1.22,1.63,echo_ms,30,11.189648
latency,thurbox,other-busy,4,False,1.22,1.63,echo_ms,31,42.593881
latency,thurbox,other-busy,4,False,1.22,1.63,echo_ms,32,42.299665
latency,thurbox,other-busy,4,False,1.22,1.63,echo_ms,33,11.34625
latency,thurbox,other-busy,4,False,1.22,1.63,echo_ms,34,42.619311
latency,thurbox,other-busy,4,False,1.22,1.63,echo_ms,35,42.213089
latency,thurbox,other-busy,4,False,1.22,1.63,echo_ms,36,11.192226
latency,thurbox,other-busy,4,False,1.22,1.63,echo_ms,37,43.023966
latency,thurbox,other-busy,4,False,1.22,1.63,echo_ms,38,11.355277
latency,thurbox,other-busy,4,False,1.22,1.63,echo_ms,39,21.326394
latency,thurbox,other-busy,4,False,1.22,1.63,echo_ms,40,11.621797
latency,thurbox,other-busy,4,False,1.22,1.63,echo_ms,41,1.807775
latency,thurbox,other-busy,4,False,1.22,1.63,echo_ms,42,11.273641
latency,thurbox,other-busy,4,False,1.22,1.63,echo_ms,43,11.326918
latency,thurbox,other-busy,4,False,1.22,1.63,echo_ms,44,11.170544
latency,thurbox,other-busy,4,False,1.22,1.63,echo_ms,45,21.222379
latency,thurbox,other-busy,4,False,1.22,1.63,echo_ms,46,42.783574
latency,thurbox,other-busy,4,False,1.22,1.63,echo_ms,47,11.164819
latency,thurbox,other-busy,4,False,1.22,1.63,echo_ms,48,42.270379
latency,thurbox,other-busy,4,False,1.22,1.63,echo_ms,49,42.863277
latency,thurbox,other-busy,4,False,1.22,1.63,echo_ms,50,42.657425
latency,thurbox,other-busy,4,False,1.22,1.63,echo_ms,51,24.21575
latency,thurbox,other-busy,4,False,1.22,1.63,echo_ms,52,42.787811
latency,thurbox,other-busy,4,False,1.22,1.63,echo_ms,53,42.3111
latency,thurbox,other-busy,4,False,1.22,1.63,echo_ms,54,43.274956
latency,thurbox,other-busy,4,False,1.22,1.63,echo_ms,55,42.189191
latency,thurbox,other-busy,4,False,1.22,1.63,echo_ms,56,43.205185
latency,thurbox,other-busy,4,False,1.22,1.63,echo_ms,57,42.668262
latency,thurbox,other-busy,4,False,1.22,1.63,echo_ms,58,21.436699
latency,thurbox,other-busy,4,False,1.22,1.63,echo_ms,59,21.23369
latency,thurbox,other-busy,4,False,1.22,1.63,echo_ms,60,42.794474
latency,thurbox,other-busy,4,False,1.22,1.63,echo_ms,61,42.211414
latency,thurbox,other-busy,4,False,1.22,1.63,echo_ms,62,11.123885
latency,thurbox,other-busy,4,False,1.22,1.63,echo_ms,63,42.84569
latency,thurbox,other-busy,4,False,1.22,1.63,echo_ms,64,22.720966
latency,thurbox,other-busy,4,False,1.22,1.63,echo_ms,65,42.631543
latency,thurbox,other-busy,4,False,1.22,1.63,echo_ms,66,42.245597
latency,thurbox,other-busy,4,False,1.22,1.63,echo_ms,67,42.915692
latency,thurbox,other-busy,4,False,1.22,1.63,echo_ms,68,21.324739
latency,thurbox,other-busy,4,False,1.22,1.63,echo_ms,69,42.21159
latency,thurbox,other-busy,4,False,1.22,1.63,echo_ms,70,43.300341
latency,thurbox,other-busy,4,False,1.22,1.63,echo_ms,71,21.330679
latency,thurbox,other-busy,4,False,1.22,1.63,echo_ms,72,42.176618
latency,thurbox,other-busy,4,False,1.22,1.63,echo_ms,73,42.644236
latency,thurbox,other-busy,4,False,1.22,1.63,echo_ms,74,21.600131
latency,thurbox,other-busy,4,False,1.22,1.63,echo_ms,75,21.976988
latency,thurbox,other-busy,4,False,1.22,1.63,echo_ms,76,42.53536
latency,thurbox,other-busy,4,False,1.22,1.63,echo_ms,77,33.560554
latency,thurbox,other-busy,4,False,1.22,1.63,echo_ms,78,11.328423
latency,thurbox,other-busy,4,False,1.22,1.63,echo_ms,79,21.296133
latency,thurbox,other-busy,4,False,1.22,1.63,echo_ms,80,42.820547
latency,thurbox,other-busy,4,False,1.22,1.63,echo_ms,81,42.648391
latency,thurbox,other-busy,4,False,1.22,1.63,echo_ms,82,22.046537
latency,thurbox,other-busy,4,False,1.22,1.63,echo_ms,83,11.187379
latency,thurbox,other-busy,4,False,1.22,1.63,echo_ms,84,43.317356
latency,thurbox,other-busy,4,False,1.22,1.63,echo_ms,85,42.376059
latency,thurbox,other-busy,4,False,1.22,1.63,echo_ms,86,1.643359
latency,thurbox,other-busy,4,False,1.22,1.63,echo_ms,87,11.157657
latency,thurbox,other-busy,4,False,1.22,1.63,echo_ms,88,42.355992
latency,thurbox,other-busy,4,False,1.22,1.63,echo_ms,89,11.160051
latency,thurbox,other-busy,4,False,1.22,1.63,echo_ms,90,11.521965
latency,thurbox,other-busy,4,False,1.22,1.63,echo_ms,91,42.198753
latency,thurbox,other-busy,4,False,1.22,1.63,echo_ms,92,42.541158
latency,thurbox,other-busy,4,False,1.22,1.63,echo_ms,93,42.570663
latency,thurbox,other-busy,4,False,1.22,1.63,echo_ms,94,42.917805
latency,thurbox,other-busy,4,False,1.22,1.63,echo_ms,95,42.598442
latency,thurbox,other-busy,4,False,1.22,1.63,echo_ms,96,43.231888
latency,thurbox,other-busy,4,False,1.22,1.63,echo_ms,97,21.384549
latency,thurbox,other-busy,4,False,1.22,1.63,echo_ms,98,42.5977
latency,thurbox,other-busy,4,False,1.22,1.63,echo_ms,99,43.588783
latency,thurbox,other-busy,4,False,1.22,1.63,timeouts,,0
latency,tmux,other-busy,5,False,1.63,1.61,echo_ms,0,0.727087
latency,tmux,other-busy,5,False,1.63,1.61,echo_ms,1,0.613754
latency,tmux,other-busy,5,False,1.63,1.61,echo_ms,2,0.701225
latency,tmux,other-busy,5,False,1.63,1.61,echo_ms,3,0.570748
latency,tmux,other-busy,5,False,1.63,1.61,echo_ms,4,0.743673
latency,tmux,other-busy,5,False,1.63,1.61,echo_ms,5,0.815523
latency,tmux,other-busy,5,False,1.63,1.61,echo_ms,6,0.690742
latency,tmux,other-busy,5,False,1.63,1.61,echo_ms,7,0.827038
latency,tmux,other-busy,5,False,1.63,1.61,echo_ms,8,0.789104
latency,tmux,other-busy,5,False,1.63,1.61,echo_ms,9,0.670723
latency,tmux,other-busy,5,False,1.63,1.61,echo_ms,10,0.992569
latency,tmux,other-busy,5,False,1.63,1.61,echo_ms,11,0.555183
latency,tmux,other-busy,5,False,1.63,1.61,echo_ms,12,0.841954
latency,tmux,other-busy,5,False,1.63,1.61,echo_ms,13,0.737637
latency,tmux,other-busy,5,False,1.63,1.61,echo_ms,14,0.602784
latency,tmux,other-busy,5,False,1.63,1.61,echo_ms,15,0.732673
latency,tmux,other-busy,5,False,1.63,1.61,echo_ms,16,0.58441
latency,tmux,other-busy,5,False,1.63,1.61,echo_ms,17,0.76508
latency,tmux,other-busy,5,False,1.63,1.61,echo_ms,18,0.648005
latency,tmux,other-busy,5,False,1.63,1.61,echo_ms,19,0.8729
latency,tmux,other-busy,5,False,1.63,1.61,echo_ms,20,0.549496
latency,tmux,other-busy,5,False,1.63,1.61,echo_ms,21,0.723083
latency,tmux,other-busy,5,False,1.63,1.61,echo_ms,22,0.773679
latency,tmux,other-busy,5,False,1.63,1.61,echo_ms,23,0.601614
latency,tmux,other-busy,5,False,1.63,1.61,echo_ms,24,0.840869
latency,tmux,other-busy,5,False,1.63,1.61,echo_ms,25,0.899959
latency,tmux,other-busy,5,False,1.63,1.61,echo_ms,26,0.858988
latency,tmux,other-busy,5,False,1.63,1.61,echo_ms,27,0.720727
latency,tmux,other-busy,5,False,1.63,1.61,echo_ms,28,0.621339
latency,tmux,other-busy,5,False,1.63,1.61,echo_ms,29,0.735012
latency,tmux,other-busy,5,False,1.63,1.61,echo_ms,30,0.674681
latency,tmux,other-busy,5,False,1.63,1.61,echo_ms,31,0.669902
latency,tmux,other-busy,5,False,1.63,1.61,echo_ms,32,0.71185
latency,tmux,other-busy,5,False,1.63,1.61,echo_ms,33,0.653885
latency,tmux,other-busy,5,False,1.63,1.61,echo_ms,34,0.821726
latency,tmux,other-busy,5,False,1.63,1.61,echo_ms,35,0.659381
latency,tmux,other-busy,5,False,1.63,1.61,echo_ms,36,0.713395
latency,tmux,other-busy,5,False,1.63,1.61,echo_ms,37,0.55898
latency,tmux,other-busy,5,False,1.63,1.61,echo_ms,38,0.89129
latency,tmux,other-busy,5,False,1.63,1.61,echo_ms,39,0.825941
latency,tmux,other-busy,5,False,1.63,1.61,echo_ms,40,0.720568
latency,tmux,other-busy,5,False,1.63,1.61,echo_ms,41,0.551066
latency,tmux,other-busy,5,False,1.63,1.61,echo_ms,42,0.620309
latency,tmux,other-busy,5,False,1.63,1.61,echo_ms,43,0.760692
latency,tmux,other-busy,5,False,1.63,1.61,echo_ms,44,0.583163
latency,tmux,other-busy,5,False,1.63,1.61,echo_ms,45,0.714116
latency,tmux,other-busy,5,False,1.63,1.61,echo_ms,46,0.88956
latency,tmux,other-busy,5,False,1.63,1.61,echo_ms,47,0.709797
latency,tmux,other-busy,5,False,1.63,1.61,echo_ms,48,0.622467
latency,tmux,other-busy,5,False,1.63,1.61,echo_ms,49,0.552023
latency,tmux,other-busy,5,False,1.63,1.61,echo_ms,50,0.601685
latency,tmux,other-busy,5,False,1.63,1.61,echo_ms,51,0.761006
latency,tmux,other-busy,5,False,1.63,1.61,echo_ms,52,1.060256
latency,tmux,other-busy,5,False,1.63,1.61,echo_ms,53,0.954811
latency,tmux,other-busy,5,False,1.63,1.61,echo_ms,54,1.005861
latency,tmux,other-busy,5,False,1.63,1.61,echo_ms,55,0.667275
latency,tmux,other-busy,5,False,1.63,1.61,echo_ms,56,0.620882
latency,tmux,other-busy,5,False,1.63,1.61,echo_ms,57,0.72362
latency,tmux,other-busy,5,False,1.63,1.61,echo_ms,58,0.754309
latency,tmux,other-busy,5,False,1.63,1.61,echo_ms,59,0.918043
latency,tmux,other-busy,5,False,1.63,1.61,echo_ms,60,0.552338
latency,tmux,other-busy,5,False,1.63,1.61,echo_ms,61,0.676676
latency,tmux,other-busy,5,False,1.63,1.61,echo_ms,62,0.701519
latency,tmux,other-busy,5,False,1.63,1.61,echo_ms,63,0.691461
latency,tmux,other-busy,5,False,1.63,1.61,echo_ms,64,0.868898
latency,tmux,other-busy,5,False,1.63,1.61,echo_ms,65,0.856981
latency,tmux,other-busy,5,False,1.63,1.61,echo_ms,66,0.82716
latency,tmux,other-busy,5,False,1.63,1.61,echo_ms,67,0.958825
latency,tmux,other-busy,5,False,1.63,1.61,echo_ms,68,1.765393
latency,tmux,other-busy,5,False,1.63,1.61,echo_ms,69,0.607422
latency,tmux,other-busy,5,False,1.63,1.61,echo_ms,70,0.710299
latency,tmux,other-busy,5,False,1.63,1.61,echo_ms,71,0.804415
latency,tmux,other-busy,5,False,1.63,1.61,echo_ms,72,0.726166
latency,tmux,other-busy,5,False,1.63,1.61,echo_ms,73,0.81005
latency,tmux,other-busy,5,False,1.63,1.61,echo_ms,74,0.712961
latency,tmux,other-busy,5,False,1.63,1.61,echo_ms,75,0.650612
latency,tmux,other-busy,5,False,1.63,1.61,echo_ms,76,0.800661
latency,tmux,other-busy,5,False,1.63,1.61,echo_ms,77,0.79998
latency,tmux,other-busy,5,False,1.63,1.61,echo_ms,78,0.328096
latency,tmux,other-busy,5,False,1.63,1.61,echo_ms,79,0.689567
latency,tmux,other-busy,5,False,1.63,1.61,echo_ms,80,0.844851
latency,tmux,other-busy,5,False,1.63,1.61,echo_ms,81,0.625453
latency,tmux,other-busy,5,False,1.63,1.61,echo_ms,82,0.816268
latency,tmux,other-busy,5,False,1.63,1.61,echo_ms,83,0.678447
latency,tmux,other-busy,5,False,1.63,1.61,echo_ms,84,0.839376
latency,tmux,other-busy,5,False,1.63,1.61,echo_ms,85,0.600308
latency,tmux,other-busy,5,False,1.63,1.61,echo_ms,86,1.0459
latency,tmux,other-busy,5,False,1.63,1.61,echo_ms,87,0.775549
latency,tmux,other-busy,5,False,1.63,1.61,echo_ms,88,0.789984
latency,tmux,other-busy,5,False,1.63,1.61,echo_ms,89,0.630067
latency,tmux,other-busy,5,False,1.63,1.61,echo_ms,90,0.556868
latency,tmux,other-busy,5,False,1.63,1.61,echo_ms,91,0.562605
latency,tmux,other-busy,5,False,1.63,1.61,echo_ms,92,0.847626
latency,tmux,other-busy,5,False,1.63,1.61,echo_ms,93,0.647338
latency,tmux,other-busy,5,False,1.63,1.61,echo_ms,94,0.652092
latency,tmux,other-busy,5,False,1.63,1.61,echo_ms,95,0.831239
latency,tmux,other-busy,5,False,1.63,1.61,echo_ms,96,0.55321
latency,tmux,other-busy,5,False,1.63,1.61,echo_ms,97,0.806799
latency,tmux,other-busy,5,False,1.63,1.61,echo_ms,98,0.745817
latency,tmux,other-busy,5,False,1.63,1.61,echo_ms,99,0.780889
latency,tmux,other-busy,5,False,1.63,1.61,timeouts,,0
latency,herdr,other-busy,5,False,1.61,1.52,echo_ms,0,0.440255
latency,herdr,other-busy,5,False,1.61,1.52,echo_ms,1,0.435486
latency,herdr,other-busy,5,False,1.61,1.52,echo_ms,2,0.437697
latency,herdr,other-busy,5,False,1.61,1.52,echo_ms,3,0.519018
latency,herdr,other-busy,5,False,1.61,1.52,echo_ms,4,0.421936
latency,herdr,other-busy,5,False,1.61,1.52,echo_ms,5,0.434643
latency,herdr,other-busy,5,False,1.61,1.52,echo_ms,6,0.444569
latency,herdr,other-busy,5,False,1.61,1.52,echo_ms,7,0.417098
latency,herdr,other-busy,5,False,1.61,1.52,echo_ms,8,0.443878
latency,herdr,other-busy,5,False,1.61,1.52,echo_ms,9,0.432637
latency,herdr,other-busy,5,False,1.61,1.52,echo_ms,10,0.430286
latency,herdr,other-busy,5,False,1.61,1.52,echo_ms,11,0.458996
latency,herdr,other-busy,5,False,1.61,1.52,echo_ms,12,0.460865
latency,herdr,other-busy,5,False,1.61,1.52,echo_ms,13,0.432993
latency,herdr,other-busy,5,False,1.61,1.52,echo_ms,14,0.499662
latency,herdr,other-busy,5,False,1.61,1.52,echo_ms,15,0.428326
latency,herdr,other-busy,5,False,1.61,1.52,echo_ms,16,0.650222
latency,herdr,other-busy,5,False,1.61,1.52,echo_ms,17,0.442088
latency,herdr,other-busy,5,False,1.61,1.52,echo_ms,18,0.442766
latency,herdr,other-busy,5,False,1.61,1.52,echo_ms,19,0.494552
latency,herdr,other-busy,5,False,1.61,1.52,echo_ms,20,0.453115
latency,herdr,other-busy,5,False,1.61,1.52,echo_ms,21,0.504279
latency,herdr,other-busy,5,False,1.61,1.52,echo_ms,22,0.441714
latency,herdr,other-busy,5,False,1.61,1.52,echo_ms,23,0.44045
latency,herdr,other-busy,5,False,1.61,1.52,echo_ms,24,0.446631
latency,herdr,other-busy,5,False,1.61,1.52,echo_ms,25,0.429742
latency,herdr,other-busy,5,False,1.61,1.52,echo_ms,26,0.469479
latency,herdr,other-busy,5,False,1.61,1.52,echo_ms,27,0.426791
latency,herdr,other-busy,5,False,1.61,1.52,echo_ms,28,0.452959
latency,herdr,other-busy,5,False,1.61,1.52,echo_ms,29,0.483002
latency,herdr,other-busy,5,False,1.61,1.52,echo_ms,30,0.481945
latency,herdr,other-busy,5,False,1.61,1.52,echo_ms,31,0.42254
latency,herdr,other-busy,5,False,1.61,1.52,echo_ms,32,0.429176
latency,herdr,other-busy,5,False,1.61,1.52,echo_ms,33,0.456173
latency,herdr,other-busy,5,False,1.61,1.52,echo_ms,34,0.486546
latency,herdr,other-busy,5,False,1.61,1.52,echo_ms,35,0.502775
latency,herdr,other-busy,5,False,1.61,1.52,echo_ms,36,0.424795
latency,herdr,other-busy,5,False,1.61,1.52,echo_ms,37,0.432714
latency,herdr,other-busy,5,False,1.61,1.52,echo_ms,38,0.495725
latency,herdr,other-busy,5,False,1.61,1.52,echo_ms,39,0.452171
latency,herdr,other-busy,5,False,1.61,1.52,echo_ms,40,0.411495
latency,herdr,other-busy,5,False,1.61,1.52,echo_ms,41,0.464797
latency,herdr,other-busy,5,False,1.61,1.52,echo_ms,42,0.425854
latency,herdr,other-busy,5,False,1.61,1.52,echo_ms,43,0.476031
latency,herdr,other-busy,5,False,1.61,1.52,echo_ms,44,0.4268
latency,herdr,other-busy,5,False,1.61,1.52,echo_ms,45,0.42458
latency,herdr,other-busy,5,False,1.61,1.52,echo_ms,46,0.4587
latency,herdr,other-busy,5,False,1.61,1.52,echo_ms,47,0.433409
latency,herdr,other-busy,5,False,1.61,1.52,echo_ms,48,0.460041
latency,herdr,other-busy,5,False,1.61,1.52,echo_ms,49,0.452815
latency,herdr,other-busy,5,False,1.61,1.52,echo_ms,50,0.498598
latency,herdr,other-busy,5,False,1.61,1.52,echo_ms,51,0.42113
latency,herdr,other-busy,5,False,1.61,1.52,echo_ms,52,0.502646
latency,herdr,other-busy,5,False,1.61,1.52,echo_ms,53,0.426193
latency,herdr,other-busy,5,False,1.61,1.52,echo_ms,54,0.491738
latency,herdr,other-busy,5,False,1.61,1.52,echo_ms,55,0.429753
latency,herdr,other-busy,5,False,1.61,1.52,echo_ms,56,0.41327
latency,herdr,other-busy,5,False,1.61,1.52,echo_ms,57,0.449136
latency,herdr,other-busy,5,False,1.61,1.52,echo_ms,58,0.415348
latency,herdr,other-busy,5,False,1.61,1.52,echo_ms,59,0.434473
latency,herdr,other-busy,5,False,1.61,1.52,echo_ms,60,0.435326
latency,herdr,other-busy,5,False,1.61,1.52,echo_ms,61,0.441775
latency,herdr,other-busy,5,False,1.61,1.52,echo_ms,62,0.432463
latency,herdr,other-busy,5,False,1.61,1.52,echo_ms,63,0.514778
latency,herdr,other-busy,5,False,1.61,1.52,echo_ms,64,0.457016
latency,herdr,other-busy,5,False,1.61,1.52,echo_ms,65,0.455574
latency,herdr,other-busy,5,False,1.61,1.52,echo_ms,66,0.425303
latency,herdr,other-busy,5,False,1.61,1.52,echo_ms,67,0.500823
latency,herdr,other-busy,5,False,1.61,1.52,echo_ms,68,0.436449
latency,herdr,other-busy,5,False,1.61,1.52,echo_ms,69,0.474941
latency,herdr,other-busy,5,False,1.61,1.52,echo_ms,70,0.453419
latency,herdr,other-busy,5,False,1.61,1.52,echo_ms,71,0.425454
latency,herdr,other-busy,5,False,1.61,1.52,echo_ms,72,0.518399
latency,herdr,other-busy,5,False,1.61,1.52,echo_ms,73,0.445674
latency,herdr,other-busy,5,False,1.61,1.52,echo_ms,74,0.425659
latency,herdr,other-busy,5,False,1.61,1.52,echo_ms,75,0.526745
latency,herdr,other-busy,5,False,1.61,1.52,echo_ms,76,0.435645
latency,herdr,other-busy,5,False,1.61,1.52,echo_ms,77,0.512038
latency,herdr,other-busy,5,False,1.61,1.52,echo_ms,78,0.432706
latency,herdr,other-busy,5,False,1.61,1.52,echo_ms,79,0.400828
latency,herdr,other-busy,5,False,1.61,1.52,echo_ms,80,0.448075
latency,herdr,other-busy,5,False,1.61,1.52,echo_ms,81,0.438867
latency,herdr,other-busy,5,False,1.61,1.52,echo_ms,82,0.425751
latency,herdr,other-busy,5,False,1.61,1.52,echo_ms,83,0.424536
latency,herdr,other-busy,5,False,1.61,1.52,echo_ms,84,0.485357
latency,herdr,other-busy,5,False,1.61,1.52,echo_ms,85,0.424484
latency,herdr,other-busy,5,False,1.61,1.52,echo_ms,86,0.466597
latency,herdr,other-busy,5,False,1.61,1.52,echo_ms,87,0.413914
latency,herdr,other-busy,5,False,1.61,1.52,echo_ms,88,0.457546
latency,herdr,other-busy,5,False,1.61,1.52,echo_ms,89,0.455075
latency,herdr,other-busy,5,False,1.61,1.52,echo_ms,90,0.456794
latency,herdr,other-busy,5,False,1.61,1.52,echo_ms,91,0.426574
latency,herdr,other-busy,5,False,1.61,1.52,echo_ms,92,0.424856
latency,herdr,other-busy,5,False,1.61,1.52,echo_ms,93,0.448328
latency,herdr,other-busy,5,False,1.61,1.52,echo_ms,94,0.415979
latency,herdr,other-busy,5,False,1.61,1.52,echo_ms,95,0.433668
latency,herdr,other-busy,5,False,1.61,1.52,echo_ms,96,0.440689
latency,herdr,other-busy,5,False,1.61,1.52,echo_ms,97,0.509138
latency,herdr,other-busy,5,False,1.61,1.52,echo_ms,98,0.424088
latency,herdr,other-busy,5,False,1.61,1.52,echo_ms,99,0.475607
latency,herdr,other-busy,5,False,1.61,1.52,timeouts,,0
latency,thurbox,other-busy,5,False,1.52,1.64,echo_ms,0,11.222799
latency,thurbox,other-busy,5,False,1.52,1.64,echo_ms,1,42.239931
latency,thurbox,other-busy,5,False,1.52,1.64,echo_ms,2,42.724932
latency,thurbox,other-busy,5,False,1.52,1.64,echo_ms,3,42.433559
latency,thurbox,other-busy,5,False,1.52,1.64,echo_ms,4,11.190631
latency,thurbox,other-busy,5,False,1.52,1.64,echo_ms,5,42.701028
latency,thurbox,other-busy,5,False,1.52,1.64,echo_ms,6,42.251834
latency,thurbox,other-busy,5,False,1.52,1.64,echo_ms,7,11.15189
latency,thurbox,other-busy,5,False,1.52,1.64,echo_ms,8,1.926406
latency,thurbox,other-busy,5,False,1.52,1.64,echo_ms,9,42.354236
latency,thurbox,other-busy,5,False,1.52,1.64,echo_ms,10,42.686358
latency,thurbox,other-busy,5,False,1.52,1.64,echo_ms,11,21.891085
latency,thurbox,other-busy,5,False,1.52,1.64,echo_ms,12,42.460363
latency,thurbox,other-busy,5,False,1.52,1.64,echo_ms,13,23.187961
latency,thurbox,other-busy,5,False,1.52,1.64,echo_ms,14,11.190582
latency,thurbox,other-busy,5,False,1.52,1.64,echo_ms,15,42.269686
latency,thurbox,other-busy,5,False,1.52,1.64,echo_ms,16,42.710654
latency,thurbox,other-busy,5,False,1.52,1.64,echo_ms,17,11.151125
latency,thurbox,other-busy,5,False,1.52,1.64,echo_ms,18,11.545006
latency,thurbox,other-busy,5,False,1.52,1.64,echo_ms,19,42.239298
latency,thurbox,other-busy,5,False,1.52,1.64,echo_ms,20,42.779181
latency,thurbox,other-busy,5,False,1.52,1.64,echo_ms,21,42.740004
latency,thurbox,other-busy,5,False,1.52,1.64,echo_ms,22,11.184783
latency,thurbox,other-busy,5,False,1.52,1.64,echo_ms,23,42.749629
latency,thurbox,other-busy,5,False,1.52,1.64,echo_ms,24,43.290001
latency,thurbox,other-busy,5,False,1.52,1.64,echo_ms,25,21.175107
latency,thurbox,other-busy,5,False,1.52,1.64,echo_ms,26,2.229305
latency,thurbox,other-busy,5,False,1.52,1.64,echo_ms,27,11.176228
latency,thurbox,other-busy,5,False,1.52,1.64,echo_ms,28,42.398219
latency,thurbox,other-busy,5,False,1.52,1.64,echo_ms,29,21.262872
latency,thurbox,other-busy,5,False,1.52,1.64,echo_ms,30,11.510003
latency,thurbox,other-busy,5,False,1.52,1.64,echo_ms,31,42.23737
latency,thurbox,other-busy,5,False,1.52,1.64,echo_ms,32,42.62687
latency,thurbox,other-busy,5,False,1.52,1.64,echo_ms,33,21.21716
latency,thurbox,other-busy,5,False,1.52,1.64,echo_ms,34,11.252576
latency,thurbox,other-busy,5,False,1.52,1.64,echo_ms,35,21.276971
latency,thurbox,other-busy,5,False,1.52,1.64,echo_ms,36,11.249584
latency,thurbox,other-busy,5,False,1.52,1.64,echo_ms,37,42.414614
latency,thurbox,other-busy,5,False,1.52,1.64,echo_ms,38,42.944346
latency,thurbox,other-busy,5,False,1.52,1.64,echo_ms,39,42.189449
latency,thurbox,other-busy,5,False,1.52,1.64,echo_ms,40,42.711032
latency,thurbox,other-busy,5,False,1.52,1.64,echo_ms,41,22.164217
latency,thurbox,other-busy,5,False,1.52,1.64,echo_ms,42,42.494388
latency,thurbox,other-busy,5,False,1.52,1.64,echo_ms,43,43.836656
latency,thurbox,other-busy,5,False,1.52,1.64,echo_ms,44,1.854067
latency,thurbox,other-busy,5,False,1.52,1.64,echo_ms,45,42.875341
latency,thurbox,other-busy,5,False,1.52,1.64,echo_ms,46,21.69262
latency,thurbox,other-busy,5,False,1.52,1.64,echo_ms,47,42.558991
latency,thurbox,other-busy,5,False,1.52,1.64,echo_ms,48,11.233657
latency,thurbox,other-busy,5,False,1.52,1.64,echo_ms,49,42.577975
latency,thurbox,other-busy,5,False,1.52,1.64,echo_ms,50,42.354099
latency,thurbox,other-busy,5,False,1.52,1.64,echo_ms,51,11.652217
latency,thurbox,other-busy,5,False,1.52,1.64,echo_ms,52,42.600343
latency,thurbox,other-busy,5,False,1.52,1.64,echo_ms,53,21.278446
latency,thurbox,other-busy,5,False,1.52,1.64,echo_ms,54,24.323245
latency,thurbox,other-busy,5,False,1.52,1.64,echo_ms,55,43.178464
latency,thurbox,other-busy,5,False,1.52,1.64,echo_ms,56,42.155156
latency,thurbox,other-busy,5,False,1.52,1.64,echo_ms,57,21.378673
latency,thurbox,other-busy,5,False,1.52,1.64,echo_ms,58,21.200022
latency,thurbox,other-busy,5,False,1.52,1.64,echo_ms,59,43.230292
latency,thurbox,other-busy,5,False,1.52,1.64,echo_ms,60,42.55178
latency,thurbox,other-busy,5,False,1.52,1.64,echo_ms,61,42.264113
latency,thurbox,other-busy,5,False,1.52,1.64,echo_ms,62,42.745457
latency,thurbox,other-busy,5,False,1.52,1.64,echo_ms,63,11.112173
latency,thurbox,other-busy,5,False,1.52,1.64,echo_ms,64,33.044901
latency,thurbox,other-busy,5,False,1.52,1.64,echo_ms,65,1.730357
latency,thurbox,other-busy,5,False,1.52,1.64,echo_ms,66,11.219877
latency,thurbox,other-busy,5,False,1.52,1.64,echo_ms,67,42.514492
latency,thurbox,other-busy,5,False,1.52,1.64,echo_ms,68,21.258479
latency,thurbox,other-busy,5,False,1.52,1.64,echo_ms,69,42.170643
latency,thurbox,other-busy,5,False,1.52,1.64,echo_ms,70,1.685483
latency,thurbox,other-busy,5,False,1.52,1.64,echo_ms,71,11.324541
latency,thurbox,other-busy,5,False,1.52,1.64,echo_ms,72,21.280774
latency,thurbox,other-busy,5,False,1.52,1.64,echo_ms,73,11.148228
latency,thurbox,other-busy,5,False,1.52,1.64,echo_ms,74,42.745078
latency,thurbox,other-busy,5,False,1.52,1.64,echo_ms,75,42.295405
latency,thurbox,other-busy,5,False,1.52,1.64,echo_ms,76,11.180615
latency,thurbox,other-busy,5,False,1.52,1.64,echo_ms,77,11.26951
latency,thurbox,other-busy,5,False,1.52,1.64,echo_ms,78,11.186445
latency,thurbox,other-busy,5,False,1.52,1.64,echo_ms,79,11.256038
latency,thurbox,other-busy,5,False,1.52,1.64,echo_ms,80,42.290886
latency,thurbox,other-busy,5,False,1.52,1.64,echo_ms,81,42.72257
latency,thurbox,other-busy,5,False,1.52,1.64,echo_ms,82,11.193076
latency,thurbox,other-busy,5,False,1.52,1.64,echo_ms,83,42.748327
latency,thurbox,other-busy,5,False,1.52,1.64,echo_ms,84,43.085811
latency,thurbox,other-busy,5,False,1.52,1.64,echo_ms,85,43.107677
latency,thurbox,other-busy,5,False,1.52,1.64,echo_ms,86,21.280426
latency,thurbox,other-busy,5,False,1.52,1.64,echo_ms,87,21.212104
latency,thurbox,other-busy,5,False,1.52,1.64,echo_ms,88,42.426928
latency,thurbox,other-busy,5,False,1.52,1.64,echo_ms,89,43.178725
latency,thurbox,other-busy,5,False,1.52,1.64,echo_ms,90,42.64268
latency,thurbox,other-busy,5,False,1.52,1.64,echo_ms,91,11.353388
latency,thurbox,other-busy,5,False,1.52,1.64,echo_ms,92,1.434487
latency,thurbox,other-busy,5,False,1.52,1.64,echo_ms,93,21.224604
latency,thurbox,other-busy,5,False,1.52,1.64,echo_ms,94,42.46927
latency,thurbox,other-busy,5,False,1.52,1.64,echo_ms,95,42.956112
latency,thurbox,other-busy,5,False,1.52,1.64,echo_ms,96,42.241713
latency,thurbox,other-busy,5,False,1.52,1.64,echo_ms,97,42.573852
latency,thurbox,other-busy,5,False,1.52,1.64,echo_ms,98,43.122975
latency,thurbox,other-busy,5,False,1.52,1.64,echo_ms,99,21.222899
latency,thurbox,other-busy,5,False,1.52,1.64,timeouts,,0
