scenario,host,variant,rep,warmup,load1,load1_end,metric,sample,value
latency,tmux,idle,0,True,0.08,0.07,echo_ms,0,1.044064
latency,tmux,idle,0,True,0.08,0.07,echo_ms,1,0.993146
latency,tmux,idle,0,True,0.08,0.07,echo_ms,2,1.115349
latency,tmux,idle,0,True,0.08,0.07,echo_ms,3,1.068932
latency,tmux,idle,0,True,0.08,0.07,echo_ms,4,1.058163
latency,tmux,idle,0,True,0.08,0.07,echo_ms,5,1.091719
latency,tmux,idle,0,True,0.08,0.07,echo_ms,6,1.058243
latency,tmux,idle,0,True,0.08,0.07,echo_ms,7,1.031803
latency,tmux,idle,0,True,0.08,0.07,echo_ms,8,1.04701
latency,tmux,idle,0,True,0.08,0.07,echo_ms,9,1.049723
latency,tmux,idle,0,True,0.08,0.07,echo_ms,10,1.066219
latency,tmux,idle,0,True,0.08,0.07,echo_ms,11,1.043885
latency,tmux,idle,0,True,0.08,0.07,echo_ms,12,1.052151
latency,tmux,idle,0,True,0.08,0.07,echo_ms,13,1.039895
latency,tmux,idle,0,True,0.08,0.07,echo_ms,14,1.049041
latency,tmux,idle,0,True,0.08,0.07,echo_ms,15,1.043213
latency,tmux,idle,0,True,0.08,0.07,echo_ms,16,1.083481
latency,tmux,idle,0,True,0.08,0.07,echo_ms,17,1.011551
latency,tmux,idle,0,True,0.08,0.07,echo_ms,18,1.053235
latency,tmux,idle,0,True,0.08,0.07,echo_ms,19,1.085996
latency,tmux,idle,0,True,0.08,0.07,echo_ms,20,1.050135
latency,tmux,idle,0,True,0.08,0.07,echo_ms,21,1.048463
latency,tmux,idle,0,True,0.08,0.07,echo_ms,22,1.087463
latency,tmux,idle,0,True,0.08,0.07,echo_ms,23,1.032934
latency,tmux,idle,0,True,0.08,0.07,echo_ms,24,1.033297
latency,tmux,idle,0,True,0.08,0.07,echo_ms,25,1.042318
latency,tmux,idle,0,True,0.08,0.07,echo_ms,26,1.044732
latency,tmux,idle,0,True,0.08,0.07,echo_ms,27,0.907221
latency,tmux,idle,0,True,0.08,0.07,echo_ms,28,1.000921
latency,tmux,idle,0,True,0.08,0.07,echo_ms,29,0.944293
latency,tmux,idle,0,True,0.08,0.07,echo_ms,30,1.008315
latency,tmux,idle,0,True,0.08,0.07,echo_ms,31,1.022627
latency,tmux,idle,0,True,0.08,0.07,echo_ms,32,1.065232
latency,tmux,idle,0,True,0.08,0.07,echo_ms,33,1.020891
latency,tmux,idle,0,True,0.08,0.07,echo_ms,34,1.060227
latency,tmux,idle,0,True,0.08,0.07,echo_ms,35,1.076811
latency,tmux,idle,0,True,0.08,0.07,echo_ms,36,1.098028
latency,tmux,idle,0,True,0.08,0.07,echo_ms,37,0.985516
latency,tmux,idle,0,True,0.08,0.07,echo_ms,38,1.057077
latency,tmux,idle,0,True,0.08,0.07,echo_ms,39,1.041585
latency,tmux,idle,0,True,0.08,0.07,echo_ms,40,1.044676
latency,tmux,idle,0,True,0.08,0.07,echo_ms,41,1.061579
latency,tmux,idle,0,True,0.08,0.07,echo_ms,42,1.040625
latency,tmux,idle,0,True,0.08,0.07,echo_ms,43,1.045797
latency,tmux,idle,0,True,0.08,0.07,echo_ms,44,1.016973
latency,tmux,idle,0,True,0.08,0.07,echo_ms,45,1.07573
latency,tmux,idle,0,True,0.08,0.07,echo_ms,46,1.038569
latency,tmux,idle,0,True,0.08,0.07,echo_ms,47,1.058091
latency,tmux,idle,0,True,0.08,0.07,echo_ms,48,1.063881
latency,tmux,idle,0,True,0.08,0.07,echo_ms,49,1.025454
latency,tmux,idle,0,True,0.08,0.07,echo_ms,50,0.982746
latency,tmux,idle,0,True,0.08,0.07,echo_ms,51,1.067398
latency,tmux,idle,0,True,0.08,0.07,echo_ms,52,1.084691
latency,tmux,idle,0,True,0.08,0.07,echo_ms,53,0.986516
latency,tmux,idle,0,True,0.08,0.07,echo_ms,54,0.800073
latency,tmux,idle,0,True,0.08,0.07,echo_ms,55,1.057979
latency,tmux,idle,0,True,0.08,0.07,echo_ms,56,1.059594
latency,tmux,idle,0,True,0.08,0.07,echo_ms,57,1.08195
latency,tmux,idle,0,True,0.08,0.07,echo_ms,58,1.05704
latency,tmux,idle,0,True,0.08,0.07,echo_ms,59,0.978578
latency,tmux,idle,0,True,0.08,0.07,echo_ms,60,1.003664
latency,tmux,idle,0,True,0.08,0.07,echo_ms,61,0.97138
latency,tmux,idle,0,True,0.08,0.07,echo_ms,62,0.993256
latency,tmux,idle,0,True,0.08,0.07,echo_ms,63,0.982881
latency,tmux,idle,0,True,0.08,0.07,echo_ms,64,0.940677
latency,tmux,idle,0,True,0.08,0.07,echo_ms,65,1.049627
latency,tmux,idle,0,True,0.08,0.07,echo_ms,66,1.007158
latency,tmux,idle,0,True,0.08,0.07,echo_ms,67,0.949523
latency,tmux,idle,0,True,0.08,0.07,echo_ms,68,0.964744
latency,tmux,idle,0,True,0.08,0.07,echo_ms,69,1.038182
latency,tmux,idle,0,True,0.08,0.07,echo_ms,70,1.101041
latency,tmux,idle,0,True,0.08,0.07,echo_ms,71,1.061081
latency,tmux,idle,0,True,0.08,0.07,echo_ms,72,0.586465
latency,tmux,idle,0,True,0.08,0.07,echo_ms,73,1.055908
latency,tmux,idle,0,True,0.08,0.07,echo_ms,74,1.112296
latency,tmux,idle,0,True,0.08,0.07,echo_ms,75,0.974069
latency,tmux,idle,0,True,0.08,0.07,echo_ms,76,0.835198
latency,tmux,idle,0,True,0.08,0.07,echo_ms,77,0.740946
latency,tmux,idle,0,True,0.08,0.07,echo_ms,78,1.075072
latency,tmux,idle,0,True,0.08,0.07,echo_ms,79,0.628228
latency,tmux,idle,0,True,0.08,0.07,echo_ms,80,0.609812
latency,tmux,idle,0,True,0.08,0.07,echo_ms,81,0.819317
latency,tmux,idle,0,True,0.08,0.07,echo_ms,82,1.074816
latency,tmux,idle,0,True,0.08,0.07,echo_ms,83,1.056213
latency,tmux,idle,0,True,0.08,0.07,echo_ms,84,1.049279
latency,tmux,idle,0,True,0.08,0.07,echo_ms,85,1.090805
latency,tmux,idle,0,True,0.08,0.07,echo_ms,86,1.060593
latency,tmux,idle,0,True,0.08,0.07,echo_ms,87,1.023105
latency,tmux,idle,0,True,0.08,0.07,echo_ms,88,1.049659
latency,tmux,idle,0,True,0.08,0.07,echo_ms,89,1.041275
latency,tmux,idle,0,True,0.08,0.07,echo_ms,90,1.040298
latency,tmux,idle,0,True,0.08,0.07,echo_ms,91,1.102124
latency,tmux,idle,0,True,0.08,0.07,echo_ms,92,0.998533
latency,tmux,idle,0,True,0.08,0.07,echo_ms,93,1.024927
latency,tmux,idle,0,True,0.08,0.07,echo_ms,94,1.032
latency,tmux,idle,0,True,0.08,0.07,echo_ms,95,1.060819
latency,tmux,idle,0,True,0.08,0.07,echo_ms,96,1.05389
latency,tmux,idle,0,True,0.08,0.07,echo_ms,97,1.039903
latency,tmux,idle,0,True,0.08,0.07,echo_ms,98,1.04748
latency,tmux,idle,0,True,0.08,0.07,echo_ms,99,1.05906
latency,tmux,idle,0,True,0.08,0.07,timeouts,,0
latency,herdr,idle,0,True,0.07,0.06,echo_ms,0,2.261984
latency,herdr,idle,0,True,0.07,0.06,echo_ms,1,2.141457
latency,herdr,idle,0,True,0.07,0.06,echo_ms,2,2.304691
latency,herdr,idle,0,True,0.07,0.06,echo_ms,3,2.237481
latency,herdr,idle,0,True,0.07,0.06,echo_ms,4,2.353929
latency,herdr,idle,0,True,0.07,0.06,echo_ms,5,2.328422
latency,herdr,idle,0,True,0.07,0.06,echo_ms,6,2.310295
latency,herdr,idle,0,True,0.07,0.06,echo_ms,7,2.320236
latency,herdr,idle,0,True,0.07,0.06,echo_ms,8,2.28171
latency,herdr,idle,0,True,0.07,0.06,echo_ms,9,2.197145
latency,herdr,idle,0,True,0.07,0.06,echo_ms,10,2.327827
latency,herdr,idle,0,True,0.07,0.06,echo_ms,11,2.223926
latency,herdr,idle,0,True,0.07,0.06,echo_ms,12,2.149323
latency,herdr,idle,0,True,0.07,0.06,echo_ms,13,2.20874
latency,herdr,idle,0,True,0.07,0.06,echo_ms,14,2.32937
latency,herdr,idle,0,True,0.07,0.06,echo_ms,15,2.347101
latency,herdr,idle,0,True,0.07,0.06,echo_ms,16,2.239689
latency,herdr,idle,0,True,0.07,0.06,echo_ms,17,2.321412
latency,herdr,idle,0,True,0.07,0.06,echo_ms,18,2.205878
latency,herdr,idle,0,True,0.07,0.06,echo_ms,19,2.180166
latency,herdr,idle,0,True,0.07,0.06,echo_ms,20,2.385509
latency,herdr,idle,0,True,0.07,0.06,echo_ms,21,2.011775
latency,herdr,idle,0,True,0.07,0.06,echo_ms,22,2.225365
latency,herdr,idle,0,True,0.07,0.06,echo_ms,23,2.048308
latency,herdr,idle,0,True,0.07,0.06,echo_ms,24,2.19801
latency,herdr,idle,0,True,0.07,0.06,echo_ms,25,2.125283
latency,herdr,idle,0,True,0.07,0.06,echo_ms,26,2.180304
latency,herdr,idle,0,True,0.07,0.06,echo_ms,27,2.226797
latency,herdr,idle,0,True,0.07,0.06,echo_ms,28,2.169141
latency,herdr,idle,0,True,0.07,0.06,echo_ms,29,2.077825
latency,herdr,idle,0,True,0.07,0.06,echo_ms,30,2.201312
latency,herdr,idle,0,True,0.07,0.06,echo_ms,31,2.167292
latency,herdr,idle,0,True,0.07,0.06,echo_ms,32,2.218167
latency,herdr,idle,0,True,0.07,0.06,echo_ms,33,2.043916
latency,herdr,idle,0,True,0.07,0.06,echo_ms,34,2.142942
latency,herdr,idle,0,True,0.07,0.06,echo_ms,35,2.153448
latency,herdr,idle,0,True,0.07,0.06,echo_ms,36,1.58933
latency,herdr,idle,0,True,0.07,0.06,echo_ms,37,2.203109
latency,herdr,idle,0,True,0.07,0.06,echo_ms,38,2.278743
latency,herdr,idle,0,True,0.07,0.06,echo_ms,39,2.235491
latency,herdr,idle,0,True,0.07,0.06,echo_ms,40,2.204
latency,herdr,idle,0,True,0.07,0.06,echo_ms,41,2.077913
latency,herdr,idle,0,True,0.07,0.06,echo_ms,42,2.217591
latency,herdr,idle,0,True,0.07,0.06,echo_ms,43,2.251609
latency,herdr,idle,0,True,0.07,0.06,echo_ms,44,2.19285
latency,herdr,idle,0,True,0.07,0.06,echo_ms,45,2.273847
latency,herdr,idle,0,True,0.07,0.06,echo_ms,46,2.27118
latency,herdr,idle,0,True,0.07,0.06,echo_ms,47,2.297319
latency,herdr,idle,0,True,0.07,0.06,echo_ms,48,2.209345
latency,herdr,idle,0,True,0.07,0.06,echo_ms,49,2.096616
latency,herdr,idle,0,True,0.07,0.06,echo_ms,50,1.874769
latency,herdr,idle,0,True,0.07,0.06,echo_ms,51,2.114618
latency,herdr,idle,0,True,0.07,0.06,echo_ms,52,2.108013
latency,herdr,idle,0,True,0.07,0.06,echo_ms,53,2.190945
latency,herdr,idle,0,True,0.07,0.06,echo_ms,54,2.175215
latency,herdr,idle,0,True,0.07,0.06,echo_ms,55,1.985485
latency,herdr,idle,0,True,0.07,0.06,echo_ms,56,2.205966
latency,herdr,idle,0,True,0.07,0.06,echo_ms,57,2.159818
latency,herdr,idle,0,True,0.07,0.06,echo_ms,58,2.110294
latency,herdr,idle,0,True,0.07,0.06,echo_ms,59,2.085353
latency,herdr,idle,0,True,0.07,0.06,echo_ms,60,2.182087
latency,herdr,idle,0,True,0.07,0.06,echo_ms,61,1.514145
latency,herdr,idle,0,True,0.07,0.06,echo_ms,62,2.059396
latency,herdr,idle,0,True,0.07,0.06,echo_ms,63,2.159297
latency,herdr,idle,0,True,0.07,0.06,echo_ms,64,2.247582
latency,herdr,idle,0,True,0.07,0.06,echo_ms,65,2.168744
latency,herdr,idle,0,True,0.07,0.06,echo_ms,66,2.101574
latency,herdr,idle,0,True,0.07,0.06,echo_ms,67,1.952034
latency,herdr,idle,0,True,0.07,0.06,echo_ms,68,2.065734
latency,herdr,idle,0,True,0.07,0.06,echo_ms,69,2.278544
latency,herdr,idle,0,True,0.07,0.06,echo_ms,70,2.334674
latency,herdr,idle,0,True,0.07,0.06,echo_ms,71,2.104299
latency,herdr,idle,0,True,0.07,0.06,echo_ms,72,2.013955
latency,herdr,idle,0,True,0.07,0.06,echo_ms,73,2.085432
latency,herdr,idle,0,True,0.07,0.06,echo_ms,74,1.892193
latency,herdr,idle,0,True,0.07,0.06,echo_ms,75,2.17927
latency,herdr,idle,0,True,0.07,0.06,echo_ms,76,2.085118
latency,herdr,idle,0,True,0.07,0.06,echo_ms,77,2.144896
latency,herdr,idle,0,True,0.07,0.06,echo_ms,78,2.056229
latency,herdr,idle,0,True,0.07,0.06,echo_ms,79,2.083088
latency,herdr,idle,0,True,0.07,0.06,echo_ms,80,2.199702
latency,herdr,idle,0,True,0.07,0.06,echo_ms,81,2.10098
latency,herdr,idle,0,True,0.07,0.06,echo_ms,82,2.208115
latency,herdr,idle,0,True,0.07,0.06,echo_ms,83,2.111664
latency,herdr,idle,0,True,0.07,0.06,echo_ms,84,2.13749
latency,herdr,idle,0,True,0.07,0.06,echo_ms,85,2.286542
latency,herdr,idle,0,True,0.07,0.06,echo_ms,86,1.631552
latency,herdr,idle,0,True,0.07,0.06,echo_ms,87,2.160645
latency,herdr,idle,0,True,0.07,0.06,echo_ms,88,2.183067
latency,herdr,idle,0,True,0.07,0.06,echo_ms,89,1.689985
latency,herdr,idle,0,True,0.07,0.06,echo_ms,90,1.43419
latency,herdr,idle,0,True,0.07,0.06,echo_ms,91,2.134208
latency,herdr,idle,0,True,0.07,0.06,echo_ms,92,1.569307
latency,herdr,idle,0,True,0.07,0.06,echo_ms,93,2.237922
latency,herdr,idle,0,True,0.07,0.06,echo_ms,94,2.3163
latency,herdr,idle,0,True,0.07,0.06,echo_ms,95,2.296546
latency,herdr,idle,0,True,0.07,0.06,echo_ms,96,2.326105
latency,herdr,idle,0,True,0.07,0.06,echo_ms,97,1.906671
latency,herdr,idle,0,True,0.07,0.06,echo_ms,98,2.23684
latency,herdr,idle,0,True,0.07,0.06,echo_ms,99,2.353392
latency,herdr,idle,0,True,0.07,0.06,timeouts,,0
latency,thurbox,idle,0,True,0.06,0.05,echo_ms,0,3.200711
latency,thurbox,idle,0,True,0.06,0.05,echo_ms,1,3.427235
latency,thurbox,idle,0,True,0.06,0.05,echo_ms,2,3.028122
latency,thurbox,idle,0,True,0.06,0.05,echo_ms,3,4.789121
latency,thurbox,idle,0,True,0.06,0.05,echo_ms,4,3.497683
latency,thurbox,idle,0,True,0.06,0.05,echo_ms,5,4.167642
latency,thurbox,idle,0,True,0.06,0.05,echo_ms,6,4.672556
latency,thurbox,idle,0,True,0.06,0.05,echo_ms,7,3.522295
latency,thurbox,idle,0,True,0.06,0.05,echo_ms,8,3.198826
latency,thurbox,idle,0,True,0.06,0.05,echo_ms,9,4.726194
latency,thurbox,idle,0,True,0.06,0.05,echo_ms,10,3.534502
latency,thurbox,idle,0,True,0.06,0.05,echo_ms,11,4.722036
latency,thurbox,idle,0,True,0.06,0.05,echo_ms,12,3.481933
latency,thurbox,idle,0,True,0.06,0.05,echo_ms,13,4.762444
latency,thurbox,idle,0,True,0.06,0.05,echo_ms,14,3.465426
latency,thurbox,idle,0,True,0.06,0.05,echo_ms,15,4.806384
latency,thurbox,idle,0,True,0.06,0.05,echo_ms,16,4.280274
latency,thurbox,idle,0,True,0.06,0.05,echo_ms,17,5.148467
latency,thurbox,idle,0,True,0.06,0.05,echo_ms,18,4.756822
latency,thurbox,idle,0,True,0.06,0.05,echo_ms,19,4.765699
latency,thurbox,idle,0,True,0.06,0.05,echo_ms,20,4.858979
latency,thurbox,idle,0,True,0.06,0.05,echo_ms,21,4.256145
latency,thurbox,idle,0,True,0.06,0.05,echo_ms,22,4.757264
latency,thurbox,idle,0,True,0.06,0.05,echo_ms,23,3.520486
latency,thurbox,idle,0,True,0.06,0.05,echo_ms,24,3.384954
latency,thurbox,idle,0,True,0.06,0.05,echo_ms,25,2.336404
latency,thurbox,idle,0,True,0.06,0.05,echo_ms,26,4.772628
latency,thurbox,idle,0,True,0.06,0.05,echo_ms,27,3.324433
latency,thurbox,idle,0,True,0.06,0.05,echo_ms,28,4.81984
latency,thurbox,idle,0,True,0.06,0.05,echo_ms,29,4.072122
latency,thurbox,idle,0,True,0.06,0.05,echo_ms,30,4.643253
latency,thurbox,idle,0,True,0.06,0.05,echo_ms,31,3.456019
latency,thurbox,idle,0,True,0.06,0.05,echo_ms,32,4.768492
latency,thurbox,idle,0,True,0.06,0.05,echo_ms,33,3.181709
latency,thurbox,idle,0,True,0.06,0.05,echo_ms,34,4.74614
latency,thurbox,idle,0,True,0.06,0.05,echo_ms,35,3.654133
latency,thurbox,idle,0,True,0.06,0.05,echo_ms,36,3.28645
latency,thurbox,idle,0,True,0.06,0.05,echo_ms,37,5.152226
latency,thurbox,idle,0,True,0.06,0.05,echo_ms,38,4.787434
latency,thurbox,idle,0,True,0.06,0.05,echo_ms,39,4.779936
latency,thurbox,idle,0,True,0.06,0.05,echo_ms,40,3.445946
latency,thurbox,idle,0,True,0.06,0.05,echo_ms,41,3.197768
latency,thurbox,idle,0,True,0.06,0.05,echo_ms,42,3.521748
latency,thurbox,idle,0,True,0.06,0.05,echo_ms,43,4.756432
latency,thurbox,idle,0,True,0.06,0.05,echo_ms,44,4.761543
latency,thurbox,idle,0,True,0.06,0.05,echo_ms,45,3.587502
latency,thurbox,idle,0,True,0.06,0.05,echo_ms,46,4.276856
latency,thurbox,idle,0,True,0.06,0.05,echo_ms,47,5.114836
latency,thurbox,idle,0,True,0.06,0.05,echo_ms,48,4.766028
latency,thurbox,idle,0,True,0.06,0.05,echo_ms,49,4.758075
latency,thurbox,idle,0,True,0.06,0.05,echo_ms,50,3.335435
latency,thurbox,idle,0,True,0.06,0.05,echo_ms,51,4.171018
latency,thurbox,idle,0,True,0.06,0.05,echo_ms,52,3.468887
latency,thurbox,idle,0,True,0.06,0.05,echo_ms,53,9.246555
latency,thurbox,idle,0,True,0.06,0.05,echo_ms,54,4.486779
latency,thurbox,idle,0,True,0.06,0.05,echo_ms,55,3.078556
latency,thurbox,idle,0,True,0.06,0.05,echo_ms,56,1.499402
latency,thurbox,idle,0,True,0.06,0.05,echo_ms,57,4.022421
latency,thurbox,idle,0,True,0.06,0.05,echo_ms,58,4.721347
latency,thurbox,idle,0,True,0.06,0.05,echo_ms,59,3.210811
latency,thurbox,idle,0,True,0.06,0.05,echo_ms,60,4.750581
latency,thurbox,idle,0,True,0.06,0.05,echo_ms,61,3.566925
latency,thurbox,idle,0,True,0.06,0.05,echo_ms,62,4.227174
latency,thurbox,idle,0,True,0.06,0.05,echo_ms,63,4.724853
latency,thurbox,idle,0,True,0.06,0.05,echo_ms,64,4.574595
latency,thurbox,idle,0,True,0.06,0.05,echo_ms,65,3.103198
latency,thurbox,idle,0,True,0.06,0.05,echo_ms,66,4.707078
latency,thurbox,idle,0,True,0.06,0.05,echo_ms,67,3.374299
latency,thurbox,idle,0,True,0.06,0.05,echo_ms,68,3.556532
latency,thurbox,idle,0,True,0.06,0.05,echo_ms,69,4.719422
latency,thurbox,idle,0,True,0.06,0.05,echo_ms,70,4.705511
latency,thurbox,idle,0,True,0.06,0.05,echo_ms,71,5.602118
latency,thurbox,idle,0,True,0.06,0.05,echo_ms,72,4.784719
latency,thurbox,idle,0,True,0.06,0.05,echo_ms,73,4.708226
latency,thurbox,idle,0,True,0.06,0.05,echo_ms,74,4.65589
latency,thurbox,idle,0,True,0.06,0.05,echo_ms,75,3.462716
latency,thurbox,idle,0,True,0.06,0.05,echo_ms,76,3.601294
latency,thurbox,idle,0,True,0.06,0.05,echo_ms,77,3.385009
latency,thurbox,idle,0,True,0.06,0.05,echo_ms,78,3.497087
latency,thurbox,idle,0,True,0.06,0.05,echo_ms,79,4.726585
latency,thurbox,idle,0,True,0.06,0.05,echo_ms,80,4.152684
latency,thurbox,idle,0,True,0.06,0.05,echo_ms,81,4.762741
latency,thurbox,idle,0,True,0.06,0.05,echo_ms,82,4.151883
latency,thurbox,idle,0,True,0.06,0.05,echo_ms,83,4.751086
latency,thurbox,idle,0,True,0.06,0.05,echo_ms,84,3.519185
latency,thurbox,idle,0,True,0.06,0.05,echo_ms,85,4.679846
latency,thurbox,idle,0,True,0.06,0.05,echo_ms,86,1.976002
latency,thurbox,idle,0,True,0.06,0.05,echo_ms,87,5.068827
latency,thurbox,idle,0,True,0.06,0.05,echo_ms,88,4.205039
latency,thurbox,idle,0,True,0.06,0.05,echo_ms,89,4.753452
latency,thurbox,idle,0,True,0.06,0.05,echo_ms,90,5.677537
latency,thurbox,idle,0,True,0.06,0.05,echo_ms,91,4.192344
latency,thurbox,idle,0,True,0.06,0.05,echo_ms,92,3.405943
latency,thurbox,idle,0,True,0.06,0.05,echo_ms,93,4.168388
latency,thurbox,idle,0,True,0.06,0.05,echo_ms,94,1.545676
latency,thurbox,idle,0,True,0.06,0.05,echo_ms,95,2.660268
latency,thurbox,idle,0,True,0.06,0.05,echo_ms,96,4.769511
latency,thurbox,idle,0,True,0.06,0.05,echo_ms,97,4.643065
latency,thurbox,idle,0,True,0.06,0.05,echo_ms,98,3.253714
latency,thurbox,idle,0,True,0.06,0.05,echo_ms,99,4.756286
latency,thurbox,idle,0,True,0.06,0.05,timeouts,,0
latency,tmux,idle,1,False,0.05,0.04,echo_ms,0,0.94181
latency,tmux,idle,1,False,0.05,0.04,echo_ms,1,1.051749
latency,tmux,idle,1,False,0.05,0.04,echo_ms,2,0.968969
latency,tmux,idle,1,False,0.05,0.04,echo_ms,3,0.923245
latency,tmux,idle,1,False,0.05,0.04,echo_ms,4,1.093421
latency,tmux,idle,1,False,0.05,0.04,echo_ms,5,0.969219
latency,tmux,idle,1,False,0.05,0.04,echo_ms,6,1.052912
latency,tmux,idle,1,False,0.05,0.04,echo_ms,7,1.040511
latency,tmux,idle,1,False,0.05,0.04,echo_ms,8,0.968448
latency,tmux,idle,1,False,0.05,0.04,echo_ms,9,1.016796
latency,tmux,idle,1,False,0.05,0.04,echo_ms,10,1.067616
latency,tmux,idle,1,False,0.05,0.04,echo_ms,11,1.048666
latency,tmux,idle,1,False,0.05,0.04,echo_ms,12,1.007736
latency,tmux,idle,1,False,0.05,0.04,echo_ms,13,0.991368
latency,tmux,idle,1,False,0.05,0.04,echo_ms,14,1.029786
latency,tmux,idle,1,False,0.05,0.04,echo_ms,15,0.984972
latency,tmux,idle,1,False,0.05,0.04,echo_ms,16,0.992246
latency,tmux,idle,1,False,0.05,0.04,echo_ms,17,0.971697
latency,tmux,idle,1,False,0.05,0.04,echo_ms,18,1.023413
latency,tmux,idle,1,False,0.05,0.04,echo_ms,19,1.048754
latency,tmux,idle,1,False,0.05,0.04,echo_ms,20,0.924083
latency,tmux,idle,1,False,0.05,0.04,echo_ms,21,1.055244
latency,tmux,idle,1,False,0.05,0.04,echo_ms,22,1.091937
latency,tmux,idle,1,False,0.05,0.04,echo_ms,23,1.083358
latency,tmux,idle,1,False,0.05,0.04,echo_ms,24,1.031569
latency,tmux,idle,1,False,0.05,0.04,echo_ms,25,0.966209
latency,tmux,idle,1,False,0.05,0.04,echo_ms,26,1.054289
latency,tmux,idle,1,False,0.05,0.04,echo_ms,27,1.071926
latency,tmux,idle,1,False,0.05,0.04,echo_ms,28,1.011493
latency,tmux,idle,1,False,0.05,0.04,echo_ms,29,0.971582
latency,tmux,idle,1,False,0.05,0.04,echo_ms,30,1.102532
latency,tmux,idle,1,False,0.05,0.04,echo_ms,31,1.051327
latency,tmux,idle,1,False,0.05,0.04,echo_ms,32,1.062036
latency,tmux,idle,1,False,0.05,0.04,echo_ms,33,1.119687
latency,tmux,idle,1,False,0.05,0.04,echo_ms,34,1.050407
latency,tmux,idle,1,False,0.05,0.04,echo_ms,35,0.842893
latency,tmux,idle,1,False,0.05,0.04,echo_ms,36,1.07194
latency,tmux,idle,1,False,0.05,0.04,echo_ms,37,1.006009
latency,tmux,idle,1,False,0.05,0.04,echo_ms,38,0.998405
latency,tmux,idle,1,False,0.05,0.04,echo_ms,39,1.068577
latency,tmux,idle,1,False,0.05,0.04,echo_ms,40,0.972543
latency,tmux,idle,1,False,0.05,0.04,echo_ms,41,1.083914
latency,tmux,idle,1,False,0.05,0.04,echo_ms,42,1.09393
latency,tmux,idle,1,False,0.05,0.04,echo_ms,43,1.050355
latency,tmux,idle,1,False,0.05,0.04,echo_ms,44,1.110542
latency,tmux,idle,1,False,0.05,0.04,echo_ms,45,1.066103
latency,tmux,idle,1,False,0.05,0.04,echo_ms,46,1.048927
latency,tmux,idle,1,False,0.05,0.04,echo_ms,47,1.033725
latency,tmux,idle,1,False,0.05,0.04,echo_ms,48,1.034217
latency,tmux,idle,1,False,0.05,0.04,echo_ms,49,0.929186
latency,tmux,idle,1,False,0.05,0.04,echo_ms,50,1.038392
latency,tmux,idle,1,False,0.05,0.04,echo_ms,51,1.05644
latency,tmux,idle,1,False,0.05,0.04,echo_ms,52,1.058969
latency,tmux,idle,1,False,0.05,0.04,echo_ms,53,1.086682
latency,tmux,idle,1,False,0.05,0.04,echo_ms,54,0.966157
latency,tmux,idle,1,False,0.05,0.04,echo_ms,55,1.044472
latency,tmux,idle,1,False,0.05,0.04,echo_ms,56,0.987268
latency,tmux,idle,1,False,0.05,0.04,echo_ms,57,1.022165
latency,tmux,idle,1,False,0.05,0.04,echo_ms,58,1.022614
latency,tmux,idle,1,False,0.05,0.04,echo_ms,59,1.011578
latency,tmux,idle,1,False,0.05,0.04,echo_ms,60,1.064794
latency,tmux,idle,1,False,0.05,0.04,echo_ms,61,1.052776
latency,tmux,idle,1,False,0.05,0.04,echo_ms,62,1.095551
latency,tmux,idle,1,False,0.05,0.04,echo_ms,63,1.032378
latency,tmux,idle,1,False,0.05,0.04,echo_ms,64,1.036015
latency,tmux,idle,1,False,0.05,0.04,echo_ms,65,1.051748
latency,tmux,idle,1,False,0.05,0.04,echo_ms,66,1.049917
latency,tmux,idle,1,False,0.05,0.04,echo_ms,67,1.050749
latency,tmux,idle,1,False,0.05,0.04,echo_ms,68,1.036486
latency,tmux,idle,1,False,0.05,0.04,echo_ms,69,1.016986
latency,tmux,idle,1,False,0.05,0.04,echo_ms,70,0.985883
latency,tmux,idle,1,False,0.05,0.04,echo_ms,71,0.949857
latency,tmux,idle,1,False,0.05,0.04,echo_ms,72,1.009176
latency,tmux,idle,1,False,0.05,0.04,echo_ms,73,0.943847
latency,tmux,idle,1,False,0.05,0.04,echo_ms,74,1.042262
latency,tmux,idle,1,False,0.05,0.04,echo_ms,75,1.070807
latency,tmux,idle,1,False,0.05,0.04,echo_ms,76,1.058987
latency,tmux,idle,1,False,0.05,0.04,echo_ms,77,1.037511
latency,tmux,idle,1,False,0.05,0.04,echo_ms,78,1.029257
latency,tmux,idle,1,False,0.05,0.04,echo_ms,79,1.105496
latency,tmux,idle,1,False,0.05,0.04,echo_ms,80,1.067885
latency,tmux,idle,1,False,0.05,0.04,echo_ms,81,1.066326
latency,tmux,idle,1,False,0.05,0.04,echo_ms,82,1.064501
latency,tmux,idle,1,False,0.05,0.04,echo_ms,83,0.968126
latency,tmux,idle,1,False,0.05,0.04,echo_ms,84,1.034428
latency,tmux,idle,1,False,0.05,0.04,echo_ms,85,1.107864
latency,tmux,idle,1,False,0.05,0.04,echo_ms,86,1.089647
latency,tmux,idle,1,False,0.05,0.04,echo_ms,87,1.06129
latency,tmux,idle,1,False,0.05,0.04,echo_ms,88,1.055993
latency,tmux,idle,1,False,0.05,0.04,echo_ms,89,1.058397
latency,tmux,idle,1,False,0.05,0.04,echo_ms,90,1.05526
latency,tmux,idle,1,False,0.05,0.04,echo_ms,91,1.024868
latency,tmux,idle,1,False,0.05,0.04,echo_ms,92,1.029814
latency,tmux,idle,1,False,0.05,0.04,echo_ms,93,0.901922
latency,tmux,idle,1,False,0.05,0.04,echo_ms,94,1.046543
latency,tmux,idle,1,False,0.05,0.04,echo_ms,95,1.03813
latency,tmux,idle,1,False,0.05,0.04,echo_ms,96,1.04323
latency,tmux,idle,1,False,0.05,0.04,echo_ms,97,1.030583
latency,tmux,idle,1,False,0.05,0.04,echo_ms,98,1.05538
latency,tmux,idle,1,False,0.05,0.04,echo_ms,99,1.03358
latency,tmux,idle,1,False,0.05,0.04,timeouts,,0
latency,herdr,idle,1,False,0.04,0.03,echo_ms,0,2.285224
latency,herdr,idle,1,False,0.04,0.03,echo_ms,1,2.275526
latency,herdr,idle,1,False,0.04,0.03,echo_ms,2,2.244854
latency,herdr,idle,1,False,0.04,0.03,echo_ms,3,2.306239
latency,herdr,idle,1,False,0.04,0.03,echo_ms,4,2.232054
latency,herdr,idle,1,False,0.04,0.03,echo_ms,5,2.275506
latency,herdr,idle,1,False,0.04,0.03,echo_ms,6,2.231535
latency,herdr,idle,1,False,0.04,0.03,echo_ms,7,2.319087
latency,herdr,idle,1,False,0.04,0.03,echo_ms,8,2.089858
latency,herdr,idle,1,False,0.04,0.03,echo_ms,9,2.031376
latency,herdr,idle,1,False,0.04,0.03,echo_ms,10,2.121531
latency,herdr,idle,1,False,0.04,0.03,echo_ms,11,2.042024
latency,herdr,idle,1,False,0.04,0.03,echo_ms,12,2.178552
latency,herdr,idle,1,False,0.04,0.03,echo_ms,13,2.079779
latency,herdr,idle,1,False,0.04,0.03,echo_ms,14,1.994493
latency,herdr,idle,1,False,0.04,0.03,echo_ms,15,2.09983
latency,herdr,idle,1,False,0.04,0.03,echo_ms,16,2.184274
latency,herdr,idle,1,False,0.04,0.03,echo_ms,17,2.151084
latency,herdr,idle,1,False,0.04,0.03,echo_ms,18,2.109187
latency,herdr,idle,1,False,0.04,0.03,echo_ms,19,2.309068
latency,herdr,idle,1,False,0.04,0.03,echo_ms,20,2.408897
latency,herdr,idle,1,False,0.04,0.03,echo_ms,21,2.085187
latency,herdr,idle,1,False,0.04,0.03,echo_ms,22,1.633116
latency,herdr,idle,1,False,0.04,0.03,echo_ms,23,1.830889
latency,herdr,idle,1,False,0.04,0.03,echo_ms,24,2.310824
latency,herdr,idle,1,False,0.04,0.03,echo_ms,25,2.177442
latency,herdr,idle,1,False,0.04,0.03,echo_ms,26,2.155963
latency,herdr,idle,1,False,0.04,0.03,echo_ms,27,2.144778
latency,herdr,idle,1,False,0.04,0.03,echo_ms,28,1.987871
latency,herdr,idle,1,False,0.04,0.03,echo_ms,29,2.308125
latency,herdr,idle,1,False,0.04,0.03,echo_ms,30,2.138286
latency,herdr,idle,1,False,0.04,0.03,echo_ms,31,2.193482
latency,herdr,idle,1,False,0.04,0.03,echo_ms,32,2.345202
latency,herdr,idle,1,False,0.04,0.03,echo_ms,33,2.102118
latency,herdr,idle,1,False,0.04,0.03,echo_ms,34,2.30965
latency,herdr,idle,1,False,0.04,0.03,echo_ms,35,2.28276
latency,herdr,idle,1,False,0.04,0.03,echo_ms,36,2.199603
latency,herdr,idle,1,False,0.04,0.03,echo_ms,37,2.212815
latency,herdr,idle,1,False,0.04,0.03,echo_ms,38,2.154642
latency,herdr,idle,1,False,0.04,0.03,echo_ms,39,2.186485
latency,herdr,idle,1,False,0.04,0.03,echo_ms,40,2.144019
latency,herdr,idle,1,False,0.04,0.03,echo_ms,41,2.332903
latency,herdr,idle,1,False,0.04,0.03,echo_ms,42,2.280292
latency,herdr,idle,1,False,0.04,0.03,echo_ms,43,2.05556
latency,herdr,idle,1,False,0.04,0.03,echo_ms,44,2.107683
latency,herdr,idle,1,False,0.04,0.03,echo_ms,45,1.991236
latency,herdr,idle,1,False,0.04,0.03,echo_ms,46,2.107597
latency,herdr,idle,1,False,0.04,0.03,echo_ms,47,2.102962
latency,herdr,idle,1,False,0.04,0.03,echo_ms,48,2.304851
latency,herdr,idle,1,False,0.04,0.03,echo_ms,49,2.228614
latency,herdr,idle,1,False,0.04,0.03,echo_ms,50,2.369246
latency,herdr,idle,1,False,0.04,0.03,echo_ms,51,2.014022
latency,herdr,idle,1,False,0.04,0.03,echo_ms,52,2.171743
latency,herdr,idle,1,False,0.04,0.03,echo_ms,53,2.239415
latency,herdr,idle,1,False,0.04,0.03,echo_ms,54,2.24035
latency,herdr,idle,1,False,0.04,0.03,echo_ms,55,2.172863
latency,herdr,idle,1,False,0.04,0.03,echo_ms,56,2.294118
latency,herdr,idle,1,False,0.04,0.03,echo_ms,57,2.312571
latency,herdr,idle,1,False,0.04,0.03,echo_ms,58,1.998292
latency,herdr,idle,1,False,0.04,0.03,echo_ms,59,2.197044
latency,herdr,idle,1,False,0.04,0.03,echo_ms,60,2.225166
latency,herdr,idle,1,False,0.04,0.03,echo_ms,61,2.248406
latency,herdr,idle,1,False,0.04,0.03,echo_ms,62,2.167678
latency,herdr,idle,1,False,0.04,0.03,echo_ms,63,2.222677
latency,herdr,idle,1,False,0.04,0.03,echo_ms,64,2.076997
latency,herdr,idle,1,False,0.04,0.03,echo_ms,65,2.111685
latency,herdr,idle,1,False,0.04,0.03,echo_ms,66,2.13568
latency,herdr,idle,1,False,0.04,0.03,echo_ms,67,2.332557
latency,herdr,idle,1,False,0.04,0.03,echo_ms,68,2.209825
latency,herdr,idle,1,False,0.04,0.03,echo_ms,69,2.243697
latency,herdr,idle,1,False,0.04,0.03,echo_ms,70,2.321746
latency,herdr,idle,1,False,0.04,0.03,echo_ms,71,2.132022
latency,herdr,idle,1,False,0.04,0.03,echo_ms,72,2.256003
latency,herdr,idle,1,False,0.04,0.03,echo_ms,73,2.195735
latency,herdr,idle,1,False,0.04,0.03,echo_ms,74,2.148576
latency,herdr,idle,1,False,0.04,0.03,echo_ms,75,2.085821
latency,herdr,idle,1,False,0.04,0.03,echo_ms,76,2.003323
latency,herdr,idle,1,False,0.04,0.03,echo_ms,77,2.139134
latency,herdr,idle,1,False,0.04,0.03,echo_ms,78,2.196271
latency,herdr,idle,1,False,0.04,0.03,echo_ms,79,2.32333
latency,herdr,idle,1,False,0.04,0.03,echo_ms,80,2.233962
latency,herdr,idle,1,False,0.04,0.03,echo_ms,81,2.253719
latency,herdr,idle,1,False,0.04,0.03,echo_ms,82,2.212114
latency,herdr,idle,1,False,0.04,0.03,echo_ms,83,1.24686
latency,herdr,idle,1,False,0.04,0.03,echo_ms,84,2.294522
latency,herdr,idle,1,False,0.04,0.03,echo_ms,85,2.171794
latency,herdr,idle,1,False,0.04,0.03,echo_ms,86,2.166036
latency,herdr,idle,1,False,0.04,0.03,echo_ms,87,2.286763
latency,herdr,idle,1,False,0.04,0.03,echo_ms,88,2.321022
latency,herdr,idle,1,False,0.04,0.03,echo_ms,89,2.192859
latency,herdr,idle,1,False,0.04,0.03,echo_ms,90,2.189748
latency,herdr,idle,1,False,0.04,0.03,echo_ms,91,2.335709
latency,herdr,idle,1,False,0.04,0.03,echo_ms,92,2.26887
latency,herdr,idle,1,False,0.04,0.03,echo_ms,93,2.227002
latency,herdr,idle,1,False,0.04,0.03,echo_ms,94,2.281015
latency,herdr,idle,1,False,0.04,0.03,echo_ms,95,2.366539
latency,herdr,idle,1,False,0.04,0.03,echo_ms,96,2.171206
latency,herdr,idle,1,False,0.04,0.03,echo_ms,97,2.240474
latency,herdr,idle,1,False,0.04,0.03,echo_ms,98,2.199743
latency,herdr,idle,1,False,0.04,0.03,echo_ms,99,2.265955
latency,herdr,idle,1,False,0.04,0.03,timeouts,,0
latency,thurbox,idle,1,False,0.03,0.03,echo_ms,0,5.108028
latency,thurbox,idle,1,False,0.03,0.03,echo_ms,1,4.758022
latency,thurbox,idle,1,False,0.03,0.03,echo_ms,2,4.784895
latency,thurbox,idle,1,False,0.03,0.03,echo_ms,3,4.230899
latency,thurbox,idle,1,False,0.03,0.03,echo_ms,4,3.38402
latency,thurbox,idle,1,False,0.03,0.03,echo_ms,5,3.50544
latency,thurbox,idle,1,False,0.03,0.03,echo_ms,6,3.511775
latency,thurbox,idle,1,False,0.03,0.03,echo_ms,7,3.507662
latency,thurbox,idle,1,False,0.03,0.03,echo_ms,8,4.108183
latency,thurbox,idle,1,False,0.03,0.03,echo_ms,9,3.938853
latency,thurbox,idle,1,False,0.03,0.03,echo_ms,10,4.784207
latency,thurbox,idle,1,False,0.03,0.03,echo_ms,11,4.220178
latency,thurbox,idle,1,False,0.03,0.03,echo_ms,12,3.172648
latency,thurbox,idle,1,False,0.03,0.03,echo_ms,13,3.329951
latency,thurbox,idle,1,False,0.03,0.03,echo_ms,14,3.19725
latency,thurbox,idle,1,False,0.03,0.03,echo_ms,15,3.411463
latency,thurbox,idle,1,False,0.03,0.03,echo_ms,16,3.433439
latency,thurbox,idle,1,False,0.03,0.03,echo_ms,17,4.184851
latency,thurbox,idle,1,False,0.03,0.03,echo_ms,18,3.14968
latency,thurbox,idle,1,False,0.03,0.03,echo_ms,19,3.498436
latency,thurbox,idle,1,False,0.03,0.03,echo_ms,20,4.810736
latency,thurbox,idle,1,False,0.03,0.03,echo_ms,21,4.780745
latency,thurbox,idle,1,False,0.03,0.03,echo_ms,22,3.479592
latency,thurbox,idle,1,False,0.03,0.03,echo_ms,23,3.531643
latency,thurbox,idle,1,False,0.03,0.03,echo_ms,24,3.80159
latency,thurbox,idle,1,False,0.03,0.03,echo_ms,25,2.587533
latency,thurbox,idle,1,False,0.03,0.03,echo_ms,26,5.097324
latency,thurbox,idle,1,False,0.03,0.03,echo_ms,27,3.311929
latency,thurbox,idle,1,False,0.03,0.03,echo_ms,28,3.578238
latency,thurbox,idle,1,False,0.03,0.03,echo_ms,29,3.522567
latency,thurbox,idle,1,False,0.03,0.03,echo_ms,30,3.221263
latency,thurbox,idle,1,False,0.03,0.03,echo_ms,31,4.254415
latency,thurbox,idle,1,False,0.03,0.03,echo_ms,32,4.780299
latency,thurbox,idle,1,False,0.03,0.03,echo_ms,33,4.79566
latency,thurbox,idle,1,False,0.03,0.03,echo_ms,34,5.776573
latency,thurbox,idle,1,False,0.03,0.03,echo_ms,35,4.766426
latency,thurbox,idle,1,False,0.03,0.03,echo_ms,36,3.478733
latency,thurbox,idle,1,False,0.03,0.03,echo_ms,37,4.110048
latency,thurbox,idle,1,False,0.03,0.03,echo_ms,38,4.796624
latency,thurbox,idle,1,False,0.03,0.03,echo_ms,39,4.326515
latency,thurbox,idle,1,False,0.03,0.03,echo_ms,40,4.761237
latency,thurbox,idle,1,False,0.03,0.03,echo_ms,41,3.387425
latency,thurbox,idle,1,False,0.03,0.03,echo_ms,42,3.47001
latency,thurbox,idle,1,False,0.03,0.03,echo_ms,43,4.826017
latency,thurbox,idle,1,False,0.03,0.03,echo_ms,44,3.455891
latency,thurbox,idle,1,False,0.03,0.03,echo_ms,45,3.418334
latency,thurbox,idle,1,False,0.03,0.03,echo_ms,46,5.041995
latency,thurbox,idle,1,False,0.03,0.03,echo_ms,47,4.405882
latency,thurbox,idle,1,False,0.03,0.03,echo_ms,48,3.556544
latency,thurbox,idle,1,False,0.03,0.03,echo_ms,49,4.917321
latency,thurbox,idle,1,False,0.03,0.03,echo_ms,50,4.75479
latency,thurbox,idle,1,False,0.03,0.03,echo_ms,51,10.062255
latency,thurbox,idle,1,False,0.03,0.03,echo_ms,52,3.418717
latency,thurbox,idle,1,False,0.03,0.03,echo_ms,53,4.731516
latency,thurbox,idle,1,False,0.03,0.03,echo_ms,54,5.014777
latency,thurbox,idle,1,False,0.03,0.03,echo_ms,55,4.683119
latency,thurbox,idle,1,False,0.03,0.03,echo_ms,56,3.473328
latency,thurbox,idle,1,False,0.03,0.03,echo_ms,57,3.547253
latency,thurbox,idle,1,False,0.03,0.03,echo_ms,58,4.692887
latency,thurbox,idle,1,False,0.03,0.03,echo_ms,59,5.124692
latency,thurbox,idle,1,False,0.03,0.03,echo_ms,60,3.522652
latency,thurbox,idle,1,False,0.03,0.03,echo_ms,61,4.724476
latency,thurbox,idle,1,False,0.03,0.03,echo_ms,62,3.501988
latency,thurbox,idle,1,False,0.03,0.03,echo_ms,63,3.430782
latency,thurbox,idle,1,False,0.03,0.03,echo_ms,64,2.093388
latency,thurbox,idle,1,False,0.03,0.03,echo_ms,65,4.164973
latency,thurbox,idle,1,False,0.03,0.03,echo_ms,66,5.111798
latency,thurbox,idle,1,False,0.03,0.03,echo_ms,67,3.560061
latency,thurbox,idle,1,False,0.03,0.03,echo_ms,68,6.258006
latency,thurbox,idle,1,False,0.03,0.03,echo_ms,69,4.635509
latency,thurbox,idle,1,False,0.03,0.03,echo_ms,70,3.15641
latency,thurbox,idle,1,False,0.03,0.03,echo_ms,71,4.154091
latency,thurbox,idle,1,False,0.03,0.03,echo_ms,72,3.431775
latency,thurbox,idle,1,False,0.03,0.03,echo_ms,73,4.485803
latency,thurbox,idle,1,False,0.03,0.03,echo_ms,74,3.471009
latency,thurbox,idle,1,False,0.03,0.03,echo_ms,75,4.062722
latency,thurbox,idle,1,False,0.03,0.03,echo_ms,76,4.138144
latency,thurbox,idle,1,False,0.03,0.03,echo_ms,77,3.174937
latency,thurbox,idle,1,False,0.03,0.03,echo_ms,78,4.119918
latency,thurbox,idle,1,False,0.03,0.03,echo_ms,79,4.74057
latency,thurbox,idle,1,False,0.03,0.03,echo_ms,80,3.513736
latency,thurbox,idle,1,False,0.03,0.03,echo_ms,81,3.104962
latency,thurbox,idle,1,False,0.03,0.03,echo_ms,82,3.393394
latency,thurbox,idle,1,False,0.03,0.03,echo_ms,83,4.942265
latency,thurbox,idle,1,False,0.03,0.03,echo_ms,84,4.731409
latency,thurbox,idle,1,False,0.03,0.03,echo_ms,85,1.664867
latency,thurbox,idle,1,False,0.03,0.03,echo_ms,86,3.527045
latency,thurbox,idle,1,False,0.03,0.03,echo_ms,87,4.133292
latency,thurbox,idle,1,False,0.03,0.03,echo_ms,88,4.715284
latency,thurbox,idle,1,False,0.03,0.03,echo_ms,89,4.275589
latency,thurbox,idle,1,False,0.03,0.03,echo_ms,90,3.548845
latency,thurbox,idle,1,False,0.03,0.03,echo_ms,91,4.745624
latency,thurbox,idle,1,False,0.03,0.03,echo_ms,92,4.180033
latency,thurbox,idle,1,False,0.03,0.03,echo_ms,93,4.7313
latency,thurbox,idle,1,False,0.03,0.03,echo_ms,94,3.14844
latency,thurbox,idle,1,False,0.03,0.03,echo_ms,95,6.08391
latency,thurbox,idle,1,False,0.03,0.03,echo_ms,96,4.760484
latency,thurbox,idle,1,False,0.03,0.03,echo_ms,97,3.54468
latency,thurbox,idle,1,False,0.03,0.03,echo_ms,98,4.130272
latency,thurbox,idle,1,False,0.03,0.03,echo_ms,99,3.575189
latency,thurbox,idle,1,False,0.03,0.03,timeouts,,0
latency,tmux,idle,2,False,0.03,0.02,echo_ms,0,0.995493
latency,tmux,idle,2,False,0.03,0.02,echo_ms,1,0.991228
latency,tmux,idle,2,False,0.03,0.02,echo_ms,2,1.00293
latency,tmux,idle,2,False,0.03,0.02,echo_ms,3,0.999713
latency,tmux,idle,2,False,0.03,0.02,echo_ms,4,0.958573
latency,tmux,idle,2,False,0.03,0.02,echo_ms,5,0.981102
latency,tmux,idle,2,False,0.03,0.02,echo_ms,6,0.925558
latency,tmux,idle,2,False,0.03,0.02,echo_ms,7,0.979555
latency,tmux,idle,2,False,0.03,0.02,echo_ms,8,0.978944
latency,tmux,idle,2,False,0.03,0.02,echo_ms,9,1.049813
latency,tmux,idle,2,False,0.03,0.02,echo_ms,10,1.0157
latency,tmux,idle,2,False,0.03,0.02,echo_ms,11,0.950926
latency,tmux,idle,2,False,0.03,0.02,echo_ms,12,1.03832
latency,tmux,idle,2,False,0.03,0.02,echo_ms,13,1.038113
latency,tmux,idle,2,False,0.03,0.02,echo_ms,14,1.067205
latency,tmux,idle,2,False,0.03,0.02,echo_ms,15,1.025102
latency,tmux,idle,2,False,0.03,0.02,echo_ms,16,0.414942
latency,tmux,idle,2,False,0.03,0.02,echo_ms,17,0.733302
latency,tmux,idle,2,False,0.03,0.02,echo_ms,18,1.054392
latency,tmux,idle,2,False,0.03,0.02,echo_ms,19,1.02467
latency,tmux,idle,2,False,0.03,0.02,echo_ms,20,1.0401
latency,tmux,idle,2,False,0.03,0.02,echo_ms,21,1.054513
latency,tmux,idle,2,False,0.03,0.02,echo_ms,22,1.056155
latency,tmux,idle,2,False,0.03,0.02,echo_ms,23,1.064363
latency,tmux,idle,2,False,0.03,0.02,echo_ms,24,0.972228
latency,tmux,idle,2,False,0.03,0.02,echo_ms,25,0.93968
latency,tmux,idle,2,False,0.03,0.02,echo_ms,26,0.974709
latency,tmux,idle,2,False,0.03,0.02,echo_ms,27,0.976962
latency,tmux,idle,2,False,0.03,0.02,echo_ms,28,1.012422
latency,tmux,idle,2,False,0.03,0.02,echo_ms,29,1.060399
latency,tmux,idle,2,False,0.03,0.02,echo_ms,30,0.993503
latency,tmux,idle,2,False,0.03,0.02,echo_ms,31,1.032242
latency,tmux,idle,2,False,0.03,0.02,echo_ms,32,1.00026
latency,tmux,idle,2,False,0.03,0.02,echo_ms,33,1.072625
latency,tmux,idle,2,False,0.03,0.02,echo_ms,34,1.063516
latency,tmux,idle,2,False,0.03,0.02,echo_ms,35,1.127382
latency,tmux,idle,2,False,0.03,0.02,echo_ms,36,1.036753
latency,tmux,idle,2,False,0.03,0.02,echo_ms,37,1.044144
latency,tmux,idle,2,False,0.03,0.02,echo_ms,38,1.105288
latency,tmux,idle,2,False,0.03,0.02,echo_ms,39,1.092562
latency,tmux,idle,2,False,0.03,0.02,echo_ms,40,1.071715
latency,tmux,idle,2,False,0.03,0.02,echo_ms,41,1.064608
latency,tmux,idle,2,False,0.03,0.02,echo_ms,42,1.030418
latency,tmux,idle,2,False,0.03,0.02,echo_ms,43,1.079399
latency,tmux,idle,2,False,0.03,0.02,echo_ms,44,1.070079
latency,tmux,idle,2,False,0.03,0.02,echo_ms,45,1.075643
latency,tmux,idle,2,False,0.03,0.02,echo_ms,46,1.108438
latency,tmux,idle,2,False,0.03,0.02,echo_ms,47,1.039568
latency,tmux,idle,2,False,0.03,0.02,echo_ms,48,1.104428
latency,tmux,idle,2,False,0.03,0.02,echo_ms,49,1.034157
latency,tmux,idle,2,False,0.03,0.02,echo_ms,50,1.082187
latency,tmux,idle,2,False,0.03,0.02,echo_ms,51,1.045274
latency,tmux,idle,2,False,0.03,0.02,echo_ms,52,0.984649
latency,tmux,idle,2,False,0.03,0.02,echo_ms,53,1.045152
latency,tmux,idle,2,False,0.03,0.02,echo_ms,54,1.040663
latency,tmux,idle,2,False,0.03,0.02,echo_ms,55,1.064712
latency,tmux,idle,2,False,0.03,0.02,echo_ms,56,1.034352
latency,tmux,idle,2,False,0.03,0.02,echo_ms,57,1.045796
latency,tmux,idle,2,False,0.03,0.02,echo_ms,58,1.039805
latency,tmux,idle,2,False,0.03,0.02,echo_ms,59,0.968134
latency,tmux,idle,2,False,0.03,0.02,echo_ms,60,1.055385
latency,tmux,idle,2,False,0.03,0.02,echo_ms,61,1.052476
latency,tmux,idle,2,False,0.03,0.02,echo_ms,62,1.069398
latency,tmux,idle,2,False,0.03,0.02,echo_ms,63,1.078525
latency,tmux,idle,2,False,0.03,0.02,echo_ms,64,1.066608
latency,tmux,idle,2,False,0.03,0.02,echo_ms,65,1.099577
latency,tmux,idle,2,False,0.03,0.02,echo_ms,66,1.080901
latency,tmux,idle,2,False,0.03,0.02,echo_ms,67,1.073319
latency,tmux,idle,2,False,0.03,0.02,echo_ms,68,0.889147
latency,tmux,idle,2,False,0.03,0.02,echo_ms,69,1.009825
latency,tmux,idle,2,False,0.03,0.02,echo_ms,70,0.999939
latency,tmux,idle,2,False,0.03,0.02,echo_ms,71,1.022317
latency,tmux,idle,2,False,0.03,0.02,echo_ms,72,1.069276
latency,tmux,idle,2,False,0.03,0.02,echo_ms,73,1.050641
latency,tmux,idle,2,False,0.03,0.02,echo_ms,74,1.037183
latency,tmux,idle,2,False,0.03,0.02,echo_ms,75,1.057015
latency,tmux,idle,2,False,0.03,0.02,echo_ms,76,1.025111
latency,tmux,idle,2,False,0.03,0.02,echo_ms,77,0.904627
latency,tmux,idle,2,False,0.03,0.02,echo_ms,78,1.034774
latency,tmux,idle,2,False,0.03,0.02,echo_ms,79,1.082704
latency,tmux,idle,2,False,0.03,0.02,echo_ms,80,1.063848
latency,tmux,idle,2,False,0.03,0.02,echo_ms,81,1.069828
latency,tmux,idle,2,False,0.03,0.02,echo_ms,82,1.031915
latency,tmux,idle,2,False,0.03,0.02,echo_ms,83,1.048263
latency,tmux,idle,2,False,0.03,0.02,echo_ms,84,1.054289
latency,tmux,idle,2,False,0.03,0.02,echo_ms,85,1.070811
latency,tmux,idle,2,False,0.03,0.02,echo_ms,86,1.03575
latency,tmux,idle,2,False,0.03,0.02,echo_ms,87,0.832616
latency,tmux,idle,2,False,0.03,0.02,echo_ms,88,1.037021
latency,tmux,idle,2,False,0.03,0.02,echo_ms,89,1.055987
latency,tmux,idle,2,False,0.03,0.02,echo_ms,90,1.050666
latency,tmux,idle,2,False,0.03,0.02,echo_ms,91,1.042834
latency,tmux,idle,2,False,0.03,0.02,echo_ms,92,1.048879
latency,tmux,idle,2,False,0.03,0.02,echo_ms,93,1.095447
latency,tmux,idle,2,False,0.03,0.02,echo_ms,94,1.074266
latency,tmux,idle,2,False,0.03,0.02,echo_ms,95,1.056941
latency,tmux,idle,2,False,0.03,0.02,echo_ms,96,1.046444
latency,tmux,idle,2,False,0.03,0.02,echo_ms,97,1.072193
latency,tmux,idle,2,False,0.03,0.02,echo_ms,98,1.035564
latency,tmux,idle,2,False,0.03,0.02,echo_ms,99,1.04673
latency,tmux,idle,2,False,0.03,0.02,timeouts,,0
latency,herdr,idle,2,False,0.02,0.02,echo_ms,0,2.328395
latency,herdr,idle,2,False,0.02,0.02,echo_ms,1,2.307398
latency,herdr,idle,2,False,0.02,0.02,echo_ms,2,2.310652
latency,herdr,idle,2,False,0.02,0.02,echo_ms,3,1.490382
latency,herdr,idle,2,False,0.02,0.02,echo_ms,4,2.165523
latency,herdr,idle,2,False,0.02,0.02,echo_ms,5,2.32114
latency,herdr,idle,2,False,0.02,0.02,echo_ms,6,1.377741
latency,herdr,idle,2,False,0.02,0.02,echo_ms,7,1.630754
latency,herdr,idle,2,False,0.02,0.02,echo_ms,8,2.195177
latency,herdr,idle,2,False,0.02,0.02,echo_ms,9,2.264202
latency,herdr,idle,2,False,0.02,0.02,echo_ms,10,2.388669
latency,herdr,idle,2,False,0.02,0.02,echo_ms,11,2.265212
latency,herdr,idle,2,False,0.02,0.02,echo_ms,12,2.291179
latency,herdr,idle,2,False,0.02,0.02,echo_ms,13,2.27627
latency,herdr,idle,2,False,0.02,0.02,echo_ms,14,2.197706
latency,herdr,idle,2,False,0.02,0.02,echo_ms,15,2.155104
latency,herdr,idle,2,False,0.02,0.02,echo_ms,16,2.143133
latency,herdr,idle,2,False,0.02,0.02,echo_ms,17,2.180283
latency,herdr,idle,2,False,0.02,0.02,echo_ms,18,2.249205
latency,herdr,idle,2,False,0.02,0.02,echo_ms,19,2.3212
latency,herdr,idle,2,False,0.02,0.02,echo_ms,20,2.232256
latency,herdr,idle,2,False,0.02,0.02,echo_ms,21,2.039154
latency,herdr,idle,2,False,0.02,0.02,echo_ms,22,2.266909
latency,herdr,idle,2,False,0.02,0.02,echo_ms,23,2.227449
latency,herdr,idle,2,False,0.02,0.02,echo_ms,24,2.153057
latency,herdr,idle,2,False,0.02,0.02,echo_ms,25,2.307768
latency,herdr,idle,2,False,0.02,0.02,echo_ms,26,2.110468
latency,herdr,idle,2,False,0.02,0.02,echo_ms,27,1.956746
latency,herdr,idle,2,False,0.02,0.02,echo_ms,28,2.260891
latency,herdr,idle,2,False,0.02,0.02,echo_ms,29,2.257323
latency,herdr,idle,2,False,0.02,0.02,echo_ms,30,2.204911
latency,herdr,idle,2,False,0.02,0.02,echo_ms,31,1.377579
latency,herdr,idle,2,False,0.02,0.02,echo_ms,32,1.648816
latency,herdr,idle,2,False,0.02,0.02,echo_ms,33,2.193969
latency,herdr,idle,2,False,0.02,0.02,echo_ms,34,2.344694
latency,herdr,idle,2,False,0.02,0.02,echo_ms,35,2.343995
latency,herdr,idle,2,False,0.02,0.02,echo_ms,36,2.216368
latency,herdr,idle,2,False,0.02,0.02,echo_ms,37,2.299937
latency,herdr,idle,2,False,0.02,0.02,echo_ms,38,2.32017
latency,herdr,idle,2,False,0.02,0.02,echo_ms,39,2.299675
latency,herdr,idle,2,False,0.02,0.02,echo_ms,40,2.19659
latency,herdr,idle,2,False,0.02,0.02,echo_ms,41,2.137658
latency,herdr,idle,2,False,0.02,0.02,echo_ms,42,2.236502
latency,herdr,idle,2,False,0.02,0.02,echo_ms,43,2.126481
latency,herdr,idle,2,False,0.02,0.02,echo_ms,44,2.230099
latency,herdr,idle,2,False,0.02,0.02,echo_ms,45,2.122697
latency,herdr,idle,2,False,0.02,0.02,echo_ms,46,2.182276
latency,herdr,idle,2,False,0.02,0.02,echo_ms,47,2.367413
latency,herdr,idle,2,False,0.02,0.02,echo_ms,48,1.201789
latency,herdr,idle,2,False,0.02,0.02,echo_ms,49,0.968039
latency,herdr,idle,2,False,0.02,0.02,echo_ms,50,2.208478
latency,herdr,idle,2,False,0.02,0.02,echo_ms,51,2.275245
latency,herdr,idle,2,False,0.02,0.02,echo_ms,52,2.280937
latency,herdr,idle,2,False,0.02,0.02,echo_ms,53,2.224578
latency,herdr,idle,2,False,0.02,0.02,echo_ms,54,2.020102
latency,herdr,idle,2,False,0.02,0.02,echo_ms,55,2.133023
latency,herdr,idle,2,False,0.02,0.02,echo_ms,56,2.370673
latency,herdr,idle,2,False,0.02,0.02,echo_ms,57,2.266094
latency,herdr,idle,2,False,0.02,0.02,echo_ms,58,2.163608
latency,herdr,idle,2,False,0.02,0.02,echo_ms,59,1.98215
latency,herdr,idle,2,False,0.02,0.02,echo_ms,60,2.093337
latency,herdr,idle,2,False,0.02,0.02,echo_ms,61,2.214968
latency,herdr,idle,2,False,0.02,0.02,echo_ms,62,2.097218
latency,herdr,idle,2,False,0.02,0.02,echo_ms,63,2.153863
latency,herdr,idle,2,False,0.02,0.02,echo_ms,64,2.052514
latency,herdr,idle,2,False,0.02,0.02,echo_ms,65,2.253981
latency,herdr,idle,2,False,0.02,0.02,echo_ms,66,2.11277
latency,herdr,idle,2,False,0.02,0.02,echo_ms,67,2.105881
latency,herdr,idle,2,False,0.02,0.02,echo_ms,68,2.035305
latency,herdr,idle,2,False,0.02,0.02,echo_ms,69,2.065908
latency,herdr,idle,2,False,0.02,0.02,echo_ms,70,2.017501
latency,herdr,idle,2,False,0.02,0.02,echo_ms,71,2.038475
latency,herdr,idle,2,False,0.02,0.02,echo_ms,72,2.215943
latency,herdr,idle,2,False,0.02,0.02,echo_ms,73,2.238688
latency,herdr,idle,2,False,0.02,0.02,echo_ms,74,2.22857
latency,herdr,idle,2,False,0.02,0.02,echo_ms,75,2.011646
latency,herdr,idle,2,False,0.02,0.02,echo_ms,76,2.275167
latency,herdr,idle,2,False,0.02,0.02,echo_ms,77,2.103217
latency,herdr,idle,2,False,0.02,0.02,echo_ms,78,1.975635
latency,herdr,idle,2,False,0.02,0.02,echo_ms,79,2.185578
latency,herdr,idle,2,False,0.02,0.02,echo_ms,80,2.154946
latency,herdr,idle,2,False,0.02,0.02,echo_ms,81,2.123084
latency,herdr,idle,2,False,0.02,0.02,echo_ms,82,2.352818
latency,herdr,idle,2,False,0.02,0.02,echo_ms,83,2.334687
latency,herdr,idle,2,False,0.02,0.02,echo_ms,84,2.297157
latency,herdr,idle,2,False,0.02,0.02,echo_ms,85,2.375959
latency,herdr,idle,2,False,0.02,0.02,echo_ms,86,2.240756
latency,herdr,idle,2,False,0.02,0.02,echo_ms,87,2.158656
latency,herdr,idle,2,False,0.02,0.02,echo_ms,88,2.167394
latency,herdr,idle,2,False,0.02,0.02,echo_ms,89,2.27179
latency,herdr,idle,2,False,0.02,0.02,echo_ms,90,1.949935
latency,herdr,idle,2,False,0.02,0.02,echo_ms,91,2.230935
latency,herdr,idle,2,False,0.02,0.02,echo_ms,92,2.039777
latency,herdr,idle,2,False,0.02,0.02,echo_ms,93,2.114374
latency,herdr,idle,2,False,0.02,0.02,echo_ms,94,2.301348
latency,herdr,idle,2,False,0.02,0.02,echo_ms,95,2.280193
latency,herdr,idle,2,False,0.02,0.02,echo_ms,96,2.157892
latency,herdr,idle,2,False,0.02,0.02,echo_ms,97,2.123352
latency,herdr,idle,2,False,0.02,0.02,echo_ms,98,2.24792
latency,herdr,idle,2,False,0.02,0.02,echo_ms,99,2.069268
latency,herdr,idle,2,False,0.02,0.02,timeouts,,0
latency,thurbox,idle,2,False,0.02,0.02,echo_ms,0,5.128173
latency,thurbox,idle,2,False,0.02,0.02,echo_ms,1,4.763486
latency,thurbox,idle,2,False,0.02,0.02,echo_ms,2,4.774782
latency,thurbox,idle,2,False,0.02,0.02,echo_ms,3,3.539064
latency,thurbox,idle,2,False,0.02,0.02,echo_ms,4,4.160624
latency,thurbox,idle,2,False,0.02,0.02,echo_ms,5,4.794504
latency,thurbox,idle,2,False,0.02,0.02,echo_ms,6,4.536264
latency,thurbox,idle,2,False,0.02,0.02,echo_ms,7,5.125676
latency,thurbox,idle,2,False,0.02,0.02,echo_ms,8,2.336258
latency,thurbox,idle,2,False,0.02,0.02,echo_ms,9,5.167967
latency,thurbox,idle,2,False,0.02,0.02,echo_ms,10,3.531643
latency,thurbox,idle,2,False,0.02,0.02,echo_ms,11,4.725961
latency,thurbox,idle,2,False,0.02,0.02,echo_ms,12,3.393635
latency,thurbox,idle,2,False,0.02,0.02,echo_ms,13,4.942791
latency,thurbox,idle,2,False,0.02,0.02,echo_ms,14,3.213056
latency,thurbox,idle,2,False,0.02,0.02,echo_ms,15,3.521611
latency,thurbox,idle,2,False,0.02,0.02,echo_ms,16,3.533101
latency,thurbox,idle,2,False,0.02,0.02,echo_ms,17,3.398076
latency,thurbox,idle,2,False,0.02,0.02,echo_ms,18,3.854825
latency,thurbox,idle,2,False,0.02,0.02,echo_ms,19,3.544588
latency,thurbox,idle,2,False,0.02,0.02,echo_ms,20,3.887268
latency,thurbox,idle,2,False,0.02,0.02,echo_ms,21,3.48918
latency,thurbox,idle,2,False,0.02,0.02,echo_ms,22,4.194547
latency,thurbox,idle,2,False,0.02,0.02,echo_ms,23,4.763545
latency,thurbox,idle,2,False,0.02,0.02,echo_ms,24,2.65452
latency,thurbox,idle,2,False,0.02,0.02,echo_ms,25,3.487428
latency,thurbox,idle,2,False,0.02,0.02,echo_ms,26,4.591811
latency,thurbox,idle,2,False,0.02,0.02,echo_ms,27,3.174351
latency,thurbox,idle,2,False,0.02,0.02,echo_ms,28,3.578691
latency,thurbox,idle,2,False,0.02,0.02,echo_ms,29,3.499554
latency,thurbox,idle,2,False,0.02,0.02,echo_ms,30,4.790123
latency,thurbox,idle,2,False,0.02,0.02,echo_ms,31,3.466733
latency,thurbox,idle,2,False,0.02,0.02,echo_ms,32,4.23987
latency,thurbox,idle,2,False,0.02,0.02,echo_ms,33,4.788586
latency,thurbox,idle,2,False,0.02,0.02,echo_ms,34,3.491614
latency,thurbox,idle,2,False,0.02,0.02,echo_ms,35,3.478116
latency,thurbox,idle,2,False,0.02,0.02,echo_ms,36,3.423397
latency,thurbox,idle,2,False,0.02,0.02,echo_ms,37,4.787296
latency,thurbox,idle,2,False,0.02,0.02,echo_ms,38,4.727502
latency,thurbox,idle,2,False,0.02,0.02,echo_ms,39,4.78703
latency,thurbox,idle,2,False,0.02,0.02,echo_ms,40,4.771655
latency,thurbox,idle,2,False,0.02,0.02,echo_ms,41,3.571681
latency,thurbox,idle,2,False,0.02,0.02,echo_ms,42,3.568482
latency,thurbox,idle,2,False,0.02,0.02,echo_ms,43,3.254548
latency,thurbox,idle,2,False,0.02,0.02,echo_ms,44,4.174601
latency,thurbox,idle,2,False,0.02,0.02,echo_ms,45,4.78227
latency,thurbox,idle,2,False,0.02,0.02,echo_ms,46,4.813908
latency,thurbox,idle,2,False,0.02,0.02,echo_ms,47,4.776067
latency,thurbox,idle,2,False,0.02,0.02,echo_ms,48,5.14603
latency,thurbox,idle,2,False,0.02,0.02,echo_ms,49,4.955677
latency,thurbox,idle,2,False,0.02,0.02,echo_ms,50,3.19757
latency,thurbox,idle,2,False,0.02,0.02,echo_ms,51,3.792079
latency,thurbox,idle,2,False,0.02,0.02,echo_ms,52,3.482881
latency,thurbox,idle,2,False,0.02,0.02,echo_ms,53,4.118531
latency,thurbox,idle,2,False,0.02,0.02,echo_ms,54,1.779147
latency,thurbox,idle,2,False,0.02,0.02,echo_ms,55,3.418879
latency,thurbox,idle,2,False,0.02,0.02,echo_ms,56,4.143795
latency,thurbox,idle,2,False,0.02,0.02,echo_ms,57,4.6254
latency,thurbox,idle,2,False,0.02,0.02,echo_ms,58,4.117058
latency,thurbox,idle,2,False,0.02,0.02,echo_ms,59,4.742095
latency,thurbox,idle,2,False,0.02,0.02,echo_ms,60,3.543247
latency,thurbox,idle,2,False,0.02,0.02,echo_ms,61,4.73721
latency,thurbox,idle,2,False,0.02,0.02,echo_ms,62,5.222485
latency,thurbox,idle,2,False,0.02,0.02,echo_ms,63,2.595014
latency,thurbox,idle,2,False,0.02,0.02,echo_ms,64,4.519072
latency,thurbox,idle,2,False,0.02,0.02,echo_ms,65,4.137815
latency,thurbox,idle,2,False,0.02,0.02,echo_ms,66,3.439834
latency,thurbox,idle,2,False,0.02,0.02,echo_ms,67,4.117036
latency,thurbox,idle,2,False,0.02,0.02,echo_ms,68,4.707796
latency,thurbox,idle,2,False,0.02,0.02,echo_ms,69,4.176162
latency,thurbox,idle,2,False,0.02,0.02,echo_ms,70,4.13796
latency,thurbox,idle,2,False,0.02,0.02,echo_ms,71,5.079018
latency,thurbox,idle,2,False,0.02,0.02,echo_ms,72,3.563331
latency,thurbox,idle,2,False,0.02,0.02,echo_ms,73,3.459933
latency,thurbox,idle,2,False,0.02,0.02,echo_ms,74,4.758028
latency,thurbox,idle,2,False,0.02,0.02,echo_ms,75,3.284068
latency,thurbox,idle,2,False,0.02,0.02,echo_ms,76,3.499919
latency,thurbox,idle,2,False,0.02,0.02,echo_ms,77,4.716635
latency,thurbox,idle,2,False,0.02,0.02,echo_ms,78,4.518596
latency,thurbox,idle,2,False,0.02,0.02,echo_ms,79,4.18635
latency,thurbox,idle,2,False,0.02,0.02,echo_ms,80,3.522704
latency,thurbox,idle,2,False,0.02,0.02,echo_ms,81,5.129822
latency,thurbox,idle,2,False,0.02,0.02,echo_ms,82,4.706843
latency,thurbox,idle,2,False,0.02,0.02,echo_ms,83,4.726157
latency,thurbox,idle,2,False,0.02,0.02,echo_ms,84,3.530566
latency,thurbox,idle,2,False,0.02,0.02,echo_ms,85,4.723987
latency,thurbox,idle,2,False,0.02,0.02,echo_ms,86,4.727384
latency,thurbox,idle,2,False,0.02,0.02,echo_ms,87,4.159629
latency,thurbox,idle,2,False,0.02,0.02,echo_ms,88,4.747293
latency,thurbox,idle,2,False,0.02,0.02,echo_ms,89,3.493048
latency,thurbox,idle,2,False,0.02,0.02,echo_ms,90,7.710025
latency,thurbox,idle,2,False,0.02,0.02,echo_ms,91,3.373142
latency,thurbox,idle,2,False,0.02,0.02,echo_ms,92,3.033503
latency,thurbox,idle,2,False,0.02,0.02,echo_ms,93,4.147599
latency,thurbox,idle,2,False,0.02,0.02,echo_ms,94,5.074875
latency,thurbox,idle,2,False,0.02,0.02,echo_ms,95,3.563621
latency,thurbox,idle,2,False,0.02,0.02,echo_ms,96,4.919618
latency,thurbox,idle,2,False,0.02,0.02,echo_ms,97,3.473349
latency,thurbox,idle,2,False,0.02,0.02,echo_ms,98,4.146563
latency,thurbox,idle,2,False,0.02,0.02,echo_ms,99,4.142881
latency,thurbox,idle,2,False,0.02,0.02,timeouts,,0
latency,tmux,idle,3,False,0.02,0.09,echo_ms,0,1.068434
latency,tmux,idle,3,False,0.02,0.09,echo_ms,1,1.088554
latency,tmux,idle,3,False,0.02,0.09,echo_ms,2,1.005415
latency,tmux,idle,3,False,0.02,0.09,echo_ms,3,1.016111
latency,tmux,idle,3,False,0.02,0.09,echo_ms,4,1.00808
latency,tmux,idle,3,False,0.02,0.09,echo_ms,5,1.033679
latency,tmux,idle,3,False,0.02,0.09,echo_ms,6,1.04227
latency,tmux,idle,3,False,0.02,0.09,echo_ms,7,1.023261
latency,tmux,idle,3,False,0.02,0.09,echo_ms,8,1.05078
latency,tmux,idle,3,False,0.02,0.09,echo_ms,9,1.065234
latency,tmux,idle,3,False,0.02,0.09,echo_ms,10,1.040115
latency,tmux,idle,3,False,0.02,0.09,echo_ms,11,0.960366
latency,tmux,idle,3,False,0.02,0.09,echo_ms,12,1.059162
latency,tmux,idle,3,False,0.02,0.09,echo_ms,13,1.034836
latency,tmux,idle,3,False,0.02,0.09,echo_ms,14,1.056589
latency,tmux,idle,3,False,0.02,0.09,echo_ms,15,0.729582
latency,tmux,idle,3,False,0.02,0.09,echo_ms,16,0.456167
latency,tmux,idle,3,False,0.02,0.09,echo_ms,17,0.767984
latency,tmux,idle,3,False,0.02,0.09,echo_ms,18,0.961145
latency,tmux,idle,3,False,0.02,0.09,echo_ms,19,1.038852
latency,tmux,idle,3,False,0.02,0.09,echo_ms,20,1.061567
latency,tmux,idle,3,False,0.02,0.09,echo_ms,21,1.047707
latency,tmux,idle,3,False,0.02,0.09,echo_ms,22,1.041736
latency,tmux,idle,3,False,0.02,0.09,echo_ms,23,1.03783
latency,tmux,idle,3,False,0.02,0.09,echo_ms,24,1.054608
latency,tmux,idle,3,False,0.02,0.09,echo_ms,25,1.039038
latency,tmux,idle,3,False,0.02,0.09,echo_ms,26,1.048396
latency,tmux,idle,3,False,0.02,0.09,echo_ms,27,0.947306
latency,tmux,idle,3,False,0.02,0.09,echo_ms,28,1.030491
latency,tmux,idle,3,False,0.02,0.09,echo_ms,29,1.057931
latency,tmux,idle,3,False,0.02,0.09,echo_ms,30,1.06375
latency,tmux,idle,3,False,0.02,0.09,echo_ms,31,1.049445
latency,tmux,idle,3,False,0.02,0.09,echo_ms,32,1.010648
latency,tmux,idle,3,False,0.02,0.09,echo_ms,33,1.084141
latency,tmux,idle,3,False,0.02,0.09,echo_ms,34,1.028382
latency,tmux,idle,3,False,0.02,0.09,echo_ms,35,1.08144
latency,tmux,idle,3,False,0.02,0.09,echo_ms,36,1.047987
latency,tmux,idle,3,False,0.02,0.09,echo_ms,37,1.050919
latency,tmux,idle,3,False,0.02,0.09,echo_ms,38,1.05463
latency,tmux,idle,3,False,0.02,0.09,echo_ms,39,1.076087
latency,tmux,idle,3,False,0.02,0.09,echo_ms,40,1.041871
latency,tmux,idle,3,False,0.02,0.09,echo_ms,41,1.009814
latency,tmux,idle,3,False,0.02,0.09,echo_ms,42,1.047643
latency,tmux,idle,3,False,0.02,0.09,echo_ms,43,1.030655
latency,tmux,idle,3,False,0.02,0.09,echo_ms,44,1.025063
latency,tmux,idle,3,False,0.02,0.09,echo_ms,45,1.068697
latency,tmux,idle,3,False,0.02,0.09,echo_ms,46,1.077797
latency,tmux,idle,3,False,0.02,0.09,echo_ms,47,1.013462
latency,tmux,idle,3,False,0.02,0.09,echo_ms,48,1.141895
latency,tmux,idle,3,False,0.02,0.09,echo_ms,49,1.064034
latency,tmux,idle,3,False,0.02,0.09,echo_ms,50,0.953993
latency,tmux,idle,3,False,0.02,0.09,echo_ms,51,0.977719
latency,tmux,idle,3,False,0.02,0.09,echo_ms,52,1.027474
latency,tmux,idle,3,False,0.02,0.09,echo_ms,53,0.898898
latency,tmux,idle,3,False,0.02,0.09,echo_ms,54,1.05192
latency,tmux,idle,3,False,0.02,0.09,echo_ms,55,1.063814
latency,tmux,idle,3,False,0.02,0.09,echo_ms,56,1.020102
latency,tmux,idle,3,False,0.02,0.09,echo_ms,57,1.064797
latency,tmux,idle,3,False,0.02,0.09,echo_ms,58,1.05576
latency,tmux,idle,3,False,0.02,0.09,echo_ms,59,1.053713
latency,tmux,idle,3,False,0.02,0.09,echo_ms,60,1.03936
latency,tmux,idle,3,False,0.02,0.09,echo_ms,61,0.967664
latency,tmux,idle,3,False,0.02,0.09,echo_ms,62,1.045305
latency,tmux,idle,3,False,0.02,0.09,echo_ms,63,1.064709
latency,tmux,idle,3,False,0.02,0.09,echo_ms,64,1.071899
latency,tmux,idle,3,False,0.02,0.09,echo_ms,65,1.037311
latency,tmux,idle,3,False,0.02,0.09,echo_ms,66,1.027143
latency,tmux,idle,3,False,0.02,0.09,echo_ms,67,1.058264
latency,tmux,idle,3,False,0.02,0.09,echo_ms,68,1.100441
latency,tmux,idle,3,False,0.02,0.09,echo_ms,69,1.047988
latency,tmux,idle,3,False,0.02,0.09,echo_ms,70,1.029381
latency,tmux,idle,3,False,0.02,0.09,echo_ms,71,1.004983
latency,tmux,idle,3,False,0.02,0.09,echo_ms,72,0.976374
latency,tmux,idle,3,False,0.02,0.09,echo_ms,73,0.969794
latency,tmux,idle,3,False,0.02,0.09,echo_ms,74,1.093482
latency,tmux,idle,3,False,0.02,0.09,echo_ms,75,0.961103
latency,tmux,idle,3,False,0.02,0.09,echo_ms,76,1.026147
latency,tmux,idle,3,False,0.02,0.09,echo_ms,77,1.038226
latency,tmux,idle,3,False,0.02,0.09,echo_ms,78,0.969377
latency,tmux,idle,3,False,0.02,0.09,echo_ms,79,1.039207
latency,tmux,idle,3,False,0.02,0.09,echo_ms,80,1.041052
latency,tmux,idle,3,False,0.02,0.09,echo_ms,81,1.06715
latency,tmux,idle,3,False,0.02,0.09,echo_ms,82,1.05887
latency,tmux,idle,3,False,0.02,0.09,echo_ms,83,1.07076
latency,tmux,idle,3,False,0.02,0.09,echo_ms,84,1.050429
latency,tmux,idle,3,False,0.02,0.09,echo_ms,85,1.047192
latency,tmux,idle,3,False,0.02,0.09,echo_ms,86,1.024795
latency,tmux,idle,3,False,0.02,0.09,echo_ms,87,1.065388
latency,tmux,idle,3,False,0.02,0.09,echo_ms,88,1.065757
latency,tmux,idle,3,False,0.02,0.09,echo_ms,89,1.088058
latency,tmux,idle,3,False,0.02,0.09,echo_ms,90,1.017672
latency,tmux,idle,3,False,0.02,0.09,echo_ms,91,1.127373
latency,tmux,idle,3,False,0.02,0.09,echo_ms,92,1.06717
latency,tmux,idle,3,False,0.02,0.09,echo_ms,93,1.055255
latency,tmux,idle,3,False,0.02,0.09,echo_ms,94,1.040973
latency,tmux,idle,3,False,0.02,0.09,echo_ms,95,1.066614
latency,tmux,idle,3,False,0.02,0.09,echo_ms,96,1.006523
latency,tmux,idle,3,False,0.02,0.09,echo_ms,97,1.01138
latency,tmux,idle,3,False,0.02,0.09,echo_ms,98,1.0192
latency,tmux,idle,3,False,0.02,0.09,echo_ms,99,0.947196
latency,tmux,idle,3,False,0.02,0.09,timeouts,,0
latency,herdr,idle,3,False,0.09,0.08,echo_ms,0,2.306938
latency,herdr,idle,3,False,0.09,0.08,echo_ms,1,2.35533
latency,herdr,idle,3,False,0.09,0.08,echo_ms,2,2.226086
latency,herdr,idle,3,False,0.09,0.08,echo_ms,3,2.011144
latency,herdr,idle,3,False,0.09,0.08,echo_ms,4,2.063648
latency,herdr,idle,3,False,0.09,0.08,echo_ms,5,2.262275
latency,herdr,idle,3,False,0.09,0.08,echo_ms,6,1.896799
latency,herdr,idle,3,False,0.09,0.08,echo_ms,7,2.10199
latency,herdr,idle,3,False,0.09,0.08,echo_ms,8,2.40767
latency,herdr,idle,3,False,0.09,0.08,echo_ms,9,2.227184
latency,herdr,idle,3,False,0.09,0.08,echo_ms,10,2.122415
latency,herdr,idle,3,False,0.09,0.08,echo_ms,11,2.19735
latency,herdr,idle,3,False,0.09,0.08,echo_ms,12,2.285985
latency,herdr,idle,3,False,0.09,0.08,echo_ms,13,2.326377
latency,herdr,idle,3,False,0.09,0.08,echo_ms,14,2.225036
latency,herdr,idle,3,False,0.09,0.08,echo_ms,15,2.334399
latency,herdr,idle,3,False,0.09,0.08,echo_ms,16,2.293749
latency,herdr,idle,3,False,0.09,0.08,echo_ms,17,2.278661
latency,herdr,idle,3,False,0.09,0.08,echo_ms,18,2.139103
latency,herdr,idle,3,False,0.09,0.08,echo_ms,19,2.336896
latency,herdr,idle,3,False,0.09,0.08,echo_ms,20,2.238081
latency,herdr,idle,3,False,0.09,0.08,echo_ms,21,2.210648
latency,herdr,idle,3,False,0.09,0.08,echo_ms,22,2.18875
latency,herdr,idle,3,False,0.09,0.08,echo_ms,23,2.180679
latency,herdr,idle,3,False,0.09,0.08,echo_ms,24,2.10933
latency,herdr,idle,3,False,0.09,0.08,echo_ms,25,1.435259
latency,herdr,idle,3,False,0.09,0.08,echo_ms,26,2.36242
latency,herdr,idle,3,False,0.09,0.08,echo_ms,27,2.32022
latency,herdr,idle,3,False,0.09,0.08,echo_ms,28,2.221185
latency,herdr,idle,3,False,0.09,0.08,echo_ms,29,2.320829
latency,herdr,idle,3,False,0.09,0.08,echo_ms,30,2.383064
latency,herdr,idle,3,False,0.09,0.08,echo_ms,31,2.258576
latency,herdr,idle,3,False,0.09,0.08,echo_ms,32,1.828877
latency,herdr,idle,3,False,0.09,0.08,echo_ms,33,1.467841
latency,herdr,idle,3,False,0.09,0.08,echo_ms,34,2.191564
latency,herdr,idle,3,False,0.09,0.08,echo_ms,35,2.160711
latency,herdr,idle,3,False,0.09,0.08,echo_ms,36,2.369052
latency,herdr,idle,3,False,0.09,0.08,echo_ms,37,1.634204
latency,herdr,idle,3,False,0.09,0.08,echo_ms,38,2.297621
latency,herdr,idle,3,False,0.09,0.08,echo_ms,39,2.065951
latency,herdr,idle,3,False,0.09,0.08,echo_ms,40,2.323823
latency,herdr,idle,3,False,0.09,0.08,echo_ms,41,2.210922
latency,herdr,idle,3,False,0.09,0.08,echo_ms,42,2.263475
latency,herdr,idle,3,False,0.09,0.08,echo_ms,43,2.354814
latency,herdr,idle,3,False,0.09,0.08,echo_ms,44,2.099564
latency,herdr,idle,3,False,0.09,0.08,echo_ms,45,2.279758
latency,herdr,idle,3,False,0.09,0.08,echo_ms,46,2.228521
latency,herdr,idle,3,False,0.09,0.08,echo_ms,47,2.297527
latency,herdr,idle,3,False,0.09,0.08,echo_ms,48,2.369426
latency,herdr,idle,3,False,0.09,0.08,echo_ms,49,2.331962
latency,herdr,idle,3,False,0.09,0.08,echo_ms,50,2.220301
latency,herdr,idle,3,False,0.09,0.08,echo_ms,51,2.329738
latency,herdr,idle,3,False,0.09,0.08,echo_ms,52,2.145681
latency,herdr,idle,3,False,0.09,0.08,echo_ms,53,2.32434
latency,herdr,idle,3,False,0.09,0.08,echo_ms,54,2.329179
latency,herdr,idle,3,False,0.09,0.08,echo_ms,55,2.202984
latency,herdr,idle,3,False,0.09,0.08,echo_ms,56,2.306581
latency,herdr,idle,3,False,0.09,0.08,echo_ms,57,1.341295
latency,herdr,idle,3,False,0.09,0.08,echo_ms,58,2.080236
latency,herdr,idle,3,False,0.09,0.08,echo_ms,59,2.200373
latency,herdr,idle,3,False,0.09,0.08,echo_ms,60,2.287517
latency,herdr,idle,3,False,0.09,0.08,echo_ms,61,2.365238
latency,herdr,idle,3,False,0.09,0.08,echo_ms,62,2.256162
latency,herdr,idle,3,False,0.09,0.08,echo_ms,63,2.249765
latency,herdr,idle,3,False,0.09,0.08,echo_ms,64,2.02844
latency,herdr,idle,3,False,0.09,0.08,echo_ms,65,2.193377
latency,herdr,idle,3,False,0.09,0.08,echo_ms,66,2.278604
latency,herdr,idle,3,False,0.09,0.08,echo_ms,67,2.167815
latency,herdr,idle,3,False,0.09,0.08,echo_ms,68,2.021289
latency,herdr,idle,3,False,0.09,0.08,echo_ms,69,2.153455
latency,herdr,idle,3,False,0.09,0.08,echo_ms,70,2.21476
latency,herdr,idle,3,False,0.09,0.08,echo_ms,71,2.291794
latency,herdr,idle,3,False,0.09,0.08,echo_ms,72,2.252279
latency,herdr,idle,3,False,0.09,0.08,echo_ms,73,2.054528
latency,herdr,idle,3,False,0.09,0.08,echo_ms,74,2.080904
latency,herdr,idle,3,False,0.09,0.08,echo_ms,75,2.26409
latency,herdr,idle,3,False,0.09,0.08,echo_ms,76,2.198707
latency,herdr,idle,3,False,0.09,0.08,echo_ms,77,2.239302
latency,herdr,idle,3,False,0.09,0.08,echo_ms,78,2.268181
latency,herdr,idle,3,False,0.09,0.08,echo_ms,79,2.244597
latency,herdr,idle,3,False,0.09,0.08,echo_ms,80,2.337048
latency,herdr,idle,3,False,0.09,0.08,echo_ms,81,2.303739
latency,herdr,idle,3,False,0.09,0.08,echo_ms,82,2.291884
latency,herdr,idle,3,False,0.09,0.08,echo_ms,83,2.09284
latency,herdr,idle,3,False,0.09,0.08,echo_ms,84,2.287494
latency,herdr,idle,3,False,0.09,0.08,echo_ms,85,2.143409
latency,herdr,idle,3,False,0.09,0.08,echo_ms,86,2.191248
latency,herdr,idle,3,False,0.09,0.08,echo_ms,87,2.256898
latency,herdr,idle,3,False,0.09,0.08,echo_ms,88,2.316086
latency,herdr,idle,3,False,0.09,0.08,echo_ms,89,3.851677
latency,herdr,idle,3,False,0.09,0.08,echo_ms,90,2.215915
latency,herdr,idle,3,False,0.09,0.08,echo_ms,91,2.263684
latency,herdr,idle,3,False,0.09,0.08,echo_ms,92,2.302438
latency,herdr,idle,3,False,0.09,0.08,echo_ms,93,2.266129
latency,herdr,idle,3,False,0.09,0.08,echo_ms,94,2.2532
latency,herdr,idle,3,False,0.09,0.08,echo_ms,95,2.373534
latency,herdr,idle,3,False,0.09,0.08,echo_ms,96,2.314932
latency,herdr,idle,3,False,0.09,0.08,echo_ms,97,2.31748
latency,herdr,idle,3,False,0.09,0.08,echo_ms,98,2.245285
latency,herdr,idle,3,False,0.09,0.08,echo_ms,99,2.154663
latency,herdr,idle,3,False,0.09,0.08,timeouts,,0
latency,thurbox,idle,3,False,0.08,0.14,echo_ms,0,3.453815
latency,thurbox,idle,3,False,0.08,0.14,echo_ms,1,4.770932
latency,thurbox,idle,3,False,0.08,0.14,echo_ms,2,3.521396
latency,thurbox,idle,3,False,0.08,0.14,echo_ms,3,3.522481
latency,thurbox,idle,3,False,0.08,0.14,echo_ms,4,4.784888
latency,thurbox,idle,3,False,0.08,0.14,echo_ms,5,4.811047
latency,thurbox,idle,3,False,0.08,0.14,echo_ms,6,3.471449
latency,thurbox,idle,3,False,0.08,0.14,echo_ms,7,4.176636
latency,thurbox,idle,3,False,0.08,0.14,echo_ms,8,4.743871
latency,thurbox,idle,3,False,0.08,0.14,echo_ms,9,3.52469
latency,thurbox,idle,3,False,0.08,0.14,echo_ms,10,7.130833
latency,thurbox,idle,3,False,0.08,0.14,echo_ms,11,4.774066
latency,thurbox,idle,3,False,0.08,0.14,echo_ms,12,3.516986
latency,thurbox,idle,3,False,0.08,0.14,echo_ms,13,4.609349
latency,thurbox,idle,3,False,0.08,0.14,echo_ms,14,3.159197
latency,thurbox,idle,3,False,0.08,0.14,echo_ms,15,3.217456
latency,thurbox,idle,3,False,0.08,0.14,echo_ms,16,4.232632
latency,thurbox,idle,3,False,0.08,0.14,echo_ms,17,4.783079
latency,thurbox,idle,3,False,0.08,0.14,echo_ms,18,3.569538
latency,thurbox,idle,3,False,0.08,0.14,echo_ms,19,4.780196
latency,thurbox,idle,3,False,0.08,0.14,echo_ms,20,4.763798
latency,thurbox,idle,3,False,0.08,0.14,echo_ms,21,4.769967
latency,thurbox,idle,3,False,0.08,0.14,echo_ms,22,4.753049
latency,thurbox,idle,3,False,0.08,0.14,echo_ms,23,3.484934
latency,thurbox,idle,3,False,0.08,0.14,echo_ms,24,4.74955
latency,thurbox,idle,3,False,0.08,0.14,echo_ms,25,2.596911
latency,thurbox,idle,3,False,0.08,0.14,echo_ms,26,3.583763
latency,thurbox,idle,3,False,0.08,0.14,echo_ms,27,2.161407
latency,thurbox,idle,3,False,0.08,0.14,echo_ms,28,4.398677
latency,thurbox,idle,3,False,0.08,0.14,echo_ms,29,5.107725
latency,thurbox,idle,3,False,0.08,0.14,echo_ms,30,3.38916
latency,thurbox,idle,3,False,0.08,0.14,echo_ms,31,4.776847
latency,thurbox,idle,3,False,0.08,0.14,echo_ms,32,5.142031
latency,thurbox,idle,3,False,0.08,0.14,echo_ms,33,5.793213
latency,thurbox,idle,3,False,0.08,0.14,echo_ms,34,3.483123
latency,thurbox,idle,3,False,0.08,0.14,echo_ms,35,3.357641
latency,thurbox,idle,3,False,0.08,0.14,echo_ms,36,4.761496
latency,thurbox,idle,3,False,0.08,0.14,echo_ms,37,3.469134
latency,thurbox,idle,3,False,0.08,0.14,echo_ms,38,3.764288
latency,thurbox,idle,3,False,0.08,0.14,echo_ms,39,3.54988
latency,thurbox,idle,3,False,0.08,0.14,echo_ms,40,3.506942
latency,thurbox,idle,3,False,0.08,0.14,echo_ms,41,3.885883
latency,thurbox,idle,3,False,0.08,0.14,echo_ms,42,3.570524
latency,thurbox,idle,3,False,0.08,0.14,echo_ms,43,4.764533
latency,thurbox,idle,3,False,0.08,0.14,echo_ms,44,3.481599
latency,thurbox,idle,3,False,0.08,0.14,echo_ms,45,4.768141
latency,thurbox,idle,3,False,0.08,0.14,echo_ms,46,3.416317
latency,thurbox,idle,3,False,0.08,0.14,echo_ms,47,3.322158
latency,thurbox,idle,3,False,0.08,0.14,echo_ms,48,3.3954
latency,thurbox,idle,3,False,0.08,0.14,echo_ms,49,3.475045
latency,thurbox,idle,3,False,0.08,0.14,echo_ms,50,3.460696
latency,thurbox,idle,3,False,0.08,0.14,echo_ms,51,5.15475
latency,thurbox,idle,3,False,0.08,0.14,echo_ms,52,4.711511
latency,thurbox,idle,3,False,0.08,0.14,echo_ms,53,4.68479
latency,thurbox,idle,3,False,0.08,0.14,echo_ms,54,2.352146
latency,thurbox,idle,3,False,0.08,0.14,echo_ms,55,5.93487
latency,thurbox,idle,3,False,0.08,0.14,echo_ms,56,4.722341
latency,thurbox,idle,3,False,0.08,0.14,echo_ms,57,3.103317
latency,thurbox,idle,3,False,0.08,0.14,echo_ms,58,6.810232
latency,thurbox,idle,3,False,0.08,0.14,echo_ms,59,4.715165
latency,thurbox,idle,3,False,0.08,0.14,echo_ms,60,3.537258
latency,thurbox,idle,3,False,0.08,0.14,echo_ms,61,5.955465
latency,thurbox,idle,3,False,0.08,0.14,echo_ms,62,3.510732
latency,thurbox,idle,3,False,0.08,0.14,echo_ms,63,3.325248
latency,thurbox,idle,3,False,0.08,0.14,echo_ms,64,3.555865
latency,thurbox,idle,3,False,0.08,0.14,echo_ms,65,3.443803
latency,thurbox,idle,3,False,0.08,0.14,echo_ms,66,4.142497
latency,thurbox,idle,3,False,0.08,0.14,echo_ms,67,4.711087
latency,thurbox,idle,3,False,0.08,0.14,echo_ms,68,5.111161
latency,thurbox,idle,3,False,0.08,0.14,echo_ms,69,4.731977
latency,thurbox,idle,3,False,0.08,0.14,echo_ms,70,3.421994
latency,thurbox,idle,3,False,0.08,0.14,echo_ms,71,3.82599
latency,thurbox,idle,3,False,0.08,0.14,echo_ms,72,4.709021
latency,thurbox,idle,3,False,0.08,0.14,echo_ms,73,4.72505
latency,thurbox,idle,3,False,0.08,0.14,echo_ms,74,3.536963
latency,thurbox,idle,3,False,0.08,0.14,echo_ms,75,4.1706
latency,thurbox,idle,3,False,0.08,0.14,echo_ms,76,3.548914
latency,thurbox,idle,3,False,0.08,0.14,echo_ms,77,3.496949
latency,thurbox,idle,3,False,0.08,0.14,echo_ms,78,4.307276
latency,thurbox,idle,3,False,0.08,0.14,echo_ms,79,4.779291
latency,thurbox,idle,3,False,0.08,0.14,echo_ms,80,4.141195
latency,thurbox,idle,3,False,0.08,0.14,echo_ms,81,4.736531
latency,thurbox,idle,3,False,0.08,0.14,echo_ms,82,4.134788
latency,thurbox,idle,3,False,0.08,0.14,echo_ms,83,4.712258
latency,thurbox,idle,3,False,0.08,0.14,echo_ms,84,4.746794
latency,thurbox,idle,3,False,0.08,0.14,echo_ms,85,3.139249
latency,thurbox,idle,3,False,0.08,0.14,echo_ms,86,4.718703
latency,thurbox,idle,3,False,0.08,0.14,echo_ms,87,4.138743
latency,thurbox,idle,3,False,0.08,0.14,echo_ms,88,4.715745
latency,thurbox,idle,3,False,0.08,0.14,echo_ms,89,3.624254
latency,thurbox,idle,3,False,0.08,0.14,echo_ms,90,4.940971
latency,thurbox,idle,3,False,0.08,0.14,echo_ms,91,3.164792
latency,thurbox,idle,3,False,0.08,0.14,echo_ms,92,3.535068
latency,thurbox,idle,3,False,0.08,0.14,echo_ms,93,3.530543
latency,thurbox,idle,3,False,0.08,0.14,echo_ms,94,3.515796
latency,thurbox,idle,3,False,0.08,0.14,echo_ms,95,3.440902
latency,thurbox,idle,3,False,0.08,0.14,echo_ms,96,5.11182
latency,thurbox,idle,3,False,0.08,0.14,echo_ms,97,4.17078
latency,thurbox,idle,3,False,0.08,0.14,echo_ms,98,4.1315
latency,thurbox,idle,3,False,0.08,0.14,echo_ms,99,4.753213
latency,thurbox,idle,3,False,0.08,0.14,timeouts,,0
latency,tmux,idle,4,False,0.14,0.12,echo_ms,0,1.111108
latency,tmux,idle,4,False,0.14,0.12,echo_ms,1,1.026435
latency,tmux,idle,4,False,0.14,0.12,echo_ms,2,1.045484
latency,tmux,idle,4,False,0.14,0.12,echo_ms,3,1.064996
latency,tmux,idle,4,False,0.14,0.12,echo_ms,4,1.066361
latency,tmux,idle,4,False,0.14,0.12,echo_ms,5,1.021133
latency,tmux,idle,4,False,0.14,0.12,echo_ms,6,1.048074
latency,tmux,idle,4,False,0.14,0.12,echo_ms,7,1.040217
latency,tmux,idle,4,False,0.14,0.12,echo_ms,8,1.072244
latency,tmux,idle,4,False,0.14,0.12,echo_ms,9,1.11113
latency,tmux,idle,4,False,0.14,0.12,echo_ms,10,1.015942
latency,tmux,idle,4,False,0.14,0.12,echo_ms,11,0.977155
latency,tmux,idle,4,False,0.14,0.12,echo_ms,12,0.978985
latency,tmux,idle,4,False,0.14,0.12,echo_ms,13,1.087715
latency,tmux,idle,4,False,0.14,0.12,echo_ms,14,1.038541
latency,tmux,idle,4,False,0.14,0.12,echo_ms,15,1.059064
latency,tmux,idle,4,False,0.14,0.12,echo_ms,16,1.055998
latency,tmux,idle,4,False,0.14,0.12,echo_ms,17,1.100688
latency,tmux,idle,4,False,0.14,0.12,echo_ms,18,1.0599
latency,tmux,idle,4,False,0.14,0.12,echo_ms,19,1.012077
latency,tmux,idle,4,False,0.14,0.12,echo_ms,20,1.022344
latency,tmux,idle,4,False,0.14,0.12,echo_ms,21,0.989507
latency,tmux,idle,4,False,0.14,0.12,echo_ms,22,1.002634
latency,tmux,idle,4,False,0.14,0.12,echo_ms,23,0.972847
latency,tmux,idle,4,False,0.14,0.12,echo_ms,24,0.979542
latency,tmux,idle,4,False,0.14,0.12,echo_ms,25,1.038852
latency,tmux,idle,4,False,0.14,0.12,echo_ms,26,1.0597
latency,tmux,idle,4,False,0.14,0.12,echo_ms,27,1.041532
latency,tmux,idle,4,False,0.14,0.12,echo_ms,28,1.029366
latency,tmux,idle,4,False,0.14,0.12,echo_ms,29,1.034222
latency,tmux,idle,4,False,0.14,0.12,echo_ms,30,1.050008
latency,tmux,idle,4,False,0.14,0.12,echo_ms,31,0.971741
latency,tmux,idle,4,False,0.14,0.12,echo_ms,32,1.056775
latency,tmux,idle,4,False,0.14,0.12,echo_ms,33,1.013204
latency,tmux,idle,4,False,0.14,0.12,echo_ms,34,1.069077
latency,tmux,idle,4,False,0.14,0.12,echo_ms,35,0.531487
latency,tmux,idle,4,False,0.14,0.12,echo_ms,36,1.108964
latency,tmux,idle,4,False,0.14,0.12,echo_ms,37,1.061084
latency,tmux,idle,4,False,0.14,0.12,echo_ms,38,0.645095
latency,tmux,idle,4,False,0.14,0.12,echo_ms,39,1.014578
latency,tmux,idle,4,False,0.14,0.12,echo_ms,40,1.038015
latency,tmux,idle,4,False,0.14,0.12,echo_ms,41,0.976171
latency,tmux,idle,4,False,0.14,0.12,echo_ms,42,0.991435
latency,tmux,idle,4,False,0.14,0.12,echo_ms,43,1.018356
latency,tmux,idle,4,False,0.14,0.12,echo_ms,44,0.956645
latency,tmux,idle,4,False,0.14,0.12,echo_ms,45,1.029868
latency,tmux,idle,4,False,0.14,0.12,echo_ms,46,0.979425
latency,tmux,idle,4,False,0.14,0.12,echo_ms,47,0.950592
latency,tmux,idle,4,False,0.14,0.12,echo_ms,48,0.581922
latency,tmux,idle,4,False,0.14,0.12,echo_ms,49,0.861486
latency,tmux,idle,4,False,0.14,0.12,echo_ms,50,1.10709
latency,tmux,idle,4,False,0.14,0.12,echo_ms,51,1.046184
latency,tmux,idle,4,False,0.14,0.12,echo_ms,52,1.068884
latency,tmux,idle,4,False,0.14,0.12,echo_ms,53,1.114727
latency,tmux,idle,4,False,0.14,0.12,echo_ms,54,1.066003
latency,tmux,idle,4,False,0.14,0.12,echo_ms,55,1.067634
latency,tmux,idle,4,False,0.14,0.12,echo_ms,56,1.037717
latency,tmux,idle,4,False,0.14,0.12,echo_ms,57,1.073531
latency,tmux,idle,4,False,0.14,0.12,echo_ms,58,0.997216
latency,tmux,idle,4,False,0.14,0.12,echo_ms,59,1.086912
latency,tmux,idle,4,False,0.14,0.12,echo_ms,60,1.000371
latency,tmux,idle,4,False,0.14,0.12,echo_ms,61,0.864775
latency,tmux,idle,4,False,0.14,0.12,echo_ms,62,1.095222
latency,tmux,idle,4,False,0.14,0.12,echo_ms,63,1.062218
latency,tmux,idle,4,False,0.14,0.12,echo_ms,64,1.046423
latency,tmux,idle,4,False,0.14,0.12,echo_ms,65,0.957082
latency,tmux,idle,4,False,0.14,0.12,echo_ms,66,1.050945
latency,tmux,idle,4,False,0.14,0.12,echo_ms,67,1.057883
latency,tmux,idle,4,False,0.14,0.12,echo_ms,68,1.060151
latency,tmux,idle,4,False,0.14,0.12,echo_ms,69,1.068675
latency,tmux,idle,4,False,0.14,0.12,echo_ms,70,1.010573
latency,tmux,idle,4,False,0.14,0.12,echo_ms,71,1.042588
latency,tmux,idle,4,False,0.14,0.12,echo_ms,72,1.069937
latency,tmux,idle,4,False,0.14,0.12,echo_ms,73,1.010195
latency,tmux,idle,4,False,0.14,0.12,echo_ms,74,1.073986
latency,tmux,idle,4,False,0.14,0.12,echo_ms,75,1.019702
latency,tmux,idle,4,False,0.14,0.12,echo_ms,76,1.021563
latency,tmux,idle,4,False,0.14,0.12,echo_ms,77,1.10294
latency,tmux,idle,4,False,0.14,0.12,echo_ms,78,1.055275
latency,tmux,idle,4,False,0.14,0.12,echo_ms,79,1.032055
latency,tmux,idle,4,False,0.14,0.12,echo_ms,80,1.073601
latency,tmux,idle,4,False,0.14,0.12,echo_ms,81,1.041046
latency,tmux,idle,4,False,0.14,0.12,echo_ms,82,1.046224
latency,tmux,idle,4,False,0.14,0.12,echo_ms,83,1.069568
latency,tmux,idle,4,False,0.14,0.12,echo_ms,84,1.025984
latency,tmux,idle,4,False,0.14,0.12,echo_ms,85,1.034012
latency,tmux,idle,4,False,0.14,0.12,echo_ms,86,1.058923
latency,tmux,idle,4,False,0.14,0.12,echo_ms,87,1.058973
latency,tmux,idle,4,False,0.14,0.12,echo_ms,88,1.062312
latency,tmux,idle,4,False,0.14,0.12,echo_ms,89,1.04763
latency,tmux,idle,4,False,0.14,0.12,echo_ms,90,1.054331
latency,tmux,idle,4,False,0.14,0.12,echo_ms,91,1.058078
latency,tmux,idle,4,False,0.14,0.12,echo_ms,92,1.053166
latency,tmux,idle,4,False,0.14,0.12,echo_ms,93,1.050841
latency,tmux,idle,4,False,0.14,0.12,echo_ms,94,1.084173
latency,tmux,idle,4,False,0.14,0.12,echo_ms,95,1.037814
latency,tmux,idle,4,False,0.14,0.12,echo_ms,96,1.077928
latency,tmux,idle,4,False,0.14,0.12,echo_ms,97,0.968038
latency,tmux,idle,4,False,0.14,0.12,echo_ms,98,1.070275
latency,tmux,idle,4,False,0.14,0.12,echo_ms,99,1.093699
latency,tmux,idle,4,False,0.14,0.12,timeouts,,0
latency,herdr,idle,4,False,0.12,0.17,echo_ms,0,2.208169
latency,herdr,idle,4,False,0.12,0.17,echo_ms,1,2.282444
latency,herdr,idle,4,False,0.12,0.17,echo_ms,2,2.055501
latency,herdr,idle,4,False,0.12,0.17,echo_ms,3,2.205934
latency,herdr,idle,4,False,0.12,0.17,echo_ms,4,2.21702
latency,herdr,idle,4,False,0.12,0.17,echo_ms,5,2.224828
latency,herdr,idle,4,False,0.12,0.17,echo_ms,6,2.221456
latency,herdr,idle,4,False,0.12,0.17,echo_ms,7,2.182844
latency,herdr,idle,4,False,0.12,0.17,echo_ms,8,2.116306
latency,herdr,idle,4,False,0.12,0.17,echo_ms,9,2.183423
latency,herdr,idle,4,False,0.12,0.17,echo_ms,10,2.111005
latency,herdr,idle,4,False,0.12,0.17,echo_ms,11,2.082471
latency,herdr,idle,4,False,0.12,0.17,echo_ms,12,2.291118
latency,herdr,idle,4,False,0.12,0.17,echo_ms,13,2.235508
latency,herdr,idle,4,False,0.12,0.17,echo_ms,14,2.185587
latency,herdr,idle,4,False,0.12,0.17,echo_ms,15,2.35373
latency,herdr,idle,4,False,0.12,0.17,echo_ms,16,2.207887
latency,herdr,idle,4,False,0.12,0.17,echo_ms,17,2.241958
latency,herdr,idle,4,False,0.12,0.17,echo_ms,18,2.280202
latency,herdr,idle,4,False,0.12,0.17,echo_ms,19,2.130172
latency,herdr,idle,4,False,0.12,0.17,echo_ms,20,2.256339
latency,herdr,idle,4,False,0.12,0.17,echo_ms,21,2.294841
latency,herdr,idle,4,False,0.12,0.17,echo_ms,22,2.08219
latency,herdr,idle,4,False,0.12,0.17,echo_ms,23,1.867311
latency,herdr,idle,4,False,0.12,0.17,echo_ms,24,2.306396
latency,herdr,idle,4,False,0.12,0.17,echo_ms,25,2.318011
latency,herdr,idle,4,False,0.12,0.17,echo_ms,26,2.197087
latency,herdr,idle,4,False,0.12,0.17,echo_ms,27,2.111743
latency,herdr,idle,4,False,0.12,0.17,echo_ms,28,2.102888
latency,herdr,idle,4,False,0.12,0.17,echo_ms,29,2.224187
latency,herdr,idle,4,False,0.12,0.17,echo_ms,30,2.219945
latency,herdr,idle,4,False,0.12,0.17,echo_ms,31,2.152972
latency,herdr,idle,4,False,0.12,0.17,echo_ms,32,2.242538
latency,herdr,idle,4,False,0.12,0.17,echo_ms,33,2.218587
latency,herdr,idle,4,False,0.12,0.17,echo_ms,34,2.215604
latency,herdr,idle,4,False,0.12,0.17,echo_ms,35,2.131051
latency,herdr,idle,4,False,0.12,0.17,echo_ms,36,2.138519
latency,herdr,idle,4,False,0.12,0.17,echo_ms,37,2.167255
latency,herdr,idle,4,False,0.12,0.17,echo_ms,38,2.259064
latency,herdr,idle,4,False,0.12,0.17,echo_ms,39,2.303715
latency,herdr,idle,4,False,0.12,0.17,echo_ms,40,2.276949
latency,herdr,idle,4,False,0.12,0.17,echo_ms,41,2.260832
latency,herdr,idle,4,False,0.12,0.17,echo_ms,42,0.906394
latency,herdr,idle,4,False,0.12,0.17,echo_ms,43,2.203412
latency,herdr,idle,4,False,0.12,0.17,echo_ms,44,2.113617
latency,herdr,idle,4,False,0.12,0.17,echo_ms,45,2.291576
latency,herdr,idle,4,False,0.12,0.17,echo_ms,46,2.187255
latency,herdr,idle,4,False,0.12,0.17,echo_ms,47,2.381613
latency,herdr,idle,4,False,0.12,0.17,echo_ms,48,2.206483
latency,herdr,idle,4,False,0.12,0.17,echo_ms,49,2.209236
latency,herdr,idle,4,False,0.12,0.17,echo_ms,50,2.325553
latency,herdr,idle,4,False,0.12,0.17,echo_ms,51,3.669094
latency,herdr,idle,4,False,0.12,0.17,echo_ms,52,2.198148
latency,herdr,idle,4,False,0.12,0.17,echo_ms,53,2.302048
latency,herdr,idle,4,False,0.12,0.17,echo_ms,54,2.262955
latency,herdr,idle,4,False,0.12,0.17,echo_ms,55,2.271044
latency,herdr,idle,4,False,0.12,0.17,echo_ms,56,2.348675
latency,herdr,idle,4,False,0.12,0.17,echo_ms,57,2.127359
latency,herdr,idle,4,False,0.12,0.17,echo_ms,58,1.369099
latency,herdr,idle,4,False,0.12,0.17,echo_ms,59,1.983385
latency,herdr,idle,4,False,0.12,0.17,echo_ms,60,2.289794
latency,herdr,idle,4,False,0.12,0.17,echo_ms,61,2.287879
latency,herdr,idle,4,False,0.12,0.17,echo_ms,62,2.100725
latency,herdr,idle,4,False,0.12,0.17,echo_ms,63,2.3318
latency,herdr,idle,4,False,0.12,0.17,echo_ms,64,2.04735
latency,herdr,idle,4,False,0.12,0.17,echo_ms,65,2.246486
latency,herdr,idle,4,False,0.12,0.17,echo_ms,66,2.297939
latency,herdr,idle,4,False,0.12,0.17,echo_ms,67,2.228757
latency,herdr,idle,4,False,0.12,0.17,echo_ms,68,2.159185
latency,herdr,idle,4,False,0.12,0.17,echo_ms,69,2.130213
latency,herdr,idle,4,False,0.12,0.17,echo_ms,70,2.098545
latency,herdr,idle,4,False,0.12,0.17,echo_ms,71,2.202
latency,herdr,idle,4,False,0.12,0.17,echo_ms,72,2.260248
latency,herdr,idle,4,False,0.12,0.17,echo_ms,73,2.132894
latency,herdr,idle,4,False,0.12,0.17,echo_ms,74,2.091232
latency,herdr,idle,4,False,0.12,0.17,echo_ms,75,2.309904
latency,herdr,idle,4,False,0.12,0.17,echo_ms,76,2.199858
latency,herdr,idle,4,False,0.12,0.17,echo_ms,77,2.290086
latency,herdr,idle,4,False,0.12,0.17,echo_ms,78,2.182565
latency,herdr,idle,4,False,0.12,0.17,echo_ms,79,2.179619
latency,herdr,idle,4,False,0.12,0.17,echo_ms,80,2.029691
latency,herdr,idle,4,False,0.12,0.17,echo_ms,81,2.265078
latency,herdr,idle,4,False,0.12,0.17,echo_ms,82,2.032648
latency,herdr,idle,4,False,0.12,0.17,echo_ms,83,1.684213
latency,herdr,idle,4,False,0.12,0.17,echo_ms,84,2.362766
latency,herdr,idle,4,False,0.12,0.17,echo_ms,85,2.322763
latency,herdr,idle,4,False,0.12,0.17,echo_ms,86,2.279069
latency,herdr,idle,4,False,0.12,0.17,echo_ms,87,2.19042
latency,herdr,idle,4,False,0.12,0.17,echo_ms,88,2.101979
latency,herdr,idle,4,False,0.12,0.17,echo_ms,89,2.305636
latency,herdr,idle,4,False,0.12,0.17,echo_ms,90,2.273703
latency,herdr,idle,4,False,0.12,0.17,echo_ms,91,2.160755
latency,herdr,idle,4,False,0.12,0.17,echo_ms,92,2.233411
latency,herdr,idle,4,False,0.12,0.17,echo_ms,93,2.279187
latency,herdr,idle,4,False,0.12,0.17,echo_ms,94,2.188692
latency,herdr,idle,4,False,0.12,0.17,echo_ms,95,2.201664
latency,herdr,idle,4,False,0.12,0.17,echo_ms,96,2.171629
latency,herdr,idle,4,False,0.12,0.17,echo_ms,97,2.311154
latency,herdr,idle,4,False,0.12,0.17,echo_ms,98,2.252658
latency,herdr,idle,4,False,0.12,0.17,echo_ms,99,2.175609
latency,herdr,idle,4,False,0.12,0.17,timeouts,,0
latency,thurbox,idle,4,False,0.17,0.22,echo_ms,0,5.699784
latency,thurbox,idle,4,False,0.17,0.22,echo_ms,1,4.759264
latency,thurbox,idle,4,False,0.17,0.22,echo_ms,2,3.343213
latency,thurbox,idle,4,False,0.17,0.22,echo_ms,3,3.354593
latency,thurbox,idle,4,False,0.17,0.22,echo_ms,4,3.637243
latency,thurbox,idle,4,False,0.17,0.22,echo_ms,5,4.759641
latency,thurbox,idle,4,False,0.17,0.22,echo_ms,6,4.104671
latency,thurbox,idle,4,False,0.17,0.22,echo_ms,7,3.538046
latency,thurbox,idle,4,False,0.17,0.22,echo_ms,8,4.792429
latency,thurbox,idle,4,False,0.17,0.22,echo_ms,9,4.184851
latency,thurbox,idle,4,False,0.17,0.22,echo_ms,10,3.449278
latency,thurbox,idle,4,False,0.17,0.22,echo_ms,11,5.175023
latency,thurbox,idle,4,False,0.17,0.22,echo_ms,12,3.53751
latency,thurbox,idle,4,False,0.17,0.22,echo_ms,13,3.497148
latency,thurbox,idle,4,False,0.17,0.22,echo_ms,14,3.492687
latency,thurbox,idle,4,False,0.17,0.22,echo_ms,15,4.716291
latency,thurbox,idle,4,False,0.17,0.22,echo_ms,16,3.55661
latency,thurbox,idle,4,False,0.17,0.22,echo_ms,17,3.433767
latency,thurbox,idle,4,False,0.17,0.22,echo_ms,18,4.793922
latency,thurbox,idle,4,False,0.17,0.22,echo_ms,19,4.189196
latency,thurbox,idle,4,False,0.17,0.22,echo_ms,20,4.805197
latency,thurbox,idle,4,False,0.17,0.22,echo_ms,21,3.351934
latency,thurbox,idle,4,False,0.17,0.22,echo_ms,22,4.760047
latency,thurbox,idle,4,False,0.17,0.22,echo_ms,23,3.47385
latency,thurbox,idle,4,False,0.17,0.22,echo_ms,24,4.750159
latency,thurbox,idle,4,False,0.17,0.22,echo_ms,25,4.749532
latency,thurbox,idle,4,False,0.17,0.22,echo_ms,26,2.057461
latency,thurbox,idle,4,False,0.17,0.22,echo_ms,27,3.567883
latency,thurbox,idle,4,False,0.17,0.22,echo_ms,28,3.341877
latency,thurbox,idle,4,False,0.17,0.22,echo_ms,29,3.580454
latency,thurbox,idle,4,False,0.17,0.22,echo_ms,30,3.902506
latency,thurbox,idle,4,False,0.17,0.22,echo_ms,31,4.808452
latency,thurbox,idle,4,False,0.17,0.22,echo_ms,32,4.215198
latency,thurbox,idle,4,False,0.17,0.22,echo_ms,33,5.125324
latency,thurbox,idle,4,False,0.17,0.22,echo_ms,34,3.540581
latency,thurbox,idle,4,False,0.17,0.22,echo_ms,35,3.540446
latency,thurbox,idle,4,False,0.17,0.22,echo_ms,36,3.443047
latency,thurbox,idle,4,False,0.17,0.22,echo_ms,37,3.316982
latency,thurbox,idle,4,False,0.17,0.22,echo_ms,38,4.809042
latency,thurbox,idle,4,False,0.17,0.22,echo_ms,39,2.973971
latency,thurbox,idle,4,False,0.17,0.22,echo_ms,40,3.466352
latency,thurbox,idle,4,False,0.17,0.22,echo_ms,41,5.49197
latency,thurbox,idle,4,False,0.17,0.22,echo_ms,42,1.777855
latency,thurbox,idle,4,False,0.17,0.22,echo_ms,43,4.186976
latency,thurbox,idle,4,False,0.17,0.22,echo_ms,44,4.78259
latency,thurbox,idle,4,False,0.17,0.22,echo_ms,45,3.443448
latency,thurbox,idle,4,False,0.17,0.22,echo_ms,46,4.60379
latency,thurbox,idle,4,False,0.17,0.22,echo_ms,47,1.68915
latency,thurbox,idle,4,False,0.17,0.22,echo_ms,48,3.530268
latency,thurbox,idle,4,False,0.17,0.22,echo_ms,49,5.131097
latency,thurbox,idle,4,False,0.17,0.22,echo_ms,50,3.5195
latency,thurbox,idle,4,False,0.17,0.22,echo_ms,51,3.447503
latency,thurbox,idle,4,False,0.17,0.22,echo_ms,52,8.801718
latency,thurbox,idle,4,False,0.17,0.22,echo_ms,53,4.730644
latency,thurbox,idle,4,False,0.17,0.22,echo_ms,54,3.473043
latency,thurbox,idle,4,False,0.17,0.22,echo_ms,55,1.335134
latency,thurbox,idle,4,False,0.17,0.22,echo_ms,56,3.141896
latency,thurbox,idle,4,False,0.17,0.22,echo_ms,57,4.69257
latency,thurbox,idle,4,False,0.17,0.22,echo_ms,58,3.442597
latency,thurbox,idle,4,False,0.17,0.22,echo_ms,59,3.487268
latency,thurbox,idle,4,False,0.17,0.22,echo_ms,60,4.792611
latency,thurbox,idle,4,False,0.17,0.22,echo_ms,61,3.444755
latency,thurbox,idle,4,False,0.17,0.22,echo_ms,62,4.592491
latency,thurbox,idle,4,False,0.17,0.22,echo_ms,63,3.534056
latency,thurbox,idle,4,False,0.17,0.22,echo_ms,64,4.746998
latency,thurbox,idle,4,False,0.17,0.22,echo_ms,65,2.010446
latency,thurbox,idle,4,False,0.17,0.22,echo_ms,66,4.170259
latency,thurbox,idle,4,False,0.17,0.22,echo_ms,67,3.567478
latency,thurbox,idle,4,False,0.17,0.22,echo_ms,68,4.130745
latency,thurbox,idle,4,False,0.17,0.22,echo_ms,69,4.454335
latency,thurbox,idle,4,False,0.17,0.22,echo_ms,70,4.861228
latency,thurbox,idle,4,False,0.17,0.22,echo_ms,71,3.566532
latency,thurbox,idle,4,False,0.17,0.22,echo_ms,72,3.566648
latency,thurbox,idle,4,False,0.17,0.22,echo_ms,73,3.151958
latency,thurbox,idle,4,False,0.17,0.22,echo_ms,74,4.653977
latency,thurbox,idle,4,False,0.17,0.22,echo_ms,75,4.183266
latency,thurbox,idle,4,False,0.17,0.22,echo_ms,76,4.725067
latency,thurbox,idle,4,False,0.17,0.22,echo_ms,77,3.307527
latency,thurbox,idle,4,False,0.17,0.22,echo_ms,78,4.183918
latency,thurbox,idle,4,False,0.17,0.22,echo_ms,79,4.719474
latency,thurbox,idle,4,False,0.17,0.22,echo_ms,80,4.736977
latency,thurbox,idle,4,False,0.17,0.22,echo_ms,81,6.158068
latency,thurbox,idle,4,False,0.17,0.22,echo_ms,82,5.795011
latency,thurbox,idle,4,False,0.17,0.22,echo_ms,83,4.106513
latency,thurbox,idle,4,False,0.17,0.22,echo_ms,84,4.747674
latency,thurbox,idle,4,False,0.17,0.22,echo_ms,85,5.05269
latency,thurbox,idle,4,False,0.17,0.22,echo_ms,86,2.610098
latency,thurbox,idle,4,False,0.17,0.22,echo_ms,87,3.136737
latency,thurbox,idle,4,False,0.17,0.22,echo_ms,88,4.743358
latency,thurbox,idle,4,False,0.17,0.22,echo_ms,89,4.519637
latency,thurbox,idle,4,False,0.17,0.22,echo_ms,90,4.73744
latency,thurbox,idle,4,False,0.17,0.22,echo_ms,91,4.537837
latency,thurbox,idle,4,False,0.17,0.22,echo_ms,92,3.524236
latency,thurbox,idle,4,False,0.17,0.22,echo_ms,93,1.892896
latency,thurbox,idle,4,False,0.17,0.22,echo_ms,94,4.717682
latency,thurbox,idle,4,False,0.17,0.22,echo_ms,95,4.967689
latency,thurbox,idle,4,False,0.17,0.22,echo_ms,96,3.125793
latency,thurbox,idle,4,False,0.17,0.22,echo_ms,97,4.136427
latency,thurbox,idle,4,False,0.17,0.22,echo_ms,98,4.733134
latency,thurbox,idle,4,False,0.17,0.22,echo_ms,99,3.590085
latency,thurbox,idle,4,False,0.17,0.22,timeouts,,0
latency,tmux,idle,5,False,0.22,0.19,echo_ms,0,1.032131
latency,tmux,idle,5,False,0.22,0.19,echo_ms,1,1.050084
latency,tmux,idle,5,False,0.22,0.19,echo_ms,2,1.044678
latency,tmux,idle,5,False,0.22,0.19,echo_ms,3,1.077941
latency,tmux,idle,5,False,0.22,0.19,echo_ms,4,1.026892
latency,tmux,idle,5,False,0.22,0.19,echo_ms,5,1.045208
latency,tmux,idle,5,False,0.22,0.19,echo_ms,6,1.043325
latency,tmux,idle,5,False,0.22,0.19,echo_ms,7,1.075325
latency,tmux,idle,5,False,0.22,0.19,echo_ms,8,1.056969
latency,tmux,idle,5,False,0.22,0.19,echo_ms,9,1.044781
latency,tmux,idle,5,False,0.22,0.19,echo_ms,10,1.03953
latency,tmux,idle,5,False,0.22,0.19,echo_ms,11,1.085696
latency,tmux,idle,5,False,0.22,0.19,echo_ms,12,1.021052
latency,tmux,idle,5,False,0.22,0.19,echo_ms,13,0.940183
latency,tmux,idle,5,False,0.22,0.19,echo_ms,14,1.063222
latency,tmux,idle,5,False,0.22,0.19,echo_ms,15,1.063578
latency,tmux,idle,5,False,0.22,0.19,echo_ms,16,1.040636
latency,tmux,idle,5,False,0.22,0.19,echo_ms,17,0.993514
latency,tmux,idle,5,False,0.22,0.19,echo_ms,18,1.037909
latency,tmux,idle,5,False,0.22,0.19,echo_ms,19,1.044623
latency,tmux,idle,5,False,0.22,0.19,echo_ms,20,1.047154
latency,tmux,idle,5,False,0.22,0.19,echo_ms,21,1.052229
latency,tmux,idle,5,False,0.22,0.19,echo_ms,22,1.073285
latency,tmux,idle,5,False,0.22,0.19,echo_ms,23,1.060516
latency,tmux,idle,5,False,0.22,0.19,echo_ms,24,1.025722
latency,tmux,idle,5,False,0.22,0.19,echo_ms,25,1.10218
latency,tmux,idle,5,False,0.22,0.19,echo_ms,26,1.050712
latency,tmux,idle,5,False,0.22,0.19,echo_ms,27,1.050064
latency,tmux,idle,5,False,0.22,0.19,echo_ms,28,1.045468
latency,tmux,idle,5,False,0.22,0.19,echo_ms,29,1.080843
latency,tmux,idle,5,False,0.22,0.19,echo_ms,30,1.083814
latency,tmux,idle,5,False,0.22,0.19,echo_ms,31,1.100693
latency,tmux,idle,5,False,0.22,0.19,echo_ms,32,1.082498
latency,tmux,idle,5,False,0.22,0.19,echo_ms,33,1.050624
latency,tmux,idle,5,False,0.22,0.19,echo_ms,34,1.101725
latency,tmux,idle,5,False,0.22,0.19,echo_ms,35,1.00903
latency,tmux,idle,5,False,0.22,0.19,echo_ms,36,1.007639
latency,tmux,idle,5,False,0.22,0.19,echo_ms,37,1.059635
latency,tmux,idle,5,False,0.22,0.19,echo_ms,38,0.9348
latency,tmux,idle,5,False,0.22,0.19,echo_ms,39,1.04939
latency,tmux,idle,5,False,0.22,0.19,echo_ms,40,1.057123
latency,tmux,idle,5,False,0.22,0.19,echo_ms,41,1.04339
latency,tmux,idle,5,False,0.22,0.19,echo_ms,42,0.965753
latency,tmux,idle,5,False,0.22,0.19,echo_ms,43,1.087667
latency,tmux,idle,5,False,0.22,0.19,echo_ms,44,1.071218
latency,tmux,idle,5,False,0.22,0.19,echo_ms,45,1.076101
latency,tmux,idle,5,False,0.22,0.19,echo_ms,46,1.095019
latency,tmux,idle,5,False,0.22,0.19,echo_ms,47,1.019509
latency,tmux,idle,5,False,0.22,0.19,echo_ms,48,1.074077
latency,tmux,idle,5,False,0.22,0.19,echo_ms,49,1.08495
latency,tmux,idle,5,False,0.22,0.19,echo_ms,50,0.729689
latency,tmux,idle,5,False,0.22,0.19,echo_ms,51,1.06078
latency,tmux,idle,5,False,0.22,0.19,echo_ms,52,1.041168
latency,tmux,idle,5,False,0.22,0.19,echo_ms,53,1.100139
latency,tmux,idle,5,False,0.22,0.19,echo_ms,54,1.014557
latency,tmux,idle,5,False,0.22,0.19,echo_ms,55,1.038533
latency,tmux,idle,5,False,0.22,0.19,echo_ms,56,0.595193
latency,tmux,idle,5,False,0.22,0.19,echo_ms,57,0.756367
latency,tmux,idle,5,False,0.22,0.19,echo_ms,58,1.016938
latency,tmux,idle,5,False,0.22,0.19,echo_ms,59,1.058441
latency,tmux,idle,5,False,0.22,0.19,echo_ms,60,0.625833
latency,tmux,idle,5,False,0.22,0.19,echo_ms,61,1.01688
latency,tmux,idle,5,False,0.22,0.19,echo_ms,62,1.035741
latency,tmux,idle,5,False,0.22,0.19,echo_ms,63,1.009658
latency,tmux,idle,5,False,0.22,0.19,echo_ms,64,1.071312
latency,tmux,idle,5,False,0.22,0.19,echo_ms,65,1.054572
latency,tmux,idle,5,False,0.22,0.19,echo_ms,66,0.992937
latency,tmux,idle,5,False,0.22,0.19,echo_ms,67,1.111126
latency,tmux,idle,5,False,0.22,0.19,echo_ms,68,1.093302
latency,tmux,idle,5,False,0.22,0.19,echo_ms,69,0.993169
latency,tmux,idle,5,False,0.22,0.19,echo_ms,70,1.012797
latency,tmux,idle,5,False,0.22,0.19,echo_ms,71,1.05842
latency,tmux,idle,5,False,0.22,0.19,echo_ms,72,0.944958
latency,tmux,idle,5,False,0.22,0.19,echo_ms,73,0.962066
latency,tmux,idle,5,False,0.22,0.19,echo_ms,74,1.044196
latency,tmux,idle,5,False,0.22,0.19,echo_ms,75,1.089189
latency,tmux,idle,5,False,0.22,0.19,echo_ms,76,0.990836
latency,tmux,idle,5,False,0.22,0.19,echo_ms,77,1.07871
latency,tmux,idle,5,False,0.22,0.19,echo_ms,78,1.058172
latency,tmux,idle,5,False,0.22,0.19,echo_ms,79,0.935592
latency,tmux,idle,5,False,0.22,0.19,echo_ms,80,1.130475
latency,tmux,idle,5,False,0.22,0.19,echo_ms,81,0.934175
latency,tmux,idle,5,False,0.22,0.19,echo_ms,82,0.963517
latency,tmux,idle,5,False,0.22,0.19,echo_ms,83,1.035514
latency,tmux,idle,5,False,0.22,0.19,echo_ms,84,0.998544
latency,tmux,idle,5,False,0.22,0.19,echo_ms,85,1.013171
latency,tmux,idle,5,False,0.22,0.19,echo_ms,86,1.08627
latency,tmux,idle,5,False,0.22,0.19,echo_ms,87,1.025855
latency,tmux,idle,5,False,0.22,0.19,echo_ms,88,1.010275
latency,tmux,idle,5,False,0.22,0.19,echo_ms,89,1.090903
latency,tmux,idle,5,False,0.22,0.19,echo_ms,90,1.053965
latency,tmux,idle,5,False,0.22,0.19,echo_ms,91,1.060571
latency,tmux,idle,5,False,0.22,0.19,echo_ms,92,0.962164
latency,tmux,idle,5,False,0.22,0.19,echo_ms,93,1.103405
latency,tmux,idle,5,False,0.22,0.19,echo_ms,94,1.050897
latency,tmux,idle,5,False,0.22,0.19,echo_ms,95,1.067244
latency,tmux,idle,5,False,0.22,0.19,echo_ms,96,1.094634
latency,tmux,idle,5,False,0.22,0.19,echo_ms,97,1.045356
latency,tmux,idle,5,False,0.22,0.19,echo_ms,98,1.072942
latency,tmux,idle,5,False,0.22,0.19,echo_ms,99,1.011324
latency,tmux,idle,5,False,0.22,0.19,timeouts,,0
latency,herdr,idle,5,False,0.19,0.16,echo_ms,0,2.337659
latency,herdr,idle,5,False,0.19,0.16,echo_ms,1,1.95668
latency,herdr,idle,5,False,0.19,0.16,echo_ms,2,2.113829
latency,herdr,idle,5,False,0.19,0.16,echo_ms,3,2.131479
latency,herdr,idle,5,False,0.19,0.16,echo_ms,4,2.185258
latency,herdr,idle,5,False,0.19,0.16,echo_ms,5,2.315218
latency,herdr,idle,5,False,0.19,0.16,echo_ms,6,1.808527
latency,herdr,idle,5,False,0.19,0.16,echo_ms,7,1.979593
latency,herdr,idle,5,False,0.19,0.16,echo_ms,8,2.33924
latency,herdr,idle,5,False,0.19,0.16,echo_ms,9,2.048942
latency,herdr,idle,5,False,0.19,0.16,echo_ms,10,2.058726
latency,herdr,idle,5,False,0.19,0.16,echo_ms,11,2.264916
latency,herdr,idle,5,False,0.19,0.16,echo_ms,12,2.244544
latency,herdr,idle,5,False,0.19,0.16,echo_ms,13,2.205796
latency,herdr,idle,5,False,0.19,0.16,echo_ms,14,2.136157
latency,herdr,idle,5,False,0.19,0.16,echo_ms,15,2.111999
latency,herdr,idle,5,False,0.19,0.16,echo_ms,16,2.184332
latency,herdr,idle,5,False,0.19,0.16,echo_ms,17,2.209827
latency,herdr,idle,5,False,0.19,0.16,echo_ms,18,2.139418
latency,herdr,idle,5,False,0.19,0.16,echo_ms,19,2.162993
latency,herdr,idle,5,False,0.19,0.16,echo_ms,20,2.360137
latency,herdr,idle,5,False,0.19,0.16,echo_ms,21,2.170286
latency,herdr,idle,5,False,0.19,0.16,echo_ms,22,2.051981
latency,herdr,idle,5,False,0.19,0.16,echo_ms,23,2.289339
latency,herdr,idle,5,False,0.19,0.16,echo_ms,24,2.229756
latency,herdr,idle,5,False,0.19,0.16,echo_ms,25,2.054219
latency,herdr,idle,5,False,0.19,0.16,echo_ms,26,2.226541
latency,herdr,idle,5,False,0.19,0.16,echo_ms,27,2.138618
latency,herdr,idle,5,False,0.19,0.16,echo_ms,28,2.098681
latency,herdr,idle,5,False,0.19,0.16,echo_ms,29,2.251751
latency,herdr,idle,5,False,0.19,0.16,echo_ms,30,2.307904
latency,herdr,idle,5,False,0.19,0.16,echo_ms,31,2.186773
latency,herdr,idle,5,False,0.19,0.16,echo_ms,32,2.336789
latency,herdr,idle,5,False,0.19,0.16,echo_ms,33,2.335198
latency,herdr,idle,5,False,0.19,0.16,echo_ms,34,2.17801
latency,herdr,idle,5,False,0.19,0.16,echo_ms,35,1.982757
latency,herdr,idle,5,False,0.19,0.16,echo_ms,36,2.36866
latency,herdr,idle,5,False,0.19,0.16,echo_ms,37,2.325483
latency,herdr,idle,5,False,0.19,0.16,echo_ms,38,2.19412
latency,herdr,idle,5,False,0.19,0.16,echo_ms,39,2.161901
latency,herdr,idle,5,False,0.19,0.16,echo_ms,40,2.188874
latency,herdr,idle,5,False,0.19,0.16,echo_ms,41,2.214076
latency,herdr,idle,5,False,0.19,0.16,echo_ms,42,2.252137
latency,herdr,idle,5,False,0.19,0.16,echo_ms,43,2.224386
latency,herdr,idle,5,False,0.19,0.16,echo_ms,44,2.312781
latency,herdr,idle,5,False,0.19,0.16,echo_ms,45,2.427822
latency,herdr,idle,5,False,0.19,0.16,echo_ms,46,2.178945
latency,herdr,idle,5,False,0.19,0.16,echo_ms,47,2.139864
latency,herdr,idle,5,False,0.19,0.16,echo_ms,48,2.267311
latency,herdr,idle,5,False,0.19,0.16,echo_ms,49,2.303652
latency,herdr,idle,5,False,0.19,0.16,echo_ms,50,2.354662
latency,herdr,idle,5,False,0.19,0.16,echo_ms,51,2.337952
latency,herdr,idle,5,False,0.19,0.16,echo_ms,52,2.262737
latency,herdr,idle,5,False,0.19,0.16,echo_ms,53,2.180442
latency,herdr,idle,5,False,0.19,0.16,echo_ms,54,2.189714
latency,herdr,idle,5,False,0.19,0.16,echo_ms,55,2.151494
latency,herdr,idle,5,False,0.19,0.16,echo_ms,56,2.245155
latency,herdr,idle,5,False,0.19,0.16,echo_ms,57,2.154065
latency,herdr,idle,5,False,0.19,0.16,echo_ms,58,2.002223
latency,herdr,idle,5,False,0.19,0.16,echo_ms,59,1.446534
latency,herdr,idle,5,False,0.19,0.16,echo_ms,60,2.255224
latency,herdr,idle,5,False,0.19,0.16,echo_ms,61,2.209559
latency,herdr,idle,5,False,0.19,0.16,echo_ms,62,2.323941
latency,herdr,idle,5,False,0.19,0.16,echo_ms,63,2.155063
latency,herdr,idle,5,False,0.19,0.16,echo_ms,64,2.317431
latency,herdr,idle,5,False,0.19,0.16,echo_ms,65,1.264236
latency,herdr,idle,5,False,0.19,0.16,echo_ms,66,2.253052
latency,herdr,idle,5,False,0.19,0.16,echo_ms,67,0.898717
latency,herdr,idle,5,False,0.19,0.16,echo_ms,68,2.188619
latency,herdr,idle,5,False,0.19,0.16,echo_ms,69,2.147769
latency,herdr,idle,5,False,0.19,0.16,echo_ms,70,2.341145
latency,herdr,idle,5,False,0.19,0.16,echo_ms,71,2.29539
latency,herdr,idle,5,False,0.19,0.16,echo_ms,72,2.123229
latency,herdr,idle,5,False,0.19,0.16,echo_ms,73,2.215806
latency,herdr,idle,5,False,0.19,0.16,echo_ms,74,2.160425
latency,herdr,idle,5,False,0.19,0.16,echo_ms,75,2.185842
latency,herdr,idle,5,False,0.19,0.16,echo_ms,76,2.212607
latency,herdr,idle,5,False,0.19,0.16,echo_ms,77,2.323482
latency,herdr,idle,5,False,0.19,0.16,echo_ms,78,2.306313
latency,herdr,idle,5,False,0.19,0.16,echo_ms,79,2.22069
latency,herdr,idle,5,False,0.19,0.16,echo_ms,80,2.232319
latency,herdr,idle,5,False,0.19,0.16,echo_ms,81,2.364034
latency,herdr,idle,5,False,0.19,0.16,echo_ms,82,2.050513
latency,herdr,idle,5,False,0.19,0.16,echo_ms,83,2.342159
latency,herdr,idle,5,False,0.19,0.16,echo_ms,84,2.117706
latency,herdr,idle,5,False,0.19,0.16,echo_ms,85,2.369914
latency,herdr,idle,5,False,0.19,0.16,echo_ms,86,2.246231
latency,herdr,idle,5,False,0.19,0.16,echo_ms,87,2.212714
latency,herdr,idle,5,False,0.19,0.16,echo_ms,88,2.189861
latency,herdr,idle,5,False,0.19,0.16,echo_ms,89,2.170934
latency,herdr,idle,5,False,0.19,0.16,echo_ms,90,2.35662
latency,herdr,idle,5,False,0.19,0.16,echo_ms,91,2.328973
latency,herdr,idle,5,False,0.19,0.16,echo_ms,92,1.577827
latency,herdr,idle,5,False,0.19,0.16,echo_ms,93,2.290595
latency,herdr,idle,5,False,0.19,0.16,echo_ms,94,2.266354
latency,herdr,idle,5,False,0.19,0.16,echo_ms,95,2.264783
latency,herdr,idle,5,False,0.19,0.16,echo_ms,96,2.282642
latency,herdr,idle,5,False,0.19,0.16,echo_ms,97,2.295359
latency,herdr,idle,5,False,0.19,0.16,echo_ms,98,2.252089
latency,herdr,idle,5,False,0.19,0.16,echo_ms,99,2.222297
latency,herdr,idle,5,False,0.19,0.16,timeouts,,0
latency,thurbox,idle,5,False,0.16,0.13,echo_ms,0,4.242076
latency,thurbox,idle,5,False,0.16,0.13,echo_ms,1,3.426834
latency,thurbox,idle,5,False,0.16,0.13,echo_ms,2,3.571874
latency,thurbox,idle,5,False,0.16,0.13,echo_ms,3,3.208462
latency,thurbox,idle,5,False,0.16,0.13,echo_ms,4,4.744562
latency,thurbox,idle,5,False,0.16,0.13,echo_ms,5,4.154831
latency,thurbox,idle,5,False,0.16,0.13,echo_ms,6,3.209473
latency,thurbox,idle,5,False,0.16,0.13,echo_ms,7,4.148915
latency,thurbox,idle,5,False,0.16,0.13,echo_ms,8,4.764992
latency,thurbox,idle,5,False,0.16,0.13,echo_ms,9,4.767858
latency,thurbox,idle,5,False,0.16,0.13,echo_ms,10,4.647672
latency,thurbox,idle,5,False,0.16,0.13,echo_ms,11,4.790171
latency,thurbox,idle,5,False,0.16,0.13,echo_ms,12,3.551732
latency,thurbox,idle,5,False,0.16,0.13,echo_ms,13,7.213086
latency,thurbox,idle,5,False,0.16,0.13,echo_ms,14,3.491428
latency,thurbox,idle,5,False,0.16,0.13,echo_ms,15,6.579185
latency,thurbox,idle,5,False,0.16,0.13,echo_ms,16,3.327016
latency,thurbox,idle,5,False,0.16,0.13,echo_ms,17,4.767173
latency,thurbox,idle,5,False,0.16,0.13,echo_ms,18,4.265891
latency,thurbox,idle,5,False,0.16,0.13,echo_ms,19,4.77834
latency,thurbox,idle,5,False,0.16,0.13,echo_ms,20,5.381358
latency,thurbox,idle,5,False,0.16,0.13,echo_ms,21,3.466046
latency,thurbox,idle,5,False,0.16,0.13,echo_ms,22,3.441214
latency,thurbox,idle,5,False,0.16,0.13,echo_ms,23,3.797926
latency,thurbox,idle,5,False,0.16,0.13,echo_ms,24,3.566719
latency,thurbox,idle,5,False,0.16,0.13,echo_ms,25,1.24585
latency,thurbox,idle,5,False,0.16,0.13,echo_ms,26,3.525302
latency,thurbox,idle,5,False,0.16,0.13,echo_ms,27,3.545296
latency,thurbox,idle,5,False,0.16,0.13,echo_ms,28,2.592524
latency,thurbox,idle,5,False,0.16,0.13,echo_ms,29,3.391582
latency,thurbox,idle,5,False,0.16,0.13,echo_ms,30,4.279553
latency,thurbox,idle,5,False,0.16,0.13,echo_ms,31,4.77878
latency,thurbox,idle,5,False,0.16,0.13,echo_ms,32,4.280396
latency,thurbox,idle,5,False,0.16,0.13,echo_ms,33,4.606356
latency,thurbox,idle,5,False,0.16,0.13,echo_ms,34,4.80922
latency,thurbox,idle,5,False,0.16,0.13,echo_ms,35,3.219393
latency,thurbox,idle,5,False,0.16,0.13,echo_ms,36,3.474469
latency,thurbox,idle,5,False,0.16,0.13,echo_ms,37,4.738164
latency,thurbox,idle,5,False,0.16,0.13,echo_ms,38,3.52413
latency,thurbox,idle,5,False,0.16,0.13,echo_ms,39,4.768038
latency,thurbox,idle,5,False,0.16,0.13,echo_ms,40,3.502676
latency,thurbox,idle,5,False,0.16,0.13,echo_ms,41,3.435563
latency,thurbox,idle,5,False,0.16,0.13,echo_ms,42,3.55022
latency,thurbox,idle,5,False,0.16,0.13,echo_ms,43,3.226106
latency,thurbox,idle,5,False,0.16,0.13,echo_ms,44,3.244288
latency,thurbox,idle,5,False,0.16,0.13,echo_ms,45,3.465499
latency,thurbox,idle,5,False,0.16,0.13,echo_ms,46,3.463626
latency,thurbox,idle,5,False,0.16,0.13,echo_ms,47,4.233865
latency,thurbox,idle,5,False,0.16,0.13,echo_ms,48,4.70392
latency,thurbox,idle,5,False,0.16,0.13,echo_ms,49,4.872122
latency,thurbox,idle,5,False,0.16,0.13,echo_ms,50,3.411326
latency,thurbox,idle,5,False,0.16,0.13,echo_ms,51,4.842189
latency,thurbox,idle,5,False,0.16,0.13,echo_ms,52,3.137821
latency,thurbox,idle,5,False,0.16,0.13,echo_ms,53,5.086279
latency,thurbox,idle,5,False,0.16,0.13,echo_ms,54,3.558316
latency,thurbox,idle,5,False,0.16,0.13,echo_ms,55,1.809722
latency,thurbox,idle,5,False,0.16,0.13,echo_ms,56,5.947968
latency,thurbox,idle,5,False,0.16,0.13,echo_ms,57,4.771497
latency,thurbox,idle,5,False,0.16,0.13,echo_ms,58,3.35058
latency,thurbox,idle,5,False,0.16,0.13,echo_ms,59,5.92506
latency,thurbox,idle,5,False,0.16,0.13,echo_ms,60,4.707641
latency,thurbox,idle,5,False,0.16,0.13,echo_ms,61,3.526149
latency,thurbox,idle,5,False,0.16,0.13,echo_ms,62,3.34494
latency,thurbox,idle,5,False,0.16,0.13,echo_ms,63,3.509312
latency,thurbox,idle,5,False,0.16,0.13,echo_ms,64,2.63286
latency,thurbox,idle,5,False,0.16,0.13,echo_ms,65,1.848785
latency,thurbox,idle,5,False,0.16,0.13,echo_ms,66,5.053849
latency,thurbox,idle,5,False,0.16,0.13,echo_ms,67,6.744066
latency,thurbox,idle,5,False,0.16,0.13,echo_ms,68,4.129337
latency,thurbox,idle,5,False,0.16,0.13,echo_ms,69,4.718965
latency,thurbox,idle,5,False,0.16,0.13,echo_ms,70,4.23992
latency,thurbox,idle,5,False,0.16,0.13,echo_ms,71,3.441873
latency,thurbox,idle,5,False,0.16,0.13,echo_ms,72,4.181804
latency,thurbox,idle,5,False,0.16,0.13,echo_ms,73,1.832947
latency,thurbox,idle,5,False,0.16,0.13,echo_ms,74,4.714932
latency,thurbox,idle,5,False,0.16,0.13,echo_ms,75,3.377138
latency,thurbox,idle,5,False,0.16,0.13,echo_ms,76,3.467858
latency,thurbox,idle,5,False,0.16,0.13,echo_ms,77,4.743709
latency,thurbox,idle,5,False,0.16,0.13,echo_ms,78,3.483225
latency,thurbox,idle,5,False,0.16,0.13,echo_ms,79,4.764961
latency,thurbox,idle,5,False,0.16,0.13,echo_ms,80,4.781273
latency,thurbox,idle,5,False,0.16,0.13,echo_ms,81,4.17528
latency,thurbox,idle,5,False,0.16,0.13,echo_ms,82,4.733719
latency,thurbox,idle,5,False,0.16,0.13,echo_ms,83,5.101637
latency,thurbox,idle,5,False,0.16,0.13,echo_ms,84,3.468548
latency,thurbox,idle,5,False,0.16,0.13,echo_ms,85,1.581438
latency,thurbox,idle,5,False,0.16,0.13,echo_ms,86,4.578472
latency,thurbox,idle,5,False,0.16,0.13,echo_ms,87,3.487421
latency,thurbox,idle,5,False,0.16,0.13,echo_ms,88,3.575557
latency,thurbox,idle,5,False,0.16,0.13,echo_ms,89,3.340307
latency,thurbox,idle,5,False,0.16,0.13,echo_ms,90,3.513495
latency,thurbox,idle,5,False,0.16,0.13,echo_ms,91,4.860436
latency,thurbox,idle,5,False,0.16,0.13,echo_ms,92,4.451521
latency,thurbox,idle,5,False,0.16,0.13,echo_ms,93,4.159569
latency,thurbox,idle,5,False,0.16,0.13,echo_ms,94,4.719003
latency,thurbox,idle,5,False,0.16,0.13,echo_ms,95,3.517029
latency,thurbox,idle,5,False,0.16,0.13,echo_ms,96,7.132435
latency,thurbox,idle,5,False,0.16,0.13,echo_ms,97,4.744637
latency,thurbox,idle,5,False,0.16,0.13,echo_ms,98,4.125436
latency,thurbox,idle,5,False,0.16,0.13,echo_ms,99,4.716304
latency,thurbox,idle,5,False,0.16,0.13,timeouts,,0
latency,tmux,other-busy,0,True,0.13,0.27,echo_ms,0,0.71486
latency,tmux,other-busy,0,True,0.13,0.27,echo_ms,1,0.908134
latency,tmux,other-busy,0,True,0.13,0.27,echo_ms,2,0.712842
latency,tmux,other-busy,0,True,0.13,0.27,echo_ms,3,0.702336
latency,tmux,other-busy,0,True,0.13,0.27,echo_ms,4,0.900013
latency,tmux,other-busy,0,True,0.13,0.27,echo_ms,5,0.742319
latency,tmux,other-busy,0,True,0.13,0.27,echo_ms,6,0.914739
latency,tmux,other-busy,0,True,0.13,0.27,echo_ms,7,0.950246
latency,tmux,other-busy,0,True,0.13,0.27,echo_ms,8,0.723658
latency,tmux,other-busy,0,True,0.13,0.27,echo_ms,9,0.606011
latency,tmux,other-busy,0,True,0.13,0.27,echo_ms,10,0.567036
latency,tmux,other-busy,0,True,0.13,0.27,echo_ms,11,0.636254
latency,tmux,other-busy,0,True,0.13,0.27,echo_ms,12,0.552917
latency,tmux,other-busy,0,True,0.13,0.27,echo_ms,13,0.805539
latency,tmux,other-busy,0,True,0.13,0.27,echo_ms,14,0.812272
latency,tmux,other-busy,0,True,0.13,0.27,echo_ms,15,0.657124
latency,tmux,other-busy,0,True,0.13,0.27,echo_ms,16,0.975707
latency,tmux,other-busy,0,True,0.13,0.27,echo_ms,17,0.694266
latency,tmux,other-busy,0,True,0.13,0.27,echo_ms,18,0.73497
latency,tmux,other-busy,0,True,0.13,0.27,echo_ms,19,0.982738
latency,tmux,other-busy,0,True,0.13,0.27,echo_ms,20,0.836382
latency,tmux,other-busy,0,True,0.13,0.27,echo_ms,21,0.757404
latency,tmux,other-busy,0,True,0.13,0.27,echo_ms,22,0.827983
latency,tmux,other-busy,0,True,0.13,0.27,echo_ms,23,0.68305
latency,tmux,other-busy,0,True,0.13,0.27,echo_ms,24,0.803044
latency,tmux,other-busy,0,True,0.13,0.27,echo_ms,25,0.90538
latency,tmux,other-busy,0,True,0.13,0.27,echo_ms,26,0.898548
latency,tmux,other-busy,0,True,0.13,0.27,echo_ms,27,0.751799
latency,tmux,other-busy,0,True,0.13,0.27,echo_ms,28,0.805662
latency,tmux,other-busy,0,True,0.13,0.27,echo_ms,29,0.843869
latency,tmux,other-busy,0,True,0.13,0.27,echo_ms,30,0.831089
latency,tmux,other-busy,0,True,0.13,0.27,echo_ms,31,0.673816
latency,tmux,other-busy,0,True,0.13,0.27,echo_ms,32,0.853032
latency,tmux,other-busy,0,True,0.13,0.27,echo_ms,33,0.803977
latency,tmux,other-busy,0,True,0.13,0.27,echo_ms,34,0.743128
latency,tmux,other-busy,0,True,0.13,0.27,echo_ms,35,0.750495
latency,tmux,other-busy,0,True,0.13,0.27,echo_ms,36,0.878763
latency,tmux,other-busy,0,True,0.13,0.27,echo_ms,37,0.809703
latency,tmux,other-busy,0,True,0.13,0.27,echo_ms,38,0.861005
latency,tmux,other-busy,0,True,0.13,0.27,echo_ms,39,0.636609
latency,tmux,other-busy,0,True,0.13,0.27,echo_ms,40,0.79584
latency,tmux,other-busy,0,True,0.13,0.27,echo_ms,41,0.708946
latency,tmux,other-busy,0,True,0.13,0.27,echo_ms,42,0.672836
latency,tmux,other-busy,0,True,0.13,0.27,echo_ms,43,0.576831
latency,tmux,other-busy,0,True,0.13,0.27,echo_ms,44,0.933959
latency,tmux,other-busy,0,True,0.13,0.27,echo_ms,45,0.776717
latency,tmux,other-busy,0,True,0.13,0.27,echo_ms,46,0.673844
latency,tmux,other-busy,0,True,0.13,0.27,echo_ms,47,0.766341
latency,tmux,other-busy,0,True,0.13,0.27,echo_ms,48,0.535436
latency,tmux,other-busy,0,True,0.13,0.27,echo_ms,49,0.656795
latency,tmux,other-busy,0,True,0.13,0.27,echo_ms,50,0.80489
latency,tmux,other-busy,0,True,0.13,0.27,echo_ms,51,0.60998
latency,tmux,other-busy,0,True,0.13,0.27,echo_ms,52,0.62612
latency,tmux,other-busy,0,True,0.13,0.27,echo_ms,53,0.805416
latency,tmux,other-busy,0,True,0.13,0.27,echo_ms,54,0.852568
latency,tmux,other-busy,0,True,0.13,0.27,echo_ms,55,0.656708
latency,tmux,other-busy,0,True,0.13,0.27,echo_ms,56,0.857499
latency,tmux,other-busy,0,True,0.13,0.27,echo_ms,57,0.94104
latency,tmux,other-busy,0,True,0.13,0.27,echo_ms,58,0.73764
latency,tmux,other-busy,0,True,0.13,0.27,echo_ms,59,0.717684
latency,tmux,other-busy,0,True,0.13,0.27,echo_ms,60,0.880323
latency,tmux,other-busy,0,True,0.13,0.27,echo_ms,61,0.850049
latency,tmux,other-busy,0,True,0.13,0.27,echo_ms,62,0.77261
latency,tmux,other-busy,0,True,0.13,0.27,echo_ms,63,0.628312
latency,tmux,other-busy,0,True,0.13,0.27,echo_ms,64,0.614613
latency,tmux,other-busy,0,True,0.13,0.27,echo_ms,65,0.592268
latency,tmux,other-busy,0,True,0.13,0.27,echo_ms,66,0.785382
latency,tmux,other-busy,0,True,0.13,0.27,echo_ms,67,0.910146
latency,tmux,other-busy,0,True,0.13,0.27,echo_ms,68,0.866625
latency,tmux,other-busy,0,True,0.13,0.27,echo_ms,69,0.558127
latency,tmux,other-busy,0,True,0.13,0.27,echo_ms,70,0.64667
latency,tmux,other-busy,0,True,0.13,0.27,echo_ms,71,0.842874
latency,tmux,other-busy,0,True,0.13,0.27,echo_ms,72,0.675578
latency,tmux,other-busy,0,True,0.13,0.27,echo_ms,73,0.838421
latency,tmux,other-busy,0,True,0.13,0.27,echo_ms,74,0.863049
latency,tmux,other-busy,0,True,0.13,0.27,echo_ms,75,0.635759
latency,tmux,other-busy,0,True,0.13,0.27,echo_ms,76,1.042977
latency,tmux,other-busy,0,True,0.13,0.27,echo_ms,77,0.667553
latency,tmux,other-busy,0,True,0.13,0.27,echo_ms,78,0.776483
latency,tmux,other-busy,0,True,0.13,0.27,echo_ms,79,0.610858
latency,tmux,other-busy,0,True,0.13,0.27,echo_ms,80,0.674149
latency,tmux,other-busy,0,True,0.13,0.27,echo_ms,81,0.707151
latency,tmux,other-busy,0,True,0.13,0.27,echo_ms,82,0.730749
latency,tmux,other-busy,0,True,0.13,0.27,echo_ms,83,0.646137
latency,tmux,other-busy,0,True,0.13,0.27,echo_ms,84,0.813137
latency,tmux,other-busy,0,True,0.13,0.27,echo_ms,85,0.812468
latency,tmux,other-busy,0,True,0.13,0.27,echo_ms,86,0.662493
latency,tmux,other-busy,0,True,0.13,0.27,echo_ms,87,1.040008
latency,tmux,other-busy,0,True,0.13,0.27,echo_ms,88,0.67313
latency,tmux,other-busy,0,True,0.13,0.27,echo_ms,89,0.606694
latency,tmux,other-busy,0,True,0.13,0.27,echo_ms,90,0.896371
latency,tmux,other-busy,0,True,0.13,0.27,echo_ms,91,0.610815
latency,tmux,other-busy,0,True,0.13,0.27,echo_ms,92,0.83244
latency,tmux,other-busy,0,True,0.13,0.27,echo_ms,93,0.753702
latency,tmux,other-busy,0,True,0.13,0.27,echo_ms,94,0.755535
latency,tmux,other-busy,0,True,0.13,0.27,echo_ms,95,0.787796
latency,tmux,other-busy,0,True,0.13,0.27,echo_ms,96,0.851472
latency,tmux,other-busy,0,True,0.13,0.27,echo_ms,97,0.787372
latency,tmux,other-busy,0,True,0.13,0.27,echo_ms,98,0.787423
latency,tmux,other-busy,0,True,0.13,0.27,echo_ms,99,0.921897
latency,tmux,other-busy,0,True,0.13,0.27,timeouts,,0
latency,herdr,other-busy,0,True,0.27,0.38,echo_ms,0,0.461282
latency,herdr,other-busy,0,True,0.27,0.38,echo_ms,1,0.431382
latency,herdr,other-busy,0,True,0.27,0.38,echo_ms,2,0.433581
latency,herdr,other-busy,0,True,0.27,0.38,echo_ms,3,0.468816
latency,herdr,other-busy,0,True,0.27,0.38,echo_ms,4,0.802973
latency,herdr,other-busy,0,True,0.27,0.38,echo_ms,5,0.414661
latency,herdr,other-busy,0,True,0.27,0.38,echo_ms,6,0.440184
latency,herdr,other-busy,0,True,0.27,0.38,echo_ms,7,0.547724
latency,herdr,other-busy,0,True,0.27,0.38,echo_ms,8,0.442745
latency,herdr,other-busy,0,True,0.27,0.38,echo_ms,9,0.480165
latency,herdr,other-busy,0,True,0.27,0.38,echo_ms,10,0.421208
latency,herdr,other-busy,0,True,0.27,0.38,echo_ms,11,0.474719
latency,herdr,other-busy,0,True,0.27,0.38,echo_ms,12,0.436139
latency,herdr,other-busy,0,True,0.27,0.38,echo_ms,13,0.446998
latency,herdr,other-busy,0,True,0.27,0.38,echo_ms,14,0.528753
latency,herdr,other-busy,0,True,0.27,0.38,echo_ms,15,0.440754
latency,herdr,other-busy,0,True,0.27,0.38,echo_ms,16,0.446518
latency,herdr,other-busy,0,True,0.27,0.38,echo_ms,17,0.491671
latency,herdr,other-busy,0,True,0.27,0.38,echo_ms,18,0.427819
latency,herdr,other-busy,0,True,0.27,0.38,echo_ms,19,1.318428
latency,herdr,other-busy,0,True,0.27,0.38,echo_ms,20,0.525239
latency,herdr,other-busy,0,True,0.27,0.38,echo_ms,21,0.513831
latency,herdr,other-busy,0,True,0.27,0.38,echo_ms,22,0.451881
latency,herdr,other-busy,0,True,0.27,0.38,echo_ms,23,0.47681
latency,herdr,other-busy,0,True,0.27,0.38,echo_ms,24,0.459996
latency,herdr,other-busy,0,True,0.27,0.38,echo_ms,25,0.437514
latency,herdr,other-busy,0,True,0.27,0.38,echo_ms,26,0.443516
latency,herdr,other-busy,0,True,0.27,0.38,echo_ms,27,0.438463
latency,herdr,other-busy,0,True,0.27,0.38,echo_ms,28,0.476644
latency,herdr,other-busy,0,True,0.27,0.38,echo_ms,29,0.48803
latency,herdr,other-busy,0,True,0.27,0.38,echo_ms,30,0.731437
latency,herdr,other-busy,0,True,0.27,0.38,echo_ms,31,0.418609
latency,herdr,other-busy,0,True,0.27,0.38,echo_ms,32,0.502821
latency,herdr,other-busy,0,True,0.27,0.38,echo_ms,33,0.418928
latency,herdr,other-busy,0,True,0.27,0.38,echo_ms,34,0.436341
latency,herdr,other-busy,0,True,0.27,0.38,echo_ms,35,0.400644
latency,herdr,other-busy,0,True,0.27,0.38,echo_ms,36,1.246429
latency,herdr,other-busy,0,True,0.27,0.38,echo_ms,37,0.470274
latency,herdr,other-busy,0,True,0.27,0.38,echo_ms,38,0.457436
latency,herdr,other-busy,0,True,0.27,0.38,echo_ms,39,0.408664
latency,herdr,other-busy,0,True,0.27,0.38,echo_ms,40,0.50218
latency,herdr,other-busy,0,True,0.27,0.38,echo_ms,41,0.428217
latency,herdr,other-busy,0,True,0.27,0.38,echo_ms,42,0.426137
latency,herdr,other-busy,0,True,0.27,0.38,echo_ms,43,0.439442
latency,herdr,other-busy,0,True,0.27,0.38,echo_ms,44,0.49519
latency,herdr,other-busy,0,True,0.27,0.38,echo_ms,45,0.42499
latency,herdr,other-busy,0,True,0.27,0.38,echo_ms,46,0.442522
latency,herdr,other-busy,0,True,0.27,0.38,echo_ms,47,0.488075
latency,herdr,other-busy,0,True,0.27,0.38,echo_ms,48,0.448664
latency,herdr,other-busy,0,True,0.27,0.38,echo_ms,49,0.429234
latency,herdr,other-busy,0,True,0.27,0.38,echo_ms,50,0.429064
latency,herdr,other-busy,0,True,0.27,0.38,echo_ms,51,0.466121
latency,herdr,other-busy,0,True,0.27,0.38,echo_ms,52,0.440932
latency,herdr,other-busy,0,True,0.27,0.38,echo_ms,53,0.419873
latency,herdr,other-busy,0,True,0.27,0.38,echo_ms,54,0.426234
latency,herdr,other-busy,0,True,0.27,0.38,echo_ms,55,0.468858
latency,herdr,other-busy,0,True,0.27,0.38,echo_ms,56,0.476296
latency,herdr,other-busy,0,True,0.27,0.38,echo_ms,57,0.467052
latency,herdr,other-busy,0,True,0.27,0.38,echo_ms,58,0.462853
latency,herdr,other-busy,0,True,0.27,0.38,echo_ms,59,0.490495
latency,herdr,other-busy,0,True,0.27,0.38,echo_ms,60,0.52888
latency,herdr,other-busy,0,True,0.27,0.38,echo_ms,61,0.443354
latency,herdr,other-busy,0,True,0.27,0.38,echo_ms,62,0.472728
latency,herdr,other-busy,0,True,0.27,0.38,echo_ms,63,0.44501
latency,herdr,other-busy,0,True,0.27,0.38,echo_ms,64,0.490265
latency,herdr,other-busy,0,True,0.27,0.38,echo_ms,65,0.513832
latency,herdr,other-busy,0,True,0.27,0.38,echo_ms,66,0.496409
latency,herdr,other-busy,0,True,0.27,0.38,echo_ms,67,0.403662
latency,herdr,other-busy,0,True,0.27,0.38,echo_ms,68,0.498572
latency,herdr,other-busy,0,True,0.27,0.38,echo_ms,69,0.436512
latency,herdr,other-busy,0,True,0.27,0.38,echo_ms,70,0.445292
latency,herdr,other-busy,0,True,0.27,0.38,echo_ms,71,0.411696
latency,herdr,other-busy,0,True,0.27,0.38,echo_ms,72,0.438652
latency,herdr,other-busy,0,True,0.27,0.38,echo_ms,73,0.440632
latency,herdr,other-busy,0,True,0.27,0.38,echo_ms,74,0.421446
latency,herdr,other-busy,0,True,0.27,0.38,echo_ms,75,0.513747
latency,herdr,other-busy,0,True,0.27,0.38,echo_ms,76,0.420506
latency,herdr,other-busy,0,True,0.27,0.38,echo_ms,77,0.444329
latency,herdr,other-busy,0,True,0.27,0.38,echo_ms,78,0.442297
latency,herdr,other-busy,0,True,0.27,0.38,echo_ms,79,0.501929
latency,herdr,other-busy,0,True,0.27,0.38,echo_ms,80,0.460631
latency,herdr,other-busy,0,True,0.27,0.38,echo_ms,81,0.461556
latency,herdr,other-busy,0,True,0.27,0.38,echo_ms,82,0.4515
latency,herdr,other-busy,0,True,0.27,0.38,echo_ms,83,0.484595
latency,herdr,other-busy,0,True,0.27,0.38,echo_ms,84,0.487646
latency,herdr,other-busy,0,True,0.27,0.38,echo_ms,85,0.502323
latency,herdr,other-busy,0,True,0.27,0.38,echo_ms,86,0.492588
latency,herdr,other-busy,0,True,0.27,0.38,echo_ms,87,0.60054
latency,herdr,other-busy,0,True,0.27,0.38,echo_ms,88,0.416887
latency,herdr,other-busy,0,True,0.27,0.38,echo_ms,89,0.48846
latency,herdr,other-busy,0,True,0.27,0.38,echo_ms,90,0.493126
latency,herdr,other-busy,0,True,0.27,0.38,echo_ms,91,0.627989
latency,herdr,other-busy,0,True,0.27,0.38,echo_ms,92,0.439268
latency,herdr,other-busy,0,True,0.27,0.38,echo_ms,93,0.492594
latency,herdr,other-busy,0,True,0.27,0.38,echo_ms,94,0.469401
latency,herdr,other-busy,0,True,0.27,0.38,echo_ms,95,0.399594
latency,herdr,other-busy,0,True,0.27,0.38,echo_ms,96,0.624366
latency,herdr,other-busy,0,True,0.27,0.38,echo_ms,97,0.438781
latency,herdr,other-busy,0,True,0.27,0.38,echo_ms,98,0.480984
latency,herdr,other-busy,0,True,0.27,0.38,echo_ms,99,0.438502
latency,herdr,other-busy,0,True,0.27,0.38,timeouts,,0
latency,thurbox,other-busy,0,True,0.38,0.63,echo_ms,0,2.269878
latency,thurbox,other-busy,0,True,0.38,0.63,echo_ms,1,2.84848
latency,thurbox,other-busy,0,True,0.38,0.63,echo_ms,2,2.561372
latency,thurbox,other-busy,0,True,0.38,0.63,echo_ms,3,2.172313
latency,thurbox,other-busy,0,True,0.38,0.63,echo_ms,4,1.605359
latency,thurbox,other-busy,0,True,0.38,0.63,echo_ms,5,2.169967
latency,thurbox,other-busy,0,True,0.38,0.63,echo_ms,6,1.920825
latency,thurbox,other-busy,0,True,0.38,0.63,echo_ms,7,1.506588
latency,thurbox,other-busy,0,True,0.38,0.63,echo_ms,8,1.928411
latency,thurbox,other-busy,0,True,0.38,0.63,echo_ms,9,1.864759
latency,thurbox,other-busy,0,True,0.38,0.63,echo_ms,10,2.547299
latency,thurbox,other-busy,0,True,0.38,0.63,echo_ms,11,1.654986
latency,thurbox,other-busy,0,True,0.38,0.63,echo_ms,12,2.056211
latency,thurbox,other-busy,0,True,0.38,0.63,echo_ms,13,1.646807
latency,thurbox,other-busy,0,True,0.38,0.63,echo_ms,14,1.871932
latency,thurbox,other-busy,0,True,0.38,0.63,echo_ms,15,2.010995
latency,thurbox,other-busy,0,True,0.38,0.63,echo_ms,16,2.030491
latency,thurbox,other-busy,0,True,0.38,0.63,echo_ms,17,4.166642
latency,thurbox,other-busy,0,True,0.38,0.63,echo_ms,18,1.468106
latency,thurbox,other-busy,0,True,0.38,0.63,echo_ms,19,2.187784
latency,thurbox,other-busy,0,True,0.38,0.63,echo_ms,20,1.689426
latency,thurbox,other-busy,0,True,0.38,0.63,echo_ms,21,1.770324
latency,thurbox,other-busy,0,True,0.38,0.63,echo_ms,22,1.959282
latency,thurbox,other-busy,0,True,0.38,0.63,echo_ms,23,2.239453
latency,thurbox,other-busy,0,True,0.38,0.63,echo_ms,24,1.857433
latency,thurbox,other-busy,0,True,0.38,0.63,echo_ms,25,1.598179
latency,thurbox,other-busy,0,True,0.38,0.63,echo_ms,26,1.63434
latency,thurbox,other-busy,0,True,0.38,0.63,echo_ms,27,3.206714
latency,thurbox,other-busy,0,True,0.38,0.63,echo_ms,28,1.597241
latency,thurbox,other-busy,0,True,0.38,0.63,echo_ms,29,1.669317
latency,thurbox,other-busy,0,True,0.38,0.63,echo_ms,30,3.300458
latency,thurbox,other-busy,0,True,0.38,0.63,echo_ms,31,2.012656
latency,thurbox,other-busy,0,True,0.38,0.63,echo_ms,32,1.878004
latency,thurbox,other-busy,0,True,0.38,0.63,echo_ms,33,1.987023
latency,thurbox,other-busy,0,True,0.38,0.63,echo_ms,34,1.397052
latency,thurbox,other-busy,0,True,0.38,0.63,echo_ms,35,3.778118
latency,thurbox,other-busy,0,True,0.38,0.63,echo_ms,36,2.311884
latency,thurbox,other-busy,0,True,0.38,0.63,echo_ms,37,2.186312
latency,thurbox,other-busy,0,True,0.38,0.63,echo_ms,38,1.860695
latency,thurbox,other-busy,0,True,0.38,0.63,echo_ms,39,1.905111
latency,thurbox,other-busy,0,True,0.38,0.63,echo_ms,40,2.046831
latency,thurbox,other-busy,0,True,0.38,0.63,echo_ms,41,2.330466
latency,thurbox,other-busy,0,True,0.38,0.63,echo_ms,42,1.807465
latency,thurbox,other-busy,0,True,0.38,0.63,echo_ms,43,2.117957
latency,thurbox,other-busy,0,True,0.38,0.63,echo_ms,44,2.357774
latency,thurbox,other-busy,0,True,0.38,0.63,echo_ms,45,2.383842
latency,thurbox,other-busy,0,True,0.38,0.63,echo_ms,46,1.442096
latency,thurbox,other-busy,0,True,0.38,0.63,echo_ms,47,1.681567
latency,thurbox,other-busy,0,True,0.38,0.63,echo_ms,48,2.37564
latency,thurbox,other-busy,0,True,0.38,0.63,echo_ms,49,1.556682
latency,thurbox,other-busy,0,True,0.38,0.63,echo_ms,50,2.124179
latency,thurbox,other-busy,0,True,0.38,0.63,echo_ms,51,2.619944
latency,thurbox,other-busy,0,True,0.38,0.63,echo_ms,52,1.546061
latency,thurbox,other-busy,0,True,0.38,0.63,echo_ms,53,2.835434
latency,thurbox,other-busy,0,True,0.38,0.63,echo_ms,54,2.510653
latency,thurbox,other-busy,0,True,0.38,0.63,echo_ms,55,3.604791
latency,thurbox,other-busy,0,True,0.38,0.63,echo_ms,56,1.641541
latency,thurbox,other-busy,0,True,0.38,0.63,echo_ms,57,2.025682
latency,thurbox,other-busy,0,True,0.38,0.63,echo_ms,58,1.783968
latency,thurbox,other-busy,0,True,0.38,0.63,echo_ms,59,1.688338
latency,thurbox,other-busy,0,True,0.38,0.63,echo_ms,60,2.357226
latency,thurbox,other-busy,0,True,0.38,0.63,echo_ms,61,1.668582
latency,thurbox,other-busy,0,True,0.38,0.63,echo_ms,62,1.644936
latency,thurbox,other-busy,0,True,0.38,0.63,echo_ms,63,1.874024
latency,thurbox,other-busy,0,True,0.38,0.63,echo_ms,64,1.478989
latency,thurbox,other-busy,0,True,0.38,0.63,echo_ms,65,1.495233
latency,thurbox,other-busy,0,True,0.38,0.63,echo_ms,66,1.454446
latency,thurbox,other-busy,0,True,0.38,0.63,echo_ms,67,3.629755
latency,thurbox,other-busy,0,True,0.38,0.63,echo_ms,68,2.199259
latency,thurbox,other-busy,0,True,0.38,0.63,echo_ms,69,1.977775
latency,thurbox,other-busy,0,True,0.38,0.63,echo_ms,70,2.093941
latency,thurbox,other-busy,0,True,0.38,0.63,echo_ms,71,2.037487
latency,thurbox,other-busy,0,True,0.38,0.63,echo_ms,72,2.248823
latency,thurbox,other-busy,0,True,0.38,0.63,echo_ms,73,1.754609
latency,thurbox,other-busy,0,True,0.38,0.63,echo_ms,74,1.678584
latency,thurbox,other-busy,0,True,0.38,0.63,echo_ms,75,3.017416
latency,thurbox,other-busy,0,True,0.38,0.63,echo_ms,76,1.559512
latency,thurbox,other-busy,0,True,0.38,0.63,echo_ms,77,1.512128
latency,thurbox,other-busy,0,True,0.38,0.63,echo_ms,78,1.068155
latency,thurbox,other-busy,0,True,0.38,0.63,echo_ms,79,2.734508
latency,thurbox,other-busy,0,True,0.38,0.63,echo_ms,80,2.436468
latency,thurbox,other-busy,0,True,0.38,0.63,echo_ms,81,2.084329
latency,thurbox,other-busy,0,True,0.38,0.63,echo_ms,82,1.421302
latency,thurbox,other-busy,0,True,0.38,0.63,echo_ms,83,1.559519
latency,thurbox,other-busy,0,True,0.38,0.63,echo_ms,84,2.991752
latency,thurbox,other-busy,0,True,0.38,0.63,echo_ms,85,1.750166
latency,thurbox,other-busy,0,True,0.38,0.63,echo_ms,86,1.680659
latency,thurbox,other-busy,0,True,0.38,0.63,echo_ms,87,2.240642
latency,thurbox,other-busy,0,True,0.38,0.63,echo_ms,88,1.811865
latency,thurbox,other-busy,0,True,0.38,0.63,echo_ms,89,2.026449
latency,thurbox,other-busy,0,True,0.38,0.63,echo_ms,90,1.779564
latency,thurbox,other-busy,0,True,0.38,0.63,echo_ms,91,1.42195
latency,thurbox,other-busy,0,True,0.38,0.63,echo_ms,92,5.163999
latency,thurbox,other-busy,0,True,0.38,0.63,echo_ms,93,1.721464
latency,thurbox,other-busy,0,True,0.38,0.63,echo_ms,94,1.973286
latency,thurbox,other-busy,0,True,0.38,0.63,echo_ms,95,2.090517
latency,thurbox,other-busy,0,True,0.38,0.63,echo_ms,96,1.851295
latency,thurbox,other-busy,0,True,0.38,0.63,echo_ms,97,2.227815
latency,thurbox,other-busy,0,True,0.38,0.63,echo_ms,98,1.925848
latency,thurbox,other-busy,0,True,0.38,0.63,echo_ms,99,2.102951
latency,thurbox,other-busy,0,True,0.38,0.63,timeouts,,0
latency,tmux,other-busy,1,False,0.63,0.69,echo_ms,0,0.78139
latency,tmux,other-busy,1,False,0.63,0.69,echo_ms,1,0.587376
latency,tmux,other-busy,1,False,0.63,0.69,echo_ms,2,0.751494
latency,tmux,other-busy,1,False,0.63,0.69,echo_ms,3,0.814373
latency,tmux,other-busy,1,False,0.63,0.69,echo_ms,4,0.731491
latency,tmux,other-busy,1,False,0.63,0.69,echo_ms,5,0.705376
latency,tmux,other-busy,1,False,0.63,0.69,echo_ms,6,0.796911
latency,tmux,other-busy,1,False,0.63,0.69,echo_ms,7,0.714391
latency,tmux,other-busy,1,False,0.63,0.69,echo_ms,8,0.921861
latency,tmux,other-busy,1,False,0.63,0.69,echo_ms,9,0.710304
latency,tmux,other-busy,1,False,0.63,0.69,echo_ms,10,0.69977
latency,tmux,other-busy,1,False,0.63,0.69,echo_ms,11,0.836818
latency,tmux,other-busy,1,False,0.63,0.69,echo_ms,12,0.709291
latency,tmux,other-busy,1,False,0.63,0.69,echo_ms,13,0.83446
latency,tmux,other-busy,1,False,0.63,0.69,echo_ms,14,0.865554
latency,tmux,other-busy,1,False,0.63,0.69,echo_ms,15,0.786256
latency,tmux,other-busy,1,False,0.63,0.69,echo_ms,16,0.77585
latency,tmux,other-busy,1,False,0.63,0.69,echo_ms,17,0.767749
latency,tmux,other-busy,1,False,0.63,0.69,echo_ms,18,0.851012
latency,tmux,other-busy,1,False,0.63,0.69,echo_ms,19,0.735062
latency,tmux,other-busy,1,False,0.63,0.69,echo_ms,20,0.703475
latency,tmux,other-busy,1,False,0.63,0.69,echo_ms,21,0.664564
latency,tmux,other-busy,1,False,0.63,0.69,echo_ms,22,0.559917
latency,tmux,other-busy,1,False,0.63,0.69,echo_ms,23,0.553143
latency,tmux,other-busy,1,False,0.63,0.69,echo_ms,24,0.6597
latency,tmux,other-busy,1,False,0.63,0.69,echo_ms,25,0.688542
latency,tmux,other-busy,1,False,0.63,0.69,echo_ms,26,0.553565
latency,tmux,other-busy,1,False,0.63,0.69,echo_ms,27,0.815187
latency,tmux,other-busy,1,False,0.63,0.69,echo_ms,28,0.818754
latency,tmux,other-busy,1,False,0.63,0.69,echo_ms,29,0.694104
latency,tmux,other-busy,1,False,0.63,0.69,echo_ms,30,0.688484
latency,tmux,other-busy,1,False,0.63,0.69,echo_ms,31,1.074053
latency,tmux,other-busy,1,False,0.63,0.69,echo_ms,32,0.827957
latency,tmux,other-busy,1,False,0.63,0.69,echo_ms,33,0.641013
latency,tmux,other-busy,1,False,0.63,0.69,echo_ms,34,0.707099
latency,tmux,other-busy,1,False,0.63,0.69,echo_ms,35,0.851038
latency,tmux,other-busy,1,False,0.63,0.69,echo_ms,36,0.726263
latency,tmux,other-busy,1,False,0.63,0.69,echo_ms,37,0.66561
latency,tmux,other-busy,1,False,0.63,0.69,echo_ms,38,0.598059
latency,tmux,other-busy,1,False,0.63,0.69,echo_ms,39,0.824948
latency,tmux,other-busy,1,False,0.63,0.69,echo_ms,40,0.815986
latency,tmux,other-busy,1,False,0.63,0.69,echo_ms,41,0.764684
latency,tmux,other-busy,1,False,0.63,0.69,echo_ms,42,0.928922
latency,tmux,other-busy,1,False,0.63,0.69,echo_ms,43,0.806388
latency,tmux,other-busy,1,False,0.63,0.69,echo_ms,44,0.656495
latency,tmux,other-busy,1,False,0.63,0.69,echo_ms,45,0.882935
latency,tmux,other-busy,1,False,0.63,0.69,echo_ms,46,0.60339
latency,tmux,other-busy,1,False,0.63,0.69,echo_ms,47,0.80777
latency,tmux,other-busy,1,False,0.63,0.69,echo_ms,48,0.741828
latency,tmux,other-busy,1,False,0.63,0.69,echo_ms,49,0.601947
latency,tmux,other-busy,1,False,0.63,0.69,echo_ms,50,0.754709
latency,tmux,other-busy,1,False,0.63,0.69,echo_ms,51,0.624523
latency,tmux,other-busy,1,False,0.63,0.69,echo_ms,52,0.560169
latency,tmux,other-busy,1,False,0.63,0.69,echo_ms,53,0.840909
latency,tmux,other-busy,1,False,0.63,0.69,echo_ms,54,0.701876
latency,tmux,other-busy,1,False,0.63,0.69,echo_ms,55,0.796099
latency,tmux,other-busy,1,False,0.63,0.69,echo_ms,56,0.870554
latency,tmux,other-busy,1,False,0.63,0.69,echo_ms,57,0.76976
latency,tmux,other-busy,1,False,0.63,0.69,echo_ms,58,0.834511
latency,tmux,other-busy,1,False,0.63,0.69,echo_ms,59,0.726709
latency,tmux,other-busy,1,False,0.63,0.69,echo_ms,60,0.83314
latency,tmux,other-busy,1,False,0.63,0.69,echo_ms,61,0.716867
latency,tmux,other-busy,1,False,0.63,0.69,echo_ms,62,0.714183
latency,tmux,other-busy,1,False,0.63,0.69,echo_ms,63,0.784346
latency,tmux,other-busy,1,False,0.63,0.69,echo_ms,64,0.680915
latency,tmux,other-busy,1,False,0.63,0.69,echo_ms,65,0.728644
latency,tmux,other-busy,1,False,0.63,0.69,echo_ms,66,0.285936
latency,tmux,other-busy,1,False,0.63,0.69,echo_ms,67,0.645145
latency,tmux,other-busy,1,False,0.63,0.69,echo_ms,68,0.646546
latency,tmux,other-busy,1,False,0.63,0.69,echo_ms,69,0.774463
latency,tmux,other-busy,1,False,0.63,0.69,echo_ms,70,0.777968
latency,tmux,other-busy,1,False,0.63,0.69,echo_ms,71,0.672727
latency,tmux,other-busy,1,False,0.63,0.69,echo_ms,72,0.684844
latency,tmux,other-busy,1,False,0.63,0.69,echo_ms,73,0.938361
latency,tmux,other-busy,1,False,0.63,0.69,echo_ms,74,0.753541
latency,tmux,other-busy,1,False,0.63,0.69,echo_ms,75,0.813566
latency,tmux,other-busy,1,False,0.63,0.69,echo_ms,76,0.696278
latency,tmux,other-busy,1,False,0.63,0.69,echo_ms,77,0.737582
latency,tmux,other-busy,1,False,0.63,0.69,echo_ms,78,0.655749
latency,tmux,other-busy,1,False,0.63,0.69,echo_ms,79,0.583972
latency,tmux,other-busy,1,False,0.63,0.69,echo_ms,80,0.744241
latency,tmux,other-busy,1,False,0.63,0.69,echo_ms,81,0.692719
latency,tmux,other-busy,1,False,0.63,0.69,echo_ms,82,0.692262
latency,tmux,other-busy,1,False,0.63,0.69,echo_ms,83,0.600833
latency,tmux,other-busy,1,False,0.63,0.69,echo_ms,84,0.701768
latency,tmux,other-busy,1,False,0.63,0.69,echo_ms,85,0.824359
latency,tmux,other-busy,1,False,0.63,0.69,echo_ms,86,0.982891
latency,tmux,other-busy,1,False,0.63,0.69,echo_ms,87,0.945181
latency,tmux,other-busy,1,False,0.63,0.69,echo_ms,88,0.892837
latency,tmux,other-busy,1,False,0.63,0.69,echo_ms,89,0.770592
latency,tmux,other-busy,1,False,0.63,0.69,echo_ms,90,0.899851
latency,tmux,other-busy,1,False,0.63,0.69,echo_ms,91,0.680218
latency,tmux,other-busy,1,False,0.63,0.69,echo_ms,92,0.700631
latency,tmux,other-busy,1,False,0.63,0.69,echo_ms,93,0.689128
latency,tmux,other-busy,1,False,0.63,0.69,echo_ms,94,0.659989
latency,tmux,other-busy,1,False,0.63,0.69,echo_ms,95,0.757195
latency,tmux,other-busy,1,False,0.63,0.69,echo_ms,96,0.79963
latency,tmux,other-busy,1,False,0.63,0.69,echo_ms,97,0.698411
latency,tmux,other-busy,1,False,0.63,0.69,echo_ms,98,0.794491
latency,tmux,other-busy,1,False,0.63,0.69,echo_ms,99,1.019171
latency,tmux,other-busy,1,False,0.63,0.69,timeouts,,0
latency,herdr,other-busy,1,False,0.69,0.71,echo_ms,0,0.464916
latency,herdr,other-busy,1,False,0.69,0.71,echo_ms,1,0.607628
latency,herdr,other-busy,1,False,0.69,0.71,echo_ms,2,0.42078
latency,herdr,other-busy,1,False,0.69,0.71,echo_ms,3,0.475899
latency,herdr,other-busy,1,False,0.69,0.71,echo_ms,4,0.424694
latency,herdr,other-busy,1,False,0.69,0.71,echo_ms,5,0.483437
latency,herdr,other-busy,1,False,0.69,0.71,echo_ms,6,0.463938
latency,herdr,other-busy,1,False,0.69,0.71,echo_ms,7,0.448998
latency,herdr,other-busy,1,False,0.69,0.71,echo_ms,8,0.440373
latency,herdr,other-busy,1,False,0.69,0.71,echo_ms,9,0.460344
latency,herdr,other-busy,1,False,0.69,0.71,echo_ms,10,0.464868
latency,herdr,other-busy,1,False,0.69,0.71,echo_ms,11,0.50019
latency,herdr,other-busy,1,False,0.69,0.71,echo_ms,12,0.454378
latency,herdr,other-busy,1,False,0.69,0.71,echo_ms,13,0.410915
latency,herdr,other-busy,1,False,0.69,0.71,echo_ms,14,0.403371
latency,herdr,other-busy,1,False,0.69,0.71,echo_ms,15,0.848092
latency,herdr,other-busy,1,False,0.69,0.71,echo_ms,16,0.41849
latency,herdr,other-busy,1,False,0.69,0.71,echo_ms,17,0.44231
latency,herdr,other-busy,1,False,0.69,0.71,echo_ms,18,0.464457
latency,herdr,other-busy,1,False,0.69,0.71,echo_ms,19,0.476578
latency,herdr,other-busy,1,False,0.69,0.71,echo_ms,20,0.570524
latency,herdr,other-busy,1,False,0.69,0.71,echo_ms,21,0.550756
latency,herdr,other-busy,1,False,0.69,0.71,echo_ms,22,0.462081
latency,herdr,other-busy,1,False,0.69,0.71,echo_ms,23,0.507284
latency,herdr,other-busy,1,False,0.69,0.71,echo_ms,24,0.429617
latency,herdr,other-busy,1,False,0.69,0.71,echo_ms,25,0.421628
latency,herdr,other-busy,1,False,0.69,0.71,echo_ms,26,0.585911
latency,herdr,other-busy,1,False,0.69,0.71,echo_ms,27,0.500259
latency,herdr,other-busy,1,False,0.69,0.71,echo_ms,28,0.425309
latency,herdr,other-busy,1,False,0.69,0.71,echo_ms,29,0.444078
latency,herdr,other-busy,1,False,0.69,0.71,echo_ms,30,0.511928
latency,herdr,other-busy,1,False,0.69,0.71,echo_ms,31,0.528996
latency,herdr,other-busy,1,False,0.69,0.71,echo_ms,32,0.502418
latency,herdr,other-busy,1,False,0.69,0.71,echo_ms,33,0.460429
latency,herdr,other-busy,1,False,0.69,0.71,echo_ms,34,0.47012
latency,herdr,other-busy,1,False,0.69,0.71,echo_ms,35,0.442232
latency,herdr,other-busy,1,False,0.69,0.71,echo_ms,36,0.428813
latency,herdr,other-busy,1,False,0.69,0.71,echo_ms,37,0.573987
latency,herdr,other-busy,1,False,0.69,0.71,echo_ms,38,0.480248
latency,herdr,other-busy,1,False,0.69,0.71,echo_ms,39,0.469222
latency,herdr,other-busy,1,False,0.69,0.71,echo_ms,40,0.471793
latency,herdr,other-busy,1,False,0.69,0.71,echo_ms,41,0.421042
latency,herdr,other-busy,1,False,0.69,0.71,echo_ms,42,0.416207
latency,herdr,other-busy,1,False,0.69,0.71,echo_ms,43,0.448093
latency,herdr,other-busy,1,False,0.69,0.71,echo_ms,44,0.442151
latency,herdr,other-busy,1,False,0.69,0.71,echo_ms,45,0.470941
latency,herdr,other-busy,1,False,0.69,0.71,echo_ms,46,0.573582
latency,herdr,other-busy,1,False,0.69,0.71,echo_ms,47,0.438103
latency,herdr,other-busy,1,False,0.69,0.71,echo_ms,48,0.419437
latency,herdr,other-busy,1,False,0.69,0.71,echo_ms,49,0.464912
latency,herdr,other-busy,1,False,0.69,0.71,echo_ms,50,0.458424
latency,herdr,other-busy,1,False,0.69,0.71,echo_ms,51,0.452997
latency,herdr,other-busy,1,False,0.69,0.71,echo_ms,52,0.485956
latency,herdr,other-busy,1,False,0.69,0.71,echo_ms,53,0.448354
latency,herdr,other-busy,1,False,0.69,0.71,echo_ms,54,0.471891
latency,herdr,other-busy,1,False,0.69,0.71,echo_ms,55,0.459836
latency,herdr,other-busy,1,False,0.69,0.71,echo_ms,56,0.689594
latency,herdr,other-busy,1,False,0.69,0.71,echo_ms,57,0.439556
latency,herdr,other-busy,1,False,0.69,0.71,echo_ms,58,0.428571
latency,herdr,other-busy,1,False,0.69,0.71,echo_ms,59,0.466964
latency,herdr,other-busy,1,False,0.69,0.71,echo_ms,60,0.438124
latency,herdr,other-busy,1,False,0.69,0.71,echo_ms,61,0.440724
latency,herdr,other-busy,1,False,0.69,0.71,echo_ms,62,0.446351
latency,herdr,other-busy,1,False,0.69,0.71,echo_ms,63,0.421591
latency,herdr,other-busy,1,False,0.69,0.71,echo_ms,64,0.431563
latency,herdr,other-busy,1,False,0.69,0.71,echo_ms,65,0.417321
latency,herdr,other-busy,1,False,0.69,0.71,echo_ms,66,0.430667
latency,herdr,other-busy,1,False,0.69,0.71,echo_ms,67,0.547386
latency,herdr,other-busy,1,False,0.69,0.71,echo_ms,68,0.491133
latency,herdr,other-busy,1,False,0.69,0.71,echo_ms,69,0.435508
latency,herdr,other-busy,1,False,0.69,0.71,echo_ms,70,0.505453
latency,herdr,other-busy,1,False,0.69,0.71,echo_ms,71,0.434761
latency,herdr,other-busy,1,False,0.69,0.71,echo_ms,72,0.488544
latency,herdr,other-busy,1,False,0.69,0.71,echo_ms,73,0.535102
latency,herdr,other-busy,1,False,0.69,0.71,echo_ms,74,0.458586
latency,herdr,other-busy,1,False,0.69,0.71,echo_ms,75,0.493907
latency,herdr,other-busy,1,False,0.69,0.71,echo_ms,76,0.47662
latency,herdr,other-busy,1,False,0.69,0.71,echo_ms,77,0.492752
latency,herdr,other-busy,1,False,0.69,0.71,echo_ms,78,0.423114
latency,herdr,other-busy,1,False,0.69,0.71,echo_ms,79,0.495349
latency,herdr,other-busy,1,False,0.69,0.71,echo_ms,80,0.496466
latency,herdr,other-busy,1,False,0.69,0.71,echo_ms,81,0.505262
latency,herdr,other-busy,1,False,0.69,0.71,echo_ms,82,0.438878
latency,herdr,other-busy,1,False,0.69,0.71,echo_ms,83,0.557513
latency,herdr,other-busy,1,False,0.69,0.71,echo_ms,84,0.567612
latency,herdr,other-busy,1,False,0.69,0.71,echo_ms,85,0.393358
latency,herdr,other-busy,1,False,0.69,0.71,echo_ms,86,1.183209
latency,herdr,other-busy,1,False,0.69,0.71,echo_ms,87,0.529329
latency,herdr,other-busy,1,False,0.69,0.71,echo_ms,88,0.599115
latency,herdr,other-busy,1,False,0.69,0.71,echo_ms,89,0.457879
latency,herdr,other-busy,1,False,0.69,0.71,echo_ms,90,0.421313
latency,herdr,other-busy,1,False,0.69,0.71,echo_ms,91,0.438639
latency,herdr,other-busy,1,False,0.69,0.71,echo_ms,92,0.491886
latency,herdr,other-busy,1,False,0.69,0.71,echo_ms,93,0.462367
latency,herdr,other-busy,1,False,0.69,0.71,echo_ms,94,2.149985
latency,herdr,other-busy,1,False,0.69,0.71,echo_ms,95,0.414922
latency,herdr,other-busy,1,False,0.69,0.71,echo_ms,96,0.447512
latency,herdr,other-busy,1,False,0.69,0.71,echo_ms,97,0.442614
latency,herdr,other-busy,1,False,0.69,0.71,echo_ms,98,0.47403
latency,herdr,other-busy,1,False,0.69,0.71,echo_ms,99,0.466775
latency,herdr,other-busy,1,False,0.69,0.71,timeouts,,0
latency,thurbox,other-busy,1,False,0.65,0.76,echo_ms,0,2.179444
latency,thurbox,other-busy,1,False,0.65,0.76,echo_ms,1,2.161103
latency,thurbox,other-busy,1,False,0.65,0.76,echo_ms,2,1.477713
latency,thurbox,other-busy,1,False,0.65,0.76,echo_ms,3,2.037462
latency,thurbox,other-busy,1,False,0.65,0.76,echo_ms,4,1.846193
latency,thurbox,other-busy,1,False,0.65,0.76,echo_ms,5,2.110626
latency,thurbox,other-busy,1,False,0.65,0.76,echo_ms,6,1.576165
latency,thurbox,other-busy,1,False,0.65,0.76,echo_ms,7,1.547854
latency,thurbox,other-busy,1,False,0.65,0.76,echo_ms,8,2.062591
latency,thurbox,other-busy,1,False,0.65,0.76,echo_ms,9,1.909229
latency,thurbox,other-busy,1,False,0.65,0.76,echo_ms,10,2.337088
latency,thurbox,other-busy,1,False,0.65,0.76,echo_ms,11,1.711178
latency,thurbox,other-busy,1,False,0.65,0.76,echo_ms,12,1.394365
latency,thurbox,other-busy,1,False,0.65,0.76,echo_ms,13,4.503359
latency,thurbox,other-busy,1,False,0.65,0.76,echo_ms,14,1.760611
latency,thurbox,other-busy,1,False,0.65,0.76,echo_ms,15,1.513887
latency,thurbox,other-busy,1,False,0.65,0.76,echo_ms,16,1.70206
latency,thurbox,other-busy,1,False,0.65,0.76,echo_ms,17,2.039365
latency,thurbox,other-busy,1,False,0.65,0.76,echo_ms,18,1.721221
latency,thurbox,other-busy,1,False,0.65,0.76,echo_ms,19,1.688934
latency,thurbox,other-busy,1,False,0.65,0.76,echo_ms,20,2.275667
latency,thurbox,other-busy,1,False,0.65,0.76,echo_ms,21,2.42681
latency,thurbox,other-busy,1,False,0.65,0.76,echo_ms,22,1.829006
latency,thurbox,other-busy,1,False,0.65,0.76,echo_ms,23,1.967108
latency,thurbox,other-busy,1,False,0.65,0.76,echo_ms,24,2.302242
latency,thurbox,other-busy,1,False,0.65,0.76,echo_ms,25,1.594677
latency,thurbox,other-busy,1,False,0.65,0.76,echo_ms,26,1.560367
latency,thurbox,other-busy,1,False,0.65,0.76,echo_ms,27,1.683895
latency,thurbox,other-busy,1,False,0.65,0.76,echo_ms,28,3.562459
latency,thurbox,other-busy,1,False,0.65,0.76,echo_ms,29,1.676345
latency,thurbox,other-busy,1,False,0.65,0.76,echo_ms,30,2.19899
latency,thurbox,other-busy,1,False,0.65,0.76,echo_ms,31,1.929194
latency,thurbox,other-busy,1,False,0.65,0.76,echo_ms,32,1.78483
latency,thurbox,other-busy,1,False,0.65,0.76,echo_ms,33,1.54702
latency,thurbox,other-busy,1,False,0.65,0.76,echo_ms,34,2.108488
latency,thurbox,other-busy,1,False,0.65,0.76,echo_ms,35,2.010271
latency,thurbox,other-busy,1,False,0.65,0.76,echo_ms,36,2.883096
latency,thurbox,other-busy,1,False,0.65,0.76,echo_ms,37,1.804937
latency,thurbox,other-busy,1,False,0.65,0.76,echo_ms,38,2.156096
latency,thurbox,other-busy,1,False,0.65,0.76,echo_ms,39,3.9343
latency,thurbox,other-busy,1,False,0.65,0.76,echo_ms,40,1.425623
latency,thurbox,other-busy,1,False,0.65,0.76,echo_ms,41,3.279737
latency,thurbox,other-busy,1,False,0.65,0.76,echo_ms,42,2.18695
latency,thurbox,other-busy,1,False,0.65,0.76,echo_ms,43,1.833038
latency,thurbox,other-busy,1,False,0.65,0.76,echo_ms,44,1.874463
latency,thurbox,other-busy,1,False,0.65,0.76,echo_ms,45,3.908671
latency,thurbox,other-busy,1,False,0.65,0.76,echo_ms,46,1.779815
latency,thurbox,other-busy,1,False,0.65,0.76,echo_ms,47,1.606219
latency,thurbox,other-busy,1,False,0.65,0.76,echo_ms,48,2.325862
latency,thurbox,other-busy,1,False,0.65,0.76,echo_ms,49,2.357647
latency,thurbox,other-busy,1,False,0.65,0.76,echo_ms,50,1.59988
latency,thurbox,other-busy,1,False,0.65,0.76,echo_ms,51,3.033916
latency,thurbox,other-busy,1,False,0.65,0.76,echo_ms,52,1.782931
latency,thurbox,other-busy,1,False,0.65,0.76,echo_ms,53,2.167173
latency,thurbox,other-busy,1,False,0.65,0.76,echo_ms,54,2.424533
latency,thurbox,other-busy,1,False,0.65,0.76,echo_ms,55,1.722573
latency,thurbox,other-busy,1,False,0.65,0.76,echo_ms,56,2.267658
latency,thurbox,other-busy,1,False,0.65,0.76,echo_ms,57,2.624607
latency,thurbox,other-busy,1,False,0.65,0.76,echo_ms,58,1.70852
latency,thurbox,other-busy,1,False,0.65,0.76,echo_ms,59,1.954647
latency,thurbox,other-busy,1,False,0.65,0.76,echo_ms,60,1.683573
latency,thurbox,other-busy,1,False,0.65,0.76,echo_ms,61,3.333836
latency,thurbox,other-busy,1,False,0.65,0.76,echo_ms,62,1.917757
latency,thurbox,other-busy,1,False,0.65,0.76,echo_ms,63,2.067793
latency,thurbox,other-busy,1,False,0.65,0.76,echo_ms,64,2.486455
latency,thurbox,other-busy,1,False,0.65,0.76,echo_ms,65,1.972219
latency,thurbox,other-busy,1,False,0.65,0.76,echo_ms,66,2.002854
latency,thurbox,other-busy,1,False,0.65,0.76,echo_ms,67,1.822349
latency,thurbox,other-busy,1,False,0.65,0.76,echo_ms,68,2.233934
latency,thurbox,other-busy,1,False,0.65,0.76,echo_ms,69,2.785877
latency,thurbox,other-busy,1,False,0.65,0.76,echo_ms,70,1.735535
latency,thurbox,other-busy,1,False,0.65,0.76,echo_ms,71,1.84627
latency,thurbox,other-busy,1,False,0.65,0.76,echo_ms,72,1.769174
latency,thurbox,other-busy,1,False,0.65,0.76,echo_ms,73,2.340671
latency,thurbox,other-busy,1,False,0.65,0.76,echo_ms,74,1.82142
latency,thurbox,other-busy,1,False,0.65,0.76,echo_ms,75,2.047837
latency,thurbox,other-busy,1,False,0.65,0.76,echo_ms,76,2.042445
latency,thurbox,other-busy,1,False,0.65,0.76,echo_ms,77,2.436446
latency,thurbox,other-busy,1,False,0.65,0.76,echo_ms,78,2.00484
latency,thurbox,other-busy,1,False,0.65,0.76,echo_ms,79,2.133926
latency,thurbox,other-busy,1,False,0.65,0.76,echo_ms,80,1.429712
latency,thurbox,other-busy,1,False,0.65,0.76,echo_ms,81,1.540697
latency,thurbox,other-busy,1,False,0.65,0.76,echo_ms,82,1.907383
latency,thurbox,other-busy,1,False,0.65,0.76,echo_ms,83,1.587995
latency,thurbox,other-busy,1,False,0.65,0.76,echo_ms,84,1.388329
latency,thurbox,other-busy,1,False,0.65,0.76,echo_ms,85,1.905832
latency,thurbox,other-busy,1,False,0.65,0.76,echo_ms,86,3.587864
latency,thurbox,other-busy,1,False,0.65,0.76,echo_ms,87,2.120579
latency,thurbox,other-busy,1,False,0.65,0.76,echo_ms,88,1.93119
latency,thurbox,other-busy,1,False,0.65,0.76,echo_ms,89,1.891466
latency,thurbox,other-busy,1,False,0.65,0.76,echo_ms,90,2.296086
latency,thurbox,other-busy,1,False,0.65,0.76,echo_ms,91,1.544227
latency,thurbox,other-busy,1,False,0.65,0.76,echo_ms,92,2.168403
latency,thurbox,other-busy,1,False,0.65,0.76,echo_ms,93,2.684501
latency,thurbox,other-busy,1,False,0.65,0.76,echo_ms,94,1.968398
latency,thurbox,other-busy,1,False,0.65,0.76,echo_ms,95,1.534367
latency,thurbox,other-busy,1,False,0.65,0.76,echo_ms,96,3.528
latency,thurbox,other-busy,1,False,0.65,0.76,echo_ms,97,1.662553
latency,thurbox,other-busy,1,False,0.65,0.76,echo_ms,98,1.900103
latency,thurbox,other-busy,1,False,0.65,0.76,echo_ms,99,1.410846
latency,thurbox,other-busy,1,False,0.65,0.76,timeouts,,0
latency,tmux,other-busy,2,False,0.76,0.81,echo_ms,0,0.719475
latency,tmux,other-busy,2,False,0.76,0.81,echo_ms,1,0.616257
latency,tmux,other-busy,2,False,0.76,0.81,echo_ms,2,0.601269
latency,tmux,other-busy,2,False,0.76,0.81,echo_ms,3,0.680642
latency,tmux,other-busy,2,False,0.76,0.81,echo_ms,4,0.732237
latency,tmux,other-busy,2,False,0.76,0.81,echo_ms,5,0.679917
latency,tmux,other-busy,2,False,0.76,0.81,echo_ms,6,0.75389
latency,tmux,other-busy,2,False,0.76,0.81,echo_ms,7,0.860904
latency,tmux,other-busy,2,False,0.76,0.81,echo_ms,8,0.753183
latency,tmux,other-busy,2,False,0.76,0.81,echo_ms,9,0.585552
latency,tmux,other-busy,2,False,0.76,0.81,echo_ms,10,0.925107
latency,tmux,other-busy,2,False,0.76,0.81,echo_ms,11,0.790051
latency,tmux,other-busy,2,False,0.76,0.81,echo_ms,12,0.819027
latency,tmux,other-busy,2,False,0.76,0.81,echo_ms,13,1.057426
latency,tmux,other-busy,2,False,0.76,0.81,echo_ms,14,0.635719
latency,tmux,other-busy,2,False,0.76,0.81,echo_ms,15,0.896808
latency,tmux,other-busy,2,False,0.76,0.81,echo_ms,16,0.890236
latency,tmux,other-busy,2,False,0.76,0.81,echo_ms,17,0.882434
latency,tmux,other-busy,2,False,0.76,0.81,echo_ms,18,1.066444
latency,tmux,other-busy,2,False,0.76,0.81,echo_ms,19,0.933083
latency,tmux,other-busy,2,False,0.76,0.81,echo_ms,20,0.764586
latency,tmux,other-busy,2,False,0.76,0.81,echo_ms,21,0.729029
latency,tmux,other-busy,2,False,0.76,0.81,echo_ms,22,0.654273
latency,tmux,other-busy,2,False,0.76,0.81,echo_ms,23,0.730745
latency,tmux,other-busy,2,False,0.76,0.81,echo_ms,24,0.642376
latency,tmux,other-busy,2,False,0.76,0.81,echo_ms,25,0.641554
latency,tmux,other-busy,2,False,0.76,0.81,echo_ms,26,0.807426
latency,tmux,other-busy,2,False,0.76,0.81,echo_ms,27,0.80385
latency,tmux,other-busy,2,False,0.76,0.81,echo_ms,28,0.594588
latency,tmux,other-busy,2,False,0.76,0.81,echo_ms,29,0.840478
latency,tmux,other-busy,2,False,0.76,0.81,echo_ms,30,0.809276
latency,tmux,other-busy,2,False,0.76,0.81,echo_ms,31,0.738351
latency,tmux,other-busy,2,False,0.76,0.81,echo_ms,32,0.838325
latency,tmux,other-busy,2,False,0.76,0.81,echo_ms,33,0.822623
latency,tmux,other-busy,2,False,0.76,0.81,echo_ms,34,0.818372
latency,tmux,other-busy,2,False,0.76,0.81,echo_ms,35,0.778672
latency,tmux,other-busy,2,False,0.76,0.81,echo_ms,36,0.794811
latency,tmux,other-busy,2,False,0.76,0.81,echo_ms,37,0.720432
latency,tmux,other-busy,2,False,0.76,0.81,echo_ms,38,0.959645
latency,tmux,other-busy,2,False,0.76,0.81,echo_ms,39,0.692784
latency,tmux,other-busy,2,False,0.76,0.81,echo_ms,40,0.706613
latency,tmux,other-busy,2,False,0.76,0.81,echo_ms,41,0.859247
latency,tmux,other-busy,2,False,0.76,0.81,echo_ms,42,0.689161
latency,tmux,other-busy,2,False,0.76,0.81,echo_ms,43,0.707673
latency,tmux,other-busy,2,False,0.76,0.81,echo_ms,44,0.774349
latency,tmux,other-busy,2,False,0.76,0.81,echo_ms,45,0.983991
latency,tmux,other-busy,2,False,0.76,0.81,echo_ms,46,1.04495
latency,tmux,other-busy,2,False,0.76,0.81,echo_ms,47,0.723769
latency,tmux,other-busy,2,False,0.76,0.81,echo_ms,48,0.774603
latency,tmux,other-busy,2,False,0.76,0.81,echo_ms,49,0.810636
latency,tmux,other-busy,2,False,0.76,0.81,echo_ms,50,0.661043
latency,tmux,other-busy,2,False,0.76,0.81,echo_ms,51,0.76863
latency,tmux,other-busy,2,False,0.76,0.81,echo_ms,52,0.715329
latency,tmux,other-busy,2,False,0.76,0.81,echo_ms,53,0.616966
latency,tmux,other-busy,2,False,0.76,0.81,echo_ms,54,0.813284
latency,tmux,other-busy,2,False,0.76,0.81,echo_ms,55,0.753365
latency,tmux,other-busy,2,False,0.76,0.81,echo_ms,56,0.572594
latency,tmux,other-busy,2,False,0.76,0.81,echo_ms,57,0.602954
latency,tmux,other-busy,2,False,0.76,0.81,echo_ms,58,0.588834
latency,tmux,other-busy,2,False,0.76,0.81,echo_ms,59,0.717218
latency,tmux,other-busy,2,False,0.76,0.81,echo_ms,60,0.759826
latency,tmux,other-busy,2,False,0.76,0.81,echo_ms,61,0.921826
latency,tmux,other-busy,2,False,0.76,0.81,echo_ms,62,0.589249
latency,tmux,other-busy,2,False,0.76,0.81,echo_ms,63,0.57948
latency,tmux,other-busy,2,False,0.76,0.81,echo_ms,64,0.638172
latency,tmux,other-busy,2,False,0.76,0.81,echo_ms,65,0.631694
latency,tmux,other-busy,2,False,0.76,0.81,echo_ms,66,0.819784
latency,tmux,other-busy,2,False,0.76,0.81,echo_ms,67,0.913894
latency,tmux,other-busy,2,False,0.76,0.81,echo_ms,68,0.789783
latency,tmux,other-busy,2,False,0.76,0.81,echo_ms,69,0.897842
latency,tmux,other-busy,2,False,0.76,0.81,echo_ms,70,0.973383
latency,tmux,other-busy,2,False,0.76,0.81,echo_ms,71,0.786993
latency,tmux,other-busy,2,False,0.76,0.81,echo_ms,72,0.720228
latency,tmux,other-busy,2,False,0.76,0.81,echo_ms,73,0.842885
latency,tmux,other-busy,2,False,0.76,0.81,echo_ms,74,0.669611
latency,tmux,other-busy,2,False,0.76,0.81,echo_ms,75,0.593975
latency,tmux,other-busy,2,False,0.76,0.81,echo_ms,76,0.746912
latency,tmux,other-busy,2,False,0.76,0.81,echo_ms,77,0.770578
latency,tmux,other-busy,2,False,0.76,0.81,echo_ms,78,0.64538
latency,tmux,other-busy,2,False,0.76,0.81,echo_ms,79,0.953781
latency,tmux,other-busy,2,False,0.76,0.81,echo_ms,80,0.776787
latency,tmux,other-busy,2,False,0.76,0.81,echo_ms,81,0.536125
latency,tmux,other-busy,2,False,0.76,0.81,echo_ms,82,0.989054
latency,tmux,other-busy,2,False,0.76,0.81,echo_ms,83,0.709691
latency,tmux,other-busy,2,False,0.76,0.81,echo_ms,84,0.596282
latency,tmux,other-busy,2,False,0.76,0.81,echo_ms,85,0.82197
latency,tmux,other-busy,2,False,0.76,0.81,echo_ms,86,0.576095
latency,tmux,other-busy,2,False,0.76,0.81,echo_ms,87,0.83496
latency,tmux,other-busy,2,False,0.76,0.81,echo_ms,88,0.899655
latency,tmux,other-busy,2,False,0.76,0.81,echo_ms,89,0.728174
latency,tmux,other-busy,2,False,0.76,0.81,echo_ms,90,0.804463
latency,tmux,other-busy,2,False,0.76,0.81,echo_ms,91,0.812843
latency,tmux,other-busy,2,False,0.76,0.81,echo_ms,92,0.813887
latency,tmux,other-busy,2,False,0.76,0.81,echo_ms,93,0.963719
latency,tmux,other-busy,2,False,0.76,0.81,echo_ms,94,0.858077
latency,tmux,other-busy,2,False,0.76,0.81,echo_ms,95,0.645001
latency,tmux,other-busy,2,False,0.76,0.81,echo_ms,96,0.225032
latency,tmux,other-busy,2,False,0.76,0.81,echo_ms,97,0.876703
latency,tmux,other-busy,2,False,0.76,0.81,echo_ms,98,1.052625
latency,tmux,other-busy,2,False,0.76,0.81,echo_ms,99,0.730638
latency,tmux,other-busy,2,False,0.76,0.81,timeouts,,0
latency,herdr,other-busy,2,False,0.81,0.91,echo_ms,0,0.517682
latency,herdr,other-busy,2,False,0.81,0.91,echo_ms,1,0.509294
latency,herdr,other-busy,2,False,0.81,0.91,echo_ms,2,0.482247
latency,herdr,other-busy,2,False,0.81,0.91,echo_ms,3,0.443254
latency,herdr,other-busy,2,False,0.81,0.91,echo_ms,4,0.429472
latency,herdr,other-busy,2,False,0.81,0.91,echo_ms,5,0.446849
latency,herdr,other-busy,2,False,0.81,0.91,echo_ms,6,0.482768
latency,herdr,other-busy,2,False,0.81,0.91,echo_ms,7,0.518703
latency,herdr,other-busy,2,False,0.81,0.91,echo_ms,8,0.477008
latency,herdr,other-busy,2,False,0.81,0.91,echo_ms,9,0.439017
latency,herdr,other-busy,2,False,0.81,0.91,echo_ms,10,0.457248
latency,herdr,other-busy,2,False,0.81,0.91,echo_ms,11,0.433624
latency,herdr,other-busy,2,False,0.81,0.91,echo_ms,12,0.432593
latency,herdr,other-busy,2,False,0.81,0.91,echo_ms,13,0.43868
latency,herdr,other-busy,2,False,0.81,0.91,echo_ms,14,0.443464
latency,herdr,other-busy,2,False,0.81,0.91,echo_ms,15,0.479599
latency,herdr,other-busy,2,False,0.81,0.91,echo_ms,16,0.456591
latency,herdr,other-busy,2,False,0.81,0.91,echo_ms,17,0.437656
latency,herdr,other-busy,2,False,0.81,0.91,echo_ms,18,0.448266
latency,herdr,other-busy,2,False,0.81,0.91,echo_ms,19,0.472497
latency,herdr,other-busy,2,False,0.81,0.91,echo_ms,20,0.481014
latency,herdr,other-busy,2,False,0.81,0.91,echo_ms,21,0.470176
latency,herdr,other-busy,2,False,0.81,0.91,echo_ms,22,0.423147
latency,herdr,other-busy,2,False,0.81,0.91,echo_ms,23,0.479724
latency,herdr,other-busy,2,False,0.81,0.91,echo_ms,24,0.481939
latency,herdr,other-busy,2,False,0.81,0.91,echo_ms,25,0.428204
latency,herdr,other-busy,2,False,0.81,0.91,echo_ms,26,0.506586
latency,herdr,other-busy,2,False,0.81,0.91,echo_ms,27,0.465983
latency,herdr,other-busy,2,False,0.81,0.91,echo_ms,28,0.483572
latency,herdr,other-busy,2,False,0.81,0.91,echo_ms,29,0.479781
latency,herdr,other-busy,2,False,0.81,0.91,echo_ms,30,0.409051
latency,herdr,other-busy,2,False,0.81,0.91,echo_ms,31,0.5012
latency,herdr,other-busy,2,False,0.81,0.91,echo_ms,32,0.4689
latency,herdr,other-busy,2,False,0.81,0.91,echo_ms,33,0.548823
latency,herdr,other-busy,2,False,0.81,0.91,echo_ms,34,0.488563
latency,herdr,other-busy,2,False,0.81,0.91,echo_ms,35,0.432986
latency,herdr,other-busy,2,False,0.81,0.91,echo_ms,36,0.511128
latency,herdr,other-busy,2,False,0.81,0.91,echo_ms,37,0.503599
latency,herdr,other-busy,2,False,0.81,0.91,echo_ms,38,0.473877
latency,herdr,other-busy,2,False,0.81,0.91,echo_ms,39,0.472094
latency,herdr,other-busy,2,False,0.81,0.91,echo_ms,40,0.483822
latency,herdr,other-busy,2,False,0.81,0.91,echo_ms,41,0.605746
latency,herdr,other-busy,2,False,0.81,0.91,echo_ms,42,0.442942
latency,herdr,other-busy,2,False,0.81,0.91,echo_ms,43,0.443152
latency,herdr,other-busy,2,False,0.81,0.91,echo_ms,44,0.455644
latency,herdr,other-busy,2,False,0.81,0.91,echo_ms,45,0.483635
latency,herdr,other-busy,2,False,0.81,0.91,echo_ms,46,0.43969
latency,herdr,other-busy,2,False,0.81,0.91,echo_ms,47,0.425252
latency,herdr,other-busy,2,False,0.81,0.91,echo_ms,48,0.428441
latency,herdr,other-busy,2,False,0.81,0.91,echo_ms,49,0.447165
latency,herdr,other-busy,2,False,0.81,0.91,echo_ms,50,0.435022
latency,herdr,other-busy,2,False,0.81,0.91,echo_ms,51,0.419717
latency,herdr,other-busy,2,False,0.81,0.91,echo_ms,52,0.471329
latency,herdr,other-busy,2,False,0.81,0.91,echo_ms,53,0.484369
latency,herdr,other-busy,2,False,0.81,0.91,echo_ms,54,0.443664
latency,herdr,other-busy,2,False,0.81,0.91,echo_ms,55,0.459612
latency,herdr,other-busy,2,False,0.81,0.91,echo_ms,56,0.417612
latency,herdr,other-busy,2,False,0.81,0.91,echo_ms,57,0.412793
latency,herdr,other-busy,2,False,0.81,0.91,echo_ms,58,0.45385
latency,herdr,other-busy,2,False,0.81,0.91,echo_ms,59,0.42656
latency,herdr,other-busy,2,False,0.81,0.91,echo_ms,60,0.479427
latency,herdr,other-busy,2,False,0.81,0.91,echo_ms,61,0.415589
latency,herdr,other-busy,2,False,0.81,0.91,echo_ms,62,0.418082
latency,herdr,other-busy,2,False,0.81,0.91,echo_ms,63,0.541348
latency,herdr,other-busy,2,False,0.81,0.91,echo_ms,64,0.555465
latency,herdr,other-busy,2,False,0.81,0.91,echo_ms,65,0.435986
latency,herdr,other-busy,2,False,0.81,0.91,echo_ms,66,0.462193
latency,herdr,other-busy,2,False,0.81,0.91,echo_ms,67,0.476844
latency,herdr,other-busy,2,False,0.81,0.91,echo_ms,68,0.469
latency,herdr,other-busy,2,False,0.81,0.91,echo_ms,69,0.511446
latency,herdr,other-busy,2,False,0.81,0.91,echo_ms,70,0.43072
latency,herdr,other-busy,2,False,0.81,0.91,echo_ms,71,0.413148
latency,herdr,other-busy,2,False,0.81,0.91,echo_ms,72,0.555261
latency,herdr,other-busy,2,False,0.81,0.91,echo_ms,73,0.480525
latency,herdr,other-busy,2,False,0.81,0.91,echo_ms,74,0.42096
latency,herdr,other-busy,2,False,0.81,0.91,echo_ms,75,0.496074
latency,herdr,other-busy,2,False,0.81,0.91,echo_ms,76,0.416895
latency,herdr,other-busy,2,False,0.81,0.91,echo_ms,77,0.459953
latency,herdr,other-busy,2,False,0.81,0.91,echo_ms,78,0.482739
latency,herdr,other-busy,2,False,0.81,0.91,echo_ms,79,0.476083
latency,herdr,other-busy,2,False,0.81,0.91,echo_ms,80,0.473696
latency,herdr,other-busy,2,False,0.81,0.91,echo_ms,81,0.507912
latency,herdr,other-busy,2,False,0.81,0.91,echo_ms,82,0.418699
latency,herdr,other-busy,2,False,0.81,0.91,echo_ms,83,0.432112
latency,herdr,other-busy,2,False,0.81,0.91,echo_ms,84,0.425244
latency,herdr,other-busy,2,False,0.81,0.91,echo_ms,85,0.510617
latency,herdr,other-busy,2,False,0.81,0.91,echo_ms,86,0.422977
latency,herdr,other-busy,2,False,0.81,0.91,echo_ms,87,0.41851
latency,herdr,other-busy,2,False,0.81,0.91,echo_ms,88,0.47745
latency,herdr,other-busy,2,False,0.81,0.91,echo_ms,89,0.432333
latency,herdr,other-busy,2,False,0.81,0.91,echo_ms,90,0.423434
latency,herdr,other-busy,2,False,0.81,0.91,echo_ms,91,0.464395
latency,herdr,other-busy,2,False,0.81,0.91,echo_ms,92,0.423656
latency,herdr,other-busy,2,False,0.81,0.91,echo_ms,93,0.427451
latency,herdr,other-busy,2,False,0.81,0.91,echo_ms,94,0.468271
latency,herdr,other-busy,2,False,0.81,0.91,echo_ms,95,0.431488
latency,herdr,other-busy,2,False,0.81,0.91,echo_ms,96,0.441465
latency,herdr,other-busy,2,False,0.81,0.91,echo_ms,97,0.529939
latency,herdr,other-busy,2,False,0.81,0.91,echo_ms,98,0.475565
latency,herdr,other-busy,2,False,0.81,0.91,echo_ms,99,0.439425
latency,herdr,other-busy,2,False,0.81,0.91,timeouts,,0
latency,thurbox,other-busy,2,False,0.91,0.93,echo_ms,0,1.842619
latency,thurbox,other-busy,2,False,0.91,0.93,echo_ms,1,2.123203
latency,thurbox,other-busy,2,False,0.91,0.93,echo_ms,2,1.38632
latency,thurbox,other-busy,2,False,0.91,0.93,echo_ms,3,2.051761
latency,thurbox,other-busy,2,False,0.91,0.93,echo_ms,4,1.684837
latency,thurbox,other-busy,2,False,0.91,0.93,echo_ms,5,2.441986
latency,thurbox,other-busy,2,False,0.91,0.93,echo_ms,6,4.362394
latency,thurbox,other-busy,2,False,0.91,0.93,echo_ms,7,1.86425
latency,thurbox,other-busy,2,False,0.91,0.93,echo_ms,8,1.953041
latency,thurbox,other-busy,2,False,0.91,0.93,echo_ms,9,2.183917
latency,thurbox,other-busy,2,False,0.91,0.93,echo_ms,10,2.158853
latency,thurbox,other-busy,2,False,0.91,0.93,echo_ms,11,2.269658
latency,thurbox,other-busy,2,False,0.91,0.93,echo_ms,12,1.752028
latency,thurbox,other-busy,2,False,0.91,0.93,echo_ms,13,1.974894
latency,thurbox,other-busy,2,False,0.91,0.93,echo_ms,14,1.905169
latency,thurbox,other-busy,2,False,0.91,0.93,echo_ms,15,1.673238
latency,thurbox,other-busy,2,False,0.91,0.93,echo_ms,16,2.535692
latency,thurbox,other-busy,2,False,0.91,0.93,echo_ms,17,1.810539
latency,thurbox,other-busy,2,False,0.91,0.93,echo_ms,18,1.55836
latency,thurbox,other-busy,2,False,0.91,0.93,echo_ms,19,1.389057
latency,thurbox,other-busy,2,False,0.91,0.93,echo_ms,20,1.700307
latency,thurbox,other-busy,2,False,0.91,0.93,echo_ms,21,1.720213
latency,thurbox,other-busy,2,False,0.91,0.93,echo_ms,22,2.098038
latency,thurbox,other-busy,2,False,0.91,0.93,echo_ms,23,5.391743
latency,thurbox,other-busy,2,False,0.91,0.93,echo_ms,24,2.071257
latency,thurbox,other-busy,2,False,0.91,0.93,echo_ms,25,2.083335
latency,thurbox,other-busy,2,False,0.91,0.93,echo_ms,26,1.809922
latency,thurbox,other-busy,2,False,0.91,0.93,echo_ms,27,1.823864
latency,thurbox,other-busy,2,False,0.91,0.93,echo_ms,28,2.526441
latency,thurbox,other-busy,2,False,0.91,0.93,echo_ms,29,1.728401
latency,thurbox,other-busy,2,False,0.91,0.93,echo_ms,30,1.879262
latency,thurbox,other-busy,2,False,0.91,0.93,echo_ms,31,1.576877
latency,thurbox,other-busy,2,False,0.91,0.93,echo_ms,32,1.586044
latency,thurbox,other-busy,2,False,0.91,0.93,echo_ms,33,2.361664
latency,thurbox,other-busy,2,False,0.91,0.93,echo_ms,34,1.745659
latency,thurbox,other-busy,2,False,0.91,0.93,echo_ms,35,1.572651
latency,thurbox,other-busy,2,False,0.91,0.93,echo_ms,36,1.85138
latency,thurbox,other-busy,2,False,0.91,0.93,echo_ms,37,1.794131
latency,thurbox,other-busy,2,False,0.91,0.93,echo_ms,38,1.84546
latency,thurbox,other-busy,2,False,0.91,0.93,echo_ms,39,1.508006
latency,thurbox,other-busy,2,False,0.91,0.93,echo_ms,40,2.147496
latency,thurbox,other-busy,2,False,0.91,0.93,echo_ms,41,3.018571
latency,thurbox,other-busy,2,False,0.91,0.93,echo_ms,42,2.035136
latency,thurbox,other-busy,2,False,0.91,0.93,echo_ms,43,2.617603
latency,thurbox,other-busy,2,False,0.91,0.93,echo_ms,44,1.893548
latency,thurbox,other-busy,2,False,0.91,0.93,echo_ms,45,2.282973
latency,thurbox,other-busy,2,False,0.91,0.93,echo_ms,46,1.77807
latency,thurbox,other-busy,2,False,0.91,0.93,echo_ms,47,1.668456
latency,thurbox,other-busy,2,False,0.91,0.93,echo_ms,48,2.65458
latency,thurbox,other-busy,2,False,0.91,0.93,echo_ms,49,1.908085
latency,thurbox,other-busy,2,False,0.91,0.93,echo_ms,50,1.842173
latency,thurbox,other-busy,2,False,0.91,0.93,echo_ms,51,1.890145
latency,thurbox,other-busy,2,False,0.91,0.93,echo_ms,52,1.879364
latency,thurbox,other-busy,2,False,0.91,0.93,echo_ms,53,3.507633
latency,thurbox,other-busy,2,False,0.91,0.93,echo_ms,54,1.673856
latency,thurbox,other-busy,2,False,0.91,0.93,echo_ms,55,2.10213
latency,thurbox,other-busy,2,False,0.91,0.93,echo_ms,56,1.801168
latency,thurbox,other-busy,2,False,0.91,0.93,echo_ms,57,1.39332
latency,thurbox,other-busy,2,False,0.91,0.93,echo_ms,58,2.589238
latency,thurbox,other-busy,2,False,0.91,0.93,echo_ms,59,1.276355
latency,thurbox,other-busy,2,False,0.91,0.93,echo_ms,60,1.568382
latency,thurbox,other-busy,2,False,0.91,0.93,echo_ms,61,2.476209
latency,thurbox,other-busy,2,False,0.91,0.93,echo_ms,62,1.561236
latency,thurbox,other-busy,2,False,0.91,0.93,echo_ms,63,1.327937
latency,thurbox,other-busy,2,False,0.91,0.93,echo_ms,64,2.406339
latency,thurbox,other-busy,2,False,0.91,0.93,echo_ms,65,1.516792
latency,thurbox,other-busy,2,False,0.91,0.93,echo_ms,66,1.835206
latency,thurbox,other-busy,2,False,0.91,0.93,echo_ms,67,2.057838
latency,thurbox,other-busy,2,False,0.91,0.93,echo_ms,68,2.180818
latency,thurbox,other-busy,2,False,0.91,0.93,echo_ms,69,1.61081
latency,thurbox,other-busy,2,False,0.91,0.93,echo_ms,70,1.971963
latency,thurbox,other-busy,2,False,0.91,0.93,echo_ms,71,2.042487
latency,thurbox,other-busy,2,False,0.91,0.93,echo_ms,72,1.848327
latency,thurbox,other-busy,2,False,0.91,0.93,echo_ms,73,3.704612
latency,thurbox,other-busy,2,False,0.91,0.93,echo_ms,74,1.804284
latency,thurbox,other-busy,2,False,0.91,0.93,echo_ms,75,1.354627
latency,thurbox,other-busy,2,False,0.91,0.93,echo_ms,76,1.858873
latency,thurbox,other-busy,2,False,0.91,0.93,echo_ms,77,1.645581
latency,thurbox,other-busy,2,False,0.91,0.93,echo_ms,78,1.650619
latency,thurbox,other-busy,2,False,0.91,0.93,echo_ms,79,1.752225
latency,thurbox,other-busy,2,False,0.91,0.93,echo_ms,80,2.245832
latency,thurbox,other-busy,2,False,0.91,0.93,echo_ms,81,1.748474
latency,thurbox,other-busy,2,False,0.91,0.93,echo_ms,82,1.55298
latency,thurbox,other-busy,2,False,0.91,0.93,echo_ms,83,2.492668
latency,thurbox,other-busy,2,False,0.91,0.93,echo_ms,84,2.994182
latency,thurbox,other-busy,2,False,0.91,0.93,echo_ms,85,1.646006
latency,thurbox,other-busy,2,False,0.91,0.93,echo_ms,86,2.102038
latency,thurbox,other-busy,2,False,0.91,0.93,echo_ms,87,3.656041
latency,thurbox,other-busy,2,False,0.91,0.93,echo_ms,88,1.710088
latency,thurbox,other-busy,2,False,0.91,0.93,echo_ms,89,1.365143
latency,thurbox,other-busy,2,False,0.91,0.93,echo_ms,90,1.93384
latency,thurbox,other-busy,2,False,0.91,0.93,echo_ms,91,1.838064
latency,thurbox,other-busy,2,False,0.91,0.93,echo_ms,92,1.594689
latency,thurbox,other-busy,2,False,0.91,0.93,echo_ms,93,3.778561
latency,thurbox,other-busy,2,False,0.91,0.93,echo_ms,94,2.004099
latency,thurbox,other-busy,2,False,0.91,0.93,echo_ms,95,1.955663
latency,thurbox,other-busy,2,False,0.91,0.93,echo_ms,96,1.463471
latency,thurbox,other-busy,2,False,0.91,0.93,echo_ms,97,1.729539
latency,thurbox,other-busy,2,False,0.91,0.93,echo_ms,98,2.389765
latency,thurbox,other-busy,2,False,0.91,0.93,echo_ms,99,1.851645
latency,thurbox,other-busy,2,False,0.91,0.93,timeouts,,0
latency,tmux,other-busy,3,False,0.93,0.94,echo_ms,0,0.871643
latency,tmux,other-busy,3,False,0.93,0.94,echo_ms,1,0.833081
latency,tmux,other-busy,3,False,0.93,0.94,echo_ms,2,0.652514
latency,tmux,other-busy,3,False,0.93,0.94,echo_ms,3,0.982113
latency,tmux,other-busy,3,False,0.93,0.94,echo_ms,4,0.590619
latency,tmux,other-busy,3,False,0.93,0.94,echo_ms,5,0.805451
latency,tmux,other-busy,3,False,0.93,0.94,echo_ms,6,0.574942
latency,tmux,other-busy,3,False,0.93,0.94,echo_ms,7,0.844163
latency,tmux,other-busy,3,False,0.93,0.94,echo_ms,8,0.86493
latency,tmux,other-busy,3,False,0.93,0.94,echo_ms,9,0.727276
latency,tmux,other-busy,3,False,0.93,0.94,echo_ms,10,0.874609
latency,tmux,other-busy,3,False,0.93,0.94,echo_ms,11,0.824722
latency,tmux,other-busy,3,False,0.93,0.94,echo_ms,12,0.629567
latency,tmux,other-busy,3,False,0.93,0.94,echo_ms,13,1.005851
latency,tmux,other-busy,3,False,0.93,0.94,echo_ms,14,0.653677
latency,tmux,other-busy,3,False,0.93,0.94,echo_ms,15,0.787386
latency,tmux,other-busy,3,False,0.93,0.94,echo_ms,16,0.749075
latency,tmux,other-busy,3,False,0.93,0.94,echo_ms,17,0.962281
latency,tmux,other-busy,3,False,0.93,0.94,echo_ms,18,0.567435
latency,tmux,other-busy,3,False,0.93,0.94,echo_ms,19,0.657046
latency,tmux,other-busy,3,False,0.93,0.94,echo_ms,20,0.739722
latency,tmux,other-busy,3,False,0.93,0.94,echo_ms,21,0.712507
latency,tmux,other-busy,3,False,0.93,0.94,echo_ms,22,0.852343
latency,tmux,other-busy,3,False,0.93,0.94,echo_ms,23,0.609037
latency,tmux,other-busy,3,False,0.93,0.94,echo_ms,24,0.78918
latency,tmux,other-busy,3,False,0.93,0.94,echo_ms,25,0.754502
latency,tmux,other-busy,3,False,0.93,0.94,echo_ms,26,0.684934
latency,tmux,other-busy,3,False,0.93,0.94,echo_ms,27,0.816165
latency,tmux,other-busy,3,False,0.93,0.94,echo_ms,28,0.60035
latency,tmux,other-busy,3,False,0.93,0.94,echo_ms,29,0.885883
latency,tmux,other-busy,3,False,0.93,0.94,echo_ms,30,0.973222
latency,tmux,other-busy,3,False,0.93,0.94,echo_ms,31,0.614299
latency,tmux,other-busy,3,False,0.93,0.94,echo_ms,32,0.914101
latency,tmux,other-busy,3,False,0.93,0.94,echo_ms,33,0.830164
latency,tmux,other-busy,3,False,0.93,0.94,echo_ms,34,0.789839
latency,tmux,other-busy,3,False,0.93,0.94,echo_ms,35,0.791663
latency,tmux,other-busy,3,False,0.93,0.94,echo_ms,36,0.629568
latency,tmux,other-busy,3,False,0.93,0.94,echo_ms,37,0.720481
latency,tmux,other-busy,3,False,0.93,0.94,echo_ms,38,0.761289
latency,tmux,other-busy,3,False,0.93,0.94,echo_ms,39,0.931068
latency,tmux,other-busy,3,False,0.93,0.94,echo_ms,40,0.685924
latency,tmux,other-busy,3,False,0.93,0.94,echo_ms,41,0.619838
latency,tmux,other-busy,3,False,0.93,0.94,echo_ms,42,0.748143
latency,tmux,other-busy,3,False,0.93,0.94,echo_ms,43,0.664592
latency,tmux,other-busy,3,False,0.93,0.94,echo_ms,44,0.812794
latency,tmux,other-busy,3,False,0.93,0.94,echo_ms,45,0.547185
latency,tmux,other-busy,3,False,0.93,0.94,echo_ms,46,0.791417
latency,tmux,other-busy,3,False,0.93,0.94,echo_ms,47,0.845403
latency,tmux,other-busy,3,False,0.93,0.94,echo_ms,48,0.571753
latency,tmux,other-busy,3,False,0.93,0.94,echo_ms,49,0.766291
latency,tmux,other-busy,3,False,0.93,0.94,echo_ms,50,0.742836
latency,tmux,other-busy,3,False,0.93,0.94,echo_ms,51,0.837941
latency,tmux,other-busy,3,False,0.93,0.94,echo_ms,52,0.832001
latency,tmux,other-busy,3,False,0.93,0.94,echo_ms,53,0.952027
latency,tmux,other-busy,3,False,0.93,0.94,echo_ms,54,0.795469
latency,tmux,other-busy,3,False,0.93,0.94,echo_ms,55,0.798638
latency,tmux,other-busy,3,False,0.93,0.94,echo_ms,56,0.775475
latency,tmux,other-busy,3,False,0.93,0.94,echo_ms,57,0.705917
latency,tmux,other-busy,3,False,0.93,0.94,echo_ms,58,0.746207
latency,tmux,other-busy,3,False,0.93,0.94,echo_ms,59,0.859548
latency,tmux,other-busy,3,False,0.93,0.94,echo_ms,60,0.553026
latency,tmux,other-busy,3,False,0.93,0.94,echo_ms,61,0.710777
latency,tmux,other-busy,3,False,0.93,0.94,echo_ms,62,0.640413
latency,tmux,other-busy,3,False,0.93,0.94,echo_ms,63,0.629628
latency,tmux,other-busy,3,False,0.93,0.94,echo_ms,64,0.850568
latency,tmux,other-busy,3,False,0.93,0.94,echo_ms,65,0.935831
latency,tmux,other-busy,3,False,0.93,0.94,echo_ms,66,0.880171
latency,tmux,other-busy,3,False,0.93,0.94,echo_ms,67,1.114744
latency,tmux,other-busy,3,False,0.93,0.94,echo_ms,68,1.03652
latency,tmux,other-busy,3,False,0.93,0.94,echo_ms,69,0.772192
latency,tmux,other-busy,3,False,0.93,0.94,echo_ms,70,0.719011
latency,tmux,other-busy,3,False,0.93,0.94,echo_ms,71,0.583969
latency,tmux,other-busy,3,False,0.93,0.94,echo_ms,72,0.778022
latency,tmux,other-busy,3,False,0.93,0.94,echo_ms,73,0.775793
latency,tmux,other-busy,3,False,0.93,0.94,echo_ms,74,0.650487
latency,tmux,other-busy,3,False,0.93,0.94,echo_ms,75,0.96429
latency,tmux,other-busy,3,False,0.93,0.94,echo_ms,76,0.811711
latency,tmux,other-busy,3,False,0.93,0.94,echo_ms,77,0.74145
latency,tmux,other-busy,3,False,0.93,0.94,echo_ms,78,0.842805
latency,tmux,other-busy,3,False,0.93,0.94,echo_ms,79,0.843404
latency,tmux,other-busy,3,False,0.93,0.94,echo_ms,80,0.742551
latency,tmux,other-busy,3,False,0.93,0.94,echo_ms,81,0.706107
latency,tmux,other-busy,3,False,0.93,0.94,echo_ms,82,0.877745
latency,tmux,other-busy,3,False,0.93,0.94,echo_ms,83,0.870356
latency,tmux,other-busy,3,False,0.93,0.94,echo_ms,84,0.832874
latency,tmux,other-busy,3,False,0.93,0.94,echo_ms,85,0.596184
latency,tmux,other-busy,3,False,0.93,0.94,echo_ms,86,0.880765
latency,tmux,other-busy,3,False,0.93,0.94,echo_ms,87,0.987655
latency,tmux,other-busy,3,False,0.93,0.94,echo_ms,88,0.71473
latency,tmux,other-busy,3,False,0.93,0.94,echo_ms,89,0.821324
latency,tmux,other-busy,3,False,0.93,0.94,echo_ms,90,0.692735
latency,tmux,other-busy,3,False,0.93,0.94,echo_ms,91,0.7618
latency,tmux,other-busy,3,False,0.93,0.94,echo_ms,92,0.700249
latency,tmux,other-busy,3,False,0.93,0.94,echo_ms,93,0.664123
latency,tmux,other-busy,3,False,0.93,0.94,echo_ms,94,0.737444
latency,tmux,other-busy,3,False,0.93,0.94,echo_ms,95,0.805983
latency,tmux,other-busy,3,False,0.93,0.94,echo_ms,96,0.878921
latency,tmux,other-busy,3,False,0.93,0.94,echo_ms,97,0.684145
latency,tmux,other-busy,3,False,0.93,0.94,echo_ms,98,0.764559
latency,tmux,other-busy,3,False,0.93,0.94,echo_ms,99,0.832868
latency,tmux,other-busy,3,False,0.93,0.94,timeouts,,0
latency,herdr,other-busy,3,False,0.94,0.88,echo_ms,0,0.436346
latency,herdr,other-busy,3,False,0.94,0.88,echo_ms,1,0.478299
latency,herdr,other-busy,3,False,0.94,0.88,echo_ms,2,0.492679
latency,herdr,other-busy,3,False,0.94,0.88,echo_ms,3,0.474154
latency,herdr,other-busy,3,False,0.94,0.88,echo_ms,4,0.433167
latency,herdr,other-busy,3,False,0.94,0.88,echo_ms,5,0.4225
latency,herdr,other-busy,3,False,0.94,0.88,echo_ms,6,0.448137
latency,herdr,other-busy,3,False,0.94,0.88,echo_ms,7,0.458771
latency,herdr,other-busy,3,False,0.94,0.88,echo_ms,8,0.488293
latency,herdr,other-busy,3,False,0.94,0.88,echo_ms,9,0.441671
latency,herdr,other-busy,3,False,0.94,0.88,echo_ms,10,0.438957
latency,herdr,other-busy,3,False,0.94,0.88,echo_ms,11,0.441672
latency,herdr,other-busy,3,False,0.94,0.88,echo_ms,12,0.430705
latency,herdr,other-busy,3,False,0.94,0.88,echo_ms,13,0.490406
latency,herdr,other-busy,3,False,0.94,0.88,echo_ms,14,0.430114
latency,herdr,other-busy,3,False,0.94,0.88,echo_ms,15,0.444718
latency,herdr,other-busy,3,False,0.94,0.88,echo_ms,16,0.437923
latency,herdr,other-busy,3,False,0.94,0.88,echo_ms,17,0.454732
latency,herdr,other-busy,3,False,0.94,0.88,echo_ms,18,0.424121
latency,herdr,other-busy,3,False,0.94,0.88,echo_ms,19,0.459639
latency,herdr,other-busy,3,False,0.94,0.88,echo_ms,20,0.445955
latency,herdr,other-busy,3,False,0.94,0.88,echo_ms,21,0.420493
latency,herdr,other-busy,3,False,0.94,0.88,echo_ms,22,0.4593
latency,herdr,other-busy,3,False,0.94,0.88,echo_ms,23,0.416511
latency,herdr,other-busy,3,False,0.94,0.88,echo_ms,24,0.447403
latency,herdr,other-busy,3,False,0.94,0.88,echo_ms,25,0.42391
latency,herdr,other-busy,3,False,0.94,0.88,echo_ms,26,0.425089
latency,herdr,other-busy,3,False,0.94,0.88,echo_ms,27,0.490112
latency,herdr,other-busy,3,False,0.94,0.88,echo_ms,28,0.439209
latency,herdr,other-busy,3,False,0.94,0.88,echo_ms,29,0.454668
latency,herdr,other-busy,3,False,0.94,0.88,echo_ms,30,0.535019
latency,herdr,other-busy,3,False,0.94,0.88,echo_ms,31,0.523581
latency,herdr,other-busy,3,False,0.94,0.88,echo_ms,32,0.562233
latency,herdr,other-busy,3,False,0.94,0.88,echo_ms,33,0.454945
latency,herdr,other-busy,3,False,0.94,0.88,echo_ms,34,0.505636
latency,herdr,other-busy,3,False,0.94,0.88,echo_ms,35,0.471225
latency,herdr,other-busy,3,False,0.94,0.88,echo_ms,36,0.439193
latency,herdr,other-busy,3,False,0.94,0.88,echo_ms,37,0.425581
latency,herdr,other-busy,3,False,0.94,0.88,echo_ms,38,0.42912
latency,herdr,other-busy,3,False,0.94,0.88,echo_ms,39,0.457269
latency,herdr,other-busy,3,False,0.94,0.88,echo_ms,40,0.479504
latency,herdr,other-busy,3,False,0.94,0.88,echo_ms,41,0.41009
latency,herdr,other-busy,3,False,0.94,0.88,echo_ms,42,0.443909
latency,herdr,other-busy,3,False,0.94,0.88,echo_ms,43,0.422088
latency,herdr,other-busy,3,False,0.94,0.88,echo_ms,44,0.43661
latency,herdr,other-busy,3,False,0.94,0.88,echo_ms,45,0.458169
latency,herdr,other-busy,3,False,0.94,0.88,echo_ms,46,0.411199
latency,herdr,other-busy,3,False,0.94,0.88,echo_ms,47,0.471125
latency,herdr,other-busy,3,False,0.94,0.88,echo_ms,48,0.442612
latency,herdr,other-busy,3,False,0.94,0.88,echo_ms,49,0.549258
latency,herdr,other-busy,3,False,0.94,0.88,echo_ms,50,0.416584
latency,herdr,other-busy,3,False,0.94,0.88,echo_ms,51,0.472379
latency,herdr,other-busy,3,False,0.94,0.88,echo_ms,52,0.513642
latency,herdr,other-busy,3,False,0.94,0.88,echo_ms,53,0.454245
latency,herdr,other-busy,3,False,0.94,0.88,echo_ms,54,0.434808
latency,herdr,other-busy,3,False,0.94,0.88,echo_ms,55,0.483088
latency,herdr,other-busy,3,False,0.94,0.88,echo_ms,56,0.476946
latency,herdr,other-busy,3,False,0.94,0.88,echo_ms,57,0.420626
latency,herdr,other-busy,3,False,0.94,0.88,echo_ms,58,0.448166
latency,herdr,other-busy,3,False,0.94,0.88,echo_ms,59,0.483298
latency,herdr,other-busy,3,False,0.94,0.88,echo_ms,60,0.444654
latency,herdr,other-busy,3,False,0.94,0.88,echo_ms,61,0.532041
latency,herdr,other-busy,3,False,0.94,0.88,echo_ms,62,0.419056
latency,herdr,other-busy,3,False,0.94,0.88,echo_ms,63,0.614125
latency,herdr,other-busy,3,False,0.94,0.88,echo_ms,64,0.42581
latency,herdr,other-busy,3,False,0.94,0.88,echo_ms,65,0.411075
latency,herdr,other-busy,3,False,0.94,0.88,echo_ms,66,0.432436
latency,herdr,other-busy,3,False,0.94,0.88,echo_ms,67,0.417346
latency,herdr,other-busy,3,False,0.94,0.88,echo_ms,68,0.409837
latency,herdr,other-busy,3,False,0.94,0.88,echo_ms,69,0.505493
latency,herdr,other-busy,3,False,0.94,0.88,echo_ms,70,0.42839
latency,herdr,other-busy,3,False,0.94,0.88,echo_ms,71,0.428927
latency,herdr,other-busy,3,False,0.94,0.88,echo_ms,72,0.425845
latency,herdr,other-busy,3,False,0.94,0.88,echo_ms,73,0.443597
latency,herdr,other-busy,3,False,0.94,0.88,echo_ms,74,0.431131
latency,herdr,other-busy,3,False,0.94,0.88,echo_ms,75,0.419038
latency,herdr,other-busy,3,False,0.94,0.88,echo_ms,76,0.511678
latency,herdr,other-busy,3,False,0.94,0.88,echo_ms,77,0.475931
latency,herdr,other-busy,3,False,0.94,0.88,echo_ms,78,0.48493
latency,herdr,other-busy,3,False,0.94,0.88,echo_ms,79,0.445523
latency,herdr,other-busy,3,False,0.94,0.88,echo_ms,80,0.435056
latency,herdr,other-busy,3,False,0.94,0.88,echo_ms,81,0.426422
latency,herdr,other-busy,3,False,0.94,0.88,echo_ms,82,0.426042
latency,herdr,other-busy,3,False,0.94,0.88,echo_ms,83,0.409773
latency,herdr,other-busy,3,False,0.94,0.88,echo_ms,84,0.468731
latency,herdr,other-busy,3,False,0.94,0.88,echo_ms,85,0.446495
latency,herdr,other-busy,3,False,0.94,0.88,echo_ms,86,0.462762
latency,herdr,other-busy,3,False,0.94,0.88,echo_ms,87,0.498343
latency,herdr,other-busy,3,False,0.94,0.88,echo_ms,88,0.500779
latency,herdr,other-busy,3,False,0.94,0.88,echo_ms,89,0.443143
latency,herdr,other-busy,3,False,0.94,0.88,echo_ms,90,0.418937
latency,herdr,other-busy,3,False,0.94,0.88,echo_ms,91,0.440484
latency,herdr,other-busy,3,False,0.94,0.88,echo_ms,92,0.425938
latency,herdr,other-busy,3,False,0.94,0.88,echo_ms,93,0.391338
latency,herdr,other-busy,3,False,0.94,0.88,echo_ms,94,0.431304
latency,herdr,other-busy,3,False,0.94,0.88,echo_ms,95,0.566894
latency,herdr,other-busy,3,False,0.94,0.88,echo_ms,96,0.459082
latency,herdr,other-busy,3,False,0.94,0.88,echo_ms,97,0.449572
latency,herdr,other-busy,3,False,0.94,0.88,echo_ms,98,0.529329
latency,herdr,other-busy,3,False,0.94,0.88,echo_ms,99,0.585714
latency,herdr,other-busy,3,False,0.94,0.88,timeouts,,0
latency,thurbox,other-busy,3,False,0.88,1.12,echo_ms,0,1.403301
latency,thurbox,other-busy,3,False,0.88,1.12,echo_ms,1,1.923128
latency,thurbox,other-busy,3,False,0.88,1.12,echo_ms,2,1.657864
latency,thurbox,other-busy,3,False,0.88,1.12,echo_ms,3,2.425992
latency,thurbox,other-busy,3,False,0.88,1.12,echo_ms,4,2.300156
latency,thurbox,other-busy,3,False,0.88,1.12,echo_ms,5,3.150223
latency,thurbox,other-busy,3,False,0.88,1.12,echo_ms,6,4.074605
latency,thurbox,other-busy,3,False,0.88,1.12,echo_ms,7,1.921504
latency,thurbox,other-busy,3,False,0.88,1.12,echo_ms,8,2.740903
latency,thurbox,other-busy,3,False,0.88,1.12,echo_ms,9,1.712711
latency,thurbox,other-busy,3,False,0.88,1.12,echo_ms,10,1.397391
latency,thurbox,other-busy,3,False,0.88,1.12,echo_ms,11,2.333816
latency,thurbox,other-busy,3,False,0.88,1.12,echo_ms,12,2.085999
latency,thurbox,other-busy,3,False,0.88,1.12,echo_ms,13,2.18896
latency,thurbox,other-busy,3,False,0.88,1.12,echo_ms,14,1.631319
latency,thurbox,other-busy,3,False,0.88,1.12,echo_ms,15,1.89911
latency,thurbox,other-busy,3,False,0.88,1.12,echo_ms,16,3.17039
latency,thurbox,other-busy,3,False,0.88,1.12,echo_ms,17,3.058046
latency,thurbox,other-busy,3,False,0.88,1.12,echo_ms,18,2.763018
latency,thurbox,other-busy,3,False,0.88,1.12,echo_ms,19,1.934396
latency,thurbox,other-busy,3,False,0.88,1.12,echo_ms,20,2.16199
latency,thurbox,other-busy,3,False,0.88,1.12,echo_ms,21,1.731567
latency,thurbox,other-busy,3,False,0.88,1.12,echo_ms,22,1.685351
latency,thurbox,other-busy,3,False,0.88,1.12,echo_ms,23,1.717551
latency,thurbox,other-busy,3,False,0.88,1.12,echo_ms,24,1.652994
latency,thurbox,other-busy,3,False,0.88,1.12,echo_ms,25,2.939018
latency,thurbox,other-busy,3,False,0.88,1.12,echo_ms,26,1.610342
latency,thurbox,other-busy,3,False,0.88,1.12,echo_ms,27,1.858059
latency,thurbox,other-busy,3,False,0.88,1.12,echo_ms,28,1.80298
latency,thurbox,other-busy,3,False,0.88,1.12,echo_ms,29,2.165512
latency,thurbox,other-busy,3,False,0.88,1.12,echo_ms,30,1.940918
latency,thurbox,other-busy,3,False,0.88,1.12,echo_ms,31,1.869689
latency,thurbox,other-busy,3,False,0.88,1.12,echo_ms,32,2.316409
latency,thurbox,other-busy,3,False,0.88,1.12,echo_ms,33,1.571266
latency,thurbox,other-busy,3,False,0.88,1.12,echo_ms,34,2.225297
latency,thurbox,other-busy,3,False,0.88,1.12,echo_ms,35,1.44166
latency,thurbox,other-busy,3,False,0.88,1.12,echo_ms,36,1.499514
latency,thurbox,other-busy,3,False,0.88,1.12,echo_ms,37,1.486648
latency,thurbox,other-busy,3,False,0.88,1.12,echo_ms,38,2.310236
latency,thurbox,other-busy,3,False,0.88,1.12,echo_ms,39,1.769998
latency,thurbox,other-busy,3,False,0.88,1.12,echo_ms,40,1.881915
latency,thurbox,other-busy,3,False,0.88,1.12,echo_ms,41,1.513552
latency,thurbox,other-busy,3,False,0.88,1.12,echo_ms,42,1.595747
latency,thurbox,other-busy,3,False,0.88,1.12,echo_ms,43,1.40679
latency,thurbox,other-busy,3,False,0.88,1.12,echo_ms,44,1.788119
latency,thurbox,other-busy,3,False,0.88,1.12,echo_ms,45,1.963718
latency,thurbox,other-busy,3,False,0.88,1.12,echo_ms,46,1.560377
latency,thurbox,other-busy,3,False,0.88,1.12,echo_ms,47,1.325239
latency,thurbox,other-busy,3,False,0.88,1.12,echo_ms,48,1.940014
latency,thurbox,other-busy,3,False,0.88,1.12,echo_ms,49,2.039752
latency,thurbox,other-busy,3,False,0.88,1.12,echo_ms,50,2.966951
latency,thurbox,other-busy,3,False,0.88,1.12,echo_ms,51,1.901708
latency,thurbox,other-busy,3,False,0.88,1.12,echo_ms,52,1.878124
latency,thurbox,other-busy,3,False,0.88,1.12,echo_ms,53,3.315632
latency,thurbox,other-busy,3,False,0.88,1.12,echo_ms,54,2.209098
latency,thurbox,other-busy,3,False,0.88,1.12,echo_ms,55,2.232086
latency,thurbox,other-busy,3,False,0.88,1.12,echo_ms,56,1.347174
latency,thurbox,other-busy,3,False,0.88,1.12,echo_ms,57,1.623539
latency,thurbox,other-busy,3,False,0.88,1.12,echo_ms,58,1.389221
latency,thurbox,other-busy,3,False,0.88,1.12,echo_ms,59,1.83125
latency,thurbox,other-busy,3,False,0.88,1.12,echo_ms,60,1.909722
latency,thurbox,other-busy,3,False,0.88,1.12,echo_ms,61,1.561854
latency,thurbox,other-busy,3,False,0.88,1.12,echo_ms,62,1.329727
latency,thurbox,other-busy,3,False,0.88,1.12,echo_ms,63,1.491728
latency,thurbox,other-busy,3,False,0.88,1.12,echo_ms,64,1.938644
latency,thurbox,other-busy,3,False,0.88,1.12,echo_ms,65,1.621524
latency,thurbox,other-busy,3,False,0.88,1.12,echo_ms,66,3.444348
latency,thurbox,other-busy,3,False,0.88,1.12,echo_ms,67,2.617426
latency,thurbox,other-busy,3,False,0.88,1.12,echo_ms,68,2.239676
latency,thurbox,other-busy,3,False,0.88,1.12,echo_ms,69,3.021156
latency,thurbox,other-busy,3,False,0.88,1.12,echo_ms,70,2.515045
latency,thurbox,other-busy,3,False,0.88,1.12,echo_ms,71,1.273423
latency,thurbox,other-busy,3,False,0.88,1.12,echo_ms,72,2.2692
latency,thurbox,other-busy,3,False,0.88,1.12,echo_ms,73,1.782069
latency,thurbox,other-busy,3,False,0.88,1.12,echo_ms,74,2.540893
latency,thurbox,other-busy,3,False,0.88,1.12,echo_ms,75,1.643445
latency,thurbox,other-busy,3,False,0.88,1.12,echo_ms,76,1.818471
latency,thurbox,other-busy,3,False,0.88,1.12,echo_ms,77,1.512415
latency,thurbox,other-busy,3,False,0.88,1.12,echo_ms,78,1.887649
latency,thurbox,other-busy,3,False,0.88,1.12,echo_ms,79,2.199977
latency,thurbox,other-busy,3,False,0.88,1.12,echo_ms,80,1.568412
latency,thurbox,other-busy,3,False,0.88,1.12,echo_ms,81,2.164172
latency,thurbox,other-busy,3,False,0.88,1.12,echo_ms,82,1.672212
latency,thurbox,other-busy,3,False,0.88,1.12,echo_ms,83,1.985112
latency,thurbox,other-busy,3,False,0.88,1.12,echo_ms,84,1.475066
latency,thurbox,other-busy,3,False,0.88,1.12,echo_ms,85,2.283824
latency,thurbox,other-busy,3,False,0.88,1.12,echo_ms,86,2.184269
latency,thurbox,other-busy,3,False,0.88,1.12,echo_ms,87,1.783756
latency,thurbox,other-busy,3,False,0.88,1.12,echo_ms,88,2.832276
latency,thurbox,other-busy,3,False,0.88,1.12,echo_ms,89,1.609822
latency,thurbox,other-busy,3,False,0.88,1.12,echo_ms,90,2.191538
latency,thurbox,other-busy,3,False,0.88,1.12,echo_ms,91,2.126699
latency,thurbox,other-busy,3,False,0.88,1.12,echo_ms,92,2.351789
latency,thurbox,other-busy,3,False,0.88,1.12,echo_ms,93,2.056013
latency,thurbox,other-busy,3,False,0.88,1.12,echo_ms,94,1.373699
latency,thurbox,other-busy,3,False,0.88,1.12,echo_ms,95,1.955006
latency,thurbox,other-busy,3,False,0.88,1.12,echo_ms,96,3.267089
latency,thurbox,other-busy,3,False,0.88,1.12,echo_ms,97,1.892404
latency,thurbox,other-busy,3,False,0.88,1.12,echo_ms,98,2.620179
latency,thurbox,other-busy,3,False,0.88,1.12,echo_ms,99,2.537956
latency,thurbox,other-busy,3,False,0.88,1.12,timeouts,,0
latency,tmux,other-busy,4,False,1.12,1.18,echo_ms,0,0.593513
latency,tmux,other-busy,4,False,1.12,1.18,echo_ms,1,0.860627
latency,tmux,other-busy,4,False,1.12,1.18,echo_ms,2,0.675127
latency,tmux,other-busy,4,False,1.12,1.18,echo_ms,3,0.839618
latency,tmux,other-busy,4,False,1.12,1.18,echo_ms,4,0.721516
latency,tmux,other-busy,4,False,1.12,1.18,echo_ms,5,0.739896
latency,tmux,other-busy,4,False,1.12,1.18,echo_ms,6,0.58394
latency,tmux,other-busy,4,False,1.12,1.18,echo_ms,7,0.695575
latency,tmux,other-busy,4,False,1.12,1.18,echo_ms,8,0.853969
latency,tmux,other-busy,4,False,1.12,1.18,echo_ms,9,0.675599
latency,tmux,other-busy,4,False,1.12,1.18,echo_ms,10,0.672368
latency,tmux,other-busy,4,False,1.12,1.18,echo_ms,11,0.82068
latency,tmux,other-busy,4,False,1.12,1.18,echo_ms,12,0.744699
latency,tmux,other-busy,4,False,1.12,1.18,echo_ms,13,0.871012
latency,tmux,other-busy,4,False,1.12,1.18,echo_ms,14,0.82389
latency,tmux,other-busy,4,False,1.12,1.18,echo_ms,15,0.534049
latency,tmux,other-busy,4,False,1.12,1.18,echo_ms,16,0.75777
latency,tmux,other-busy,4,False,1.12,1.18,echo_ms,17,1.028985
latency,tmux,other-busy,4,False,1.12,1.18,echo_ms,18,0.73806
latency,tmux,other-busy,4,False,1.12,1.18,echo_ms,19,0.931653
latency,tmux,other-busy,4,False,1.12,1.18,echo_ms,20,0.846738
latency,tmux,other-busy,4,False,1.12,1.18,echo_ms,21,0.763357
latency,tmux,other-busy,4,False,1.12,1.18,echo_ms,22,0.915646
latency,tmux,other-busy,4,False,1.12,1.18,echo_ms,23,0.669865
latency,tmux,other-busy,4,False,1.12,1.18,echo_ms,24,0.743738
latency,tmux,other-busy,4,False,1.12,1.18,echo_ms,25,0.654464
latency,tmux,other-busy,4,False,1.12,1.18,echo_ms,26,0.640339
latency,tmux,other-busy,4,False,1.12,1.18,echo_ms,27,0.784985
latency,tmux,other-busy,4,False,1.12,1.18,echo_ms,28,0.882238
latency,tmux,other-busy,4,False,1.12,1.18,echo_ms,29,0.799189
latency,tmux,other-busy,4,False,1.12,1.18,echo_ms,30,0.729877
latency,tmux,other-busy,4,False,1.12,1.18,echo_ms,31,0.57899
latency,tmux,other-busy,4,False,1.12,1.18,echo_ms,32,0.779268
latency,tmux,other-busy,4,False,1.12,1.18,echo_ms,33,0.593951
latency,tmux,other-busy,4,False,1.12,1.18,echo_ms,34,0.631605
latency,tmux,other-busy,4,False,1.12,1.18,echo_ms,35,0.760778
latency,tmux,other-busy,4,False,1.12,1.18,echo_ms,36,0.825389
latency,tmux,other-busy,4,False,1.12,1.18,echo_ms,37,0.611052
latency,tmux,other-busy,4,False,1.12,1.18,echo_ms,38,0.631424
latency,tmux,other-busy,4,False,1.12,1.18,echo_ms,39,0.729801
latency,tmux,other-busy,4,False,1.12,1.18,echo_ms,40,0.660367
latency,tmux,other-busy,4,False,1.12,1.18,echo_ms,41,0.696763
latency,tmux,other-busy,4,False,1.12,1.18,echo_ms,42,0.605594
latency,tmux,other-busy,4,False,1.12,1.18,echo_ms,43,0.742144
latency,tmux,other-busy,4,False,1.12,1.18,echo_ms,44,0.681615
latency,tmux,other-busy,4,False,1.12,1.18,echo_ms,45,0.739671
latency,tmux,other-busy,4,False,1.12,1.18,echo_ms,46,0.72259
latency,tmux,other-busy,4,False,1.12,1.18,echo_ms,47,0.724291
latency,tmux,other-busy,4,False,1.12,1.18,echo_ms,48,0.641461
latency,tmux,other-busy,4,False,1.12,1.18,echo_ms,49,0.613895
latency,tmux,other-busy,4,False,1.12,1.18,echo_ms,50,0.801221
latency,tmux,other-busy,4,False,1.12,1.18,echo_ms,51,0.94067
latency,tmux,other-busy,4,False,1.12,1.18,echo_ms,52,0.756293
latency,tmux,other-busy,4,False,1.12,1.18,echo_ms,53,0.662599
latency,tmux,other-busy,4,False,1.12,1.18,echo_ms,54,0.760568
latency,tmux,other-busy,4,False,1.12,1.18,echo_ms,55,0.659129
latency,tmux,other-busy,4,False,1.12,1.18,echo_ms,56,0.955922
latency,tmux,other-busy,4,False,1.12,1.18,echo_ms,57,1.00074
latency,tmux,other-busy,4,False,1.12,1.18,echo_ms,58,0.197357
latency,tmux,other-busy,4,False,1.12,1.18,echo_ms,59,0.989967
latency,tmux,other-busy,4,False,1.12,1.18,echo_ms,60,0.960077
latency,tmux,other-busy,4,False,1.12,1.18,echo_ms,61,0.711105
latency,tmux,other-busy,4,False,1.12,1.18,echo_ms,62,1.089627
latency,tmux,other-busy,4,False,1.12,1.18,echo_ms,63,0.815528
latency,tmux,other-busy,4,False,1.12,1.18,echo_ms,64,0.858671
latency,tmux,other-busy,4,False,1.12,1.18,echo_ms,65,0.781879
latency,tmux,other-busy,4,False,1.12,1.18,echo_ms,66,0.865333
latency,tmux,other-busy,4,False,1.12,1.18,echo_ms,67,1.02622
latency,tmux,other-busy,4,False,1.12,1.18,echo_ms,68,0.699428
latency,tmux,other-busy,4,False,1.12,1.18,echo_ms,69,0.701578
latency,tmux,other-busy,4,False,1.12,1.18,echo_ms,70,0.78475
latency,tmux,other-busy,4,False,1.12,1.18,echo_ms,71,0.922222
latency,tmux,other-busy,4,False,1.12,1.18,echo_ms,72,0.938746
latency,tmux,other-busy,4,False,1.12,1.18,echo_ms,73,0.774314
latency,tmux,other-busy,4,False,1.12,1.18,echo_ms,74,0.718269
latency,tmux,other-busy,4,False,1.12,1.18,echo_ms,75,0.732287
latency,tmux,other-busy,4,False,1.12,1.18,echo_ms,76,0.621276
latency,tmux,other-busy,4,False,1.12,1.18,echo_ms,77,0.900118
latency,tmux,other-busy,4,False,1.12,1.18,echo_ms,78,0.863784
latency,tmux,other-busy,4,False,1.12,1.18,echo_ms,79,0.629796
latency,tmux,other-busy,4,False,1.12,1.18,echo_ms,80,0.929683
latency,tmux,other-busy,4,False,1.12,1.18,echo_ms,81,0.601371
latency,tmux,other-busy,4,False,1.12,1.18,echo_ms,82,0.743533
latency,tmux,other-busy,4,False,1.12,1.18,echo_ms,83,0.886038
latency,tmux,other-busy,4,False,1.12,1.18,echo_ms,84,0.813314
latency,tmux,other-busy,4,False,1.12,1.18,echo_ms,85,0.913268
latency,tmux,other-busy,4,False,1.12,1.18,echo_ms,86,0.740156
latency,tmux,other-busy,4,False,1.12,1.18,echo_ms,87,0.605378
latency,tmux,other-busy,4,False,1.12,1.18,echo_ms,88,0.828113
latency,tmux,other-busy,4,False,1.12,1.18,echo_ms,89,0.859544
latency,tmux,other-busy,4,False,1.12,1.18,echo_ms,90,0.603155
latency,tmux,other-busy,4,False,1.12,1.18,echo_ms,91,0.780691
latency,tmux,other-busy,4,False,1.12,1.18,echo_ms,92,0.99462
latency,tmux,other-busy,4,False,1.12,1.18,echo_ms,93,0.811146
latency,tmux,other-busy,4,False,1.12,1.18,echo_ms,94,0.657228
latency,tmux,other-busy,4,False,1.12,1.18,echo_ms,95,0.842016
latency,tmux,other-busy,4,False,1.12,1.18,echo_ms,96,0.767947
latency,tmux,other-busy,4,False,1.12,1.18,echo_ms,97,0.608181
latency,tmux,other-busy,4,False,1.12,1.18,echo_ms,98,0.733025
latency,tmux,other-busy,4,False,1.12,1.18,echo_ms,99,0.867422
latency,tmux,other-busy,4,False,1.12,1.18,timeouts,,0
latency,herdr,other-busy,4,False,1.18,1.22,echo_ms,0,0.471609
latency,herdr,other-busy,4,False,1.18,1.22,echo_ms,1,0.626017
latency,herdr,other-busy,4,False,1.18,1.22,echo_ms,2,0.431242
latency,herdr,other-busy,4,False,1.18,1.22,echo_ms,3,0.466118
latency,herdr,other-busy,4,False,1.18,1.22,echo_ms,4,0.510104
latency,herdr,other-busy,4,False,1.18,1.22,echo_ms,5,0.47222
latency,herdr,other-busy,4,False,1.18,1.22,echo_ms,6,0.482324
latency,herdr,other-busy,4,False,1.18,1.22,echo_ms,7,0.43236
latency,herdr,other-busy,4,False,1.18,1.22,echo_ms,8,0.448559
latency,herdr,other-busy,4,False,1.18,1.22,echo_ms,9,0.492051
latency,herdr,other-busy,4,False,1.18,1.22,echo_ms,10,0.438785
latency,herdr,other-busy,4,False,1.18,1.22,echo_ms,11,0.458431
latency,herdr,other-busy,4,False,1.18,1.22,echo_ms,12,0.511079
latency,herdr,other-busy,4,False,1.18,1.22,echo_ms,13,0.446606
latency,herdr,other-busy,4,False,1.18,1.22,echo_ms,14,0.43602
latency,herdr,other-busy,4,False,1.18,1.22,echo_ms,15,0.444732
latency,herdr,other-busy,4,False,1.18,1.22,echo_ms,16,0.421268
latency,herdr,other-busy,4,False,1.18,1.22,echo_ms,17,0.429274
latency,herdr,other-busy,4,False,1.18,1.22,echo_ms,18,0.434133
latency,herdr,other-busy,4,False,1.18,1.22,echo_ms,19,0.629066
latency,herdr,other-busy,4,False,1.18,1.22,echo_ms,20,0.466998
latency,herdr,other-busy,4,False,1.18,1.22,echo_ms,21,0.468317
latency,herdr,other-busy,4,False,1.18,1.22,echo_ms,22,0.459382
latency,herdr,other-busy,4,False,1.18,1.22,echo_ms,23,0.409576
latency,herdr,other-busy,4,False,1.18,1.22,echo_ms,24,0.45971
latency,herdr,other-busy,4,False,1.18,1.22,echo_ms,25,0.438539
latency,herdr,other-busy,4,False,1.18,1.22,echo_ms,26,0.436427
latency,herdr,other-busy,4,False,1.18,1.22,echo_ms,27,0.428597
latency,herdr,other-busy,4,False,1.18,1.22,echo_ms,28,0.450138
latency,herdr,other-busy,4,False,1.18,1.22,echo_ms,29,0.471797
latency,herdr,other-busy,4,False,1.18,1.22,echo_ms,30,0.455273
latency,herdr,other-busy,4,False,1.18,1.22,echo_ms,31,0.430237
latency,herdr,other-busy,4,False,1.18,1.22,echo_ms,32,0.431339
latency,herdr,other-busy,4,False,1.18,1.22,echo_ms,33,0.448447
latency,herdr,other-busy,4,False,1.18,1.22,echo_ms,34,0.514411
latency,herdr,other-busy,4,False,1.18,1.22,echo_ms,35,0.431901
latency,herdr,other-busy,4,False,1.18,1.22,echo_ms,36,0.453968
latency,herdr,other-busy,4,False,1.18,1.22,echo_ms,37,0.486541
latency,herdr,other-busy,4,False,1.18,1.22,echo_ms,38,0.405911
latency,herdr,other-busy,4,False,1.18,1.22,echo_ms,39,0.452766
latency,herdr,other-busy,4,False,1.18,1.22,echo_ms,40,0.545347
latency,herdr,other-busy,4,False,1.18,1.22,echo_ms,41,0.507397
latency,herdr,other-busy,4,False,1.18,1.22,echo_ms,42,0.432656
latency,herdr,other-busy,4,False,1.18,1.22,echo_ms,43,0.447022
latency,herdr,other-busy,4,False,1.18,1.22,echo_ms,44,0.847507
latency,herdr,other-busy,4,False,1.18,1.22,echo_ms,45,0.433886
latency,herdr,other-busy,4,False,1.18,1.22,echo_ms,46,0.46356
latency,herdr,other-busy,4,False,1.18,1.22,echo_ms,47,0.438293
latency,herdr,other-busy,4,False,1.18,1.22,echo_ms,48,0.464553
latency,herdr,other-busy,4,False,1.18,1.22,echo_ms,49,0.409699
latency,herdr,other-busy,4,False,1.18,1.22,echo_ms,50,0.430057
latency,herdr,other-busy,4,False,1.18,1.22,echo_ms,51,0.417935
latency,herdr,other-busy,4,False,1.18,1.22,echo_ms,52,0.424911
latency,herdr,other-busy,4,False,1.18,1.22,echo_ms,53,0.496164
latency,herdr,other-busy,4,False,1.18,1.22,echo_ms,54,0.475816
latency,herdr,other-busy,4,False,1.18,1.22,echo_ms,55,0.456833
latency,herdr,other-busy,4,False,1.18,1.22,echo_ms,56,0.509434
latency,herdr,other-busy,4,False,1.18,1.22,echo_ms,57,0.490246
latency,herdr,other-busy,4,False,1.18,1.22,echo_ms,58,0.475901
latency,herdr,other-busy,4,False,1.18,1.22,echo_ms,59,0.428131
latency,herdr,other-busy,4,False,1.18,1.22,echo_ms,60,0.472478
latency,herdr,other-busy,4,False,1.18,1.22,echo_ms,61,0.428373
latency,herdr,other-busy,4,False,1.18,1.22,echo_ms,62,0.48616
latency,herdr,other-busy,4,False,1.18,1.22,echo_ms,63,0.468874
latency,herdr,other-busy,4,False,1.18,1.22,echo_ms,64,0.48404
latency,herdr,other-busy,4,False,1.18,1.22,echo_ms,65,0.461306
latency,herdr,other-busy,4,False,1.18,1.22,echo_ms,66,0.448315
latency,herdr,other-busy,4,False,1.18,1.22,echo_ms,67,0.428163
latency,herdr,other-busy,4,False,1.18,1.22,echo_ms,68,0.463279
latency,herdr,other-busy,4,False,1.18,1.22,echo_ms,69,0.413053
latency,herdr,other-busy,4,False,1.18,1.22,echo_ms,70,0.437835
latency,herdr,other-busy,4,False,1.18,1.22,echo_ms,71,0.421762
latency,herdr,other-busy,4,False,1.18,1.22,echo_ms,72,0.513761
latency,herdr,other-busy,4,False,1.18,1.22,echo_ms,73,0.420633
latency,herdr,other-busy,4,False,1.18,1.22,echo_ms,74,0.422989
latency,herdr,other-busy,4,False,1.18,1.22,echo_ms,75,0.5084
latency,herdr,other-busy,4,False,1.18,1.22,echo_ms,76,0.433909
latency,herdr,other-busy,4,False,1.18,1.22,echo_ms,77,0.442938
latency,herdr,other-busy,4,False,1.18,1.22,echo_ms,78,0.435365
latency,herdr,other-busy,4,False,1.18,1.22,echo_ms,79,0.465534
latency,herdr,other-busy,4,False,1.18,1.22,echo_ms,80,0.441507
latency,herdr,other-busy,4,False,1.18,1.22,echo_ms,81,0.457085
latency,herdr,other-busy,4,False,1.18,1.22,echo_ms,82,0.434506
latency,herdr,other-busy,4,False,1.18,1.22,echo_ms,83,0.418828
latency,herdr,other-busy,4,False,1.18,1.22,echo_ms,84,0.443298
latency,herdr,other-busy,4,False,1.18,1.22,echo_ms,85,0.487243
latency,herdr,other-busy,4,False,1.18,1.22,echo_ms,86,0.434006
latency,herdr,other-busy,4,False,1.18,1.22,echo_ms,87,0.479517
latency,herdr,other-busy,4,False,1.18,1.22,echo_ms,88,0.455935
latency,herdr,other-busy,4,False,1.18,1.22,echo_ms,89,0.485289
latency,herdr,other-busy,4,False,1.18,1.22,echo_ms,90,0.435867
latency,herdr,other-busy,4,False,1.18,1.22,echo_ms,91,0.429405
latency,herdr,other-busy,4,False,1.18,1.22,echo_ms,92,0.44529
latency,herdr,other-busy,4,False,1.18,1.22,echo_ms,93,0.433822
latency,herdr,other-busy,4,False,1.18,1.22,echo_ms,94,0.432255
latency,herdr,other-busy,4,False,1.18,1.22,echo_ms,95,0.455683
latency,herdr,other-busy,4,False,1.18,1.22,echo_ms,96,0.455257
latency,herdr,other-busy,4,False,1.18,1.22,echo_ms,97,0.468507
latency,herdr,other-busy,4,False,1.18,1.22,echo_ms,98,0.508171
latency,herdr,other-busy,4,False,1.18,1.22,echo_ms,99,0.456345
latency,herdr,other-busy,4,False,1.18,1.22,timeouts,,0
latency,thurbox,other-busy,4,False,1.22,1.5,echo_ms,0,2.453066
latency,thurbox,other-busy,4,False,1.22,1.5,echo_ms,1,2.215065
latency,thurbox,other-busy,4,False,1.22,1.5,echo_ms,2,1.866273
latency,thurbox,other-busy,4,False,1.22,1.5,echo_ms,3,2.261909
latency,thurbox,other-busy,4,False,1.22,1.5,echo_ms,4,1.761324
latency,thurbox,other-busy,4,False,1.22,1.5,echo_ms,5,1.742188
latency,thurbox,other-busy,4,False,1.22,1.5,echo_ms,6,1.954001
latency,thurbox,other-busy,4,False,1.22,1.5,echo_ms,7,1.969189
latency,thurbox,other-busy,4,False,1.22,1.5,echo_ms,8,1.801043
latency,thurbox,other-busy,4,False,1.22,1.5,echo_ms,9,2.002368
latency,thurbox,other-busy,4,False,1.22,1.5,echo_ms,10,2.162285
latency,thurbox,other-busy,4,False,1.22,1.5,echo_ms,11,1.510349
latency,thurbox,other-busy,4,False,1.22,1.5,echo_ms,12,2.260504
latency,thurbox,other-busy,4,False,1.22,1.5,echo_ms,13,2.06513
latency,thurbox,other-busy,4,False,1.22,1.5,echo_ms,14,2.610535
latency,thurbox,other-busy,4,False,1.22,1.5,echo_ms,15,2.067559
latency,thurbox,other-busy,4,False,1.22,1.5,echo_ms,16,3.082024
latency,thurbox,other-busy,4,False,1.22,1.5,echo_ms,17,2.24681
latency,thurbox,other-busy,4,False,1.22,1.5,echo_ms,18,1.387653
latency,thurbox,other-busy,4,False,1.22,1.5,echo_ms,19,1.727725
latency,thurbox,other-busy,4,False,1.22,1.5,echo_ms,20,1.609551
latency,thurbox,other-busy,4,False,1.22,1.5,echo_ms,21,2.255644
latency,thurbox,other-busy,4,False,1.22,1.5,echo_ms,22,1.755719
latency,thurbox,other-busy,4,False,1.22,1.5,echo_ms,23,1.838608
latency,thurbox,other-busy,4,False,1.22,1.5,echo_ms,24,1.529766
latency,thurbox,other-busy,4,False,1.22,1.5,echo_ms,25,3.779188
latency,thurbox,other-busy,4,False,1.22,1.5,echo_ms,26,2.172783
latency,thurbox,other-busy,4,False,1.22,1.5,echo_ms,27,1.569008
latency,thurbox,other-busy,4,False,1.22,1.5,echo_ms,28,1.64498
latency,thurbox,other-busy,4,False,1.22,1.5,echo_ms,29,1.943302
latency,thurbox,other-busy,4,False,1.22,1.5,echo_ms,30,1.845771
latency,thurbox,other-busy,4,False,1.22,1.5,echo_ms,31,2.185729
latency,thurbox,other-busy,4,False,1.22,1.5,echo_ms,32,2.279333
latency,thurbox,other-busy,4,False,1.22,1.5,echo_ms,33,1.602411
latency,thurbox,other-busy,4,False,1.22,1.5,echo_ms,34,1.301708
latency,thurbox,other-busy,4,False,1.22,1.5,echo_ms,35,1.673734
latency,thurbox,other-busy,4,False,1.22,1.5,echo_ms,36,1.715097
latency,thurbox,other-busy,4,False,1.22,1.5,echo_ms,37,1.862285
latency,thurbox,other-busy,4,False,1.22,1.5,echo_ms,38,1.796089
latency,thurbox,other-busy,4,False,1.22,1.5,echo_ms,39,2.12403
latency,thurbox,other-busy,4,False,1.22,1.5,echo_ms,40,1.896625
latency,thurbox,other-busy,4,False,1.22,1.5,echo_ms,41,1.709318
latency,thurbox,other-busy,4,False,1.22,1.5,echo_ms,42,1.568737
latency,thurbox,other-busy,4,False,1.22,1.5,echo_ms,43,2.121875
latency,thurbox,other-busy,4,False,1.22,1.5,echo_ms,44,1.671477
latency,thurbox,other-busy,4,False,1.22,1.5,echo_ms,45,1.582344
latency,thurbox,other-busy,4,False,1.22,1.5,echo_ms,46,2.070946
latency,thurbox,other-busy,4,False,1.22,1.5,echo_ms,47,2.331979
latency,thurbox,other-busy,4,False,1.22,1.5,echo_ms,48,1.554829
latency,thurbox,other-busy,4,False,1.22,1.5,echo_ms,49,2.398247
latency,thurbox,other-busy,4,False,1.22,1.5,echo_ms,50,1.949152
latency,thurbox,other-busy,4,False,1.22,1.5,echo_ms,51,1.565689
latency,thurbox,other-busy,4,False,1.22,1.5,echo_ms,52,2.710531
latency,thurbox,other-busy,4,False,1.22,1.5,echo_ms,53,1.774365
latency,thurbox,other-busy,4,False,1.22,1.5,echo_ms,54,2.044666
latency,thurbox,other-busy,4,False,1.22,1.5,echo_ms,55,2.561966
latency,thurbox,other-busy,4,False,1.22,1.5,echo_ms,56,2.524909
latency,thurbox,other-busy,4,False,1.22,1.5,echo_ms,57,1.809244
latency,thurbox,other-busy,4,False,1.22,1.5,echo_ms,58,2.303043
latency,thurbox,other-busy,4,False,1.22,1.5,echo_ms,59,1.739443
latency,thurbox,other-busy,4,False,1.22,1.5,echo_ms,60,2.047337
latency,thurbox,other-busy,4,False,1.22,1.5,echo_ms,61,2.22314
latency,thurbox,other-busy,4,False,1.22,1.5,echo_ms,62,1.760269
latency,thurbox,other-busy,4,False,1.22,1.5,echo_ms,63,1.562633
latency,thurbox,other-busy,4,False,1.22,1.5,echo_ms,64,1.771714
latency,thurbox,other-busy,4,False,1.22,1.5,echo_ms,65,2.90454
latency,thurbox,other-busy,4,False,1.22,1.5,echo_ms,66,1.555202
latency,thurbox,other-busy,4,False,1.22,1.5,echo_ms,67,1.591371
latency,thurbox,other-busy,4,False,1.22,1.5,echo_ms,68,2.371153
latency,thurbox,other-busy,4,False,1.22,1.5,echo_ms,69,2.61311
latency,thurbox,other-busy,4,False,1.22,1.5,echo_ms,70,2.738828
latency,thurbox,other-busy,4,False,1.22,1.5,echo_ms,71,1.716842
latency,thurbox,other-busy,4,False,1.22,1.5,echo_ms,72,1.780878
latency,thurbox,other-busy,4,False,1.22,1.5,echo_ms,73,2.298245
latency,thurbox,other-busy,4,False,1.22,1.5,echo_ms,74,2.127519
latency,thurbox,other-busy,4,False,1.22,1.5,echo_ms,75,2.006612
latency,thurbox,other-busy,4,False,1.22,1.5,echo_ms,76,1.471439
latency,thurbox,other-busy,4,False,1.22,1.5,echo_ms,77,2.048103
latency,thurbox,other-busy,4,False,1.22,1.5,echo_ms,78,3.017561
latency,thurbox,other-busy,4,False,1.22,1.5,echo_ms,79,2.05978
latency,thurbox,other-busy,4,False,1.22,1.5,echo_ms,80,2.124073
latency,thurbox,other-busy,4,False,1.22,1.5,echo_ms,81,1.646378
latency,thurbox,other-busy,4,False,1.22,1.5,echo_ms,82,1.536162
latency,thurbox,other-busy,4,False,1.22,1.5,echo_ms,83,1.968654
latency,thurbox,other-busy,4,False,1.22,1.5,echo_ms,84,1.562086
latency,thurbox,other-busy,4,False,1.22,1.5,echo_ms,85,1.678992
latency,thurbox,other-busy,4,False,1.22,1.5,echo_ms,86,1.85797
latency,thurbox,other-busy,4,False,1.22,1.5,echo_ms,87,2.104644
latency,thurbox,other-busy,4,False,1.22,1.5,echo_ms,88,1.649299
latency,thurbox,other-busy,4,False,1.22,1.5,echo_ms,89,2.19283
latency,thurbox,other-busy,4,False,1.22,1.5,echo_ms,90,1.838942
latency,thurbox,other-busy,4,False,1.22,1.5,echo_ms,91,1.941903
latency,thurbox,other-busy,4,False,1.22,1.5,echo_ms,92,1.978454
latency,thurbox,other-busy,4,False,1.22,1.5,echo_ms,93,1.623006
latency,thurbox,other-busy,4,False,1.22,1.5,echo_ms,94,1.852855
latency,thurbox,other-busy,4,False,1.22,1.5,echo_ms,95,1.806128
latency,thurbox,other-busy,4,False,1.22,1.5,echo_ms,96,1.788111
latency,thurbox,other-busy,4,False,1.22,1.5,echo_ms,97,1.496634
latency,thurbox,other-busy,4,False,1.22,1.5,echo_ms,98,1.584666
latency,thurbox,other-busy,4,False,1.22,1.5,echo_ms,99,1.12341
latency,thurbox,other-busy,4,False,1.22,1.5,timeouts,,0
latency,tmux,other-busy,5,False,1.5,1.42,echo_ms,0,0.62837
latency,tmux,other-busy,5,False,1.5,1.42,echo_ms,1,0.87504
latency,tmux,other-busy,5,False,1.5,1.42,echo_ms,2,0.691185
latency,tmux,other-busy,5,False,1.5,1.42,echo_ms,3,0.65033
latency,tmux,other-busy,5,False,1.5,1.42,echo_ms,4,0.612375
latency,tmux,other-busy,5,False,1.5,1.42,echo_ms,5,0.745999
latency,tmux,other-busy,5,False,1.5,1.42,echo_ms,6,0.655477
latency,tmux,other-busy,5,False,1.5,1.42,echo_ms,7,0.614294
latency,tmux,other-busy,5,False,1.5,1.42,echo_ms,8,0.899651
latency,tmux,other-busy,5,False,1.5,1.42,echo_ms,9,0.642162
latency,tmux,other-busy,5,False,1.5,1.42,echo_ms,10,0.7958
latency,tmux,other-busy,5,False,1.5,1.42,echo_ms,11,0.83181
latency,tmux,other-busy,5,False,1.5,1.42,echo_ms,12,0.696364
latency,tmux,other-busy,5,False,1.5,1.42,echo_ms,13,0.852081
latency,tmux,other-busy,5,False,1.5,1.42,echo_ms,14,0.832827
latency,tmux,other-busy,5,False,1.5,1.42,echo_ms,15,0.806537
latency,tmux,other-busy,5,False,1.5,1.42,echo_ms,16,0.871911
latency,tmux,other-busy,5,False,1.5,1.42,echo_ms,17,0.690157
latency,tmux,other-busy,5,False,1.5,1.42,echo_ms,18,0.712608
latency,tmux,other-busy,5,False,1.5,1.42,echo_ms,19,0.729855
latency,tmux,other-busy,5,False,1.5,1.42,echo_ms,20,0.768555
latency,tmux,other-busy,5,False,1.5,1.42,echo_ms,21,0.8648
latency,tmux,other-busy,5,False,1.5,1.42,echo_ms,22,0.786276
latency,tmux,other-busy,5,False,1.5,1.42,echo_ms,23,0.92745
latency,tmux,other-busy,5,False,1.5,1.42,echo_ms,24,0.882059
latency,tmux,other-busy,5,False,1.5,1.42,echo_ms,25,0.596693
latency,tmux,other-busy,5,False,1.5,1.42,echo_ms,26,0.974334
latency,tmux,other-busy,5,False,1.5,1.42,echo_ms,27,0.605344
latency,tmux,other-busy,5,False,1.5,1.42,echo_ms,28,0.834768
latency,tmux,other-busy,5,False,1.5,1.42,echo_ms,29,0.642664
latency,tmux,other-busy,5,False,1.5,1.42,echo_ms,30,0.787589
latency,tmux,other-busy,5,False,1.5,1.42,echo_ms,31,0.688979
latency,tmux,other-busy,5,False,1.5,1.42,echo_ms,32,0.842484
latency,tmux,other-busy,5,False,1.5,1.42,echo_ms,33,0.78695
latency,tmux,other-busy,5,False,1.5,1.42,echo_ms,34,0.762975
latency,tmux,other-busy,5,False,1.5,1.42,echo_ms,35,0.749878
latency,tmux,other-busy,5,False,1.5,1.42,echo_ms,36,0.837723
latency,tmux,other-busy,5,False,1.5,1.42,echo_ms,37,0.905552
latency,tmux,other-busy,5,False,1.5,1.42,echo_ms,38,0.683873
latency,tmux,other-busy,5,False,1.5,1.42,echo_ms,39,0.76044
latency,tmux,other-busy,5,False,1.5,1.42,echo_ms,40,0.80412
latency,tmux,other-busy,5,False,1.5,1.42,echo_ms,41,0.739741
latency,tmux,other-busy,5,False,1.5,1.42,echo_ms,42,0.730472
latency,tmux,other-busy,5,False,1.5,1.42,echo_ms,43,0.767163
latency,tmux,other-busy,5,False,1.5,1.42,echo_ms,44,0.910024
latency,tmux,other-busy,5,False,1.5,1.42,echo_ms,45,0.736596
latency,tmux,other-busy,5,False,1.5,1.42,echo_ms,46,0.74215
latency,tmux,other-busy,5,False,1.5,1.42,echo_ms,47,0.79407
latency,tmux,other-busy,5,False,1.5,1.42,echo_ms,48,0.853989
latency,tmux,other-busy,5,False,1.5,1.42,echo_ms,49,0.65161
latency,tmux,other-busy,5,False,1.5,1.42,echo_ms,50,0.703744
latency,tmux,other-busy,5,False,1.5,1.42,echo_ms,51,0.836718
latency,tmux,other-busy,5,False,1.5,1.42,echo_ms,52,0.708226
latency,tmux,other-busy,5,False,1.5,1.42,echo_ms,53,0.738889
latency,tmux,other-busy,5,False,1.5,1.42,echo_ms,54,0.758903
latency,tmux,other-busy,5,False,1.5,1.42,echo_ms,55,0.626598
latency,tmux,other-busy,5,False,1.5,1.42,echo_ms,56,0.703186
latency,tmux,other-busy,5,False,1.5,1.42,echo_ms,57,0.763639
latency,tmux,other-busy,5,False,1.5,1.42,echo_ms,58,0.226718
latency,tmux,other-busy,5,False,1.5,1.42,echo_ms,59,0.693212
latency,tmux,other-busy,5,False,1.5,1.42,echo_ms,60,0.758161
latency,tmux,other-busy,5,False,1.5,1.42,echo_ms,61,0.836641
latency,tmux,other-busy,5,False,1.5,1.42,echo_ms,62,0.71887
latency,tmux,other-busy,5,False,1.5,1.42,echo_ms,63,0.798023
latency,tmux,other-busy,5,False,1.5,1.42,echo_ms,64,1.10983
latency,tmux,other-busy,5,False,1.5,1.42,echo_ms,65,0.802387
latency,tmux,other-busy,5,False,1.5,1.42,echo_ms,66,0.733354
latency,tmux,other-busy,5,False,1.5,1.42,echo_ms,67,0.788712
latency,tmux,other-busy,5,False,1.5,1.42,echo_ms,68,0.884261
latency,tmux,other-busy,5,False,1.5,1.42,echo_ms,69,0.779879
latency,tmux,other-busy,5,False,1.5,1.42,echo_ms,70,0.956841
latency,tmux,other-busy,5,False,1.5,1.42,echo_ms,71,0.543617
latency,tmux,other-busy,5,False,1.5,1.42,echo_ms,72,0.774195
latency,tmux,other-busy,5,False,1.5,1.42,echo_ms,73,0.821675
latency,tmux,other-busy,5,False,1.5,1.42,echo_ms,74,0.60844
latency,tmux,other-busy,5,False,1.5,1.42,echo_ms,75,0.669405
latency,tmux,other-busy,5,False,1.5,1.42,echo_ms,76,0.855351
latency,tmux,other-busy,5,False,1.5,1.42,echo_ms,77,0.627093
latency,tmux,other-busy,5,False,1.5,1.42,echo_ms,78,0.861675
latency,tmux,other-busy,5,False,1.5,1.42,echo_ms,79,0.801459
latency,tmux,other-busy,5,False,1.5,1.42,echo_ms,80,0.747513
latency,tmux,other-busy,5,False,1.5,1.42,echo_ms,81,0.636674
latency,tmux,other-busy,5,False,1.5,1.42,echo_ms,82,0.69845
latency,tmux,other-busy,5,False,1.5,1.42,echo_ms,83,0.707081
latency,tmux,other-busy,5,False,1.5,1.42,echo_ms,84,0.612025
latency,tmux,other-busy,5,False,1.5,1.42,echo_ms,85,0.737196
latency,tmux,other-busy,5,False,1.5,1.42,echo_ms,86,0.881034
latency,tmux,other-busy,5,False,1.5,1.42,echo_ms,87,0.881799
latency,tmux,other-busy,5,False,1.5,1.42,echo_ms,88,1.059976
latency,tmux,other-busy,5,False,1.5,1.42,echo_ms,89,0.63673
latency,tmux,other-busy,5,False,1.5,1.42,echo_ms,90,0.678522
latency,tmux,other-busy,5,False,1.5,1.42,echo_ms,91,0.733941
latency,tmux,other-busy,5,False,1.5,1.42,echo_ms,92,0.854294
latency,tmux,other-busy,5,False,1.5,1.42,echo_ms,93,0.86901
latency,tmux,other-busy,5,False,1.5,1.42,echo_ms,94,0.676715
latency,tmux,other-busy,5,False,1.5,1.42,echo_ms,95,0.771672
latency,tmux,other-busy,5,False,1.5,1.42,echo_ms,96,0.614914
latency,tmux,other-busy,5,False,1.5,1.42,echo_ms,97,0.862701
latency,tmux,other-busy,5,False,1.5,1.42,echo_ms,98,0.731108
latency,tmux,other-busy,5,False,1.5,1.42,echo_ms,99,0.684698
latency,tmux,other-busy,5,False,1.5,1.42,timeouts,,0
latency,herdr,other-busy,5,False,1.42,1.43,echo_ms,0,0.464468
latency,herdr,other-busy,5,False,1.42,1.43,echo_ms,1,0.468214
latency,herdr,other-busy,5,False,1.42,1.43,echo_ms,2,0.454885
latency,herdr,other-busy,5,False,1.42,1.43,echo_ms,3,0.444587
latency,herdr,other-busy,5,False,1.42,1.43,echo_ms,4,0.447787
latency,herdr,other-busy,5,False,1.42,1.43,echo_ms,5,0.454522
latency,herdr,other-busy,5,False,1.42,1.43,echo_ms,6,0.465676
latency,herdr,other-busy,5,False,1.42,1.43,echo_ms,7,0.474796
latency,herdr,other-busy,5,False,1.42,1.43,echo_ms,8,0.465475
latency,herdr,other-busy,5,False,1.42,1.43,echo_ms,9,0.406888
latency,herdr,other-busy,5,False,1.42,1.43,echo_ms,10,0.402723
latency,herdr,other-busy,5,False,1.42,1.43,echo_ms,11,0.478813
latency,herdr,other-busy,5,False,1.42,1.43,echo_ms,12,0.532463
latency,herdr,other-busy,5,False,1.42,1.43,echo_ms,13,0.442447
latency,herdr,other-busy,5,False,1.42,1.43,echo_ms,14,0.467083
latency,herdr,other-busy,5,False,1.42,1.43,echo_ms,15,0.47414
latency,herdr,other-busy,5,False,1.42,1.43,echo_ms,16,0.462263
latency,herdr,other-busy,5,False,1.42,1.43,echo_ms,17,0.44866
latency,herdr,other-busy,5,False,1.42,1.43,echo_ms,18,0.432153
latency,herdr,other-busy,5,False,1.42,1.43,echo_ms,19,0.461535
latency,herdr,other-busy,5,False,1.42,1.43,echo_ms,20,0.470832
latency,herdr,other-busy,5,False,1.42,1.43,echo_ms,21,0.424918
latency,herdr,other-busy,5,False,1.42,1.43,echo_ms,22,0.426151
latency,herdr,other-busy,5,False,1.42,1.43,echo_ms,23,0.539167
latency,herdr,other-busy,5,False,1.42,1.43,echo_ms,24,0.432052
latency,herdr,other-busy,5,False,1.42,1.43,echo_ms,25,0.429342
latency,herdr,other-busy,5,False,1.42,1.43,echo_ms,26,0.590129
latency,herdr,other-busy,5,False,1.42,1.43,echo_ms,27,0.44402
latency,herdr,other-busy,5,False,1.42,1.43,echo_ms,28,0.417796
latency,herdr,other-busy,5,False,1.42,1.43,echo_ms,29,0.453658
latency,herdr,other-busy,5,False,1.42,1.43,echo_ms,30,0.439002
latency,herdr,other-busy,5,False,1.42,1.43,echo_ms,31,0.395215
latency,herdr,other-busy,5,False,1.42,1.43,echo_ms,32,0.476215
latency,herdr,other-busy,5,False,1.42,1.43,echo_ms,33,0.441416
latency,herdr,other-busy,5,False,1.42,1.43,echo_ms,34,0.414046
latency,herdr,other-busy,5,False,1.42,1.43,echo_ms,35,0.483626
latency,herdr,other-busy,5,False,1.42,1.43,echo_ms,36,0.442612
latency,herdr,other-busy,5,False,1.42,1.43,echo_ms,37,0.459807
latency,herdr,other-busy,5,False,1.42,1.43,echo_ms,38,0.49373
latency,herdr,other-busy,5,False,1.42,1.43,echo_ms,39,0.451715
latency,herdr,other-busy,5,False,1.42,1.43,echo_ms,40,0.441846
latency,herdr,other-busy,5,False,1.42,1.43,echo_ms,41,0.46106
latency,herdr,other-busy,5,False,1.42,1.43,echo_ms,42,0.44673
latency,herdr,other-busy,5,False,1.42,1.43,echo_ms,43,0.482212
latency,herdr,other-busy,5,False,1.42,1.43,echo_ms,44,0.419259
latency,herdr,other-busy,5,False,1.42,1.43,echo_ms,45,0.501115
latency,herdr,other-busy,5,False,1.42,1.43,echo_ms,46,0.546141
latency,herdr,other-busy,5,False,1.42,1.43,echo_ms,47,0.435572
latency,herdr,other-busy,5,False,1.42,1.43,echo_ms,48,0.432041
latency,herdr,other-busy,5,False,1.42,1.43,echo_ms,49,0.516264
latency,herdr,other-busy,5,False,1.42,1.43,echo_ms,50,0.463594
latency,herdr,other-busy,5,False,1.42,1.43,echo_ms,51,0.415626
latency,herdr,other-busy,5,False,1.42,1.43,echo_ms,52,0.436428
latency,herdr,other-busy,5,False,1.42,1.43,echo_ms,53,0.441095
latency,herdr,other-busy,5,False,1.42,1.43,echo_ms,54,0.454892
latency,herdr,other-busy,5,False,1.42,1.43,echo_ms,55,0.515999
latency,herdr,other-busy,5,False,1.42,1.43,echo_ms,56,0.506044
latency,herdr,other-busy,5,False,1.42,1.43,echo_ms,57,0.413174
latency,herdr,other-busy,5,False,1.42,1.43,echo_ms,58,0.424178
latency,herdr,other-busy,5,False,1.42,1.43,echo_ms,59,0.450808
latency,herdr,other-busy,5,False,1.42,1.43,echo_ms,60,0.450946
latency,herdr,other-busy,5,False,1.42,1.43,echo_ms,61,0.459635
latency,herdr,other-busy,5,False,1.42,1.43,echo_ms,62,0.436689
latency,herdr,other-busy,5,False,1.42,1.43,echo_ms,63,0.496369
latency,herdr,other-busy,5,False,1.42,1.43,echo_ms,64,0.517471
latency,herdr,other-busy,5,False,1.42,1.43,echo_ms,65,0.445486
latency,herdr,other-busy,5,False,1.42,1.43,echo_ms,66,0.41682
latency,herdr,other-busy,5,False,1.42,1.43,echo_ms,67,0.52372
latency,herdr,other-busy,5,False,1.42,1.43,echo_ms,68,0.530118
latency,herdr,other-busy,5,False,1.42,1.43,echo_ms,69,0.524847
latency,herdr,other-busy,5,False,1.42,1.43,echo_ms,70,0.414462
latency,herdr,other-busy,5,False,1.42,1.43,echo_ms,71,0.424533
latency,herdr,other-busy,5,False,1.42,1.43,echo_ms,72,0.496606
latency,herdr,other-busy,5,False,1.42,1.43,echo_ms,73,0.879125
latency,herdr,other-busy,5,False,1.42,1.43,echo_ms,74,0.531524
latency,herdr,other-busy,5,False,1.42,1.43,echo_ms,75,0.441463
latency,herdr,other-busy,5,False,1.42,1.43,echo_ms,76,0.477733
latency,herdr,other-busy,5,False,1.42,1.43,echo_ms,77,0.50798
latency,herdr,other-busy,5,False,1.42,1.43,echo_ms,78,0.513526
latency,herdr,other-busy,5,False,1.42,1.43,echo_ms,79,0.488737
latency,herdr,other-busy,5,False,1.42,1.43,echo_ms,80,0.451611
latency,herdr,other-busy,5,False,1.42,1.43,echo_ms,81,0.476812
latency,herdr,other-busy,5,False,1.42,1.43,echo_ms,82,0.605069
latency,herdr,other-busy,5,False,1.42,1.43,echo_ms,83,0.475547
latency,herdr,other-busy,5,False,1.42,1.43,echo_ms,84,0.471873
latency,herdr,other-busy,5,False,1.42,1.43,echo_ms,85,0.39326
latency,herdr,other-busy,5,False,1.42,1.43,echo_ms,86,0.552875
latency,herdr,other-busy,5,False,1.42,1.43,echo_ms,87,0.468943
latency,herdr,other-busy,5,False,1.42,1.43,echo_ms,88,0.477972
latency,herdr,other-busy,5,False,1.42,1.43,echo_ms,89,0.505612
latency,herdr,other-busy,5,False,1.42,1.43,echo_ms,90,0.436115
latency,herdr,other-busy,5,False,1.42,1.43,echo_ms,91,0.457306
latency,herdr,other-busy,5,False,1.42,1.43,echo_ms,92,0.43143
latency,herdr,other-busy,5,False,1.42,1.43,echo_ms,93,0.453557
latency,herdr,other-busy,5,False,1.42,1.43,echo_ms,94,0.474412
latency,herdr,other-busy,5,False,1.42,1.43,echo_ms,95,0.431269
latency,herdr,other-busy,5,False,1.42,1.43,echo_ms,96,0.450788
latency,herdr,other-busy,5,False,1.42,1.43,echo_ms,97,0.442938
latency,herdr,other-busy,5,False,1.42,1.43,echo_ms,98,0.438679
latency,herdr,other-busy,5,False,1.42,1.43,echo_ms,99,0.448111
latency,herdr,other-busy,5,False,1.42,1.43,timeouts,,0
latency,thurbox,other-busy,5,False,1.43,1.52,echo_ms,0,1.590423
latency,thurbox,other-busy,5,False,1.43,1.52,echo_ms,1,2.00353
latency,thurbox,other-busy,5,False,1.43,1.52,echo_ms,2,1.605002
latency,thurbox,other-busy,5,False,1.43,1.52,echo_ms,3,2.026701
latency,thurbox,other-busy,5,False,1.43,1.52,echo_ms,4,1.906382
latency,thurbox,other-busy,5,False,1.43,1.52,echo_ms,5,1.378345
latency,thurbox,other-busy,5,False,1.43,1.52,echo_ms,6,2.176537
latency,thurbox,other-busy,5,False,1.43,1.52,echo_ms,7,1.763874
latency,thurbox,other-busy,5,False,1.43,1.52,echo_ms,8,1.75076
latency,thurbox,other-busy,5,False,1.43,1.52,echo_ms,9,3.03717
latency,thurbox,other-busy,5,False,1.43,1.52,echo_ms,10,1.726089
latency,thurbox,other-busy,5,False,1.43,1.52,echo_ms,11,1.390715
latency,thurbox,other-busy,5,False,1.43,1.52,echo_ms,12,2.228819
latency,thurbox,other-busy,5,False,1.43,1.52,echo_ms,13,2.440773
latency,thurbox,other-busy,5,False,1.43,1.52,echo_ms,14,2.03793
latency,thurbox,other-busy,5,False,1.43,1.52,echo_ms,15,1.894935
latency,thurbox,other-busy,5,False,1.43,1.52,echo_ms,16,2.307343
latency,thurbox,other-busy,5,False,1.43,1.52,echo_ms,17,2.124967
latency,thurbox,other-busy,5,False,1.43,1.52,echo_ms,18,2.449351
latency,thurbox,other-busy,5,False,1.43,1.52,echo_ms,19,1.633188
latency,thurbox,other-busy,5,False,1.43,1.52,echo_ms,20,1.837847
latency,thurbox,other-busy,5,False,1.43,1.52,echo_ms,21,1.95981
latency,thurbox,other-busy,5,False,1.43,1.52,echo_ms,22,1.901046
latency,thurbox,other-busy,5,False,1.43,1.52,echo_ms,23,1.544724
latency,thurbox,other-busy,5,False,1.43,1.52,echo_ms,24,1.412109
latency,thurbox,other-busy,5,False,1.43,1.52,echo_ms,25,4.229158
latency,thurbox,other-busy,5,False,1.43,1.52,echo_ms,26,1.090326
latency,thurbox,other-busy,5,False,1.43,1.52,echo_ms,27,1.929584
latency,thurbox,other-busy,5,False,1.43,1.52,echo_ms,28,2.044229
latency,thurbox,other-busy,5,False,1.43,1.52,echo_ms,29,1.308934
latency,thurbox,other-busy,5,False,1.43,1.52,echo_ms,30,1.922556
latency,thurbox,other-busy,5,False,1.43,1.52,echo_ms,31,1.532631
latency,thurbox,other-busy,5,False,1.43,1.52,echo_ms,32,3.633976
latency,thurbox,other-busy,5,False,1.43,1.52,echo_ms,33,2.072451
latency,thurbox,other-busy,5,False,1.43,1.52,echo_ms,34,1.838294
latency,thurbox,other-busy,5,False,1.43,1.52,echo_ms,35,2.307392
latency,thurbox,other-busy,5,False,1.43,1.52,echo_ms,36,2.884014
latency,thurbox,other-busy,5,False,1.43,1.52,echo_ms,37,1.579864
latency,thurbox,other-busy,5,False,1.43,1.52,echo_ms,38,1.502627
latency,thurbox,other-busy,5,False,1.43,1.52,echo_ms,39,2.263948
latency,thurbox,other-busy,5,False,1.43,1.52,echo_ms,40,2.637363
latency,thurbox,other-busy,5,False,1.43,1.52,echo_ms,41,1.803802
latency,thurbox,other-busy,5,False,1.43,1.52,echo_ms,42,1.880329
latency,thurbox,other-busy,5,False,1.43,1.52,echo_ms,43,2.846068
latency,thurbox,other-busy,5,False,1.43,1.52,echo_ms,44,2.312786
latency,thurbox,other-busy,5,False,1.43,1.52,echo_ms,45,2.115247
latency,thurbox,other-busy,5,False,1.43,1.52,echo_ms,46,3.837449
latency,thurbox,other-busy,5,False,1.43,1.52,echo_ms,47,2.30656
latency,thurbox,other-busy,5,False,1.43,1.52,echo_ms,48,1.646852
latency,thurbox,other-busy,5,False,1.43,1.52,echo_ms,49,1.38709
latency,thurbox,other-busy,5,False,1.43,1.52,echo_ms,50,1.646259
latency,thurbox,other-busy,5,False,1.43,1.52,echo_ms,51,1.721827
latency,thurbox,other-busy,5,False,1.43,1.52,echo_ms,52,3.626278
latency,thurbox,other-busy,5,False,1.43,1.52,echo_ms,53,2.227774
latency,thurbox,other-busy,5,False,1.43,1.52,echo_ms,54,4.032402
latency,thurbox,other-busy,5,False,1.43,1.52,echo_ms,55,2.085693
latency,thurbox,other-busy,5,False,1.43,1.52,echo_ms,56,1.883411
latency,thurbox,other-busy,5,False,1.43,1.52,echo_ms,57,1.6987
latency,thurbox,other-busy,5,False,1.43,1.52,echo_ms,58,2.13003
latency,thurbox,other-busy,5,False,1.43,1.52,echo_ms,59,2.060489
latency,thurbox,other-busy,5,False,1.43,1.52,echo_ms,60,1.98233
latency,thurbox,other-busy,5,False,1.43,1.52,echo_ms,61,2.316495
latency,thurbox,other-busy,5,False,1.43,1.52,echo_ms,62,1.803526
latency,thurbox,other-busy,5,False,1.43,1.52,echo_ms,63,1.498211
latency,thurbox,other-busy,5,False,1.43,1.52,echo_ms,64,1.75309
latency,thurbox,other-busy,5,False,1.43,1.52,echo_ms,65,1.541824
latency,thurbox,other-busy,5,False,1.43,1.52,echo_ms,66,2.16045
latency,thurbox,other-busy,5,False,1.43,1.52,echo_ms,67,2.044789
latency,thurbox,other-busy,5,False,1.43,1.52,echo_ms,68,1.552011
latency,thurbox,other-busy,5,False,1.43,1.52,echo_ms,69,3.011447
latency,thurbox,other-busy,5,False,1.43,1.52,echo_ms,70,2.371938
latency,thurbox,other-busy,5,False,1.43,1.52,echo_ms,71,1.644223
latency,thurbox,other-busy,5,False,1.43,1.52,echo_ms,72,1.75249
latency,thurbox,other-busy,5,False,1.43,1.52,echo_ms,73,2.208624
latency,thurbox,other-busy,5,False,1.43,1.52,echo_ms,74,1.962815
latency,thurbox,other-busy,5,False,1.43,1.52,echo_ms,75,2.010009
latency,thurbox,other-busy,5,False,1.43,1.52,echo_ms,76,1.628514
latency,thurbox,other-busy,5,False,1.43,1.52,echo_ms,77,1.790626
latency,thurbox,other-busy,5,False,1.43,1.52,echo_ms,78,2.307219
latency,thurbox,other-busy,5,False,1.43,1.52,echo_ms,79,1.80799
latency,thurbox,other-busy,5,False,1.43,1.52,echo_ms,80,1.812479
latency,thurbox,other-busy,5,False,1.43,1.52,echo_ms,81,2.195133
latency,thurbox,other-busy,5,False,1.43,1.52,echo_ms,82,1.768136
latency,thurbox,other-busy,5,False,1.43,1.52,echo_ms,83,1.84116
latency,thurbox,other-busy,5,False,1.43,1.52,echo_ms,84,2.677998
latency,thurbox,other-busy,5,False,1.43,1.52,echo_ms,85,1.902195
latency,thurbox,other-busy,5,False,1.43,1.52,echo_ms,86,1.559444
latency,thurbox,other-busy,5,False,1.43,1.52,echo_ms,87,2.743824
latency,thurbox,other-busy,5,False,1.43,1.52,echo_ms,88,2.305105
latency,thurbox,other-busy,5,False,1.43,1.52,echo_ms,89,1.656346
latency,thurbox,other-busy,5,False,1.43,1.52,echo_ms,90,1.905446
latency,thurbox,other-busy,5,False,1.43,1.52,echo_ms,91,1.401225
latency,thurbox,other-busy,5,False,1.43,1.52,echo_ms,92,1.629235
latency,thurbox,other-busy,5,False,1.43,1.52,echo_ms,93,2.238107
latency,thurbox,other-busy,5,False,1.43,1.52,echo_ms,94,1.532212
latency,thurbox,other-busy,5,False,1.43,1.52,echo_ms,95,2.031012
latency,thurbox,other-busy,5,False,1.43,1.52,echo_ms,96,2.237669
latency,thurbox,other-busy,5,False,1.43,1.52,echo_ms,97,2.135221
latency,thurbox,other-busy,5,False,1.43,1.52,echo_ms,98,2.274455
latency,thurbox,other-busy,5,False,1.43,1.52,echo_ms,99,1.733289
latency,thurbox,other-busy,5,False,1.43,1.52,timeouts,,0
